% logfile for Python side
% 1 time (sec)
% 2 Mission state
% 3,4,5 (x,y,h) (m,m,rad)
% 6 Camera frame count
% 7-9 Line sensor: line position, e*kp, control y (rad/s), validCnt
%     Line sensor PID: Kp=0.75, Ki=0.2, Kd=0.08
% 10,11 trip A (distance and heading change)
% 12,13 trip B (distance and heading change)
% 1774620101.8780522 robobot/cmd/ti log 1
% 1774620101.879308 robobot/cmd/ti alive 2026-03-27 15:01:41.362915
1774620101.9447114 0 0.000 -0.001 -0.767 0 0.00 0.00 0.000 0.000 0 0.000 -0.767 0.0000 -0.7669
1774620101.9513252 0 0.000 -0.001 -0.767 0 0.00 0.00 0.000 0.000 0 0.000 -0.767 0.0000 -0.7669
1774620101.9594824 0 0.000 -0.001 -0.767 0 0.00 0.00 0.000 0.000 0 0.000 -0.767 0.0000 -0.7669
% 1774620102.0036883 robobot/cmd/T0 enc0
% 1774620102.0045545 robobot/cmd/T0 confw 0.074 0.074 19 92 0.23
% 1774620102.009841 robobot/cmd/T0 confi
1774620102.0119052 0 0.000 -0.001 -0.767 0 0.00 0.00 0.000 0.000 0 0.000 -0.767 0.0000 -0.7669
1774620102.064054 0 0.000 0.000 0.000 0 0.00 0.00 0.000 0.000 0 0.000 0.000 0.0000 0.0000
1774620102.0647552 0 0.000 0.000 0.000 0 0.00 0.00 0.000 0.000 0 0.000 0.000 0.0000 0.0000
1774620102.107136 0 0.000 0.000 0.000 0 0.00 0.00 0.000 0.000 0 0.000 0.000 0.0000 0.0000
1774620102.1501772 0 0.000 0.000 0.000 0 0.00 0.00 0.000 0.000 0 0.000 0.000 0.0000 0.0000
1774620102.1553702 0 0.000 0.000 0.000 0 0.00 0.00 0.000 0.000 0 0.000 0.000 0.0000 0.0000
1774620102.2056596 0 0.000 0.000 0.000 0 0.00 0.00 0.000 0.000 0 0.000 0.000 0.0000 0.0000
1774620102.247426 0 0.000 0.000 0.000 0 0.00 0.00 0.000 0.000 0 0.000 0.000 0.0000 0.0000
1774620102.2560833 0 0.000 0.000 0.000 0 0.00 0.00 0.000 0.000 0 0.000 0.000 0.0000 0.0000
% 1774620102.304091 robobot/cmd/T0 lip 1
1774620102.305181 0 0.000 0.000 0.000 0 0.00 0.00 0.000 0.000 0 0.000 0.000 0.0000 0.0000
% 1774620102.3063803 robobot/cmd/T0 sub livn 10
% 1774620102.3274076 robobot/cmd/T0 liwi
1774620102.3514745 0 0.000 0.000 0.000 1 0.00 0.00 0.000 0.000 0 0.000 0.000 0.0000 0.0000
% 1774620102.3726716 robobot/cmd/T0 servo 1 -900 200
% 1774620102.3731875 % Objective start Search_And_Navigate_To_Golf_Ball
% 1774620102.3807924 robobot/cmd/ti rc 0.0 0.5
% 1774620102.3846233 robobot/cmd/T0 servo 1 -900 200
1774620102.3853028 0 0.000 0.000 0.000 1 0.00 0.00 0.000 0.000 0 0.000 0.000 0.0000 0.0000
% 1774620102.392082 robobot/cmd/ti alive 2026-03-27 15:01:41.362915
% 1774620102.3983374 robobot/cmd/ti rc 0.0 0.5
% 1774620102.4098997 robobot/cmd/ti rc 0.0 0.5
1774620102.416328 0 0.000 0.000 0.000 2 0.00 0.00 0.000 0.000 0 0.000 0.000 0.0000 0.0000
% 1774620102.4300616 robobot/cmd/ti rc 0.0 0.5
% 1774620102.4501016 robobot/cmd/ti rc 0.0 0.5
% 1774620102.464602 robobot/cmd/ti rc 0.0 0.5
1774620102.474518 0 -0.001 -0.000 0.007 2 0.00 0.00 0.000 0.000 0 -0.000 0.007 -0.0001 0.0069
% 1774620102.479354 robobot/cmd/ti rc 0.0 0.5
1774620102.4832857 0 -0.001 -0.000 0.008 2 0.00 0.00 0.000 0.000 0 -0.000 0.008 -0.0003 0.0081
% 1774620102.491152 robobot/cmd/ti rc 0.0 0.5
% 1774620102.50254 robobot/cmd/ti rc 0.0 0.5
1774620102.5094302 0 -0.002 -0.000 0.018 2 0.00 0.00 0.000 0.000 0 -0.001 0.018 -0.0013 0.0185
% 1774620102.5455458 robobot/cmd/ti rc 0.0 0.5
% 1774620102.5590372 robobot/cmd/ti rc 0.0 0.5
1774620102.5623775 0 -0.002 -0.000 0.032 2 0.00 0.00 0.000 0.000 0 -0.002 0.032 -0.0023 0.0324
1774620102.5644412 0 -0.002 -0.000 0.038 2 0.00 0.00 0.000 0.000 0 -0.002 0.038 -0.0023 0.0382
% 1774620102.5696385 robobot/cmd/ti rc 0.0 0.5
% 1774620102.5820622 robobot/cmd/ti rc 0.0 0.5
% 1774620102.5950422 robobot/cmd/ti rc 0.0 0.5
1774620102.6051424 0 -0.000 0.000 0.062 2 0.00 0.00 0.000 0.000 0 -0.001 0.062 -0.0009 0.0625
% 1774620102.6066606 robobot/cmd/ti rc 0.0 0.5
% 1774620102.6190197 robobot/cmd/ti rc 0.0 0.5
% 1774620102.6297047 robobot/cmd/ti rc 0.0 0.5
% 1774620102.6458268 robobot/cmd/ti rc 0.0 0.5
% 1774620102.6462123 robobot/cmd/T0 servo 1 -900 200
1774620102.6501565 0 -0.000 0.000 0.084 2 0.00 0.00 0.000 0.000 0 -0.000 0.084 -0.0003 0.0844
1774620102.656678 0 -0.000 0.000 0.090 2 0.00 0.00 0.000 0.000 0 -0.000 0.090 -0.0004 0.0902
% 1774620102.6580002 robobot/cmd/ti rc 0.0 0.5
% 1774620102.6698232 robobot/cmd/ti rc 0.0 0.5
% 1774620102.682926 robobot/cmd/ti rc 0.0 0.5
% 1774620102.7013266 robobot/cmd/ti rc 0.0 0.5
1774620102.7078905 0 -0.001 -0.000 0.113 2 0.00 0.00 0.000 0.000 0 -0.001 0.113 -0.0009 0.1133
% 1774620102.7118063 robobot/cmd/ti rc 0.0 0.5
% 1774620102.7225807 robobot/cmd/ti rc 0.0 0.5
% 1774620102.7331328 robobot/cmd/ti rc 0.0 0.5
% 1774620102.743846 robobot/cmd/ti rc 0.0 0.5
1774620102.7499971 0 -0.001 0.000 0.133 3 0.00 0.00 0.000 0.000 0 -0.001 0.133 -0.0009 0.1330
% 1774620102.7556527 robobot/cmd/ti rc 0.0 0.5
1774620102.7600303 0 -0.001 0.000 0.134 3 0.00 0.00 0.000 0.000 0 -0.001 0.134 -0.0009 0.1342
% 1774620102.7682784 robobot/cmd/ti rc 0.0 0.5
% 1774620102.7797437 robobot/cmd/ti rc 0.0 0.5
% 1774620102.7927997 robobot/cmd/ti rc 0.0 0.5
1774620102.8070319 0 -0.002 -0.000 0.148 3 0.00 0.00 0.000 0.000 0 -0.001 0.148 -0.0011 0.1480
% 1774620102.807954 robobot/cmd/ti rc 0.0 0.5
% 1774620102.8186185 robobot/cmd/ti rc 0.0 0.5
% 1774620102.8335075 robobot/cmd/ti rc 0.0 0.5
% 1774620102.8448367 robobot/cmd/ti rc 0.0 0.5
1774620102.848018 0 -0.003 -0.000 0.162 3 0.00 0.00 0.000 0.000 0 -0.002 0.162 -0.0020 0.1619
1774620102.854637 0 -0.002 -0.000 0.168 3 0.00 0.00 0.000 0.000 0 -0.002 0.168 -0.0022 0.1677
% 1774620102.8570502 robobot/cmd/ti rc 0.0 0.5
% 1774620102.8694143 robobot/cmd/ti rc 0.0 0.5
% 1774620102.880213 robobot/cmd/ti rc 0.0 0.5
% 1774620102.8909862 robobot/cmd/ti rc 0.0 0.5
% 1774620102.9015262 robobot/cmd/ti rc 0.0 0.5
% 1774620102.902447 robobot/cmd/ti alive 2026-03-27 15:01:41.362915
% 1774620102.9025743 robobot/cmd/T0 servo 1 -900 200
1774620102.9063838 0 -0.002 -0.000 0.199 4 0.00 0.00 0.000 0.000 0 -0.002 0.199 -0.0015 0.1989
% 1774620102.9136689 robobot/cmd/ti rc 0.0 0.5
% 1774620102.931035 robobot/cmd/ti rc 0.0 0.5
% 1774620102.9427469 robobot/cmd/ti rc 0.0 0.5
1774620102.9515808 0 -0.001 0.000 0.213 4 0.00 0.00 0.000 0.000 0 -0.001 0.213 -0.0008 0.2128
% 1774620102.9551175 robobot/cmd/ti rc 0.0 0.5
1774620102.9559925 0 -0.000 0.000 0.216 4 0.00 0.00 0.000 0.000 0 -0.001 0.216 -0.0006 0.2163
% 1774620102.9666996 robobot/cmd/ti rc 0.0 0.5
% 1774620102.9793546 robobot/cmd/ti rc 0.0 0.5
% 1774620102.991206 robobot/cmd/ti rc 0.0 0.5
% 1774620103.0026126 robobot/cmd/ti rc 0.0 0.5
1774620103.0056608 0 -0.001 -0.000 0.236 4 0.00 0.00 0.000 0.000 0 -0.000 0.236 -0.0004 0.2359
% 1774620103.0143492 robobot/cmd/ti rc 0.0 0.5
% 1774620103.0248215 robobot/cmd/ti rc 0.0 0.5
% 1774620103.0370135 robobot/cmd/ti rc 0.0 0.5
1774620103.0489864 0 -0.003 -0.000 0.249 4 0.00 0.00 0.000 0.000 0 -0.002 0.249 -0.0017 0.2486
% 1774620103.0492675 robobot/cmd/ti rc 0.0 0.5
1774620103.0561454 0 -0.003 -0.000 0.252 4 0.00 0.00 0.000 0.000 0 -0.002 0.252 -0.0019 0.2521
% 1774620103.0611386 robobot/cmd/ti rc 0.0 0.5
% 1774620103.0718634 robobot/cmd/ti rc 0.0 0.5
% 1774620103.0828698 robobot/cmd/ti rc 0.0 0.5
% 1774620103.0972214 robobot/cmd/ti rc 0.0 0.5
1774620103.1085324 0 -0.003 -0.000 0.270 5 0.00 0.00 0.000 0.000 0 -0.003 0.270 -0.0028 0.2695
% 1774620103.1110718 robobot/cmd/ti rc 0.0 0.5
% 1774620103.122342 robobot/cmd/ti rc 0.0 0.5
% 1774620103.1682878 robobot/cmd/ti rc 0.0 0.5
% 1774620103.173079 robobot/cmd/T0 servo 1 -900 200
1774620103.1766927 0 -0.002 -0.000 0.298 5 0.00 0.00 0.000 0.000 0 -0.001 0.298 -0.0013 0.2984
% 1774620103.1879044 robobot/cmd/ti rc 0.0 0.5
% 1774620103.2136204 robobot/cmd/ti rc 0.0 0.5
1774620103.2144012 0 -0.002 -0.000 0.305 5 0.00 0.00 0.000 0.000 0 -0.001 0.305 -0.0011 0.3053
% 1774620103.273302 robobot/cmd/ti rc 0.0 0.5
% 1774620103.2842422 robobot/cmd/ti rc 0.0 0.5
1774620103.2919335 0 -0.001 0.000 0.333 5 0.00 0.00 0.000 0.000 0 -0.001 0.333 -0.0007 0.3331
% 1774620103.2954628 robobot/cmd/ti rc 0.0 0.5
1774620103.300038 0 -0.001 0.000 0.352 5 0.00 0.00 0.000 0.000 0 -0.001 0.352 -0.0008 0.3516
1774620103.30099 0 -0.001 0.000 0.356 5 0.00 0.00 0.000 0.000 0 -0.001 0.356 -0.0008 0.3562
% 1774620103.3079383 robobot/cmd/ti rc 0.0 0.5
1774620103.3142447 0 -0.001 0.000 0.371 5 0.00 0.00 0.000 0.000 0 -0.001 0.371 -0.0006 0.3712
% 1774620103.3195407 robobot/cmd/ti rc 0.0 0.5
% 1774620103.333681 robobot/cmd/ti rc 0.0 0.5
% 1774620103.3474514 robobot/cmd/ti rc 0.0 0.5
1774620103.348803 0 -0.001 0.000 0.393 5 0.00 0.00 0.000 0.000 0 -0.001 0.393 -0.0007 0.3932
1774620103.355663 0 -0.001 -0.000 0.397 5 0.00 0.00 0.000 0.000 0 -0.001 0.397 -0.0008 0.3967
% 1774620103.359364 robobot/cmd/ti rc 0.0 0.5
% 1774620103.3702118 robobot/cmd/ti rc 0.0 0.5
% 1774620103.381007 robobot/cmd/ti rc 0.0 0.5
% 1774620103.3971696 robobot/cmd/ti rc 0.0 0.5
1774620103.4078891 0 -0.003 -0.001 0.409 6 0.00 0.00 0.000 0.000 0 -0.001 0.409 -0.0014 0.4094
% 1774620103.4116862 robobot/cmd/ti rc 0.0 0.5
% 1774620103.434929 robobot/cmd/ti rc 0.0 0.5
% 1774620103.4372633 robobot/cmd/T0 servo 1 -900 200
% 1774620103.4575372 robobot/cmd/ti alive 2026-03-27 15:01:41.362915
% 1774620103.45872 robobot/cmd/ti rc 0.0 0.5
1774620103.4615626 0 -0.002 -0.000 0.431 6 0.00 0.00 0.000 0.000 0 -0.002 0.431 -0.0017 0.4314
1774620103.4635806 0 -0.002 -0.000 0.436 6 0.00 0.00 0.000 0.000 0 -0.002 0.436 -0.0015 0.4360
% 1774620103.470455 robobot/cmd/ti rc 0.0 0.5
% 1774620103.483047 robobot/cmd/ti rc 0.0 0.5
% 1774620103.4950922 robobot/cmd/ti rc 0.0 0.5
% 1774620103.5100632 robobot/cmd/ti rc 0.0 0.5
1774620103.5142395 0 -0.002 -0.000 0.465 6 0.00 0.00 0.000 0.000 0 -0.001 0.465 -0.0007 0.4649
% 1774620103.526044 robobot/cmd/ti rc 0.0 0.5
% 1774620103.5397115 robobot/cmd/ti rc 0.0 0.5
% 1774620103.5619895 robobot/cmd/ti rc 0.0 0.5
% 1774620103.5767486 robobot/cmd/ti rc 0.0 0.5
1774620103.5863395 0 -0.002 -0.000 0.482 7 0.00 0.00 0.000 0.000 0 -0.001 0.482 -0.0009 0.4823
% 1774620103.596381 robobot/cmd/ti rc 0.0 0.5
1774620103.598089 0 -0.002 -0.000 0.487 7 0.00 0.00 0.000 0.000 0 -0.001 0.487 -0.0009 0.4869
% 1774620103.6234484 robobot/cmd/ti rc 0.0 0.5
% 1774620103.636338 robobot/cmd/ti rc 0.0 0.5
% 1774620103.6590693 robobot/cmd/ti rc 0.0 0.5
1774620103.659505 0 -0.002 -0.000 0.511 7 0.00 0.00 0.000 0.000 0 -0.001 0.511 -0.0011 0.5112
% 1774620103.673926 robobot/cmd/ti rc 0.0 0.5
1774620103.6774883 0 -0.002 0.000 0.524 7 0.00 0.00 0.000 0.000 0 -0.001 0.524 -0.0006 0.5239
1774620103.6782014 0 -0.002 -0.000 0.530 7 0.00 0.00 0.000 0.000 0 -0.000 0.530 -0.0005 0.5297
% 1774620103.6925604 robobot/cmd/ti rc 0.0 0.5
% 1774620103.6942475 robobot/cmd/T0 servo 1 -900 200
% 1774620103.7076802 robobot/cmd/ti rc 0.0 0.5
1774620103.7146366 0 -0.002 -0.000 0.556 7 0.00 0.00 0.000 0.000 0 -0.001 0.556 -0.0008 0.5563
% 1774620103.7234125 robobot/cmd/ti rc 0.0 0.5
% 1774620103.7342103 robobot/cmd/ti rc 0.0 0.5
% 1774620103.7458274 robobot/cmd/ti rc 0.0 0.5
1774620103.7487354 0 -0.003 -0.001 0.567 7 0.00 0.00 0.000 0.000 0 -0.001 0.567 -0.0012 0.5667
% 1774620103.756675 robobot/cmd/ti rc 0.0 0.5
1774620103.7593355 0 -0.003 -0.001 0.569 7 0.00 0.00 0.000 0.000 0 -0.001 0.569 -0.0013 0.5690
% 1774620103.7679415 robobot/cmd/ti rc 0.0 0.5
% 1774620103.781525 robobot/cmd/ti rc 0.0 0.5
% 1774620103.795597 robobot/cmd/ti rc 0.0 0.5
% 1774620103.8105955 robobot/cmd/ti rc 0.0 0.5
1774620103.811508 0 -0.003 -0.001 0.589 8 0.00 0.00 0.000 0.000 0 -0.002 0.589 -0.0020 0.5887
% 1774620103.8226793 robobot/cmd/ti rc 0.0 0.5
% 1774620103.8333955 robobot/cmd/ti rc 0.0 0.5
% 1774620103.8462296 robobot/cmd/ti rc 0.0 0.5
1774620103.8526518 0 -0.002 -0.000 0.616 8 0.00 0.00 0.000 0.000 0 -0.001 0.616 -0.0011 0.6164
% 1774620103.8632174 robobot/cmd/ti rc 0.0 0.5
1774620103.8695273 0 -0.002 -0.000 0.622 8 0.00 0.00 0.000 0.000 0 -0.001 0.622 -0.0009 0.6222
% 1774620103.8741148 robobot/cmd/ti rc 0.0 0.5
% 1774620103.8871956 robobot/cmd/ti rc 0.0 0.5
% 1774620103.899475 robobot/cmd/ti rc 0.0 0.5
% 1774620103.91049 robobot/cmd/ti rc 0.0 0.5
1774620103.91124 0 -0.002 -0.000 0.645 8 0.00 0.00 0.000 0.000 0 -0.001 0.645 -0.0006 0.6453
% 1774620103.9209952 robobot/cmd/ti rc 0.0 0.5
% 1774620103.9319217 robobot/cmd/ti rc 0.0 0.5
1774620103.958031 0 -0.003 -0.001 0.661 9 0.00 0.00 0.000 0.000 0 -0.001 0.661 -0.0008 0.6615
% 1774620103.9702635 robobot/cmd/ti alive 2026-03-27 15:01:41.362915
% 1774620103.9722364 robobot/cmd/ti rc 0.0 0.5
% 1774620103.9726002 robobot/cmd/T0 servo 1 -900 200
1774620103.9759238 0 -0.003 -0.001 0.665 9 0.00 0.00 0.000 0.000 0 -0.001 0.665 -0.0009 0.6650
% 1774620103.985893 robobot/cmd/ti rc 0.0 0.5
% 1774620104.001618 robobot/cmd/ti rc 0.0 0.5
1774620104.0072787 0 -0.002 -0.000 0.688 9 0.00 0.00 0.000 0.000 0 -0.000 0.688 -0.0003 0.6881
% 1774620104.0124884 robobot/cmd/ti rc 0.0 0.5
% 1774620104.0232706 robobot/cmd/ti rc 0.0 0.5
% 1774620104.0350134 robobot/cmd/ti rc 0.0 0.5
% 1774620104.0467718 robobot/cmd/ti rc 0.0 0.5
1774620104.0519128 0 -0.002 -0.000 0.709 9 0.00 0.00 0.000 0.000 0 -0.001 0.709 -0.0008 0.7089
% 1774620104.0584307 robobot/cmd/ti rc 0.0 0.5
1774620104.0601437 0 -0.002 -0.000 0.714 9 0.00 0.00 0.000 0.000 0 -0.001 0.714 -0.0008 0.7136
% 1774620104.0691638 robobot/cmd/ti rc 0.0 0.5
% 1774620104.0833206 robobot/cmd/ti rc 0.0 0.5
% 1774620104.0944383 robobot/cmd/ti rc 0.0 0.5
% 1774620104.1063752 robobot/cmd/ti rc 0.0 0.5
1774620104.1077168 0 -0.003 -0.001 0.727 9 0.00 0.00 0.000 0.000 0 -0.001 0.727 -0.0011 0.7274
% 1774620104.1176813 robobot/cmd/ti rc 0.0 0.5
% 1774620104.1297107 robobot/cmd/ti rc 0.0 0.5
% 1774620104.1404276 robobot/cmd/ti rc 0.0 0.5
1774620104.1477227 0 -0.004 -0.002 0.736 9 0.00 0.00 0.000 0.000 0 -0.002 0.736 -0.0017 0.7355
% 1774620104.1526725 robobot/cmd/ti rc 0.0 0.5
1774620104.1570067 0 -0.004 -0.002 0.743 9 0.00 0.00 0.000 0.000 0 -0.002 0.743 -0.0018 0.7425
% 1774620104.1666737 robobot/cmd/ti rc 0.0 0.5
% 1774620104.1786542 robobot/cmd/ti rc 0.0 0.5
% 1774620104.1907141 robobot/cmd/ti rc 0.0 0.5
% 1774620104.2020345 robobot/cmd/ti rc 0.0 0.5
1774620104.2105463 0 -0.003 -0.001 0.775 10 0.00 0.00 0.000 0.000 0 -0.001 0.775 -0.0014 0.7748
% 1774620104.2143583 robobot/cmd/ti rc 0.0 0.5
% 1774620104.2249753 robobot/cmd/ti rc 0.0 0.5
% 1774620104.2266803 robobot/cmd/T0 servo 1 -900 200
% 1774620104.2440226 robobot/cmd/ti rc 0.0 0.5
1774620104.251796 0 -0.003 -0.001 0.797 10 0.00 0.00 0.000 0.000 0 -0.001 0.797 -0.0008 0.7968
% 1774620104.2546074 robobot/cmd/ti rc 0.0 0.5
1774620104.2572541 0 -0.003 -0.001 0.803 10 0.00 0.00 0.000 0.000 0 -0.001 0.803 -0.0008 0.8026
% 1774620104.267217 robobot/cmd/ti rc 0.0 0.5
% 1774620104.2795742 robobot/cmd/ti rc 0.0 0.5
% 1774620104.2925265 robobot/cmd/ti rc 0.0 0.5
% 1774620104.318846 robobot/cmd/ti rc 0.0 0.5
1774620104.3207881 0 -0.003 -0.001 0.820 10 0.00 0.00 0.000 0.000 0 -0.001 0.820 -0.0008 0.8199
% 1774620104.3299556 robobot/cmd/ti rc 0.0 0.5
% 1774620104.3413658 robobot/cmd/ti rc 0.0 0.5
1774620104.3505864 0 -0.003 -0.001 0.841 11 0.00 0.00 0.000 0.000 0 -0.001 0.841 -0.0005 0.8408
% 1774620104.3547018 robobot/cmd/ti rc 0.0 0.5
1774620104.3587368 0 -0.003 -0.001 0.845 11 0.00 0.00 0.000 0.000 0 -0.001 0.845 -0.0005 0.8454
% 1774620104.3654187 robobot/cmd/ti rc 0.0 0.5
% 1774620104.3801768 robobot/cmd/ti rc 0.0 0.5
% 1774620104.3923855 robobot/cmd/ti rc 0.0 0.5
% 1774620104.404597 robobot/cmd/ti rc 0.0 0.5
1774620104.4108665 0 -0.003 -0.001 0.871 11 0.00 0.00 0.000 0.000 0 -0.001 0.871 -0.0008 0.8708
% 1774620104.4167826 robobot/cmd/ti rc 0.0 0.5
% 1774620104.4273608 robobot/cmd/ti rc 0.0 0.5
% 1774620104.441911 robobot/cmd/ti rc 0.0 0.5
1774620104.455186 0 -0.003 -0.001 0.885 11 0.00 0.00 0.000 0.000 0 -0.001 0.885 -0.0009 0.8847
% 1774620104.4620445 robobot/cmd/ti rc 0.0 0.5
1774620104.463028 0 -0.003 -0.001 0.886 11 0.00 0.00 0.000 0.000 0 -0.001 0.886 -0.0009 0.8859
% 1774620104.4789422 robobot/cmd/ti rc 0.0 0.5
% 1774620104.479253 robobot/cmd/ti alive 2026-03-27 15:01:41.362915
% 1774620104.4799347 robobot/cmd/T0 servo 1 -900 200
% 1774620104.4927073 robobot/cmd/ti rc 0.0 0.5
% 1774620104.5066903 robobot/cmd/ti rc 0.0 0.5
1774620104.5111425 0 -0.004 -0.002 0.897 12 0.00 0.00 0.000 0.000 0 -0.002 0.897 -0.0016 0.8974
% 1774620104.517313 robobot/cmd/ti rc 0.0 0.5
% 1774620104.531611 robobot/cmd/ti rc 0.0 0.5
% 1774620104.543374 robobot/cmd/ti rc 0.0 0.5
% 1774620104.5563474 robobot/cmd/ti rc 0.0 0.5
1774620104.5588975 0 -0.004 -0.002 0.923 12 0.00 0.00 0.000 0.000 0 -0.002 0.923 -0.0019 0.9229
1774620104.562211 0 -0.004 -0.002 0.930 12 0.00 0.00 0.000 0.000 0 -0.002 0.930 -0.0017 0.9298
% 1774620104.5677192 robobot/cmd/ti rc 0.0 0.5
% 1774620104.5786562 robobot/cmd/ti rc 0.0 0.5
% 1774620104.5907843 robobot/cmd/ti rc 0.0 0.5
% 1774620104.6019416 robobot/cmd/ti rc 0.0 0.5
1774620104.6089792 0 -0.003 -0.001 0.958 12 0.00 0.00 0.000 0.000 0 -0.001 0.958 -0.0009 0.9576
% 1774620104.6128962 robobot/cmd/ti rc 0.0 0.5
% 1774620104.6272955 robobot/cmd/ti rc 0.0 0.5
% 1774620104.6407237 robobot/cmd/ti rc 0.0 0.5
1774620104.6487765 0 -0.003 -0.001 0.974 12 0.00 0.00 0.000 0.000 0 -0.001 0.974 -0.0009 0.9738
% 1774620104.6528 robobot/cmd/ti rc 0.0 0.5
1774620104.6593633 0 -0.003 -0.001 0.977 12 0.00 0.00 0.000 0.000 0 -0.001 0.977 -0.0008 0.9772
% 1774620104.6633155 robobot/cmd/ti rc 0.0 0.5
% 1774620104.683784 robobot/cmd/ti rc 0.0 0.5
% 1774620104.6943529 robobot/cmd/ti rc 0.0 0.5
% 1774620104.7055843 robobot/cmd/ti rc 0.0 0.5
1774620104.714289 0 -0.003 -0.001 1.004 12 0.00 0.00 0.000 0.000 0 -0.001 1.004 -0.0008 1.0038
% 1774620104.7175841 robobot/cmd/ti rc 0.0 0.5
% 1774620104.7281475 robobot/cmd/ti rc 0.0 0.5
% 1774620104.744465 robobot/cmd/ti rc 0.0 0.5
% 1774620104.746377 robobot/cmd/T0 servo 1 -900 200
1774620104.7507217 0 -0.003 -0.001 1.021 13 0.00 0.00 0.000 0.000 0 -0.001 1.021 -0.0009 1.0212
% 1774620104.7574599 robobot/cmd/ti rc 0.0 0.5
1774620104.7616458 0 -0.003 -0.001 1.026 13 0.00 0.00 0.000 0.000 0 -0.001 1.026 -0.0010 1.0258
% 1774620104.768411 robobot/cmd/ti rc 0.0 0.5
% 1774620104.779336 robobot/cmd/ti rc 0.0 0.5
% 1774620104.7911735 robobot/cmd/ti rc 0.0 0.5
% 1774620104.8039882 robobot/cmd/ti rc 0.0 0.5
1774620104.8086975 0 -0.003 -0.001 1.047 13 0.00 0.00 0.000 0.000 0 -0.001 1.047 -0.0009 1.0466
% 1774620104.817818 robobot/cmd/ti rc 0.0 0.5
% 1774620104.8290966 robobot/cmd/ti rc 0.0 0.5
% 1774620104.8401992 robobot/cmd/ti rc 0.0 0.5
1774620104.8518367 0 -0.004 -0.002 1.055 13 0.00 0.00 0.000 0.000 0 -0.001 1.055 -0.0012 1.0547
% 1774620104.8533654 robobot/cmd/ti rc 0.0 0.5
1774620104.8583593 0 -0.004 -0.002 1.058 13 0.00 0.00 0.000 0.000 0 -0.001 1.058 -0.0014 1.0582
% 1774620104.8659277 robobot/cmd/ti rc 0.0 0.5
% 1774620104.8797271 robobot/cmd/ti rc 0.0 0.5
% 1774620104.891777 robobot/cmd/ti rc 0.0 0.5
% 1774620104.9039485 robobot/cmd/ti rc 0.0 0.5
1774620104.9121494 0 -0.004 -0.002 1.089 13 0.00 0.00 0.000 0.000 0 -0.001 1.089 -0.0014 1.0894
% 1774620104.9237866 robobot/cmd/ti rc 0.0 0.5
% 1774620104.9361355 robobot/cmd/ti rc 0.0 0.5
% 1774620104.9468572 robobot/cmd/ti rc 0.0 0.5
% 1774620104.9591632 robobot/cmd/ti rc 0.0 0.5
% 1774620104.9703755 robobot/cmd/ti rc 0.0 0.5
% 1774620104.9856977 robobot/cmd/ti rc 0.0 0.5
% 1774620104.9890625 robobot/cmd/ti alive 2026-03-27 15:01:41.362915
1774620104.9953225 0 -0.003 -0.002 1.111 14 0.00 0.00 0.000 0.000 0 -0.001 1.111 -0.0008 1.1114
1774620104.9963386 0 -0.003 -0.002 1.114 14 0.00 0.00 0.000 0.000 0 -0.001 1.114 -0.0008 1.1137
% 1774620105.0048466 robobot/cmd/ti rc 0.0 0.5
% 1774620105.0075603 robobot/cmd/T0 servo 1 -900 200
1774620105.0110772 0 -0.003 -0.001 1.133 14 0.00 0.00 0.000 0.000 0 -0.001 1.133 -0.0008 1.1334
% 1774620105.0182304 robobot/cmd/ti rc 0.0 0.5
% 1774620105.0304272 robobot/cmd/ti rc 0.0 0.5
% 1774620105.0470853 robobot/cmd/ti rc 0.0 0.5
1774620105.0495214 0 -0.003 -0.001 1.152 14 0.00 0.00 0.000 0.000 0 -0.001 1.152 -0.0006 1.1519
% 1774620105.0576713 robobot/cmd/ti rc 0.0 0.5
1774620105.0607755 0 -0.003 -0.001 1.159 14 0.00 0.00 0.000 0.000 0 -0.001 1.159 -0.0008 1.1588
% 1774620105.0680761 robobot/cmd/ti rc 0.0 0.5
% 1774620105.0793595 robobot/cmd/ti rc 0.0 0.5
% 1774620105.0897887 robobot/cmd/ti rc 0.0 0.5
% 1774620105.1001213 robobot/cmd/ti rc 0.0 0.5
1774620105.1087983 0 -0.003 -0.002 1.184 14 0.00 0.00 0.000 0.000 0 -0.001 1.184 -0.0009 1.1842
% 1774620105.110472 robobot/cmd/ti rc 0.0 0.5
% 1774620105.120926 robobot/cmd/ti rc 0.0 0.5
% 1774620105.1325374 robobot/cmd/ti rc 0.0 0.5
% 1774620105.1432917 robobot/cmd/ti rc 0.0 0.5
1774620105.149812 0 -0.003 -0.001 1.202 15 0.00 0.00 0.000 0.000 0 -0.001 1.202 -0.0009 1.2016
% 1774620105.1547456 robobot/cmd/ti rc 0.0 0.5
1774620105.1623654 0 -0.003 -0.002 1.204 15 0.00 0.00 0.000 0.000 0 -0.001 1.204 -0.0009 1.2039
% 1774620105.1661732 robobot/cmd/ti rc 0.0 0.5
% 1774620105.1784122 robobot/cmd/ti rc 0.0 0.5
% 1774620105.18883 robobot/cmd/ti rc 0.0 0.5
% 1774620105.2000434 robobot/cmd/ti rc 0.0 0.5
1774620105.2084982 0 -0.004 -0.003 1.214 15 0.00 0.00 0.000 0.000 0 -0.001 1.214 -0.0012 1.2143
% 1774620105.2112927 robobot/cmd/ti rc 0.0 0.5
% 1774620105.22234 robobot/cmd/ti rc 0.0 0.5
% 1774620105.2344067 robobot/cmd/ti rc 0.0 0.5
% 1774620105.2450652 robobot/cmd/ti rc 0.0 0.5
1774620105.2496157 0 -0.004 -0.004 1.228 15 0.00 0.00 0.000 0.000 0 -0.002 1.228 -0.0022 1.2282
% 1774620105.2558897 robobot/cmd/ti rc 0.0 0.5
% 1774620105.2566056 robobot/cmd/T0 servo 1 -900 200
1774620105.259216 0 -0.004 -0.003 1.234 15 0.00 0.00 0.000 0.000 0 -0.003 1.234 -0.0025 1.2340
% 1774620105.26712 robobot/cmd/ti rc 0.0 0.5
% 1774620105.2774832 robobot/cmd/ti rc 0.0 0.5
% 1774620105.2879846 robobot/cmd/ti rc 0.0 0.5
% 1774620105.2986658 robobot/cmd/ti rc 0.0 0.5
% 1774620105.3112206 robobot/cmd/ti rc 0.0 0.5
1774620105.3115673 0 -0.004 -0.002 1.269 16 0.00 0.00 0.000 0.000 0 -0.001 1.269 -0.0014 1.2687
% 1774620105.3226283 robobot/cmd/ti rc 0.0 0.5
% 1774620105.3342514 robobot/cmd/ti rc 0.0 0.5
% 1774620105.3448682 robobot/cmd/ti rc 0.0 0.5
1774620105.3491402 0 -0.003 -0.001 1.286 16 0.00 0.00 0.000 0.000 0 -0.001 1.286 -0.0008 1.2860
% 1774620105.3554597 robobot/cmd/ti rc 0.0 0.5
1774620105.3587697 0 -0.003 -0.001 1.290 16 0.00 0.00 0.000 0.000 0 -0.001 1.290 -0.0006 1.2895
% 1774620105.3662586 robobot/cmd/ti rc 0.0 0.5
% 1774620105.3771002 robobot/cmd/ti rc 0.0 0.5
% 1774620105.388933 robobot/cmd/ti rc 0.0 0.5
% 1774620105.400993 robobot/cmd/ti rc 0.0 0.5
1774620105.4100206 0 -0.004 -0.002 1.312 16 0.00 0.00 0.000 0.000 0 -0.001 1.312 -0.0005 1.3115
% 1774620105.4113426 robobot/cmd/ti rc 0.0 0.5
% 1774620105.4218388 robobot/cmd/ti rc 0.0 0.5
% 1774620105.4333446 robobot/cmd/ti rc 0.0 0.5
% 1774620105.4443269 robobot/cmd/ti rc 0.0 0.5
1774620105.4514763 0 -0.004 -0.002 1.335 17 0.00 0.00 0.000 0.000 0 -0.001 1.335 -0.0010 1.3346
% 1774620105.455346 robobot/cmd/ti rc 0.0 0.5
1774620105.4592113 0 -0.004 -0.002 1.339 17 0.00 0.00 0.000 0.000 0 -0.001 1.339 -0.0010 1.3392
% 1774620105.4695392 robobot/cmd/ti rc 0.0 0.5
% 1774620105.4802964 robobot/cmd/ti rc 0.0 0.5
% 1774620105.49162 robobot/cmd/ti rc 0.0 0.5
% 1774620105.4923294 robobot/cmd/ti alive 2026-03-27 15:01:41.362915
% 1774620105.5022788 robobot/cmd/ti rc 0.0 0.5
1774620105.5098002 0 -0.004 -0.002 1.360 17 0.00 0.00 0.000 0.000 0 -0.001 1.360 -0.0009 1.3600
% 1774620105.5127513 robobot/cmd/ti rc 0.0 0.5
% 1774620105.5129123 robobot/cmd/T0 servo 1 -900 200
% 1774620105.5254765 robobot/cmd/ti rc 0.0 0.5
% 1774620105.5359557 robobot/cmd/ti rc 0.0 0.5
% 1774620105.5463955 robobot/cmd/ti rc 0.0 0.5
1774620105.5495353 0 -0.004 -0.003 1.372 17 0.00 0.00 0.000 0.000 0 -0.001 1.372 -0.0009 1.3716
% 1774620105.5568526 robobot/cmd/ti rc 0.0 0.5
1774620105.5582876 0 -0.004 -0.003 1.374 17 0.00 0.00 0.000 0.000 0 -0.001 1.374 -0.0010 1.3739
% 1774620105.5673285 robobot/cmd/ti rc 0.0 0.5
% 1774620105.5796373 robobot/cmd/ti rc 0.0 0.5
% 1774620105.5902328 robobot/cmd/ti rc 0.0 0.5
% 1774620105.6041365 robobot/cmd/ti rc 0.0 0.5
1774620105.6092217 0 -0.004 -0.003 1.395 18 0.00 0.00 0.000 0.000 0 -0.002 1.395 -0.0020 1.3947
% 1774620105.6150942 robobot/cmd/ti rc 0.0 0.5
% 1774620105.6263196 robobot/cmd/ti rc 0.0 0.5
% 1774620105.6371272 robobot/cmd/ti rc 0.0 0.5
% 1774620105.6479793 robobot/cmd/ti rc 0.0 0.5
1774620105.6486738 0 -0.004 -0.003 1.417 18 0.00 0.00 0.000 0.000 0 -0.001 1.417 -0.0014 1.4167
% 1774620105.6588879 robobot/cmd/ti rc 0.0 0.5
1774620105.663566 0 -0.004 -0.002 1.426 18 0.00 0.00 0.000 0.000 0 -0.001 1.426 -0.0011 1.4260
% 1774620105.6708379 robobot/cmd/ti rc 0.0 0.5
% 1774620105.681259 robobot/cmd/ti rc 0.0 0.5
% 1774620105.6937313 robobot/cmd/ti rc 0.0 0.5
% 1774620105.707227 robobot/cmd/ti rc 0.0 0.5
1774620105.7098527 0 -0.004 -0.002 1.444 19 0.00 0.00 0.000 0.000 0 -0.001 1.444 -0.0005 1.4445
% 1774620105.7182047 robobot/cmd/ti rc 0.0 0.5
% 1774620105.7315965 robobot/cmd/ti rc 0.0 0.5
% 1774620105.742095 robobot/cmd/ti rc 0.0 0.5
1774620105.7504542 0 -0.004 -0.002 1.463 19 0.00 0.00 0.000 0.000 0 -0.001 1.463 -0.0007 1.4630
% 1774620105.7530534 robobot/cmd/ti rc 0.0 0.5
1774620105.7603555 0 -0.004 -0.003 1.469 19 0.00 0.00 0.000 0.000 0 -0.001 1.469 -0.0008 1.4688
% 1774620105.7645018 robobot/cmd/ti rc 0.0 0.5
% 1774620105.7664764 robobot/cmd/T0 servo 1 -900 200
% 1774620105.776876 robobot/cmd/ti rc 0.0 0.5
% 1774620105.787287 robobot/cmd/ti rc 0.0 0.5
% 1774620105.797834 robobot/cmd/ti rc 0.0 0.5
% 1774620105.8081827 robobot/cmd/ti rc 0.0 0.5
1774620105.808973 0 -0.004 -0.002 1.496 19 0.00 0.00 0.000 0.000 0 -0.001 1.496 -0.0009 1.4965
% 1774620105.8190374 robobot/cmd/ti rc 0.0 0.5
% 1774620105.8308764 robobot/cmd/ti rc 0.0 0.5
% 1774620105.8413744 robobot/cmd/ti rc 0.0 0.5
1774620105.8504038 0 -0.004 -0.002 1.510 20 0.00 0.00 0.000 0.000 0 -0.001 1.510 -0.0008 1.5104
% 1774620105.8521411 robobot/cmd/ti rc 0.0 0.5
1774620105.8607943 0 -0.004 -0.002 1.516 20 0.00 0.00 0.000 0.000 0 -0.001 1.516 -0.0008 1.5162
% 1774620105.862599 robobot/cmd/ti rc 0.0 0.5
% 1774620105.8729682 robobot/cmd/ti rc 0.0 0.5
% 1774620105.885379 robobot/cmd/ti rc 0.0 0.5
% 1774620105.8959827 robobot/cmd/ti rc 0.0 0.5
% 1774620105.9071426 robobot/cmd/ti rc 0.0 0.5
1774620105.9129288 0 -0.004 -0.003 1.534 20 0.00 0.00 0.000 0.000 0 -0.001 1.534 -0.0009 1.5335
% 1774620105.9181097 robobot/cmd/ti rc 0.0 0.5
% 1774620105.9292517 robobot/cmd/ti rc 0.0 0.5
% 1774620105.9416728 robobot/cmd/ti rc 0.0 0.5
1774620105.949072 0 -0.004 -0.004 1.543 20 0.00 0.00 0.000 0.000 0 -0.002 1.543 -0.0017 1.5428
% 1774620105.9521315 robobot/cmd/ti rc 0.0 0.5
1774620105.9595306 0 -0.004 -0.004 1.549 20 0.00 0.00 0.000 0.000 0 -0.002 1.549 -0.0018 1.5486
% 1774620105.9645603 robobot/cmd/ti rc 0.0 0.5
% 1774620105.9750187 robobot/cmd/ti rc 0.0 0.5
% 1774620105.98897 robobot/cmd/ti rc 0.0 0.5
% 1774620105.9972553 robobot/cmd/ti alive 2026-03-27 15:01:41.362915
% 1774620106.0003793 robobot/cmd/ti rc 0.0 0.5
1774620106.0100317 0 -0.004 -0.003 1.582 21 0.00 0.00 0.000 0.000 0 -0.001 1.582 -0.0014 1.5821
% 1774620106.0110786 robobot/cmd/ti rc 0.0 0.5
% 1774620106.0221636 robobot/cmd/ti rc 0.0 0.5
% 1774620106.0226655 robobot/cmd/T0 servo 1 -900 200
% 1774620106.0357487 robobot/cmd/ti rc 0.0 0.5
% 1774620106.046772 robobot/cmd/ti rc 0.0 0.5
1774620106.0504434 0 -0.004 -0.002 1.595 21 0.00 0.00 0.000 0.000 0 -0.001 1.595 -0.0006 1.5948
% 1774620106.058186 robobot/cmd/ti rc 0.0 0.5
1774620106.0600264 0 -0.004 -0.002 1.603 21 0.00 0.00 0.000 0.000 0 -0.000 1.603 -0.0003 1.6029
% 1774620106.0701232 robobot/cmd/ti rc 0.0 0.5
% 1774620106.0806668 robobot/cmd/ti rc 0.0 0.5
% 1774620106.0913088 robobot/cmd/ti rc 0.0 0.5
% 1774620106.1030338 robobot/cmd/ti rc 0.0 0.5
1774620106.1115067 0 -0.004 -0.003 1.626 22 0.00 0.00 0.000 0.000 0 -0.001 1.626 -0.0007 1.6260
% 1774620106.1155329 robobot/cmd/ti rc 0.0 0.5
% 1774620106.1272426 robobot/cmd/ti rc 0.0 0.5
% 1774620106.139006 robobot/cmd/ti rc 0.0 0.5
% 1774620106.1494846 robobot/cmd/ti rc 0.0 0.5
1774620106.1502104 0 -0.004 -0.003 1.645 22 0.00 0.00 0.000 0.000 0 -0.001 1.645 -0.0010 1.6445
1774620106.1598125 0 -0.004 -0.003 1.651 22 0.00 0.00 0.000 0.000 0 -0.001 1.651 -0.0009 1.6515
% 1774620106.1604533 robobot/cmd/ti rc 0.0 0.5
% 1774620106.1751432 robobot/cmd/ti rc 0.0 0.5
% 1774620106.1857536 robobot/cmd/ti rc 0.0 0.5
% 1774620106.1999986 robobot/cmd/ti rc 0.0 0.5
1774620106.2102637 0 -0.004 -0.003 1.672 22 0.00 0.00 0.000 0.000 0 -0.001 1.672 -0.0007 1.6723
% 1774620106.2106905 robobot/cmd/ti rc 0.0 0.5
% 1774620106.2215466 robobot/cmd/ti rc 0.0 0.5
% 1774620106.2318897 robobot/cmd/ti rc 0.0 0.5
% 1774620106.2424455 robobot/cmd/ti rc 0.0 0.5
1774620106.2513328 0 -0.004 -0.003 1.688 23 0.00 0.00 0.000 0.000 0 -0.001 1.688 -0.0007 1.6885
% 1774620106.2530777 robobot/cmd/ti rc 0.0 0.5
1774620106.2612183 0 -0.004 -0.003 1.693 23 0.00 0.00 0.000 0.000 0 -0.001 1.693 -0.0008 1.6931
% 1774620106.2661989 robobot/cmd/ti rc 0.0 0.5
% 1774620106.2767787 robobot/cmd/ti rc 0.0 0.5
% 1774620106.2776716 robobot/cmd/T0 servo 1 -900 200
% 1774620106.2884126 robobot/cmd/ti rc 0.0 0.5
% 1774620106.3041797 robobot/cmd/ti rc 0.0 0.5
1774620106.310006 0 -0.004 -0.005 1.706 23 0.00 0.00 0.000 0.000 0 -0.002 1.706 -0.0016 1.7058
% 1774620106.3156178 robobot/cmd/ti rc 0.0 0.5
% 1774620106.3264048 robobot/cmd/ti rc 0.0 0.5
% 1774620106.3369932 robobot/cmd/ti rc 0.0 0.5
% 1774620106.3475564 robobot/cmd/ti rc 0.0 0.5
1774620106.3489778 0 -0.004 -0.004 1.727 23 0.00 0.00 0.000 0.000 0 -0.002 1.727 -0.0016 1.7267
% 1774620106.359959 robobot/cmd/ti rc 0.0 0.5
1774620106.3605692 0 -0.004 -0.004 1.737 23 0.00 0.00 0.000 0.000 0 -0.001 1.737 -0.0014 1.7371
% 1774620106.3704767 robobot/cmd/ti rc 0.0 0.5
% 1774620106.3815167 robobot/cmd/ti rc 0.0 0.5
% 1774620106.3927917 robobot/cmd/ti rc 0.0 0.5
% 1774620106.4039154 robobot/cmd/ti rc 0.0 0.5
1774620106.4103029 0 -0.004 -0.003 1.758 24 0.00 0.00 0.000 0.000 0 -0.000 1.758 -0.0003 1.7579
% 1774620106.415481 robobot/cmd/ti rc 0.0 0.5
% 1774620106.4266346 robobot/cmd/ti rc 0.0 0.5
% 1774620106.4370508 robobot/cmd/ti rc 0.0 0.5
% 1774620106.4486427 robobot/cmd/ti rc 0.0 0.5
1774620106.4493353 0 -0.004 -0.003 1.775 24 0.00 0.00 0.000 0.000 0 -0.001 1.775 -0.0006 1.7752
% 1774620106.4599776 robobot/cmd/ti rc 0.0 0.5
1774620106.4617462 0 -0.004 -0.003 1.784 24 0.00 0.00 0.000 0.000 0 -0.001 1.784 -0.0008 1.7845
% 1774620106.4705813 robobot/cmd/ti rc 0.0 0.5
% 1774620106.4822264 robobot/cmd/ti rc 0.0 0.5
% 1774620106.493606 robobot/cmd/ti rc 0.0 0.5
% 1774620106.5047877 robobot/cmd/ti rc 0.0 0.5
% 1774620106.5052295 robobot/cmd/ti alive 2026-03-27 15:01:41.362915
1774620106.5140932 0 -0.004 -0.003 1.808 25 0.00 0.00 0.000 0.000 0 -0.001 1.808 -0.0011 1.8076
% 1774620106.5200202 robobot/cmd/ti rc 0.0 0.5
% 1774620106.533976 robobot/cmd/ti rc 0.0 0.5
% 1774620106.5396354 robobot/cmd/T0 servo 1 -900 200
1774620106.5502915 0 -0.004 -0.003 1.821 25 0.00 0.00 0.000 0.000 0 -0.001 1.821 -0.0007 1.8215
% 1774620106.5516589 robobot/cmd/ti rc 0.0 0.5
1774620106.561098 0 -0.004 -0.003 1.830 25 0.00 0.00 0.000 0.000 0 -0.001 1.830 -0.0007 1.8296
% 1774620106.5655005 robobot/cmd/ti rc 0.0 0.5
% 1774620106.5768528 robobot/cmd/ti rc 0.0 0.5
% 1774620106.5877116 robobot/cmd/ti rc 0.0 0.5
% 1774620106.6031222 robobot/cmd/ti rc 0.0 0.5
1774620106.6108682 0 -0.004 -0.003 1.852 25 0.00 0.00 0.000 0.000 0 -0.001 1.852 -0.0008 1.8516
% 1774620106.6138215 robobot/cmd/ti rc 0.0 0.5
% 1774620106.6243598 robobot/cmd/ti rc 0.0 0.5
% 1774620106.634751 robobot/cmd/ti rc 0.0 0.5
% 1774620106.6450937 robobot/cmd/ti rc 0.0 0.5
1774620106.6502771 0 -0.003 -0.004 1.860 25 0.00 0.00 0.000 0.000 0 -0.001 1.860 -0.0012 1.8597
% 1774620106.6555321 robobot/cmd/ti rc 0.0 0.5
1774620106.662843 0 -0.003 -0.005 1.864 26 0.00 0.00 0.000 0.000 0 -0.001 1.864 -0.0014 1.8643
% 1774620106.6668324 robobot/cmd/ti rc 0.0 0.5
% 1774620106.6781764 robobot/cmd/ti rc 0.0 0.5
% 1774620106.6917434 robobot/cmd/ti rc 0.0 0.5
% 1774620106.702335 robobot/cmd/ti rc 0.0 0.5
1774620106.7102978 0 -0.003 -0.004 1.887 26 0.00 0.00 0.000 0.000 0 -0.002 1.887 -0.0019 1.8874
% 1774620106.7127717 robobot/cmd/ti rc 0.0 0.5
% 1774620106.7240922 robobot/cmd/ti rc 0.0 0.5
% 1774620106.7362583 robobot/cmd/ti rc 0.0 0.5
% 1774620106.7473197 robobot/cmd/ti rc 0.0 0.5
1774620106.751662 0 -0.004 -0.003 1.904 26 0.00 0.00 0.000 0.000 0 -0.001 1.904 -0.0007 1.9036
% 1774620106.7636201 robobot/cmd/ti rc 0.0 0.5
1774620106.764677 0 -0.004 -0.003 1.914 26 0.00 0.00 0.000 0.000 0 -0.000 1.914 -0.0004 1.9140
% 1774620106.7771862 robobot/cmd/ti rc 0.0 0.5
% 1774620106.7878203 robobot/cmd/ti rc 0.0 0.5
% 1774620106.7880282 robobot/cmd/T0 servo 1 -900 200
% 1774620106.7987626 robobot/cmd/ti rc 0.0 0.5
% 1774620106.8109696 robobot/cmd/ti rc 0.0 0.5
1774620106.81413 0 -0.004 -0.004 1.942 27 0.00 0.00 0.000 0.000 0 -0.001 1.942 -0.0007 1.9418
% 1774620106.8215914 robobot/cmd/ti rc 0.0 0.5
% 1774620106.8330572 robobot/cmd/ti rc 0.0 0.5
% 1774620106.8444257 robobot/cmd/ti rc 0.0 0.5
1774620106.849473 0 -0.004 -0.004 1.956 27 0.00 0.00 0.000 0.000 0 -0.001 1.956 -0.0011 1.9556
% 1774620106.8553312 robobot/cmd/ti rc 0.0 0.5
1774620106.8610525 0 -0.004 -0.004 1.961 27 0.00 0.00 0.000 0.000 0 -0.001 1.961 -0.0011 1.9614
% 1774620106.8669116 robobot/cmd/ti rc 0.0 0.5
% 1774620106.879768 robobot/cmd/ti rc 0.0 0.5
% 1774620106.8907697 robobot/cmd/ti rc 0.0 0.5
% 1774620106.9028318 robobot/cmd/ti rc 0.0 0.5
1774620106.9144282 0 -0.004 -0.004 1.986 27 0.00 0.00 0.000 0.000 0 -0.001 1.986 -0.0007 1.9857
% 1774620106.9148915 robobot/cmd/ti rc 0.0 0.5
% 1774620106.925458 robobot/cmd/ti rc 0.0 0.5
% 1774620106.936033 robobot/cmd/ti rc 0.0 0.5
% 1774620106.9481063 robobot/cmd/ti rc 0.0 0.5
1774620106.952644 0 -0.004 -0.004 2.004 28 0.00 0.00 0.000 0.000 0 -0.001 2.004 -0.0008 2.0042
% 1774620106.9592793 robobot/cmd/ti rc 0.0 0.5
1774620106.9610689 0 -0.004 -0.004 2.009 28 0.00 0.00 0.000 0.000 0 -0.001 2.009 -0.0008 2.0088
% 1774620106.9720018 robobot/cmd/ti rc 0.0 0.5
% 1774620106.983151 robobot/cmd/ti rc 0.0 0.5
% 1774620106.994226 robobot/cmd/ti rc 0.0 0.5
% 1774620107.0049832 robobot/cmd/ti rc 0.0 0.5
% 1774620107.0108728 robobot/cmd/ti alive 2026-03-27 15:01:41.362915
1774620107.0113397 0 -0.003 -0.005 2.023 28 0.00 0.00 0.000 0.000 0 -0.001 2.023 -0.0013 2.0227
% 1774620107.0154564 robobot/cmd/ti rc 0.0 0.5
% 1774620107.026129 robobot/cmd/ti rc 0.0 0.5
% 1774620107.0364888 robobot/cmd/ti rc 0.0 0.5
% 1774620107.047037 robobot/cmd/ti rc 0.0 0.5
% 1774620107.047211 robobot/cmd/T0 servo 1 -900 200
1774620107.0497212 0 -0.003 -0.005 2.039 28 0.00 0.00 0.000 0.000 0 -0.002 2.039 -0.0019 2.0389
% 1774620107.0579553 robobot/cmd/ti rc 0.0 0.5
1774620107.0635166 0 -0.003 -0.004 2.045 29 0.00 0.00 0.000 0.000 0 -0.002 2.045 -0.0016 2.0447
% 1774620107.0682955 robobot/cmd/ti rc 0.0 0.5
% 1774620107.0796309 robobot/cmd/ti rc 0.0 0.5
% 1774620107.0903478 robobot/cmd/ti rc 0.0 0.5
% 1774620107.103554 robobot/cmd/ti rc 0.0 0.5
1774620107.1154568 0 -0.004 -0.004 2.074 29 0.00 0.00 0.000 0.000 0 -0.001 2.074 -0.0005 2.0736
% 1774620107.1171424 robobot/cmd/ti rc 0.0 0.5
% 1774620107.1278172 robobot/cmd/ti rc 0.0 0.5
% 1774620107.1387782 robobot/cmd/ti rc 0.0 0.5
1774620107.149449 0 -0.004 -0.004 2.090 29 0.00 0.00 0.000 0.000 0 -0.001 2.090 -0.0008 2.0898
% 1774620107.1497183 robobot/cmd/ti rc 0.0 0.5
% 1774620107.1601791 robobot/cmd/ti rc 0.0 0.5
1774620107.1645956 0 -0.004 -0.004 2.097 29 0.00 0.00 0.000 0.000 0 -0.001 2.097 -0.0008 2.0967
% 1774620107.17238 robobot/cmd/ti rc 0.0 0.5
% 1774620107.1828475 robobot/cmd/ti rc 0.0 0.5
% 1774620107.1965876 robobot/cmd/ti rc 0.0 0.5
% 1774620107.2070007 robobot/cmd/ti rc 0.0 0.5
1774620107.212527 0 -0.004 -0.004 2.118 30 0.00 0.00 0.000 0.000 0 -0.001 2.118 -0.0010 2.1175
% 1774620107.2192528 robobot/cmd/ti rc 0.0 0.5
% 1774620107.230141 robobot/cmd/ti rc 0.0 0.5
% 1774620107.2432904 robobot/cmd/ti rc 0.0 0.5
1774620107.249599 0 -0.004 -0.004 2.136 30 0.00 0.00 0.000 0.000 0 -0.001 2.136 -0.0007 2.1361
% 1774620107.2537649 robobot/cmd/ti rc 0.0 0.5
1774620107.262055 0 -0.004 -0.004 2.143 30 0.00 0.00 0.000 0.000 0 -0.001 2.143 -0.0006 2.1430
% 1774620107.2652109 robobot/cmd/ti rc 0.0 0.5
% 1774620107.2760885 robobot/cmd/ti rc 0.0 0.5
% 1774620107.2869925 robobot/cmd/ti rc 0.0 0.5
% 1774620107.2975368 robobot/cmd/ti rc 0.0 0.5
% 1774620107.2979314 robobot/cmd/T0 servo 1 -900 200
% 1774620107.3093011 robobot/cmd/ti rc 0.0 0.5
1774620107.3115253 0 -0.004 -0.004 2.166 30 0.00 0.00 0.000 0.000 0 -0.001 2.166 -0.0008 2.1661
% 1774620107.3207119 robobot/cmd/ti rc 0.0 0.5
% 1774620107.333462 robobot/cmd/ti rc 0.0 0.5
% 1774620107.3439891 robobot/cmd/ti rc 0.0 0.5
1774620107.3490293 0 -0.003 -0.005 2.176 30 0.00 0.00 0.000 0.000 0 -0.001 2.176 -0.0009 2.1765
% 1774620107.3551247 robobot/cmd/ti rc 0.0 0.5
1774620107.3636327 0 -0.003 -0.005 2.181 30 0.00 0.00 0.000 0.000 0 -0.001 2.181 -0.0011 2.1812
% 1774620107.365469 robobot/cmd/ti rc 0.0 0.5
% 1774620107.3793683 robobot/cmd/ti rc 0.0 0.5
% 1774620107.3904796 robobot/cmd/ti rc 0.0 0.5
% 1774620107.4018314 robobot/cmd/ti rc 0.0 0.5
1774620107.4112723 0 -0.003 -0.005 2.195 31 0.00 0.00 0.000 0.000 0 -0.002 2.195 -0.0019 2.1950
% 1774620107.4122012 robobot/cmd/ti rc 0.0 0.5
% 1774620107.4226663 robobot/cmd/ti rc 0.0 0.5
% 1774620107.4356022 robobot/cmd/ti rc 0.0 0.5
% 1774620107.4463623 robobot/cmd/ti rc 0.0 0.5
1774620107.449461 0 -0.003 -0.005 2.218 31 0.00 0.00 0.000 0.000 0 -0.001 2.218 -0.0011 2.2182
% 1774620107.4574485 robobot/cmd/ti rc 0.0 0.5
1774620107.4658875 0 -0.003 -0.004 2.229 31 0.00 0.00 0.000 0.000 0 -0.001 2.229 -0.0009 2.2286
% 1774620107.4680176 robobot/cmd/ti rc 0.0 0.5
% 1774620107.4785237 robobot/cmd/ti rc 0.0 0.5
% 1774620107.4888954 robobot/cmd/ti rc 0.0 0.5
% 1774620107.5028226 robobot/cmd/ti rc 0.0 0.5
1774620107.5122805 0 -0.003 -0.004 2.253 32 0.00 0.00 0.000 0.000 0 -0.001 2.253 -0.0009 2.2529
% 1774620107.5135663 robobot/cmd/ti rc 0.0 0.5
% 1774620107.5212066 robobot/cmd/ti alive 2026-03-27 15:01:41.362915
% 1774620107.524536 robobot/cmd/ti rc 0.0 0.5
% 1774620107.5362804 robobot/cmd/ti rc 0.0 0.5
% 1774620107.5485435 robobot/cmd/ti rc 0.0 0.5
1774620107.5490873 0 -0.003 -0.004 2.268 32 0.00 0.00 0.000 0.000 0 -0.001 2.268 -0.0009 2.2679
% 1774620107.549313 robobot/cmd/T0 servo 1 -900 200
% 1774620107.5606596 robobot/cmd/ti rc 0.0 0.5
1774620107.5641832 0 -0.003 -0.005 2.274 32 0.00 0.00 0.000 0.000 0 -0.001 2.274 -0.0009 2.2737
% 1774620107.5734935 robobot/cmd/ti rc 0.0 0.5
% 1774620107.5904415 robobot/cmd/ti rc 0.0 0.5
% 1774620107.6068873 robobot/cmd/ti rc 0.0 0.5
1774620107.611785 0 -0.003 -0.004 2.299 32 0.00 0.00 0.000 0.000 0 -0.001 2.299 -0.0006 2.2991
% 1774620107.6173716 robobot/cmd/ti rc 0.0 0.5
% 1774620107.6278775 robobot/cmd/ti rc 0.0 0.5
% 1774620107.6398752 robobot/cmd/ti rc 0.0 0.5
% 1774620107.6510286 robobot/cmd/ti rc 0.0 0.5
1774620107.6521397 0 -0.003 -0.004 2.317 33 0.00 0.00 0.000 0.000 0 -0.001 2.317 -0.0008 2.3165
% 1774620107.6651385 robobot/cmd/ti rc 0.0 0.5
1774620107.6663415 0 -0.003 -0.004 2.323 33 0.00 0.00 0.000 0.000 0 -0.001 2.323 -0.0008 2.3234
% 1774620107.6759956 robobot/cmd/ti rc 0.0 0.5
% 1774620107.686969 robobot/cmd/ti rc 0.0 0.5
% 1774620107.700269 robobot/cmd/ti rc 0.0 0.5
% 1774620107.7106824 robobot/cmd/ti rc 0.0 0.5
1774620107.7117348 0 -0.003 -0.005 2.341 33 0.00 0.00 0.000 0.000 0 -0.001 2.341 -0.0010 2.3407
% 1774620107.721449 robobot/cmd/ti rc 0.0 0.5
% 1774620107.7335007 robobot/cmd/ti rc 0.0 0.5
% 1774620107.744072 robobot/cmd/ti rc 0.0 0.5
1774620107.7500544 0 -0.002 -0.005 2.346 33 0.00 0.00 0.000 0.000 0 -0.002 2.346 -0.0016 2.3465
% 1774620107.7549367 robobot/cmd/ti rc 0.0 0.5
1774620107.7630649 0 -0.003 -0.005 2.353 34 0.00 0.00 0.000 0.000 0 -0.002 2.353 -0.0017 2.3535
% 1774620107.766443 robobot/cmd/ti rc 0.0 0.5
% 1774620107.7777393 robobot/cmd/ti rc 0.0 0.5
% 1774620107.788301 robobot/cmd/ti rc 0.0 0.5
% 1774620107.7987688 robobot/cmd/ti rc 0.0 0.5
% 1774620107.799017 robobot/cmd/T0 servo 1 -900 200
% 1774620107.8094738 robobot/cmd/ti rc 0.0 0.5
1774620107.8129382 0 -0.003 -0.005 2.388 34 0.00 0.00 0.000 0.000 0 -0.001 2.388 -0.0009 2.3882
% 1774620107.8209732 robobot/cmd/ti rc 0.0 0.5
% 1774620107.8321254 robobot/cmd/ti rc 0.0 0.5
% 1774620107.8428335 robobot/cmd/ti rc 0.0 0.5
1774620107.849041 0 -0.003 -0.005 2.405 34 0.00 0.00 0.000 0.000 0 -0.001 2.405 -0.0007 2.4055
% 1774620107.8533642 robobot/cmd/ti rc 0.0 0.5
1774620107.8641026 0 -0.003 -0.005 2.414 34 0.00 0.00 0.000 0.000 0 -0.001 2.414 -0.0008 2.4136
% 1774620107.8644874 robobot/cmd/ti rc 0.0 0.5
% 1774620107.8750105 robobot/cmd/ti rc 0.0 0.5
% 1774620107.8872724 robobot/cmd/ti rc 0.0 0.5
% 1774620107.897631 robobot/cmd/ti rc 0.0 0.5
% 1774620107.9098752 robobot/cmd/ti rc 0.0 0.5
1774620107.9136832 0 -0.003 -0.005 2.432 35 0.00 0.00 0.000 0.000 0 -0.001 2.432 -0.0008 2.4321
% 1774620107.9207885 robobot/cmd/ti rc 0.0 0.5
% 1774620107.931294 robobot/cmd/ti rc 0.0 0.5
% 1774620107.941692 robobot/cmd/ti rc 0.0 0.5
1774620107.9493864 0 -0.003 -0.005 2.449 35 0.00 0.00 0.000 0.000 0 -0.001 2.449 -0.0009 2.4494
% 1774620107.9540472 robobot/cmd/ti rc 0.0 0.5
1774620107.9649456 0 -0.003 -0.005 2.458 35 0.00 0.00 0.000 0.000 0 -0.001 2.458 -0.0008 2.4575
% 1774620107.9657447 robobot/cmd/ti rc 0.0 0.5
% 1774620107.9766004 robobot/cmd/ti rc 0.0 0.5
% 1774620107.9871092 robobot/cmd/ti rc 0.0 0.5
% 1774620107.9985383 robobot/cmd/ti rc 0.0 0.5
% 1774620108.009018 robobot/cmd/ti rc 0.0 0.5
1774620108.0119257 0 -0.003 -0.005 2.482 35 0.00 0.00 0.000 0.000 0 -0.001 2.482 -0.0008 2.4818
% 1774620108.0206308 robobot/cmd/ti rc 0.0 0.5
% 1774620108.02635 robobot/cmd/ti alive 2026-03-27 15:01:41.362915
% 1774620108.0313969 robobot/cmd/ti rc 0.0 0.5
% 1774620108.042332 robobot/cmd/ti rc 0.0 0.5
1774620108.049697 0 -0.003 -0.005 2.496 36 0.00 0.00 0.000 0.000 0 -0.001 2.496 -0.0008 2.4957
% 1774620108.0540845 robobot/cmd/ti rc 0.0 0.5
% 1774620108.0547364 robobot/cmd/T0 servo 1 -900 200
1774620108.0628994 0 -0.002 -0.005 2.499 36 0.00 0.00 0.000 0.000 0 -0.001 2.499 -0.0010 2.4992
% 1774620108.0665634 robobot/cmd/ti rc 0.0 0.5
% 1774620108.0770836 robobot/cmd/ti rc 0.0 0.5
% 1774620108.0878296 robobot/cmd/ti rc 0.0 0.5
% 1774620108.0998838 robobot/cmd/ti rc 0.0 0.5
% 1774620108.1104581 robobot/cmd/ti rc 0.0 0.5
1774620108.1125305 0 -0.002 -0.006 2.505 36 0.00 0.00 0.000 0.000 0 -0.001 2.505 -0.0015 2.5050
% 1774620108.1229708 robobot/cmd/ti rc 0.0 0.5
% 1774620108.1349843 robobot/cmd/ti rc 0.0 0.5
% 1774620108.145577 robobot/cmd/ti rc 0.0 0.5
1774620108.1499088 0 -0.002 -0.006 2.526 36 0.00 0.00 0.000 0.000 0 -0.002 2.526 -0.0019 2.5258
% 1774620108.1580825 robobot/cmd/ti rc 0.0 0.5
1774620108.1632428 0 -0.002 -0.005 2.538 36 0.00 0.00 0.000 0.000 0 -0.002 2.538 -0.0018 2.5385
% 1774620108.1703055 robobot/cmd/ti rc 0.0 0.5
% 1774620108.1892774 robobot/cmd/ti rc 0.0 0.5
% 1774620108.2001097 robobot/cmd/ti rc 0.0 0.5
% 1774620108.2117481 robobot/cmd/ti rc 0.0 0.5
1774620108.2160442 0 -0.002 -0.005 2.569 37 0.00 0.00 0.000 0.000 0 -0.001 2.569 -0.0009 2.5686
% 1774620108.2246275 robobot/cmd/ti rc 0.0 0.5
% 1774620108.2376227 robobot/cmd/ti rc 0.0 0.5
1774620108.2504957 0 -0.003 -0.005 2.585 37 0.00 0.00 0.000 0.000 0 -0.001 2.585 -0.0008 2.5847
% 1774620108.2552707 robobot/cmd/ti rc 0.0 0.5
1774620108.2641869 0 -0.003 -0.005 2.589 37 0.00 0.00 0.000 0.000 0 -0.001 2.589 -0.0008 2.5894
% 1774620108.2666829 robobot/cmd/ti rc 0.0 0.5
% 1774620108.2772806 robobot/cmd/ti rc 0.0 0.5
% 1774620108.288044 robobot/cmd/ti rc 0.0 0.5
% 1774620108.299373 robobot/cmd/ti rc 0.0 0.5
% 1774620108.31017 robobot/cmd/ti rc 0.0 0.5
% 1774620108.310518 robobot/cmd/T0 servo 1 -900 200
1774620108.313655 0 -0.003 -0.005 2.614 37 0.00 0.00 0.000 0.000 0 -0.001 2.614 -0.0008 2.6137
% 1774620108.3210623 robobot/cmd/ti rc 0.0 0.5
% 1774620108.3320177 robobot/cmd/ti rc 0.0 0.5
% 1774620108.3426056 robobot/cmd/ti rc 0.0 0.5
1774620108.3509293 0 -0.002 -0.005 2.631 38 0.00 0.00 0.000 0.000 0 -0.001 2.631 -0.0007 2.6310
% 1774620108.3533103 robobot/cmd/ti rc 0.0 0.5
% 1774620108.3640597 robobot/cmd/ti rc 0.0 0.5
1774620108.364578 0 -0.003 -0.005 2.637 38 0.00 0.00 0.000 0.000 0 -0.001 2.637 -0.0007 2.6368
% 1774620108.3773239 robobot/cmd/ti rc 0.0 0.5
% 1774620108.388728 robobot/cmd/ti rc 0.0 0.5
% 1774620108.3994515 robobot/cmd/ti rc 0.0 0.5
% 1774620108.4100752 robobot/cmd/ti rc 0.0 0.5
1774620108.41703 0 -0.002 -0.005 2.659 38 0.00 0.00 0.000 0.000 0 -0.001 2.659 -0.0009 2.6588
% 1774620108.424788 robobot/cmd/ti rc 0.0 0.5
% 1774620108.4365501 robobot/cmd/ti rc 0.0 0.5
% 1774620108.4473264 robobot/cmd/ti rc 0.0 0.5
1774620108.4515712 0 -0.002 -0.005 2.661 38 0.00 0.00 0.000 0.000 0 -0.001 2.661 -0.0011 2.6611
% 1774620108.4578419 robobot/cmd/ti rc 0.0 0.5
1774620108.464266 0 -0.002 -0.006 2.664 38 0.00 0.00 0.000 0.000 0 -0.001 2.664 -0.0012 2.6645
% 1774620108.4683642 robobot/cmd/ti rc 0.0 0.5
% 1774620108.4787297 robobot/cmd/ti rc 0.0 0.5
% 1774620108.4891734 robobot/cmd/ti rc 0.0 0.5
% 1774620108.4998138 robobot/cmd/ti rc 0.0 0.5
1774620108.51509 0 -0.001 -0.006 2.692 39 0.00 0.00 0.000 0.000 0 -0.002 2.692 -0.0019 2.6923
% 1774620108.515688 robobot/cmd/ti rc 0.0 0.5
% 1774620108.5271327 robobot/cmd/ti rc 0.0 0.5
% 1774620108.538655 robobot/cmd/ti rc 0.0 0.5
% 1774620108.540255 robobot/cmd/ti alive 2026-03-27 15:01:41.362915
% 1774620108.5494835 robobot/cmd/ti rc 0.0 0.5
1774620108.5522497 0 -0.002 -0.005 2.717 39 0.00 0.00 0.000 0.000 0 -0.001 2.717 -0.0012 2.7166
% 1774620108.5642152 robobot/cmd/ti rc 0.0 0.5
1774620108.565027 0 -0.002 -0.005 2.725 39 0.00 0.00 0.000 0.000 0 -0.001 2.725 -0.0010 2.7247
% 1774620108.5653024 robobot/cmd/T0 servo 1 -900 200
% 1774620108.5761154 robobot/cmd/ti rc 0.0 0.5
% 1774620108.5867357 robobot/cmd/ti rc 0.0 0.5
% 1774620108.598361 robobot/cmd/ti rc 0.0 0.5
% 1774620108.6102011 robobot/cmd/ti rc 0.0 0.5
1774620108.6185586 0 -0.002 -0.005 2.745 39 0.00 0.00 0.000 0.000 0 -0.001 2.745 -0.0007 2.7455
% 1774620108.6260343 robobot/cmd/ti rc 0.0 0.5
% 1774620108.6375117 robobot/cmd/ti rc 0.0 0.5
% 1774620108.6483126 robobot/cmd/ti rc 0.0 0.5
1774620108.651066 0 -0.002 -0.005 2.759 39 0.00 0.00 0.000 0.000 0 -0.001 2.759 -0.0008 2.7594
% 1774620108.6596062 robobot/cmd/ti rc 0.0 0.5
1774620108.6659036 0 -0.002 -0.005 2.769 39 0.00 0.00 0.000 0.000 0 -0.001 2.769 -0.0009 2.7686
% 1774620108.671152 robobot/cmd/ti rc 0.0 0.5
% 1774620108.689998 robobot/cmd/ti rc 0.0 0.5
% 1774620108.7009494 robobot/cmd/ti rc 0.0 0.5
% 1774620108.713035 robobot/cmd/ti rc 0.0 0.5
1774620108.7139359 0 -0.002 -0.005 2.794 40 0.00 0.00 0.000 0.000 0 -0.001 2.794 -0.0007 2.7941
% 1774620108.7236805 robobot/cmd/ti rc 0.0 0.5
% 1774620108.734443 robobot/cmd/ti rc 0.0 0.5
% 1774620108.7490234 robobot/cmd/ti rc 0.0 0.5
1774620108.7501035 0 -0.002 -0.005 2.810 40 0.00 0.00 0.000 0.000 0 -0.001 2.810 -0.0008 2.8103
% 1774620108.7605703 robobot/cmd/ti rc 0.0 0.5
1774620108.763359 0 -0.002 -0.005 2.816 40 0.00 0.00 0.000 0.000 0 -0.001 2.816 -0.0008 2.8160
% 1774620108.777571 robobot/cmd/ti rc 0.0 0.5
% 1774620108.790949 robobot/cmd/ti rc 0.0 0.5
% 1774620108.803925 robobot/cmd/ti rc 0.0 0.5
1774620108.8139164 0 -0.001 -0.006 2.825 40 0.00 0.00 0.000 0.000 0 -0.001 2.825 -0.0010 2.8253
% 1774620108.814411 robobot/cmd/ti rc 0.0 0.5
% 1774620108.8155231 robobot/cmd/T0 servo 1 -900 200
% 1774620108.8263104 robobot/cmd/ti rc 0.0 0.5
% 1774620108.8366444 robobot/cmd/ti rc 0.0 0.5
% 1774620108.847216 robobot/cmd/ti rc 0.0 0.5
1774620108.8562675 0 -0.000 -0.006 2.836 41 0.00 0.00 0.000 0.000 0 -0.002 2.836 -0.0019 2.8357
% 1774620108.8598359 robobot/cmd/ti rc 0.0 0.5
1774620108.8692486 0 -0.000 -0.006 2.845 41 0.00 0.00 0.000 0.000 0 -0.002 2.845 -0.0023 2.8449
% 1774620108.8723996 robobot/cmd/ti rc 0.0 0.5
% 1774620108.8832335 robobot/cmd/ti rc 0.0 0.5
% 1774620108.893728 robobot/cmd/ti rc 0.0 0.5
% 1774620108.904255 robobot/cmd/ti rc 0.0 0.5
1774620108.9146543 0 -0.001 -0.006 2.877 41 0.00 0.00 0.000 0.000 0 -0.002 2.877 -0.0015 2.8773
% 1774620108.9164455 robobot/cmd/ti rc 0.0 0.5
% 1774620108.9270442 robobot/cmd/ti rc 0.0 0.5
% 1774620108.940526 robobot/cmd/ti rc 0.0 0.5
1774620108.9499807 0 -0.002 -0.006 2.897 41 0.00 0.00 0.000 0.000 0 -0.001 2.897 -0.0008 2.8970
% 1774620108.9511826 robobot/cmd/ti rc 0.0 0.5
% 1774620108.9621322 robobot/cmd/ti rc 0.0 0.5
1774620108.9644613 0 -0.002 -0.006 2.904 41 0.00 0.00 0.000 0.000 0 -0.001 2.904 -0.0007 2.9039
% 1774620108.9724696 robobot/cmd/ti rc 0.0 0.5
% 1774620108.9848661 robobot/cmd/ti rc 0.0 0.5
% 1774620108.9962184 robobot/cmd/ti rc 0.0 0.5
% 1774620109.013035 robobot/cmd/ti rc 0.0 0.5
1774620109.0142148 0 -0.001 -0.006 2.925 42 0.00 0.00 0.000 0.000 0 -0.001 2.925 -0.0009 2.9247
% 1774620109.0243604 robobot/cmd/ti rc 0.0 0.5
% 1774620109.0353746 robobot/cmd/ti rc 0.0 0.5
% 1774620109.0454936 robobot/cmd/ti alive 2026-03-27 15:01:41.362915
% 1774620109.0467088 robobot/cmd/ti rc 0.0 0.5
1774620109.0501704 0 -0.002 -0.006 2.943 42 0.00 0.00 0.000 0.000 0 -0.001 2.943 -0.0009 2.9432
% 1774620109.0589716 robobot/cmd/ti rc 0.0 0.5
1774620109.0667882 0 -0.001 -0.006 2.951 42 0.00 0.00 0.000 0.000 0 -0.001 2.951 -0.0008 2.9513
% 1774620109.0693645 robobot/cmd/ti rc 0.0 0.5
% 1774620109.0699363 robobot/cmd/T0 servo 1 -900 200
% 1774620109.0807288 robobot/cmd/ti rc 0.0 0.5
% 1774620109.0947206 robobot/cmd/ti rc 0.0 0.5
% 1774620109.105134 robobot/cmd/ti rc 0.0 0.5
1774620109.1154213 0 -0.002 -0.006 2.971 42 0.00 0.00 0.000 0.000 0 -0.001 2.971 -0.0008 2.9710
% 1774620109.1171818 robobot/cmd/ti rc 0.0 0.5
% 1774620109.129711 robobot/cmd/ti rc 0.0 0.5
% 1774620109.1431122 robobot/cmd/ti rc 0.0 0.5
1774620109.1515377 0 -0.001 -0.006 2.981 43 0.00 0.00 0.000 0.000 0 -0.001 2.981 -0.0006 2.9814
% 1774620109.1551812 robobot/cmd/ti rc 0.0 0.5
1774620109.165203 0 -0.001 -0.006 2.987 43 0.00 0.00 0.000 0.000 0 -0.001 2.987 -0.0008 2.9872
% 1774620109.1687121 robobot/cmd/ti rc 0.0 0.5
% 1774620109.1815383 robobot/cmd/ti rc 0.0 0.5
% 1774620109.1921318 robobot/cmd/ti rc 0.0 0.5
% 1774620109.2027524 robobot/cmd/ti rc 0.0 0.5
% 1774620109.2132208 robobot/cmd/ti rc 0.0 0.5
1774620109.2151515 0 -0.000 -0.006 3.008 43 0.00 0.00 0.000 0.000 0 -0.002 3.008 -0.0018 3.0080
% 1774620109.2240176 robobot/cmd/ti rc 0.0 0.5
% 1774620109.235275 robobot/cmd/ti rc 0.0 0.5
% 1774620109.2456303 robobot/cmd/ti rc 0.0 0.5
1774620109.2495315 0 -0.001 -0.006 3.028 43 0.00 0.00 0.000 0.000 0 -0.001 3.028 -0.0014 3.0277
% 1774620109.2561195 robobot/cmd/ti rc 0.0 0.5
1774620109.2645757 0 -0.001 -0.006 3.038 43 0.00 0.00 0.000 0.000 0 -0.001 3.038 -0.0011 3.0381
% 1774620109.2664902 robobot/cmd/ti rc 0.0 0.5
% 1774620109.2768538 robobot/cmd/ti rc 0.0 0.5
% 1774620109.2874076 robobot/cmd/ti rc 0.0 0.5
% 1774620109.2982411 robobot/cmd/ti rc 0.0 0.5
% 1774620109.3118432 robobot/cmd/ti rc 0.0 0.5
1774620109.314359 0 -0.001 -0.006 3.060 44 0.00 0.00 0.000 0.000 0 -0.001 3.060 -0.0007 3.0600
% 1774620109.3261461 robobot/cmd/ti rc 0.0 0.5
% 1774620109.3289711 robobot/cmd/T0 servo 1 -900 200
% 1774620109.3418279 robobot/cmd/ti rc 0.0 0.5
1774620109.3503463 0 -0.001 -0.006 3.076 44 0.00 0.00 0.000 0.000 0 -0.001 3.076 -0.0008 3.0762
% 1774620109.3532336 robobot/cmd/ti rc 0.0 0.5
% 1774620109.3667529 robobot/cmd/ti rc 0.0 0.5
1774620109.367035 0 -0.001 -0.006 3.083 44 0.00 0.00 0.000 0.000 0 -0.001 3.083 -0.0009 3.0832
% 1774620109.3772047 robobot/cmd/ti rc 0.0 0.5
% 1774620109.3899307 robobot/cmd/ti rc 0.0 0.5
% 1774620109.4006338 robobot/cmd/ti rc 0.0 0.5
% 1774620109.4110084 robobot/cmd/ti rc 0.0 0.5
1774620109.4151359 0 -0.001 -0.006 3.109 44 0.00 0.00 0.000 0.000 0 -0.001 3.109 -0.0008 3.1086
% 1774620109.4216084 robobot/cmd/ti rc 0.0 0.5
% 1774620109.4319592 robobot/cmd/ti rc 0.0 0.5
% 1774620109.4423287 robobot/cmd/ti rc 0.0 0.5
1774620109.4503593 0 -0.001 -0.006 3.123 44 0.00 0.00 0.000 0.000 0 -0.001 3.123 -0.0008 3.1225
% 1774620109.4532194 robobot/cmd/ti rc 0.0 0.5
1774620109.4649804 0 -0.001 -0.006 3.127 45 0.00 0.00 0.000 0.000 0 -0.001 3.127 -0.0007 3.1271
% 1774620109.4652588 robobot/cmd/ti rc 0.0 0.5
% 1774620109.475973 robobot/cmd/ti rc 0.0 0.5
% 1774620109.4889445 robobot/cmd/ti rc 0.0 0.5
% 1774620109.5000665 robobot/cmd/ti rc 0.0 0.5
% 1774620109.5106382 robobot/cmd/ti rc 0.0 0.5
1774620109.5147254 0 -0.000 -0.006 -3.136 45 0.00 0.00 0.000 0.000 0 -0.001 3.147 -0.0006 3.1468
% 1774620109.522 robobot/cmd/ti rc 0.0 0.5
% 1774620109.5339656 robobot/cmd/ti rc 0.0 0.5
% 1774620109.54448 robobot/cmd/ti rc 0.0 0.5
1774620109.5520902 0 0.001 -0.006 -3.127 45 0.00 0.00 0.000 0.000 0 -0.001 3.156 -0.0015 3.1560
% 1774620109.5523553 robobot/cmd/ti alive 2026-03-27 15:01:41.362915
% 1774620109.5576065 robobot/cmd/ti rc 0.0 0.5
1774620109.5664341 0 0.001 -0.006 -3.121 45 0.00 0.00 0.000 0.000 0 -0.002 3.162 -0.0019 3.1618
% 1774620109.568433 robobot/cmd/ti rc 0.0 0.5
% 1774620109.5792134 robobot/cmd/ti rc 0.0 0.5
% 1774620109.5801938 robobot/cmd/T0 servo 1 -900 200
% 1774620109.590624 robobot/cmd/ti rc 0.0 0.5
% 1774620109.6011908 robobot/cmd/ti rc 0.0 0.5
% 1774620109.6121168 robobot/cmd/ti rc 0.0 0.5
1774620109.6175065 0 -0.000 -0.006 -3.091 46 0.00 0.00 0.000 0.000 0 -0.001 3.192 -0.0014 3.1919
% 1774620109.623401 robobot/cmd/ti rc 0.0 0.5
% 1774620109.634858 robobot/cmd/ti rc 0.0 0.5
% 1774620109.645261 robobot/cmd/ti rc 0.0 0.5
1774620109.652271 0 -0.001 -0.006 -3.073 46 0.00 0.00 0.000 0.000 0 -0.001 3.210 -0.0008 3.2104
% 1774620109.6557982 robobot/cmd/ti rc 0.0 0.5
1774620109.6646228 0 -0.001 -0.006 -3.065 46 0.00 0.00 0.000 0.000 0 -0.001 3.218 -0.0006 3.2185
% 1774620109.666318 robobot/cmd/ti rc 0.0 0.5
% 1774620109.677103 robobot/cmd/ti rc 0.0 0.5
% 1774620109.6876607 robobot/cmd/ti rc 0.0 0.5
% 1774620109.6980152 robobot/cmd/ti rc 0.0 0.5
% 1774620109.7088873 robobot/cmd/ti rc 0.0 0.5
1774620109.7163785 0 -0.000 -0.006 -3.043 46 0.00 0.00 0.000 0.000 0 -0.001 3.240 -0.0008 3.2405
% 1774620109.7193556 robobot/cmd/ti rc 0.0 0.5
% 1774620109.7301586 robobot/cmd/ti rc 0.0 0.5
% 1774620109.7436223 robobot/cmd/ti rc 0.0 0.5
1774620109.7518222 0 -0.000 -0.006 -3.025 47 0.00 0.00 0.000 0.000 0 -0.001 3.258 -0.0010 3.2578
% 1774620109.7546122 robobot/cmd/ti rc 0.0 0.5
1774620109.7664306 0 -0.000 -0.006 -3.018 47 0.00 0.00 0.000 0.000 0 -0.001 3.265 -0.0009 3.2647
% 1774620109.766961 robobot/cmd/ti rc 0.0 0.5
% 1774620109.7783744 robobot/cmd/ti rc 0.0 0.5
% 1774620109.788902 robobot/cmd/ti rc 0.0 0.5
% 1774620109.8023937 robobot/cmd/ti rc 0.0 0.5
% 1774620109.8131554 robobot/cmd/ti rc 0.0 0.5
1774620109.8163915 0 -0.001 -0.006 -3.000 47 0.00 0.00 0.000 0.000 0 -0.001 3.283 -0.0007 3.2832
% 1774620109.824873 robobot/cmd/ti rc 0.0 0.5
% 1774620109.8353221 robobot/cmd/ti rc 0.0 0.5
% 1774620109.836037 robobot/cmd/T0 servo 1 -900 200
% 1774620109.8469884 robobot/cmd/ti rc 0.0 0.5
1774620109.8506799 0 -0.000 -0.006 -2.982 47 0.00 0.00 0.000 0.000 0 -0.001 3.302 -0.0006 3.3017
% 1774620109.8576438 robobot/cmd/ti rc 0.0 0.5
1774620109.8656795 0 -0.000 -0.006 -2.977 48 0.00 0.00 0.000 0.000 0 -0.001 3.306 -0.0008 3.3064
% 1774620109.8679802 robobot/cmd/ti rc 0.0 0.5
% 1774620109.8785472 robobot/cmd/ti rc 0.0 0.5
% 1774620109.8891864 robobot/cmd/ti rc 0.0 0.5
% 1774620109.900906 robobot/cmd/ti rc 0.0 0.5
% 1774620109.9127045 robobot/cmd/ti rc 0.0 0.5
1774620109.9155414 0 0.001 -0.005 -2.964 48 0.00 0.00 0.000 0.000 0 -0.002 3.319 -0.0015 3.3191
% 1774620109.9233277 robobot/cmd/ti rc 0.0 0.5
% 1774620109.9336987 robobot/cmd/ti rc 0.0 0.5
% 1774620109.9442515 robobot/cmd/ti rc 0.0 0.5
1774620109.9530637 0 0.001 -0.006 -2.948 48 0.00 0.00 0.000 0.000 0 -0.002 3.335 -0.0021 3.3353
% 1774620109.9547427 robobot/cmd/ti rc 0.0 0.5
% 1774620109.9666417 robobot/cmd/ti rc 0.0 0.5
1774620109.968764 0 0.001 -0.006 -2.939 48 0.00 0.00 0.000 0.000 0 -0.002 3.344 -0.0018 3.3445
% 1774620109.9770875 robobot/cmd/ti rc 0.0 0.5
% 1774620109.9885533 robobot/cmd/ti rc 0.0 0.5
% 1774620109.9997928 robobot/cmd/ti rc 0.0 0.5
% 1774620110.0104225 robobot/cmd/ti rc 0.0 0.5
1774620110.016889 0 -0.000 -0.006 -2.909 49 0.00 0.00 0.000 0.000 0 -0.001 3.375 -0.0007 3.3746
% 1774620110.02224 robobot/cmd/ti rc 0.0 0.5
% 1774620110.0345883 robobot/cmd/ti rc 0.0 0.5
% 1774620110.0449991 robobot/cmd/ti rc 0.0 0.5
1774620110.0511243 0 0.000 -0.006 -2.891 49 0.00 0.00 0.000 0.000 0 -0.001 3.392 -0.0007 3.3919
% 1774620110.0556593 robobot/cmd/ti alive 2026-03-27 15:01:41.362915
% 1774620110.0558398 robobot/cmd/ti rc 0.0 0.5
1774620110.0650117 0 0.000 -0.006 -2.884 49 0.00 0.00 0.000 0.000 0 -0.001 3.399 -0.0008 3.3989
% 1774620110.0662122 robobot/cmd/ti rc 0.0 0.5
% 1774620110.0766156 robobot/cmd/ti rc 0.0 0.5
% 1774620110.0871232 robobot/cmd/ti rc 0.0 0.5
% 1774620110.0879378 robobot/cmd/T0 servo 1 -900 200
% 1774620110.0984342 robobot/cmd/ti rc 0.0 0.5
% 1774620110.108852 robobot/cmd/ti rc 0.0 0.5
1774620110.1157637 0 0.000 -0.006 -2.864 49 0.00 0.00 0.000 0.000 0 -0.001 3.420 -0.0011 3.4197
% 1774620110.1193326 robobot/cmd/ti rc 0.0 0.5
% 1774620110.130736 robobot/cmd/ti rc 0.0 0.5
% 1774620110.1422946 robobot/cmd/ti rc 0.0 0.5
1774620110.151498 0 -0.000 -0.006 -2.850 50 0.00 0.00 0.000 0.000 0 -0.001 3.434 -0.0006 3.4336
% 1774620110.1527712 robobot/cmd/ti rc 0.0 0.5
% 1774620110.1638384 robobot/cmd/ti rc 0.0 0.5
1774620110.1693091 0 -0.000 -0.006 -2.844 50 0.00 0.00 0.000 0.000 0 -0.000 3.439 -0.0005 3.4394
% 1774620110.1742792 robobot/cmd/ti rc 0.0 0.5
% 1774620110.184799 robobot/cmd/ti rc 0.0 0.5
% 1774620110.1971202 robobot/cmd/ti rc 0.0 0.5
% 1774620110.2076578 robobot/cmd/ti rc 0.0 0.5
1774620110.216735 0 0.000 -0.006 -2.820 50 0.00 0.00 0.000 0.000 0 -0.001 3.464 -0.0007 3.4636
% 1774620110.2184427 robobot/cmd/ti rc 0.0 0.5
% 1774620110.2295604 robobot/cmd/ti rc 0.0 0.5
% 1774620110.2403784 robobot/cmd/ti rc 0.0 0.5
1774620110.2507317 0 0.001 -0.005 -2.809 50 0.00 0.00 0.000 0.000 0 -0.001 3.474 -0.0011 3.4741
% 1774620110.2530978 robobot/cmd/ti rc 0.0 0.5
% 1774620110.2647505 robobot/cmd/ti rc 0.0 0.5
1774620110.2676828 0 0.001 -0.005 -2.806 50 0.00 0.00 0.000 0.000 0 -0.001 3.477 -0.0013 3.4775
% 1774620110.2753847 robobot/cmd/ti rc 0.0 0.5
% 1774620110.2859008 robobot/cmd/ti rc 0.0 0.5
% 1774620110.2967207 robobot/cmd/ti rc 0.0 0.5
% 1774620110.307983 robobot/cmd/ti rc 0.0 0.5
1774620110.3190548 0 0.001 -0.005 -2.786 51 0.00 0.00 0.000 0.000 0 -0.002 3.497 -0.0021 3.4972
% 1774620110.3198805 robobot/cmd/ti rc 0.0 0.5
% 1774620110.3305202 robobot/cmd/ti rc 0.0 0.5
% 1774620110.341532 robobot/cmd/ti rc 0.0 0.5
% 1774620110.3429842 robobot/cmd/T0 servo 1 -900 200
1774620110.3518083 0 0.001 -0.005 -2.765 51 0.00 0.00 0.000 0.000 0 -0.001 3.518 -0.0013 3.5180
% 1774620110.3550575 robobot/cmd/ti rc 0.0 0.5
% 1774620110.3662813 robobot/cmd/ti rc 0.0 0.5
1774620110.368683 0 0.001 -0.006 -2.751 51 0.00 0.00 0.000 0.000 0 -0.001 3.532 -0.0011 3.5319
% 1774620110.376829 robobot/cmd/ti rc 0.0 0.5
% 1774620110.388226 robobot/cmd/ti rc 0.0 0.5
% 1774620110.3995767 robobot/cmd/ti rc 0.0 0.5
% 1774620110.4100518 robobot/cmd/ti rc 0.0 0.5
1774620110.4172347 0 0.001 -0.006 -2.729 51 0.00 0.00 0.000 0.000 0 -0.001 3.554 -0.0009 3.5538
% 1774620110.42235 robobot/cmd/ti rc 0.0 0.5
% 1774620110.4329662 robobot/cmd/ti rc 0.0 0.5
% 1774620110.4460657 robobot/cmd/ti rc 0.0 0.5
1774620110.4515235 0 0.001 -0.005 -2.716 52 0.00 0.00 0.000 0.000 0 -0.001 3.568 -0.0009 3.5677
% 1774620110.456617 robobot/cmd/ti rc 0.0 0.5
1774620110.4669936 0 0.001 -0.005 -2.707 52 0.00 0.00 0.000 0.000 0 -0.001 3.576 -0.0010 3.5758
% 1774620110.4676251 robobot/cmd/ti rc 0.0 0.5
% 1774620110.478057 robobot/cmd/ti rc 0.0 0.5
% 1774620110.4885116 robobot/cmd/ti rc 0.0 0.5
% 1774620110.4996605 robobot/cmd/ti rc 0.0 0.5
% 1774620110.5106506 robobot/cmd/ti rc 0.0 0.5
1774620110.519442 0 0.000 -0.006 -2.684 52 0.00 0.00 0.000 0.000 0 -0.000 3.599 -0.0005 3.5989
% 1774620110.5210457 robobot/cmd/ti rc 0.0 0.5
% 1774620110.5356889 robobot/cmd/ti rc 0.0 0.5
% 1774620110.5465944 robobot/cmd/ti rc 0.0 0.5
1774620110.5508366 0 0.001 -0.006 -2.669 52 0.00 0.00 0.000 0.000 0 -0.001 3.614 -0.0008 3.6140
% 1774620110.5570428 robobot/cmd/ti rc 0.0 0.5
% 1774620110.5594487 robobot/cmd/ti alive 2026-03-27 15:01:41.362915
1774620110.567165 0 0.001 -0.005 -2.659 53 0.00 0.00 0.000 0.000 0 -0.001 3.624 -0.0008 3.6244
% 1774620110.5723062 robobot/cmd/ti rc 0.0 0.5
% 1774620110.5837877 robobot/cmd/ti rc 0.0 0.5
% 1774620110.5942945 robobot/cmd/ti rc 0.0 0.5
% 1774620110.5946956 robobot/cmd/T0 servo 1 -900 200
% 1774620110.60639 robobot/cmd/ti rc 0.0 0.5
1774620110.6163647 0 0.002 -0.005 -2.646 53 0.00 0.00 0.000 0.000 0 -0.001 3.637 -0.0012 3.6371
% 1774620110.616809 robobot/cmd/ti rc 0.0 0.5
% 1774620110.6272194 robobot/cmd/ti rc 0.0 0.5
% 1774620110.6384208 robobot/cmd/ti rc 0.0 0.5
% 1774620110.6489735 robobot/cmd/ti rc 0.0 0.5
1774620110.651074 0 0.002 -0.005 -2.637 53 0.00 0.00 0.000 0.000 0 -0.002 3.646 -0.0017 3.6464
% 1774620110.6596491 robobot/cmd/ti rc 0.0 0.5
1774620110.6669624 0 0.002 -0.005 -2.625 53 0.00 0.00 0.000 0.000 0 -0.002 3.658 -0.0018 3.6579
% 1774620110.6712067 robobot/cmd/ti rc 0.0 0.5
% 1774620110.6827493 robobot/cmd/ti rc 0.0 0.5
% 1774620110.6943343 robobot/cmd/ti rc 0.0 0.5
% 1774620110.706653 robobot/cmd/ti rc 0.0 0.5
% 1774620110.7175217 robobot/cmd/ti rc 0.0 0.5
1774620110.7196138 0 0.001 -0.005 -2.593 54 0.00 0.00 0.000 0.000 0 -0.001 3.690 -0.0010 3.6903
% 1774620110.7280726 robobot/cmd/ti rc 0.0 0.5
% 1774620110.7384682 robobot/cmd/ti rc 0.0 0.5
% 1774620110.7490618 robobot/cmd/ti rc 0.0 0.5
1774620110.751206 0 0.001 -0.005 -2.581 54 0.00 0.00 0.000 0.000 0 -0.001 3.702 -0.0009 3.7019
% 1774620110.7598405 robobot/cmd/ti rc 0.0 0.5
1774620110.76859 0 0.001 -0.005 -2.571 54 0.00 0.00 0.000 0.000 0 -0.001 3.712 -0.0009 3.7123
% 1774620110.7703218 robobot/cmd/ti rc 0.0 0.5
% 1774620110.782245 robobot/cmd/ti rc 0.0 0.5
% 1774620110.792829 robobot/cmd/ti rc 0.0 0.5
% 1774620110.80318 robobot/cmd/ti rc 0.0 0.5
% 1774620110.813926 robobot/cmd/ti rc 0.0 0.5
1774620110.8185194 0 0.001 -0.005 -2.552 54 0.00 0.00 0.000 0.000 0 -0.001 3.731 -0.0010 3.7308
% 1774620110.8243685 robobot/cmd/ti rc 0.0 0.5
% 1774620110.8369446 robobot/cmd/ti rc 0.0 0.5
% 1774620110.8482888 robobot/cmd/ti rc 0.0 0.5
% 1774620110.848448 robobot/cmd/T0 servo 1 -900 200
1774620110.8528156 0 0.001 -0.006 -2.536 55 0.00 0.00 0.000 0.000 0 -0.001 3.747 -0.0007 3.7470
% 1774620110.8605425 robobot/cmd/ti rc 0.0 0.5
1774620110.867219 0 0.001 -0.005 -2.526 55 0.00 0.00 0.000 0.000 0 -0.001 3.757 -0.0006 3.7574
% 1774620110.8713818 robobot/cmd/ti rc 0.0 0.5
% 1774620110.882031 robobot/cmd/ti rc 0.0 0.5
% 1774620110.8979912 robobot/cmd/ti rc 0.0 0.5
% 1774620110.9086537 robobot/cmd/ti rc 0.0 0.5
1774620110.9166253 0 0.001 -0.005 -2.503 55 0.00 0.00 0.000 0.000 0 -0.001 3.780 -0.0008 3.7805
% 1774620110.9193754 robobot/cmd/ti rc 0.0 0.5
% 1774620110.9305089 robobot/cmd/ti rc 0.0 0.5
% 1774620110.9408538 robobot/cmd/ti rc 0.0 0.5
1774620110.9512925 0 0.001 -0.005 -2.490 55 0.00 0.00 0.000 0.000 0 -0.001 3.793 -0.0010 3.7932
% 1774620110.952447 robobot/cmd/ti rc 0.0 0.5
% 1774620110.9641516 robobot/cmd/ti rc 0.0 0.5
1774620110.967586 0 0.002 -0.005 -2.486 56 0.00 0.00 0.000 0.000 0 -0.001 3.797 -0.0011 3.7967
% 1774620110.9790277 robobot/cmd/ti rc 0.0 0.5
% 1774620110.990061 robobot/cmd/ti rc 0.0 0.5
% 1774620111.0024886 robobot/cmd/ti rc 0.0 0.5
% 1774620111.013142 robobot/cmd/ti rc 0.0 0.5
1774620111.0171456 0 0.003 -0.004 -2.474 56 0.00 0.00 0.000 0.000 0 -0.002 3.809 -0.0018 3.8094
% 1774620111.023551 robobot/cmd/ti rc 0.0 0.5
% 1774620111.0349169 robobot/cmd/ti rc 0.0 0.5
% 1774620111.0473058 robobot/cmd/ti rc 0.0 0.5
1774620111.0509849 0 0.002 -0.004 -2.453 56 0.00 0.00 0.000 0.000 0 -0.002 3.830 -0.0018 3.8302
% 1774620111.057828 robobot/cmd/ti rc 0.0 0.5
% 1774620111.0643992 robobot/cmd/ti alive 2026-03-27 15:01:41.362915
1774620111.0677273 0 0.002 -0.005 -2.441 56 0.00 0.00 0.000 0.000 0 -0.002 3.842 -0.0016 3.8418
% 1774620111.0736675 robobot/cmd/ti rc 0.0 0.5
% 1774620111.0844798 robobot/cmd/ti rc 0.0 0.5
% 1774620111.0977187 robobot/cmd/ti rc 0.0 0.5
% 1774620111.109081 robobot/cmd/ti rc 0.0 0.5
% 1774620111.1094148 robobot/cmd/T0 servo 1 -900 200
1774620111.1185825 0 0.002 -0.005 -2.414 57 0.00 0.00 0.000 0.000 0 -0.001 3.869 -0.0009 3.8695
% 1774620111.1222713 robobot/cmd/ti rc 0.0 0.5
% 1774620111.1333842 robobot/cmd/ti rc 0.0 0.5
% 1774620111.1439846 robobot/cmd/ti rc 0.0 0.5
1774620111.1521165 0 0.002 -0.005 -2.400 57 0.00 0.00 0.000 0.000 0 -0.001 3.883 -0.0009 3.8834
% 1774620111.1550684 robobot/cmd/ti rc 0.0 0.5
% 1774620111.1674204 robobot/cmd/ti rc 0.0 0.5
1774620111.16868 0 0.001 -0.005 -2.395 57 0.00 0.00 0.000 0.000 0 -0.001 3.888 -0.0008 3.8881
% 1774620111.178117 robobot/cmd/ti rc 0.0 0.5
% 1774620111.1887584 robobot/cmd/ti rc 0.0 0.5
% 1774620111.2000687 robobot/cmd/ti rc 0.0 0.5
% 1774620111.210583 robobot/cmd/ti rc 0.0 0.5
1774620111.2177083 0 0.002 -0.005 -2.369 57 0.00 0.00 0.000 0.000 0 -0.001 3.915 -0.0007 3.9147
% 1774620111.2211497 robobot/cmd/ti rc 0.0 0.5
% 1774620111.2318459 robobot/cmd/ti rc 0.0 0.5
% 1774620111.2423606 robobot/cmd/ti rc 0.0 0.5
% 1774620111.2532415 robobot/cmd/ti rc 0.0 0.5
1774620111.2602713 0 0.002 -0.005 -2.356 58 0.00 0.00 0.000 0.000 0 -0.001 3.927 -0.0007 3.9274
% 1774620111.264771 robobot/cmd/ti rc 0.0 0.5
1774620111.2675412 0 0.002 -0.005 -2.345 58 0.00 0.00 0.000 0.000 0 -0.001 3.938 -0.0008 3.9378
% 1774620111.276234 robobot/cmd/ti rc 0.0 0.5
% 1774620111.2913008 robobot/cmd/ti rc 0.0 0.5
% 1774620111.3041139 robobot/cmd/ti rc 0.0 0.5
% 1774620111.314593 robobot/cmd/ti rc 0.0 0.5
1774620111.3183134 0 0.002 -0.005 -2.327 58 0.00 0.00 0.000 0.000 0 -0.001 3.956 -0.0010 3.9563
% 1774620111.3258216 robobot/cmd/ti rc 0.0 0.5
% 1774620111.3370228 robobot/cmd/ti rc 0.0 0.5
% 1774620111.3475301 robobot/cmd/ti rc 0.0 0.5
1774620111.3510387 0 0.002 -0.004 -2.321 58 0.00 0.00 0.000 0.000 0 -0.001 3.962 -0.0013 3.9621
% 1774620111.3584046 robobot/cmd/ti rc 0.0 0.5
1774620111.3673394 0 0.003 -0.004 -2.317 59 0.00 0.00 0.000 0.000 0 -0.002 3.967 -0.0015 3.9667
% 1774620111.3689177 robobot/cmd/ti rc 0.0 0.5
% 1774620111.3700414 robobot/cmd/T0 servo 1 -900 200
% 1774620111.3818731 robobot/cmd/ti rc 0.0 0.5
% 1774620111.392523 robobot/cmd/ti rc 0.0 0.5
% 1774620111.4030242 robobot/cmd/ti rc 0.0 0.5
% 1774620111.4135127 robobot/cmd/ti rc 0.0 0.5
1774620111.4180233 0 0.002 -0.004 -2.285 59 0.00 0.00 0.000 0.000 0 -0.002 3.998 -0.0017 3.9979
% 1774620111.4240546 robobot/cmd/ti rc 0.0 0.5
% 1774620111.435226 robobot/cmd/ti rc 0.0 0.5
% 1774620111.4459264 robobot/cmd/ti rc 0.0 0.5
1774620111.4514444 0 0.002 -0.005 -2.268 59 0.00 0.00 0.000 0.000 0 -0.001 4.015 -0.0011 4.0153
% 1774620111.4597194 robobot/cmd/ti rc 0.0 0.5
1774620111.4692693 0 0.002 -0.005 -2.259 59 0.00 0.00 0.000 0.000 0 -0.001 4.024 -0.0009 4.0245
% 1774620111.4705188 robobot/cmd/ti rc 0.0 0.5
% 1774620111.4830828 robobot/cmd/ti rc 0.0 0.5
% 1774620111.4941502 robobot/cmd/ti rc 0.0 0.5
% 1774620111.5055034 robobot/cmd/ti rc 0.0 0.5
% 1774620111.5210757 robobot/cmd/ti rc 0.0 0.5
1774620111.5239947 0 0.002 -0.005 -2.240 60 0.00 0.00 0.000 0.000 0 -0.001 4.043 -0.0007 4.0430
% 1774620111.5396495 robobot/cmd/ti rc 0.0 0.5
% 1774620111.5550208 robobot/cmd/ti rc 0.0 0.5
1774620111.5613155 0 0.002 -0.005 -2.226 60 0.00 0.00 0.000 0.000 0 -0.001 4.057 -0.0007 4.0569
% 1774620111.5685468 robobot/cmd/ti rc 0.0 0.5
1774620111.5689423 0 0.002 -0.005 -2.214 60 0.00 0.00 0.000 0.000 0 -0.001 4.070 -0.0008 4.0696
% 1774620111.5724597 robobot/cmd/ti alive 2026-03-27 15:01:41.362915
% 1774620111.5872748 robobot/cmd/ti rc 0.0 0.5
% 1774620111.6026294 robobot/cmd/ti rc 0.0 0.5
% 1774620111.6172915 robobot/cmd/ti rc 0.0 0.5
1774620111.6183639 0 0.002 -0.005 -2.191 60 0.00 0.00 0.000 0.000 0 -0.001 4.093 -0.0007 4.0927
% 1774620111.6293757 robobot/cmd/ti rc 0.0 0.5
% 1774620111.6328645 robobot/cmd/T0 servo 1 -900 200
% 1774620111.6434584 robobot/cmd/ti rc 0.0 0.5
1774620111.653574 0 0.002 -0.005 -2.178 60 0.00 0.00 0.000 0.000 0 -0.001 4.105 -0.0007 4.1055
% 1774620111.6556363 robobot/cmd/ti rc 0.0 0.5
% 1774620111.666715 robobot/cmd/ti rc 0.0 0.5
1774620111.6698327 0 0.002 -0.004 -2.170 60 0.00 0.00 0.000 0.000 0 -0.001 4.114 -0.0007 4.1136
% 1774620111.6799016 robobot/cmd/ti rc 0.0 0.5
% 1774620111.6906726 robobot/cmd/ti rc 0.0 0.5
% 1774620111.701757 robobot/cmd/ti rc 0.0 0.5
% 1774620111.7121663 robobot/cmd/ti rc 0.0 0.5
1774620111.718932 0 0.003 -0.003 -2.157 61 0.00 0.00 0.000 0.000 0 -0.001 4.126 -0.0013 4.1263
% 1774620111.7237127 robobot/cmd/ti rc 0.0 0.5
% 1774620111.7352576 robobot/cmd/ti rc 0.0 0.5
% 1774620111.7460814 robobot/cmd/ti rc 0.0 0.5
1774620111.7523696 0 0.003 -0.003 -2.149 61 0.00 0.00 0.000 0.000 0 -0.002 4.134 -0.0020 4.1344
% 1774620111.7565656 robobot/cmd/ti rc 0.0 0.5
% 1774620111.7673113 robobot/cmd/ti rc 0.0 0.5
1774620111.7686925 0 0.003 -0.003 -2.137 61 0.00 0.00 0.000 0.000 0 -0.002 4.146 -0.0022 4.1459
% 1774620111.778032 robobot/cmd/ti rc 0.0 0.5
% 1774620111.788481 robobot/cmd/ti rc 0.0 0.5
% 1774620111.7988565 robobot/cmd/ti rc 0.0 0.5
% 1774620111.8095021 robobot/cmd/ti rc 0.0 0.5
1774620111.8185382 0 0.002 -0.004 -2.103 61 0.00 0.00 0.000 0.000 0 -0.001 4.181 -0.0012 4.1806
% 1774620111.8201127 robobot/cmd/ti rc 0.0 0.5
% 1774620111.8327384 robobot/cmd/ti rc 0.0 0.5
% 1774620111.8475204 robobot/cmd/ti rc 0.0 0.5
1774620111.8528183 0 0.002 -0.005 -2.091 62 0.00 0.00 0.000 0.000 0 -0.001 4.192 -0.0008 4.1922
% 1774620111.8580728 robobot/cmd/ti rc 0.0 0.5
% 1774620111.8703723 robobot/cmd/ti rc 0.0 0.5
1774620111.8706317 0 0.002 -0.005 -2.083 62 0.00 0.00 0.000 0.000 0 -0.001 4.200 -0.0005 4.2003
% 1774620111.8812032 robobot/cmd/ti rc 0.0 0.5
% 1774620111.8823788 robobot/cmd/T0 servo 1 -900 200
% 1774620111.8937683 robobot/cmd/ti rc 0.0 0.5
% 1774620111.904699 robobot/cmd/ti rc 0.0 0.5
% 1774620111.9157078 robobot/cmd/ti rc 0.0 0.5
1774620111.9195228 0 0.002 -0.004 -2.060 62 0.00 0.00 0.000 0.000 0 -0.001 4.223 -0.0009 4.2234
% 1774620111.926961 robobot/cmd/ti rc 0.0 0.5
% 1774620111.9378443 robobot/cmd/ti rc 0.0 0.5
% 1774620111.9490907 robobot/cmd/ti rc 0.0 0.5
1774620111.951475 0 0.002 -0.004 -2.042 62 0.00 0.00 0.000 0.000 0 -0.001 4.241 -0.0007 4.2408
% 1774620111.961687 robobot/cmd/ti rc 0.0 0.5
1774620111.9682064 0 0.002 -0.004 -2.033 63 0.00 0.00 0.000 0.000 0 -0.001 4.250 -0.0007 4.2500
% 1774620111.9727268 robobot/cmd/ti rc 0.0 0.5
% 1774620111.9839437 robobot/cmd/ti rc 0.0 0.5
% 1774620111.9957113 robobot/cmd/ti rc 0.0 0.5
% 1774620112.0069478 robobot/cmd/ti rc 0.0 0.5
% 1774620112.0175676 robobot/cmd/ti rc 0.0 0.5
1774620112.0197906 0 0.002 -0.004 -2.012 63 0.00 0.00 0.000 0.000 0 -0.001 4.271 -0.0006 4.2708
% 1774620112.029287 robobot/cmd/ti rc 0.0 0.5
% 1774620112.0401618 robobot/cmd/ti rc 0.0 0.5
% 1774620112.0518599 robobot/cmd/ti rc 0.0 0.5
1774620112.0525181 0 0.003 -0.004 -2.004 63 0.00 0.00 0.000 0.000 0 -0.001 4.279 -0.0007 4.2789
% 1774620112.0638282 robobot/cmd/ti rc 0.0 0.5
1774620112.0698147 0 0.003 -0.003 -1.997 63 0.00 0.00 0.000 0.000 0 -0.001 4.286 -0.0009 4.2859
% 1774620112.0746446 robobot/cmd/ti alive 2026-03-27 15:01:41.362915
% 1774620112.074758 robobot/cmd/ti rc 0.0 0.5
% 1774620112.0858362 robobot/cmd/ti rc 0.0 0.5
% 1774620112.0962431 robobot/cmd/ti rc 0.0 0.5
% 1774620112.1105623 robobot/cmd/ti rc 0.0 0.5
1774620112.120633 0 0.003 -0.002 -1.982 64 0.00 0.00 0.000 0.000 0 -0.002 4.301 -0.0021 4.3009
% 1774620112.121595 robobot/cmd/ti rc 0.0 0.5
% 1774620112.1332388 robobot/cmd/ti rc 0.0 0.5
% 1774620112.1338842 robobot/cmd/T0 servo 1 -900 200
% 1774620112.1447632 robobot/cmd/ti rc 0.0 0.5
1774620112.1516502 0 0.003 -0.003 -1.960 64 0.00 0.00 0.000 0.000 0 -0.002 4.323 -0.0017 4.3229
% 1774620112.1553335 robobot/cmd/ti rc 0.0 0.5
% 1774620112.1659446 robobot/cmd/ti rc 0.0 0.5
1774620112.1688678 0 0.003 -0.003 -1.948 64 0.00 0.00 0.000 0.000 0 -0.001 4.336 -0.0013 4.3356
% 1774620112.176372 robobot/cmd/ti rc 0.0 0.5
% 1774620112.186841 robobot/cmd/ti rc 0.0 0.5
% 1774620112.198847 robobot/cmd/ti rc 0.0 0.5
% 1774620112.2092004 robobot/cmd/ti rc 0.0 0.5
1774620112.2189054 0 0.002 -0.004 -1.926 64 0.00 0.00 0.000 0.000 0 -0.000 4.358 -0.0004 4.3576
% 1774620112.2196126 robobot/cmd/ti rc 0.0 0.5
% 1774620112.230421 robobot/cmd/ti rc 0.0 0.5
% 1774620112.2409854 robobot/cmd/ti rc 0.0 0.5
1774620112.252669 0 0.003 -0.004 -1.911 65 0.00 0.00 0.000 0.000 0 -0.000 4.373 -0.0004 4.3726
% 1774620112.252962 robobot/cmd/ti rc 0.0 0.5
% 1774620112.2643902 robobot/cmd/ti rc 0.0 0.5
1774620112.2692993 0 0.003 -0.003 -1.904 65 0.00 0.00 0.000 0.000 0 -0.001 4.379 -0.0006 4.3795
% 1774620112.274792 robobot/cmd/ti rc 0.0 0.5
% 1774620112.2854571 robobot/cmd/ti rc 0.0 0.5
% 1774620112.2980971 robobot/cmd/ti rc 0.0 0.5
% 1774620112.3086877 robobot/cmd/ti rc 0.0 0.5
% 1774620112.3193347 robobot/cmd/ti rc 0.0 0.5
1774620112.324211 0 0.003 -0.004 -1.877 65 0.00 0.00 0.000 0.000 0 -0.001 4.406 -0.0008 4.4061
% 1774620112.3297777 robobot/cmd/ti rc 0.0 0.5
% 1774620112.3402565 robobot/cmd/ti rc 0.0 0.5
% 1774620112.3506882 robobot/cmd/ti rc 0.0 0.5
1774620112.3512712 0 0.003 -0.004 -1.864 65 0.00 0.00 0.000 0.000 0 -0.001 4.419 -0.0007 4.4189
% 1774620112.3617651 robobot/cmd/ti rc 0.0 0.5
1774620112.3713853 0 0.003 -0.004 -1.856 66 0.00 0.00 0.000 0.000 0 -0.001 4.427 -0.0007 4.4270
% 1774620112.372193 robobot/cmd/ti rc 0.0 0.5
% 1774620112.3826628 robobot/cmd/ti rc 0.0 0.5
% 1774620112.3931801 robobot/cmd/ti rc 0.0 0.5
% 1774620112.3941433 robobot/cmd/T0 servo 1 -900 200
% 1774620112.4051182 robobot/cmd/ti rc 0.0 0.5
% 1774620112.4162579 robobot/cmd/ti rc 0.0 0.5
1774620112.418688 0 0.003 -0.003 -1.838 66 0.00 0.00 0.000 0.000 0 -0.001 4.445 -0.0008 4.4455
% 1774620112.4288812 robobot/cmd/ti rc 0.0 0.5
% 1774620112.4401674 robobot/cmd/ti rc 0.0 0.5
% 1774620112.4506862 robobot/cmd/ti rc 0.0 0.5
1774620112.4518104 0 0.003 -0.002 -1.831 66 0.00 0.00 0.000 0.000 0 -0.001 4.452 -0.0014 4.4524
% 1774620112.461596 robobot/cmd/ti rc 0.0 0.5
1774620112.4696302 0 0.003 -0.002 -1.823 66 0.00 0.00 0.000 0.000 0 -0.002 4.460 -0.0018 4.4605
% 1774620112.4720776 robobot/cmd/ti rc 0.0 0.5
% 1774620112.482538 robobot/cmd/ti rc 0.0 0.5
% 1774620112.4960787 robobot/cmd/ti rc 0.0 0.5
% 1774620112.5070431 robobot/cmd/ti rc 0.0 0.5
% 1774620112.519373 robobot/cmd/ti rc 0.0 0.5
1774620112.5236473 0 0.003 -0.003 -1.792 67 0.00 0.00 0.000 0.000 0 -0.001 4.492 -0.0012 4.4917
% 1774620112.5304492 robobot/cmd/ti rc 0.0 0.5
% 1774620112.5438125 robobot/cmd/ti rc 0.0 0.5
1774620112.5519967 0 0.003 -0.004 -1.780 67 0.00 0.00 0.000 0.000 0 -0.001 4.503 -0.0005 4.5033
% 1774620112.5547597 robobot/cmd/ti rc 0.0 0.5
% 1774620112.5670881 robobot/cmd/ti rc 0.0 0.5
1774620112.5695608 0 0.003 -0.003 -1.770 67 0.00 0.00 0.000 0.000 0 -0.000 4.514 -0.0004 4.5137
% 1774620112.577677 robobot/cmd/ti rc 0.0 0.5
% 1774620112.5792875 robobot/cmd/ti alive 2026-03-27 15:01:41.362915
% 1774620112.5905318 robobot/cmd/ti rc 0.0 0.5
% 1774620112.6035511 robobot/cmd/ti rc 0.0 0.5
% 1774620112.6141627 robobot/cmd/ti rc 0.0 0.5
1774620112.619925 0 0.003 -0.003 -1.744 67 0.00 0.00 0.000 0.000 0 -0.001 4.539 -0.0008 4.5391
% 1774620112.6254988 robobot/cmd/ti rc 0.0 0.5
% 1774620112.635856 robobot/cmd/ti rc 0.0 0.5
% 1774620112.6470127 robobot/cmd/ti rc 0.0 0.5
% 1774620112.6476066 robobot/cmd/T0 servo 1 -900 200
1774620112.6527042 0 0.003 -0.003 -1.730 68 0.00 0.00 0.000 0.000 0 -0.001 4.553 -0.0010 4.5530
% 1774620112.6609728 robobot/cmd/ti rc 0.0 0.5
1774620112.6704543 0 0.003 -0.003 -1.721 68 0.00 0.00 0.000 0.000 0 -0.001 4.562 -0.0008 4.5623
% 1774620112.6714125 robobot/cmd/ti rc 0.0 0.5
% 1774620112.6822267 robobot/cmd/ti rc 0.0 0.5
% 1774620112.6941135 robobot/cmd/ti rc 0.0 0.5
% 1774620112.7050176 robobot/cmd/ti rc 0.0 0.5
% 1774620112.7177382 robobot/cmd/ti rc 0.0 0.5
1774620112.719415 0 0.003 -0.003 -1.698 68 0.00 0.00 0.000 0.000 0 -0.001 4.585 -0.0006 4.5854
% 1774620112.7291183 robobot/cmd/ti rc 0.0 0.5
% 1774620112.7395186 robobot/cmd/ti rc 0.0 0.5
% 1774620112.7504866 robobot/cmd/ti rc 0.0 0.5
1774620112.7512796 0 0.003 -0.003 -1.684 68 0.00 0.00 0.000 0.000 0 -0.001 4.599 -0.0006 4.5993
% 1774620112.762155 robobot/cmd/ti rc 0.0 0.5
1774620112.7723064 0 0.003 -0.003 -1.678 69 0.00 0.00 0.000 0.000 0 -0.001 4.605 -0.0008 4.6051
% 1774620112.7740088 robobot/cmd/ti rc 0.0 0.5
% 1774620112.7872186 robobot/cmd/ti rc 0.0 0.5
% 1774620112.7983823 robobot/cmd/ti rc 0.0 0.5
% 1774620112.809194 robobot/cmd/ti rc 0.0 0.5
1774620112.8196354 0 0.003 -0.001 -1.667 69 0.00 0.00 0.000 0.000 0 -0.001 4.617 -0.0015 4.6166
% 1774620112.8201087 robobot/cmd/ti rc 0.0 0.5
% 1774620112.830509 robobot/cmd/ti rc 0.0 0.5
% 1774620112.8410034 robobot/cmd/ti rc 0.0 0.5
% 1774620112.852488 robobot/cmd/ti rc 0.0 0.5
1774620112.854052 0 0.003 -0.001 -1.653 69 0.00 0.00 0.000 0.000 0 -0.002 4.630 -0.0021 4.6305
% 1774620112.8644168 robobot/cmd/ti rc 0.0 0.5
1774620112.8711307 0 0.003 -0.002 -1.641 69 0.00 0.00 0.000 0.000 0 -0.002 4.642 -0.0017 4.6421
% 1774620112.8753269 robobot/cmd/ti rc 0.0 0.5
% 1774620112.8861332 robobot/cmd/ti rc 0.0 0.5
% 1774620112.8964484 robobot/cmd/ti rc 0.0 0.5
% 1774620112.9076042 robobot/cmd/ti rc 0.0 0.5
% 1774620112.9083333 robobot/cmd/T0 servo 1 -900 200
1774620112.9211643 0 0.003 -0.003 -1.612 70 0.00 0.00 0.000 0.000 0 -0.001 4.671 -0.0005 4.6710
% 1774620112.92295 robobot/cmd/ti rc 0.0 0.5
% 1774620112.933818 robobot/cmd/ti rc 0.0 0.5
% 1774620112.9442835 robobot/cmd/ti rc 0.0 0.5
1774620112.9516044 0 0.003 -0.003 -1.595 70 0.00 0.00 0.000 0.000 0 -0.001 4.688 -0.0006 4.6883
% 1774620112.9557827 robobot/cmd/ti rc 0.0 0.5
% 1774620112.966843 robobot/cmd/ti rc 0.0 0.5
1774620112.9698603 0 0.003 -0.003 -1.586 70 0.00 0.00 0.000 0.000 0 -0.001 4.698 -0.0007 4.6976
% 1774620112.9780152 robobot/cmd/ti rc 0.0 0.5
% 1774620112.9887857 robobot/cmd/ti rc 0.0 0.5
% 1774620112.9992316 robobot/cmd/ti rc 0.0 0.5
% 1774620113.0098882 robobot/cmd/ti rc 0.0 0.5
1774620113.020416 0 0.003 -0.003 -1.565 70 0.00 0.00 0.000 0.000 0 -0.001 4.718 -0.0009 4.7184
% 1774620113.0208712 robobot/cmd/ti rc 0.0 0.5
% 1774620113.0312564 robobot/cmd/ti rc 0.0 0.5
% 1774620113.0430226 robobot/cmd/ti rc 0.0 0.5
1774620113.053344 0 0.003 -0.003 -1.550 71 0.00 0.00 0.000 0.000 0 -0.001 4.733 -0.0005 4.7334
% 1774620113.0557945 robobot/cmd/ti rc 0.0 0.5
% 1774620113.0662668 robobot/cmd/ti rc 0.0 0.5
1774620113.0723658 0 0.003 -0.003 -1.540 71 0.00 0.00 0.000 0.000 0 -0.001 4.743 -0.0005 4.7427
% 1774620113.0769632 robobot/cmd/ti rc 0.0 0.5
% 1774620113.0813646 robobot/cmd/ti alive 2026-03-27 15:01:41.362915
% 1774620113.087541 robobot/cmd/ti rc 0.0 0.5
% 1774620113.098258 robobot/cmd/ti rc 0.0 0.5
% 1774620113.1095374 robobot/cmd/ti rc 0.0 0.5
1774620113.1203756 0 0.003 -0.002 -1.520 71 0.00 0.00 0.000 0.000 0 -0.001 4.763 -0.0007 4.7635
% 1774620113.1212878 robobot/cmd/ti rc 0.0 0.5
% 1774620113.1325896 robobot/cmd/ti rc 0.0 0.5
% 1774620113.1436343 robobot/cmd/ti rc 0.0 0.5
1774620113.1512556 0 0.003 -0.002 -1.514 71 0.00 0.00 0.000 0.000 0 -0.001 4.769 -0.0010 4.7693
% 1774620113.154345 robobot/cmd/ti rc 0.0 0.5
% 1774620113.1654754 robobot/cmd/ti rc 0.0 0.5
% 1774620113.1657271 robobot/cmd/T0 servo 1 -900 200
1774620113.1705976 0 0.003 -0.001 -1.508 72 0.00 0.00 0.000 0.000 0 -0.001 4.775 -0.0013 4.7751
% 1774620113.176691 robobot/cmd/ti rc 0.0 0.5
% 1774620113.1872156 robobot/cmd/ti rc 0.0 0.5
% 1774620113.200649 robobot/cmd/ti rc 0.0 0.5
% 1774620113.211467 robobot/cmd/ti rc 0.0 0.5
1774620113.220719 0 0.003 -0.001 -1.492 72 0.00 0.00 0.000 0.000 0 -0.002 4.791 -0.0023 4.7913
% 1774620113.2220993 robobot/cmd/ti rc 0.0 0.5
% 1774620113.2331948 robobot/cmd/ti rc 0.0 0.5
% 1774620113.2439504 robobot/cmd/ti rc 0.0 0.5
1774620113.2519534 0 0.003 -0.002 -1.471 72 0.00 0.00 0.000 0.000 0 -0.001 4.812 -0.0013 4.8121
% 1774620113.2580795 robobot/cmd/ti rc 0.0 0.5
% 1774620113.268465 robobot/cmd/ti rc 0.0 0.5
1774620113.2701614 0 0.003 -0.002 -1.455 72 0.00 0.00 0.000 0.000 0 -0.001 4.828 -0.0009 4.8283
% 1774620113.2788188 robobot/cmd/ti rc 0.0 0.5
% 1774620113.2897096 robobot/cmd/ti rc 0.0 0.5
% 1774620113.3003058 robobot/cmd/ti rc 0.0 0.5
% 1774620113.3115244 robobot/cmd/ti rc 0.0 0.5
1774620113.3204541 0 0.003 -0.002 -1.428 73 0.00 0.00 0.000 0.000 0 -0.001 4.855 -0.0006 4.8549
% 1774620113.3219357 robobot/cmd/ti rc 0.0 0.5
% 1774620113.3359177 robobot/cmd/ti rc 0.0 0.5
% 1774620113.3474422 robobot/cmd/ti rc 0.0 0.5
1774620113.3521042 0 0.003 -0.002 -1.419 73 0.00 0.00 0.000 0.000 0 -0.001 4.864 -0.0007 4.8641
% 1774620113.3581452 robobot/cmd/ti rc 0.0 0.5
% 1774620113.3694026 robobot/cmd/ti rc 0.0 0.5
1774620113.370174 0 0.003 -0.002 -1.412 73 0.00 0.00 0.000 0.000 0 -0.001 4.871 -0.0008 4.8711
% 1774620113.380392 robobot/cmd/ti rc 0.0 0.5
% 1774620113.3912337 robobot/cmd/ti rc 0.0 0.5
% 1774620113.4017205 robobot/cmd/ti rc 0.0 0.5
% 1774620113.4125926 robobot/cmd/ti rc 0.0 0.5
1774620113.42171 0 0.003 -0.002 -1.385 73 0.00 0.00 0.000 0.000 0 -0.001 4.898 -0.0005 4.8977
% 1774620113.4233868 robobot/cmd/ti rc 0.0 0.5
% 1774620113.4239225 robobot/cmd/T0 servo 1 -900 200
% 1774620113.4346778 robobot/cmd/ti rc 0.0 0.5
% 1774620113.4452891 robobot/cmd/ti rc 0.0 0.5
1774620113.4537067 0 0.003 -0.002 -1.371 74 0.00 0.00 0.000 0.000 0 -0.001 4.913 -0.0006 4.9127
% 1774620113.45637 robobot/cmd/ti rc 0.0 0.5
% 1774620113.468618 robobot/cmd/ti rc 0.0 0.5
1774620113.4705007 0 0.003 -0.002 -1.361 74 0.00 0.00 0.000 0.000 0 -0.001 4.922 -0.0007 4.9219
% 1774620113.479084 robobot/cmd/ti rc 0.0 0.5
% 1774620113.497001 robobot/cmd/ti rc 0.0 0.5
% 1774620113.5090225 robobot/cmd/ti rc 0.0 0.5
% 1774620113.5222802 robobot/cmd/ti rc 0.0 0.5
% 1774620113.5391006 robobot/cmd/ti rc 0.0 0.5
% 1774620113.5512102 robobot/cmd/ti rc 0.0 0.5
1774620113.557794 0 0.003 -0.001 -1.347 74 0.00 0.00 0.000 0.000 0 -0.001 4.936 -0.0010 4.9358
% 1774620113.564962 robobot/cmd/ti rc 0.0 0.5
% 1774620113.58552 robobot/cmd/ti rc 0.0 0.5
% 1774620113.5928814 robobot/cmd/ti alive 2026-03-27 15:01:41.362915
% 1774620113.599618 robobot/cmd/ti rc 0.0 0.5
1774620113.6133564 0 0.002 -0.000 -1.343 74 0.00 0.00 0.000 0.000 0 -0.001 4.940 -0.0015 4.9405
% 1774620113.6157722 robobot/cmd/ti rc 0.0 0.5
% 1774620113.6292384 robobot/cmd/ti rc 0.0 0.5
% 1774620113.6610541 robobot/cmd/ti rc 0.0 0.5
% 1774620113.6718807 robobot/cmd/ti rc 0.0 0.5
1774620113.6758084 0 0.003 -0.001 -1.335 75 0.00 0.00 0.000 0.000 0 -0.002 4.948 -0.0017 4.9485
% 1774620113.6968703 robobot/cmd/ti rc 0.0 0.5
% 1774620113.7022378 robobot/cmd/T0 servo 1 -900 200
1774620113.703605 0 0.003 -0.001 -1.300 75 0.00 0.00 0.000 0.000 0 -0.001 4.983 -0.0011 4.9832
1774620113.717633 0 0.003 -0.001 -1.284 75 0.00 0.00 0.000 0.000 0 -0.001 4.999 -0.0006 4.9994
% 1774620113.7300835 robobot/cmd/ti rc 0.0 0.5
1774620113.7332447 0 0.003 -0.001 -1.273 75 0.00 0.00 0.000 0.000 0 -0.001 5.010 -0.0006 5.0098
% 1774620113.7416754 robobot/cmd/ti rc 0.0 0.5
% 1774620113.752487 robobot/cmd/ti rc 0.0 0.5
1774620113.7618768 0 0.003 -0.001 -1.254 75 0.00 0.00 0.000 0.000 0 -0.001 5.029 -0.0006 5.0295
% 1774620113.7643385 robobot/cmd/ti rc 0.0 0.5
1774620113.7720604 0 0.003 -0.001 -1.239 75 0.00 0.00 0.000 0.000 0 -0.001 5.044 -0.0006 5.0445
1774620113.7734697 0 0.003 -0.001 -1.228 75 0.00 0.00 0.000 0.000 0 -0.000 5.055 -0.0005 5.0549
% 1774620113.7748384 robobot/cmd/ti rc 0.0 0.5
% 1774620113.7854502 robobot/cmd/ti rc 0.0 0.5
% 1774620113.7987397 robobot/cmd/ti rc 0.0 0.5
% 1774620113.8092887 robobot/cmd/ti rc 0.0 0.5
% 1774620113.82056 robobot/cmd/ti rc 0.0 0.5
1774620113.8214548 0 0.003 -0.001 -1.206 75 0.00 0.00 0.000 0.000 0 -0.001 5.077 -0.0007 5.0769
% 1774620113.831222 robobot/cmd/ti rc 0.0 0.5
% 1774620113.841723 robobot/cmd/ti rc 0.0 0.5
1774620113.8529427 0 0.003 -0.001 -1.192 75 0.00 0.00 0.000 0.000 0 -0.001 5.091 -0.0006 5.0908
% 1774620113.8531623 robobot/cmd/ti rc 0.0 0.5
% 1774620113.8635302 robobot/cmd/ti rc 0.0 0.5
1774620113.8715048 0 0.002 -0.001 -1.188 75 0.00 0.00 0.000 0.000 0 -0.001 5.095 -0.0008 5.0954
% 1774620113.8739448 robobot/cmd/ti rc 0.0 0.5
% 1774620113.884406 robobot/cmd/ti rc 0.0 0.5
% 1774620113.8958902 robobot/cmd/ti rc 0.0 0.5
% 1774620113.907019 robobot/cmd/ti rc 0.0 0.5
% 1774620113.9177117 robobot/cmd/ti rc 0.0 0.5
1774620113.9218175 0 0.002 -0.000 -1.175 76 0.00 0.00 0.000 0.000 0 -0.001 5.108 -0.0014 5.1081
% 1774620113.9287655 robobot/cmd/ti rc 0.0 0.5
% 1774620113.9393718 robobot/cmd/ti rc 0.0 0.5
1774620113.9520552 0 0.002 -0.001 -1.153 76 0.00 0.00 0.000 0.000 0 -0.001 5.130 -0.0010 5.1301
% 1774620113.9543242 robobot/cmd/ti rc 0.0 0.5
% 1774620113.9553256 robobot/cmd/T0 servo 1 -900 200
% 1774620113.967275 robobot/cmd/ti rc 0.0 0.5
1774620113.9716797 0 0.003 -0.001 -1.140 76 0.00 0.00 0.000 0.000 0 -0.001 5.143 -0.0010 5.1428
% 1774620113.977816 robobot/cmd/ti rc 0.0 0.5
% 1774620113.9883964 robobot/cmd/ti rc 0.0 0.5
% 1774620113.9991395 robobot/cmd/ti rc 0.0 0.5
% 1774620114.0098639 robobot/cmd/ti rc 0.0 0.5
% 1774620114.0205927 robobot/cmd/ti rc 0.0 0.5
1774620114.0218937 0 0.003 -0.001 -1.116 76 0.00 0.00 0.000 0.000 0 -0.001 5.167 -0.0007 5.1671
% 1774620114.032547 robobot/cmd/ti rc 0.0 0.5
% 1774620114.0432389 robobot/cmd/ti rc 0.0 0.5
1774620114.0524585 0 0.003 -0.001 -1.103 77 0.00 0.00 0.000 0.000 0 -0.001 5.180 -0.0007 5.1799
% 1774620114.0567205 robobot/cmd/ti rc 0.0 0.5
% 1774620114.0682192 robobot/cmd/ti rc 0.0 0.5
1774620114.071835 0 0.003 -0.001 -1.096 77 0.00 0.00 0.000 0.000 0 -0.001 5.187 -0.0007 5.1868
% 1774620114.0793178 robobot/cmd/ti rc 0.0 0.5
% 1774620114.089908 robobot/cmd/ti rc 0.0 0.5
% 1774620114.1009712 robobot/cmd/ti rc 0.0 0.5
% 1774620114.1060736 robobot/cmd/ti alive 2026-03-27 15:01:41.362915
% 1774620114.1115265 robobot/cmd/ti rc 0.0 0.5
1774620114.1211052 0 0.003 -0.001 -1.070 77 0.00 0.00 0.000 0.000 0 -0.001 5.213 -0.0007 5.2134
% 1774620114.1220744 robobot/cmd/ti rc 0.0 0.5
% 1774620114.1324184 robobot/cmd/ti rc 0.0 0.5
% 1774620114.142826 robobot/cmd/ti rc 0.0 0.5
1774620114.151474 0 0.003 -0.001 -1.056 77 0.00 0.00 0.000 0.000 0 -0.001 5.227 -0.0006 5.2273
% 1774620114.153451 robobot/cmd/ti rc 0.0 0.5
% 1774620114.1638145 robobot/cmd/ti rc 0.0 0.5
% 1774620114.1750057 robobot/cmd/ti rc 0.0 0.5
1774620114.177322 0 0.003 -0.001 -1.048 78 0.00 0.00 0.000 0.000 0 -0.001 5.235 -0.0007 5.2354
% 1774620114.1897352 robobot/cmd/ti rc 0.0 0.5
% 1774620114.201842 robobot/cmd/ti rc 0.0 0.5
% 1774620114.2300694 robobot/cmd/ti rc 0.0 0.5
% 1774620114.2345889 robobot/cmd/T0 servo 1 -900 200
1774620114.2409434 0 0.002 -0.000 -1.029 78 0.00 0.00 0.000 0.000 0 -0.001 5.254 -0.0008 5.2539
% 1774620114.2483573 robobot/cmd/ti rc 0.0 0.5
% 1774620114.259636 robobot/cmd/ti rc 0.0 0.5
1774620114.2738745 0 0.002 -0.000 -1.028 78 0.00 0.00 0.000 0.000 0 -0.001 5.255 -0.0010 5.2550
% 1774620114.284407 robobot/cmd/ti rc 0.0 0.5
1774620114.2955084 0 0.002 0.000 -1.021 78 0.00 0.00 0.000 0.000 0 -0.001 5.262 -0.0012 5.2620
% 1774620114.2988358 robobot/cmd/ti rc 0.0 0.5
% 1774620114.33042 robobot/cmd/ti rc 0.0 0.5
1774620114.335512 0 0.002 0.000 -0.992 78 0.00 0.00 0.000 0.000 0 -0.002 5.291 -0.0018 5.2909
% 1774620114.3412385 robobot/cmd/ti rc 0.0 0.5
1774620114.3557866 0 0.002 -0.000 -0.972 78 0.00 0.00 0.000 0.000 0 -0.001 5.312 -0.0011 5.3117
% 1774620114.3565898 robobot/cmd/ti rc 0.0 0.5
% 1774620114.3672023 robobot/cmd/ti rc 0.0 0.5
1774620114.3778772 0 0.002 -0.001 -0.961 78 0.00 0.00 0.000 0.000 0 -0.001 5.322 -0.0009 5.3221
% 1774620114.3892722 robobot/cmd/ti rc 0.0 0.5
% 1774620114.3998375 robobot/cmd/ti rc 0.0 0.5
% 1774620114.4172974 robobot/cmd/ti rc 0.0 0.5
1774620114.4214265 0 0.002 -0.001 -0.938 78 0.00 0.00 0.000 0.000 0 -0.001 5.345 -0.0006 5.3452
% 1774620114.4280214 robobot/cmd/ti rc 0.0 0.5
% 1774620114.4384205 robobot/cmd/ti rc 0.0 0.5
% 1774620114.4511337 robobot/cmd/ti rc 0.0 0.5
1774620114.4550312 0 0.002 -0.000 -0.925 79 0.00 0.00 0.000 0.000 0 -0.001 5.358 -0.0007 5.3580
% 1774620114.4616287 robobot/cmd/ti rc 0.0 0.5
% 1774620114.4769416 robobot/cmd/ti rc 0.0 0.5
1774620114.4774113 0 0.002 -0.000 -0.914 79 0.00 0.00 0.000 0.000 0 -0.001 5.369 -0.0009 5.3695
% 1774620114.4885356 robobot/cmd/ti rc 0.0 0.5
% 1774620114.4913445 robobot/cmd/T0 servo 1 -900 200
% 1774620114.5028272 robobot/cmd/ti rc 0.0 0.5
% 1774620114.5136607 robobot/cmd/ti rc 0.0 0.5
1774620114.5236013 0 0.002 -0.000 -0.889 79 0.00 0.00 0.000 0.000 0 -0.001 5.394 -0.0007 5.3938
% 1774620114.5243452 robobot/cmd/ti rc 0.0 0.5
% 1774620114.5363781 robobot/cmd/ti rc 0.0 0.5
% 1774620114.5472033 robobot/cmd/ti rc 0.0 0.5
1774620114.5528264 0 0.002 -0.000 -0.875 79 0.00 0.00 0.000 0.000 0 -0.001 5.408 -0.0007 5.4077
% 1774620114.5590787 robobot/cmd/ti rc 0.0 0.5
% 1774620114.5697348 robobot/cmd/ti rc 0.0 0.5
1774620114.5727513 0 0.002 -0.000 -0.871 79 0.00 0.00 0.000 0.000 0 -0.001 5.412 -0.0007 5.4123
% 1774620114.5802217 robobot/cmd/ti rc 0.0 0.5
% 1774620114.5906496 robobot/cmd/ti rc 0.0 0.5
% 1774620114.6014206 robobot/cmd/ti rc 0.0 0.5
% 1774620114.6156418 robobot/cmd/ti rc 0.0 0.5
1774620114.6240613 0 0.002 0.001 -0.861 80 0.00 0.00 0.000 0.000 0 -0.001 5.423 -0.0010 5.4227
% 1774620114.6258345 robobot/cmd/ti alive 2026-03-27 15:01:41.362915
% 1774620114.6262126 robobot/cmd/ti rc 0.0 0.5
% 1774620114.6387413 robobot/cmd/ti rc 0.0 0.5
% 1774620114.6502035 robobot/cmd/ti rc 0.0 0.5
1774620114.653464 0 0.001 0.001 -0.843 80 0.00 0.00 0.000 0.000 0 -0.002 5.440 -0.0017 5.4401
% 1774620114.6607645 robobot/cmd/ti rc 0.0 0.5
% 1774620114.6711886 robobot/cmd/ti rc 0.0 0.5
1774620114.672263 0 0.002 0.000 -0.830 80 0.00 0.00 0.000 0.000 0 -0.002 5.453 -0.0016 5.4528
% 1774620114.6816869 robobot/cmd/ti rc 0.0 0.5
% 1774620114.692155 robobot/cmd/ti rc 0.0 0.5
% 1774620114.7026436 robobot/cmd/ti rc 0.0 0.5
% 1774620114.7140548 robobot/cmd/ti rc 0.0 0.5
1774620114.722689 0 0.002 -0.000 -0.804 80 0.00 0.00 0.000 0.000 0 -0.001 5.479 -0.0008 5.4794
% 1774620114.7247207 robobot/cmd/ti rc 0.0 0.5
% 1774620114.7351115 robobot/cmd/ti rc 0.0 0.5
% 1774620114.7456255 robobot/cmd/ti rc 0.0 0.5
% 1774620114.747959 robobot/cmd/T0 servo 1 -900 200
1774620114.7522097 0 0.002 -0.000 -0.790 81 0.00 0.00 0.000 0.000 0 -0.001 5.493 -0.0006 5.4933
% 1774620114.7587676 robobot/cmd/ti rc 0.0 0.5
% 1774620114.772375 robobot/cmd/ti rc 0.0 0.5
1774620114.7735953 0 0.002 -0.000 -0.781 81 0.00 0.00 0.000 0.000 0 -0.001 5.502 -0.0006 5.5025
% 1774620114.7840726 robobot/cmd/ti rc 0.0 0.5
% 1774620114.7946036 robobot/cmd/ti rc 0.0 0.5
% 1774620114.805284 robobot/cmd/ti rc 0.0 0.5
% 1774620114.8192165 robobot/cmd/ti rc 0.0 0.5
1774620114.8239295 0 0.002 -0.000 -0.759 81 0.00 0.00 0.000 0.000 0 -0.001 5.524 -0.0009 5.5245
% 1774620114.833816 robobot/cmd/ti rc 0.0 0.5
% 1774620114.8476188 robobot/cmd/ti rc 0.0 0.5
1774620114.853042 0 0.002 -0.000 -0.744 81 0.00 0.00 0.000 0.000 0 -0.001 5.539 -0.0007 5.5395
% 1774620114.8598938 robobot/cmd/ti rc 0.0 0.5
% 1774620114.8703582 robobot/cmd/ti rc 0.0 0.5
1774620114.8722534 0 0.002 -0.000 -0.733 81 0.00 0.00 0.000 0.000 0 -0.001 5.550 -0.0006 5.5499
% 1774620114.8809707 robobot/cmd/ti rc 0.0 0.5
% 1774620114.8934166 robobot/cmd/ti rc 0.0 0.5
% 1774620114.9051595 robobot/cmd/ti rc 0.0 0.5
% 1774620114.9170792 robobot/cmd/ti rc 0.0 0.5
1774620114.9228516 0 0.002 -0.000 -0.715 82 0.00 0.00 0.000 0.000 0 -0.001 5.568 -0.0006 5.5684
% 1774620114.9276087 robobot/cmd/ti rc 0.0 0.5
% 1774620114.937987 robobot/cmd/ti rc 0.0 0.5
% 1774620114.949947 robobot/cmd/ti rc 0.0 0.5
1774620114.952531 0 0.002 0.000 -0.709 82 0.00 0.00 0.000 0.000 0 -0.001 5.574 -0.0005 5.5742
% 1774620114.9616382 robobot/cmd/ti rc 0.0 0.5
% 1774620114.9720461 robobot/cmd/ti rc 0.0 0.5
1774620114.972972 0 0.001 0.001 -0.702 82 0.00 0.00 0.000 0.000 0 -0.001 5.581 -0.0008 5.5812
% 1774620114.9838834 robobot/cmd/ti rc 0.0 0.5
% 1774620114.9945178 robobot/cmd/ti rc 0.0 0.5
% 1774620115.0049362 robobot/cmd/ti rc 0.0 0.5
% 1774620115.005179 robobot/cmd/T0 servo 1 -900 200
% 1774620115.0156047 robobot/cmd/ti rc 0.0 0.5
1774620115.0221372 0 0.001 0.001 -0.681 82 0.00 0.00 0.000 0.000 0 -0.002 5.602 -0.0023 5.6020
% 1774620115.0269027 robobot/cmd/ti rc 0.0 0.5
% 1774620115.0391555 robobot/cmd/ti rc 0.0 0.5
% 1774620115.049604 robobot/cmd/ti rc 0.0 0.5
1774620115.052643 0 0.001 0.001 -0.662 83 0.00 0.00 0.000 0.000 0 -0.002 5.622 -0.0018 5.6216
% 1774620115.065208 robobot/cmd/ti rc 0.0 0.5
1774620115.0745325 0 0.002 0.000 -0.649 83 0.00 0.00 0.000 0.000 0 -0.001 5.634 -0.0012 5.6343
% 1774620115.0762477 robobot/cmd/ti rc 0.0 0.5
% 1774620115.0872986 robobot/cmd/ti rc 0.0 0.5
% 1774620115.0979128 robobot/cmd/ti rc 0.0 0.5
% 1774620115.109715 robobot/cmd/ti rc 0.0 0.5
% 1774620115.1229758 robobot/cmd/ti rc 0.0 0.5
1774620115.1240938 0 0.002 0.000 -0.625 83 0.00 0.00 0.000 0.000 0 -0.001 5.659 -0.0005 5.6586
% 1774620115.1296737 robobot/cmd/ti alive 2026-03-27 15:01:41.362915
% 1774620115.1362832 robobot/cmd/ti rc 0.0 0.5
% 1774620115.148982 robobot/cmd/ti rc 0.0 0.5
1774620115.1521783 0 0.002 0.000 -0.612 83 0.00 0.00 0.000 0.000 0 -0.001 5.671 -0.0006 5.6714
% 1774620115.1601653 robobot/cmd/ti rc 0.0 0.5
% 1774620115.1705961 robobot/cmd/ti rc 0.0 0.5
1774620115.1729767 0 0.002 0.000 -0.604 83 0.00 0.00 0.000 0.000 0 -0.001 5.679 -0.0008 5.6795
% 1774620115.1815913 robobot/cmd/ti rc 0.0 0.5
% 1774620115.1948519 robobot/cmd/ti rc 0.0 0.5
% 1774620115.2053225 robobot/cmd/ti rc 0.0 0.5
% 1774620115.2162292 robobot/cmd/ti rc 0.0 0.5
1774620115.2249327 0 0.002 0.000 -0.577 84 0.00 0.00 0.000 0.000 0 -0.001 5.706 -0.0006 5.7061
% 1774620115.2271013 robobot/cmd/ti rc 0.0 0.5
% 1774620115.238212 robobot/cmd/ti rc 0.0 0.5
% 1774620115.248857 robobot/cmd/ti rc 0.0 0.5
1774620115.2552633 0 0.002 0.000 -0.564 84 0.00 0.00 0.000 0.000 0 -0.001 5.719 -0.0006 5.7188
% 1774620115.2611532 robobot/cmd/ti rc 0.0 0.5
% 1774620115.2656822 robobot/cmd/T0 servo 1 -900 200
1774620115.273191 0 0.002 0.000 -0.559 84 0.00 0.00 0.000 0.000 0 -0.001 5.725 -0.0005 5.7246
% 1774620115.2764452 robobot/cmd/ti rc 0.0 0.5
% 1774620115.287937 robobot/cmd/ti rc 0.0 0.5
% 1774620115.2983017 robobot/cmd/ti rc 0.0 0.5
% 1774620115.3087409 robobot/cmd/ti rc 0.0 0.5
% 1774620115.319337 robobot/cmd/ti rc 0.0 0.5
1774620115.323276 0 0.001 0.001 -0.541 84 0.00 0.00 0.000 0.000 0 -0.001 5.742 -0.0006 5.7419
% 1774620115.3296776 robobot/cmd/ti rc 0.0 0.5
% 1774620115.3412654 robobot/cmd/ti rc 0.0 0.5
% 1774620115.351806 robobot/cmd/ti rc 0.0 0.5
1774620115.3532796 0 0.000 0.001 -0.534 85 0.00 0.00 0.000 0.000 0 -0.001 5.749 -0.0014 5.7488
% 1774620115.3623974 robobot/cmd/ti rc 0.0 0.5
1774620115.3751493 0 0.000 0.001 -0.526 85 0.00 0.00 0.000 0.000 0 -0.002 5.757 -0.0018 5.7569
% 1774620115.3760505 robobot/cmd/ti rc 0.0 0.5
% 1774620115.3867366 robobot/cmd/ti rc 0.0 0.5
% 1774620115.400068 robobot/cmd/ti rc 0.0 0.5
% 1774620115.4110262 robobot/cmd/ti rc 0.0 0.5
% 1774620115.4218402 robobot/cmd/ti rc 0.0 0.5
1774620115.4242005 0 0.001 0.001 -0.495 85 0.00 0.00 0.000 0.000 0 -0.001 5.788 -0.0012 5.7882
% 1774620115.4344442 robobot/cmd/ti rc 0.0 0.5
% 1774620115.445636 robobot/cmd/ti rc 0.0 0.5
1774620115.4532876 0 0.001 0.001 -0.480 85 0.00 0.00 0.000 0.000 0 -0.001 5.803 -0.0007 5.8032
% 1774620115.4561226 robobot/cmd/ti rc 0.0 0.5
% 1774620115.4666257 robobot/cmd/ti rc 0.0 0.5
1774620115.4744875 0 0.002 0.001 -0.467 86 0.00 0.00 0.000 0.000 0 -0.000 5.816 -0.0005 5.8159
% 1774620115.4776585 robobot/cmd/ti rc 0.0 0.5
% 1774620115.490444 robobot/cmd/ti rc 0.0 0.5
% 1774620115.5013573 robobot/cmd/ti rc 0.0 0.5
% 1774620115.5122375 robobot/cmd/ti rc 0.0 0.5
% 1774620115.5133219 robobot/cmd/T0 servo 1 -900 200
1774620115.5244412 0 0.001 0.001 -0.448 86 0.00 0.00 0.000 0.000 0 -0.001 5.836 -0.0006 5.8356
% 1774620115.5248811 robobot/cmd/ti rc 0.0 0.5
% 1774620115.5352373 robobot/cmd/ti rc 0.0 0.5
% 1774620115.5466218 robobot/cmd/ti rc 0.0 0.5
1774620115.5531106 0 0.001 0.001 -0.438 86 0.00 0.00 0.000 0.000 0 -0.001 5.845 -0.0010 5.8448
% 1774620115.5572705 robobot/cmd/ti rc 0.0 0.5
% 1774620115.5676243 robobot/cmd/ti rc 0.0 0.5
1774620115.5735397 0 0.001 0.001 -0.423 86 0.00 0.00 0.000 0.000 0 -0.001 5.860 -0.0010 5.8599
% 1774620115.5781097 robobot/cmd/ti rc 0.0 0.5
% 1774620115.5893848 robobot/cmd/ti rc 0.0 0.5
% 1774620115.6027439 robobot/cmd/ti rc 0.0 0.5
% 1774620115.6167474 robobot/cmd/ti rc 0.0 0.5
1774620115.6243212 0 0.002 0.001 -0.405 87 0.00 0.00 0.000 0.000 0 -0.000 5.878 -0.0005 5.8784
% 1774620115.6276283 robobot/cmd/ti rc 0.0 0.5
% 1774620115.636443 robobot/cmd/ti alive 2026-03-27 15:01:41.362915
% 1774620115.6394804 robobot/cmd/ti rc 0.0 0.5
% 1774620115.650062 robobot/cmd/ti rc 0.0 0.5
1774620115.653253 0 0.001 0.001 -0.391 87 0.00 0.00 0.000 0.000 0 -0.000 5.892 -0.0004 5.8922
% 1774620115.6635122 robobot/cmd/ti rc 0.0 0.5
% 1774620115.674029 robobot/cmd/ti rc 0.0 0.5
1774620115.6743274 0 0.001 0.001 -0.382 87 0.00 0.00 0.000 0.000 0 -0.001 5.901 -0.0007 5.9015
% 1774620115.6845765 robobot/cmd/ti rc 0.0 0.5
% 1774620115.6954865 robobot/cmd/ti rc 0.0 0.5
% 1774620115.705892 robobot/cmd/ti rc 0.0 0.5
% 1774620115.7162569 robobot/cmd/ti rc 0.0 0.5
1774620115.724363 0 -0.001 0.001 -0.369 87 0.00 0.00 0.000 0.000 0 -0.001 5.914 -0.0014 5.9142
% 1774620115.727155 robobot/cmd/ti rc 0.0 0.5
% 1774620115.738889 robobot/cmd/ti rc 0.0 0.5
% 1774620115.7494433 robobot/cmd/ti rc 0.0 0.5
1774620115.754371 0 -0.000 0.001 -0.356 88 0.00 0.00 0.000 0.000 0 -0.002 5.927 -0.0018 5.9269
% 1774620115.760853 robobot/cmd/ti rc 0.0 0.5
% 1774620115.7713706 robobot/cmd/ti rc 0.0 0.5
% 1774620115.7715588 robobot/cmd/T0 servo 1 -900 200
1774620115.7737558 0 0.000 0.001 -0.341 88 0.00 0.00 0.000 0.000 0 -0.001 5.942 -0.0014 5.9420
% 1774620115.7821996 robobot/cmd/ti rc 0.0 0.5
% 1774620115.7936594 robobot/cmd/ti rc 0.0 0.5
% 1774620115.804209 robobot/cmd/ti rc 0.0 0.5
% 1774620115.8147154 robobot/cmd/ti rc 0.0 0.5
1774620115.823994 0 0.000 0.001 -0.314 88 0.00 0.00 0.000 0.000 0 -0.001 5.970 -0.0006 5.9697
% 1774620115.8255327 robobot/cmd/ti rc 0.0 0.5
% 1774620115.8362877 robobot/cmd/ti rc 0.0 0.5
% 1774620115.8471527 robobot/cmd/ti rc 0.0 0.5
1774620115.8531458 0 0.001 0.001 -0.302 88 0.00 0.00 0.000 0.000 0 -0.001 5.981 -0.0007 5.9813
% 1774620115.8577015 robobot/cmd/ti rc 0.0 0.5
% 1774620115.871082 robobot/cmd/ti rc 0.0 0.5
1774620115.873964 0 0.001 0.001 -0.289 89 0.00 0.00 0.000 0.000 0 -0.001 5.994 -0.0007 5.9940
% 1774620115.882242 robobot/cmd/ti rc 0.0 0.5
% 1774620115.894662 robobot/cmd/ti rc 0.0 0.5
% 1774620115.9079716 robobot/cmd/ti rc 0.0 0.5
% 1774620115.9189785 robobot/cmd/ti rc 0.0 0.5
1774620115.9242241 0 0.001 0.001 -0.266 89 0.00 0.00 0.000 0.000 0 -0.001 6.017 -0.0009 6.0171
% 1774620115.931003 robobot/cmd/ti rc 0.0 0.5
% 1774620115.9419034 robobot/cmd/ti rc 0.0 0.5
% 1774620115.952429 robobot/cmd/ti rc 0.0 0.5
1774620115.9533105 0 0.001 0.001 -0.257 89 0.00 0.00 0.000 0.000 0 -0.001 6.026 -0.0006 6.0264
% 1774620115.9630957 robobot/cmd/ti rc 0.0 0.5
1774620115.9745393 0 0.001 0.001 -0.245 89 0.00 0.00 0.000 0.000 0 -0.000 6.038 -0.0004 6.0380
% 1774620115.9749885 robobot/cmd/ti rc 0.0 0.5
% 1774620115.9857674 robobot/cmd/ti rc 0.0 0.5
% 1774620115.9976027 robobot/cmd/ti rc 0.0 0.5
% 1774620116.007988 robobot/cmd/ti rc 0.0 0.5
% 1774620116.019038 robobot/cmd/ti rc 0.0 0.5
1774620116.0266612 0 0.001 0.001 -0.222 90 0.00 0.00 0.000 0.000 0 -0.001 6.061 -0.0007 6.0611
% 1774620116.0293682 robobot/cmd/ti rc 0.0 0.5
% 1774620116.0296931 robobot/cmd/T0 servo 1 -900 200
% 1774620116.0430877 robobot/cmd/ti rc 0.0 0.5
% 1774620116.0553741 robobot/cmd/ti rc 0.0 0.5
1774620116.0557003 0 -0.000 0.001 -0.216 90 0.00 0.00 0.000 0.000 0 -0.001 6.067 -0.0009 6.0669
% 1774620116.0667644 robobot/cmd/ti rc 0.0 0.5
1774620116.075114 0 -0.001 0.001 -0.209 90 0.00 0.00 0.000 0.000 0 -0.001 6.074 -0.0013 6.0738
% 1774620116.077662 robobot/cmd/ti rc 0.0 0.5
% 1774620116.0881429 robobot/cmd/ti rc 0.0 0.5
% 1774620116.1003437 robobot/cmd/ti rc 0.0 0.5
% 1774620116.1107442 robobot/cmd/ti rc 0.0 0.5
% 1774620116.121201 robobot/cmd/ti rc 0.0 0.5
1774620116.1248665 0 -0.000 0.001 -0.186 90 0.00 0.00 0.000 0.000 0 -0.002 6.097 -0.0016 6.0969
% 1774620116.1334379 robobot/cmd/ti rc 0.0 0.5
% 1774620116.1436856 robobot/cmd/ti alive 2026-03-27 15:01:41.362915
% 1774620116.1451302 robobot/cmd/ti rc 0.0 0.5
1774620116.1523986 0 0.000 0.001 -0.171 90 0.00 0.00 0.000 0.000 0 -0.001 6.112 -0.0009 6.1120
% 1774620116.155542 robobot/cmd/ti rc 0.0 0.5
% 1774620116.1658635 robobot/cmd/ti rc 0.0 0.5
1774620116.1741889 0 0.000 0.001 -0.155 91 0.00 0.00 0.000 0.000 0 -0.001 6.128 -0.0007 6.1282
% 1774620116.1765695 robobot/cmd/ti rc 0.0 0.5
% 1774620116.1885812 robobot/cmd/ti rc 0.0 0.5
% 1774620116.2008018 robobot/cmd/ti rc 0.0 0.5
% 1774620116.2112484 robobot/cmd/ti rc 0.0 0.5
% 1774620116.222022 robobot/cmd/ti rc 0.0 0.5
1774620116.2256236 0 0.000 0.001 -0.132 91 0.00 0.00 0.000 0.000 0 -0.001 6.151 -0.0006 6.1513
% 1774620116.2324674 robobot/cmd/ti rc 0.0 0.5
% 1774620116.2435045 robobot/cmd/ti rc 0.0 0.5
1774620116.2525995 0 -0.000 0.001 -0.121 91 0.00 0.00 0.000 0.000 0 -0.001 6.162 -0.0008 6.1617
% 1774620116.253993 robobot/cmd/ti rc 0.0 0.5
% 1774620116.2647827 robobot/cmd/ti rc 0.0 0.5
1774620116.2741685 0 0.000 0.001 -0.109 91 0.00 0.00 0.000 0.000 0 -0.001 6.174 -0.0009 6.1744
% 1774620116.2751124 robobot/cmd/ti rc 0.0 0.5
% 1774620116.2859352 robobot/cmd/ti rc 0.0 0.5
% 1774620116.2861145 robobot/cmd/T0 servo 1 -900 200
% 1774620116.2964342 robobot/cmd/ti rc 0.0 0.5
% 1774620116.307253 robobot/cmd/ti rc 0.0 0.5
% 1774620116.320309 robobot/cmd/ti rc 0.0 0.5
1774620116.324894 0 0.001 0.001 -0.090 92 0.00 0.00 0.000 0.000 0 -0.000 6.193 -0.0002 6.1929
% 1774620116.3307142 robobot/cmd/ti rc 0.0 0.5
% 1774620116.3441994 robobot/cmd/ti rc 0.0 0.5
1774620116.353449 0 0.000 0.001 -0.076 92 0.00 0.00 0.000 0.000 0 -0.000 6.207 -0.0004 6.2068
% 1774620116.3553486 robobot/cmd/ti rc 0.0 0.5
% 1774620116.366179 robobot/cmd/ti rc 0.0 0.5
1774620116.3751311 0 0.000 0.001 -0.064 92 0.00 0.00 0.000 0.000 0 -0.001 6.219 -0.0006 6.2195
% 1774620116.3771095 robobot/cmd/ti rc 0.0 0.5
% 1774620116.3888588 robobot/cmd/ti rc 0.0 0.5
% 1774620116.3999555 robobot/cmd/ti rc 0.0 0.5
% 1774620116.410367 robobot/cmd/ti rc 0.0 0.5
% 1774620116.4207745 robobot/cmd/ti rc 0.0 0.5
1774620116.4242978 0 -0.001 0.001 -0.052 92 0.00 0.00 0.000 0.000 0 -0.001 6.231 -0.0011 6.2311
% 1774620116.4312184 robobot/cmd/ti rc 0.0 0.5
% 1774620116.4426866 robobot/cmd/ti rc 0.0 0.5
% 1774620116.4561634 robobot/cmd/ti rc 0.0 0.5
1774620116.4572651 0 -0.002 0.001 -0.045 93 0.00 0.00 0.000 0.000 0 -0.001 6.238 -0.0015 6.2380
% 1774620116.46774 robobot/cmd/ti rc 0.0 0.5
1774620116.4766903 0 -0.001 0.001 -0.034 93 0.00 0.00 0.000 0.000 0 -0.002 6.250 -0.0018 6.2496
% 1774620116.4783373 robobot/cmd/ti rc 0.0 0.5
% 1774620116.4902203 robobot/cmd/ti rc 0.0 0.5
% 1774620116.5018523 robobot/cmd/ti rc 0.0 0.5
% 1774620116.513921 robobot/cmd/ti rc 0.0 0.5
% 1774620116.527038 robobot/cmd/ti rc 0.0 0.5
1774620116.52874 0 -0.000 0.001 0.001 93 0.00 0.00 0.000 0.000 0 -0.001 6.284 -0.0009 6.2843
% 1774620116.5381246 robobot/cmd/ti rc 0.0 0.5
% 1774620116.5398135 robobot/cmd/T0 servo 1 -900 200
% 1774620116.5537722 robobot/cmd/ti rc 0.0 0.5
1774620116.5557964 0 -0.000 0.001 0.013 93 0.00 0.00 0.000 0.000 0 -0.001 6.296 -0.0006 6.2959
% 1774620116.565061 robobot/cmd/ti rc 0.0 0.5
% 1774620116.5758727 robobot/cmd/ti rc 0.0 0.5
1774620116.5768006 0 -0.000 0.001 0.024 93 0.00 0.00 0.000 0.000 0 -0.001 6.307 -0.0005 6.3074
% 1774620116.5881186 robobot/cmd/ti rc 0.0 0.5
% 1774620116.5986552 robobot/cmd/ti rc 0.0 0.5
% 1774620116.6100097 robobot/cmd/ti rc 0.0 0.5
% 1774620116.6215148 robobot/cmd/ti rc 0.0 0.5
1774620116.6295016 0 -0.000 0.001 0.044 94 0.00 0.00 0.000 0.000 0 -0.001 6.327 -0.0008 6.3271
% 1774620116.6345663 robobot/cmd/ti rc 0.0 0.5
% 1774620116.6451414 robobot/cmd/ti rc 0.0 0.5
% 1774620116.647219 robobot/cmd/ti alive 2026-03-27 15:01:41.362915
1774620116.6528506 0 0.000 0.001 0.054 94 0.00 0.00 0.000 0.000 0 -0.001 6.337 -0.0006 6.3375
% 1774620116.6561673 robobot/cmd/ti rc 0.0 0.5
% 1774620116.6665637 robobot/cmd/ti rc 0.0 0.5
1774620116.6758313 0 -0.000 0.001 0.068 94 0.00 0.00 0.000 0.000 0 -0.000 6.351 -0.0002 6.3514
% 1774620116.6772037 robobot/cmd/ti rc 0.0 0.5
% 1774620116.6879401 robobot/cmd/ti rc 0.0 0.5
% 1774620116.6985123 robobot/cmd/ti rc 0.0 0.5
% 1774620116.7089725 robobot/cmd/ti rc 0.0 0.5
% 1774620116.7203352 robobot/cmd/ti rc 0.0 0.5
1774620116.7274837 0 -0.000 0.001 0.092 95 0.00 0.00 0.000 0.000 0 -0.001 6.376 -0.0005 6.3757
% 1774620116.7307503 robobot/cmd/ti rc 0.0 0.5
% 1774620116.7415168 robobot/cmd/ti rc 0.0 0.5
% 1774620116.7522242 robobot/cmd/ti rc 0.0 0.5
1774620116.7531257 0 -0.001 0.001 0.103 95 0.00 0.00 0.000 0.000 0 -0.001 6.386 -0.0007 6.3861
% 1774620116.7630618 robobot/cmd/ti rc 0.0 0.5
% 1774620116.775293 robobot/cmd/ti rc 0.0 0.5
1774620116.7757854 0 -0.001 0.001 0.107 95 0.00 0.00 0.000 0.000 0 -0.001 6.391 -0.0009 6.3907
% 1774620116.7864907 robobot/cmd/ti rc 0.0 0.5
% 1774620116.8005474 robobot/cmd/ti rc 0.0 0.5
% 1774620116.801587 robobot/cmd/T0 servo 1 -900 200
% 1774620116.812577 robobot/cmd/ti rc 0.0 0.5
% 1774620116.8231483 robobot/cmd/ti rc 0.0 0.5
1774620116.8275564 0 -0.002 0.001 0.122 95 0.00 0.00 0.000 0.000 0 -0.002 6.406 -0.0017 6.4057
% 1774620116.8334846 robobot/cmd/ti rc 0.0 0.5
% 1774620116.8450258 robobot/cmd/ti rc 0.0 0.5
1774620116.8531096 0 -0.001 0.001 0.140 95 0.00 0.00 0.000 0.000 0 -0.001 6.423 -0.0015 6.4231
% 1774620116.8560717 robobot/cmd/ti rc 0.0 0.5
% 1774620116.8667576 robobot/cmd/ti rc 0.0 0.5
1774620116.875993 0 -0.001 0.001 0.155 96 0.00 0.00 0.000 0.000 0 -0.001 6.438 -0.0011 6.4381
% 1774620116.879243 robobot/cmd/ti rc 0.0 0.5
% 1774620116.8915913 robobot/cmd/ti rc 0.0 0.5
% 1774620116.9033153 robobot/cmd/ti rc 0.0 0.5
% 1774620116.9143038 robobot/cmd/ti rc 0.0 0.5
% 1774620116.9247844 robobot/cmd/ti rc 0.0 0.5
1774620116.9254184 0 -0.001 0.001 0.181 96 0.00 0.00 0.000 0.000 0 -0.001 6.465 -0.0006 6.4647
% 1774620116.9359763 robobot/cmd/ti rc 0.0 0.5
% 1774620116.9468436 robobot/cmd/ti rc 0.0 0.5
1774620116.953185 0 -0.001 0.001 0.193 96 0.00 0.00 0.000 0.000 0 -0.001 6.476 -0.0006 6.4763
% 1774620116.957471 robobot/cmd/ti rc 0.0 0.5
% 1774620116.9678488 robobot/cmd/ti rc 0.0 0.5
1774620116.975191 0 -0.001 0.001 0.199 96 0.00 0.00 0.000 0.000 0 -0.001 6.482 -0.0007 6.4821
% 1774620116.9784145 robobot/cmd/ti rc 0.0 0.5
% 1774620116.9890823 robobot/cmd/ti rc 0.0 0.5
% 1774620117.0005097 robobot/cmd/ti rc 0.0 0.5
% 1774620117.0115511 robobot/cmd/ti rc 0.0 0.5
% 1774620117.0220068 robobot/cmd/ti rc 0.0 0.5
1774620117.0274453 0 -0.000 0.001 0.227 96 0.00 0.00 0.000 0.000 0 -0.000 6.510 -0.0004 6.5098
% 1774620117.032681 robobot/cmd/ti rc 0.0 0.5
% 1774620117.0442212 robobot/cmd/ti rc 0.0 0.5
% 1774620117.0547042 robobot/cmd/ti rc 0.0 0.5
% 1774620117.0548956 robobot/cmd/T0 servo 1 -900 200
1774620117.0564828 0 -0.001 0.001 0.238 97 0.00 0.00 0.000 0.000 0 -0.001 6.521 -0.0006 6.5214
% 1774620117.0690327 robobot/cmd/ti rc 0.0 0.5
1774620117.0758352 0 -0.001 0.001 0.250 97 0.00 0.00 0.000 0.000 0 -0.001 6.533 -0.0006 6.5329
% 1774620117.08127 robobot/cmd/ti rc 0.0 0.5
% 1774620117.0993242 robobot/cmd/ti rc 0.0 0.5
% 1774620117.1098824 robobot/cmd/ti rc 0.0 0.5
% 1774620117.1203122 robobot/cmd/ti rc 0.0 0.5
1774620117.1261144 0 -0.001 0.001 0.267 97 0.00 0.00 0.000 0.000 0 -0.001 6.550 -0.0007 6.5503
% 1774620117.1351037 robobot/cmd/ti rc 0.0 0.5
% 1774620117.1460733 robobot/cmd/ti rc 0.0 0.5
1774620117.1529312 0 -0.002 0.001 0.272 97 0.00 0.00 0.000 0.000 0 -0.001 6.555 -0.0011 6.5549
% 1774620117.156954 robobot/cmd/ti rc 0.0 0.5
% 1774620117.1570597 robobot/cmd/ti alive 2026-03-27 15:01:41.362915
% 1774620117.1674685 robobot/cmd/ti rc 0.0 0.5
1774620117.1756835 0 -0.002 0.001 0.281 97 0.00 0.00 0.000 0.000 0 -0.001 6.564 -0.0015 6.5642
% 1774620117.178012 robobot/cmd/ti rc 0.0 0.5
% 1774620117.1915917 robobot/cmd/ti rc 0.0 0.5
% 1774620117.2029736 robobot/cmd/ti rc 0.0 0.5
% 1774620117.2137792 robobot/cmd/ti rc 0.0 0.5
% 1774620117.2242339 robobot/cmd/ti rc 0.0 0.5
1774620117.2265623 0 -0.002 0.001 0.313 98 0.00 0.00 0.000 0.000 0 -0.001 6.596 -0.0012 6.5965
% 1774620117.2365844 robobot/cmd/ti rc 0.0 0.5
% 1774620117.2483182 robobot/cmd/ti rc 0.0 0.5
1774620117.2536118 0 -0.001 0.001 0.327 98 0.00 0.00 0.000 0.000 0 -0.001 6.610 -0.0007 6.6104
% 1774620117.2588902 robobot/cmd/ti rc 0.0 0.5
% 1774620117.2702174 robobot/cmd/ti rc 0.0 0.5
1774620117.2766924 0 -0.001 0.001 0.340 98 0.00 0.00 0.000 0.000 0 -0.001 6.623 -0.0005 6.6231
% 1774620117.2807984 robobot/cmd/ti rc 0.0 0.5
% 1774620117.2919166 robobot/cmd/ti rc 0.0 0.5
% 1774620117.3027031 robobot/cmd/ti rc 0.0 0.5
% 1774620117.3150933 robobot/cmd/ti rc 0.0 0.5
% 1774620117.3157291 robobot/cmd/T0 servo 1 -900 200
1774620117.3262038 0 -0.001 0.001 0.357 98 0.00 0.00 0.000 0.000 0 -0.001 6.640 -0.0005 6.6405
% 1774620117.3291059 robobot/cmd/ti rc 0.0 0.5
% 1774620117.3397045 robobot/cmd/ti rc 0.0 0.5
% 1774620117.3506854 robobot/cmd/ti rc 0.0 0.5
1774620117.3561187 0 -0.001 0.001 0.368 99 0.00 0.00 0.000 0.000 0 -0.000 6.651 -0.0004 6.6509
% 1774620117.3615434 robobot/cmd/ti rc 0.0 0.5
% 1774620117.3777664 robobot/cmd/ti rc 0.0 0.5
1774620117.3810863 0 -0.001 0.001 0.385 99 0.00 0.00 0.000 0.000 0 -0.000 6.668 -0.0005 6.6683
% 1774620117.3883157 robobot/cmd/ti rc 0.0 0.5
% 1774620117.3996098 robobot/cmd/ti rc 0.0 0.5
% 1774620117.410256 robobot/cmd/ti rc 0.0 0.5
% 1774620117.4213877 robobot/cmd/ti rc 0.0 0.5
1774620117.4294825 0 -0.001 0.001 0.408 99 0.00 0.00 0.000 0.000 0 -0.001 6.691 -0.0006 6.6914
% 1774620117.4326162 robobot/cmd/ti rc 0.0 0.5
% 1774620117.4429972 robobot/cmd/ti rc 0.0 0.5
1774620117.4527369 0 -0.001 0.001 0.419 99 0.00 0.00 0.000 0.000 0 -0.001 6.702 -0.0006 6.7018
% 1774620117.453574 robobot/cmd/ti rc 0.0 0.5
% 1774620117.464634 robobot/cmd/ti rc 0.0 0.5
% 1774620117.4763446 robobot/cmd/ti rc 0.0 0.5
1774620117.4766955 0 -0.002 0.001 0.427 100 0.00 0.00 0.000 0.000 0 -0.001 6.710 -0.0006 6.7099
% 1774620117.4876213 robobot/cmd/ti rc 0.0 0.5
% 1774620117.4982297 robobot/cmd/ti rc 0.0 0.5
% 1774620117.5091643 robobot/cmd/ti rc 0.0 0.5
% 1774620117.519826 robobot/cmd/ti rc 0.0 0.5
1774620117.5280774 0 -0.003 0.000 0.437 100 0.00 0.00 0.000 0.000 0 -0.001 6.720 -0.0012 6.7203
% 1774620117.5340476 robobot/cmd/ti rc 0.0 0.5
% 1774620117.5446196 robobot/cmd/ti rc 0.0 0.5
1774620117.5546565 0 -0.003 0.000 0.449 100 0.00 0.00 0.000 0.000 0 -0.002 6.732 -0.0019 6.7319
% 1774620117.5551486 robobot/cmd/ti rc 0.0 0.5
% 1774620117.567103 robobot/cmd/ti rc 0.0 0.5
% 1774620117.5696514 robobot/cmd/T0 servo 1 -900 200
1774620117.576372 0 -0.002 0.001 0.466 100 0.00 0.00 0.000 0.000 0 -0.002 6.749 -0.0015 6.7492
% 1774620117.5807588 robobot/cmd/ti rc 0.0 0.5
% 1774620117.5918124 robobot/cmd/ti rc 0.0 0.5
% 1774620117.6022377 robobot/cmd/ti rc 0.0 0.5
% 1774620117.612773 robobot/cmd/ti rc 0.0 0.5
% 1774620117.6239736 robobot/cmd/ti rc 0.0 0.5
1774620117.6280208 0 -0.002 0.001 0.495 100 0.00 0.00 0.000 0.000 0 -0.001 6.778 -0.0006 6.7781
% 1774620117.6345038 robobot/cmd/ti rc 0.0 0.5
% 1774620117.648298 robobot/cmd/ti rc 0.0 0.5
1774620117.6535072 0 -0.002 0.001 0.506 101 0.00 0.00 0.000 0.000 0 -0.001 6.790 -0.0005 6.7897
% 1774620117.6589744 robobot/cmd/ti rc 0.0 0.5
% 1774620117.6640093 robobot/cmd/ti alive 2026-03-27 15:01:41.362915
% 1774620117.6704075 robobot/cmd/ti rc 0.0 0.5
1774620117.6773047 0 -0.001 0.001 0.513 101 0.00 0.00 0.000 0.000 0 -0.000 6.797 -0.0004 6.7966
% 1774620117.6808453 robobot/cmd/ti rc 0.0 0.5
% 1774620117.6921954 robobot/cmd/ti rc 0.0 0.5
% 1774620117.7032144 robobot/cmd/ti rc 0.0 0.5
% 1774620117.7144825 robobot/cmd/ti rc 0.0 0.5
% 1774620117.7250044 robobot/cmd/ti rc 0.0 0.5
1774620117.7264585 0 -0.002 0.001 0.539 101 0.00 0.00 0.000 0.000 0 -0.001 6.822 -0.0007 6.8221
% 1774620117.7364743 robobot/cmd/ti rc 0.0 0.5
% 1774620117.748218 robobot/cmd/ti rc 0.0 0.5
1774620117.75517 0 -0.002 0.001 0.553 101 0.00 0.00 0.000 0.000 0 -0.001 6.836 -0.0006 6.8359
% 1774620117.7587388 robobot/cmd/ti rc 0.0 0.5
% 1774620117.769411 robobot/cmd/ti rc 0.0 0.5
1774620117.7760353 0 -0.002 0.001 0.563 101 0.00 0.00 0.000 0.000 0 -0.001 6.846 -0.0006 6.8464
% 1774620117.7800543 robobot/cmd/ti rc 0.0 0.5
% 1774620117.7928174 robobot/cmd/ti rc 0.0 0.5
% 1774620117.8050091 robobot/cmd/ti rc 0.0 0.5
% 1774620117.816124 robobot/cmd/ti rc 0.0 0.5
% 1774620117.8268335 robobot/cmd/ti rc 0.0 0.5
% 1774620117.8286018 robobot/cmd/T0 servo 1 -900 200
1774620117.8289983 0 -0.002 0.001 0.584 102 0.00 0.00 0.000 0.000 0 -0.001 6.867 -0.0006 6.8672
% 1774620117.8391752 robobot/cmd/ti rc 0.0 0.5
% 1774620117.849712 robobot/cmd/ti rc 0.0 0.5
1774620117.8536327 0 -0.002 0.000 0.591 102 0.00 0.00 0.000 0.000 0 -0.001 6.874 -0.0006 6.8741
% 1774620117.8630745 robobot/cmd/ti rc 0.0 0.5
% 1774620117.873626 robobot/cmd/ti rc 0.0 0.5
1774620117.8776348 0 -0.003 0.000 0.597 102 0.00 0.00 0.000 0.000 0 -0.001 6.880 -0.0009 6.8799
% 1774620117.8849826 robobot/cmd/ti rc 0.0 0.5
% 1774620117.8980932 robobot/cmd/ti rc 0.0 0.5
% 1774620117.9086502 robobot/cmd/ti rc 0.0 0.5
% 1774620117.9200404 robobot/cmd/ti rc 0.0 0.5
1774620117.9281735 0 -0.003 0.000 0.622 103 0.00 0.00 0.000 0.000 0 -0.002 6.905 -0.0015 6.9053
% 1774620117.9312963 robobot/cmd/ti rc 0.0 0.5
% 1774620117.9429839 robobot/cmd/ti rc 0.0 0.5
% 1774620117.9534717 robobot/cmd/ti rc 0.0 0.5
1774620117.9544106 0 -0.003 0.000 0.639 103 0.00 0.00 0.000 0.000 0 -0.001 6.923 -0.0011 6.9227
% 1774620117.9643576 robobot/cmd/ti rc 0.0 0.5
% 1774620117.975348 robobot/cmd/ti rc 0.0 0.5
1774620117.9773023 0 -0.002 0.001 0.652 103 0.00 0.00 0.000 0.000 0 -0.001 6.935 -0.0007 6.9354
% 1774620117.9873433 robobot/cmd/ti rc 0.0 0.5
% 1774620118.00134 robobot/cmd/ti rc 0.0 0.5
% 1774620118.0117733 robobot/cmd/ti rc 0.0 0.5
% 1774620118.0223649 robobot/cmd/ti rc 0.0 0.5
1774620118.0288446 0 -0.002 0.001 0.672 103 0.00 0.00 0.000 0.000 0 -0.000 6.955 -0.0003 6.9551
% 1774620118.0327046 robobot/cmd/ti rc 0.0 0.5
% 1774620118.0430515 robobot/cmd/ti rc 0.0 0.5
1774620118.0530245 0 -0.002 0.000 0.686 103 0.00 0.00 0.000 0.000 0 -0.001 6.969 -0.0005 6.9689
% 1774620118.0533974 robobot/cmd/ti rc 0.0 0.5
% 1774620118.063721 robobot/cmd/ti rc 0.0 0.5
% 1774620118.0769868 robobot/cmd/ti rc 0.0 0.5
% 1774620118.077286 robobot/cmd/T0 servo 1 -900 200
1774620118.0775611 0 -0.002 0.000 0.695 104 0.00 0.00 0.000 0.000 0 -0.001 6.978 -0.0008 6.9782
% 1774620118.089288 robobot/cmd/ti rc 0.0 0.5
% 1774620118.101503 robobot/cmd/ti rc 0.0 0.5
% 1774620118.113907 robobot/cmd/ti rc 0.0 0.5
% 1774620118.1248288 robobot/cmd/ti rc 0.0 0.5
1774620118.1290092 0 -0.002 0.000 0.720 104 0.00 0.00 0.000 0.000 0 -0.001 7.004 -0.0006 7.0036
% 1774620118.1375568 robobot/cmd/ti rc 0.0 0.5
% 1774620118.1484616 robobot/cmd/ti rc 0.0 0.5
1774620118.1553783 0 -0.002 0.001 0.733 104 0.00 0.00 0.000 0.000 0 -0.001 7.016 -0.0006 7.0164
% 1774620118.1599905 robobot/cmd/ti rc 0.0 0.5
% 1774620118.1718197 robobot/cmd/ti rc 0.0 0.5
% 1774620118.1722775 robobot/cmd/ti alive 2026-03-27 15:01:41.362915
1774620118.1773968 0 -0.002 0.001 0.744 104 0.00 0.00 0.000 0.000 0 -0.001 7.027 -0.0005 7.0268
% 1774620118.18366 robobot/cmd/ti rc 0.0 0.5
% 1774620118.1942494 robobot/cmd/ti rc 0.0 0.5
% 1774620118.204613 robobot/cmd/ti rc 0.0 0.5
% 1774620118.2170115 robobot/cmd/ti rc 0.0 0.5
1774620118.2277312 0 -0.003 -0.000 0.757 105 0.00 0.00 0.000 0.000 0 -0.001 7.041 -0.0009 7.0406
% 1774620118.2291548 robobot/cmd/ti rc 0.0 0.5
% 1774620118.2401202 robobot/cmd/ti rc 0.0 0.5
% 1774620118.2519884 robobot/cmd/ti rc 0.0 0.5
1774620118.255321 0 -0.004 -0.001 0.764 105 0.00 0.00 0.000 0.000 0 -0.001 7.048 -0.0014 7.0476
% 1774620118.264182 robobot/cmd/ti rc 0.0 0.5
% 1774620118.2749214 robobot/cmd/ti rc 0.0 0.5
1774620118.2782362 0 -0.004 -0.001 0.775 105 0.00 0.00 0.000 0.000 0 -0.002 7.058 -0.0019 7.0580
% 1774620118.2859275 robobot/cmd/ti rc 0.0 0.5
% 1774620118.2966695 robobot/cmd/ti rc 0.0 0.5
% 1774620118.307373 robobot/cmd/ti rc 0.0 0.5
% 1774620118.3178487 robobot/cmd/ti rc 0.0 0.5
1774620118.3294775 0 -0.003 0.000 0.808 105 0.00 0.00 0.000 0.000 0 -0.001 7.091 -0.0009 7.0915
% 1774620118.3297834 robobot/cmd/ti rc 0.0 0.5
% 1774620118.330439 robobot/cmd/T0 servo 1 -900 200
% 1774620118.3412979 robobot/cmd/ti rc 0.0 0.5
% 1774620118.3517997 robobot/cmd/ti rc 0.0 0.5
1774620118.3530445 0 -0.002 0.001 0.818 105 0.00 0.00 0.000 0.000 0 -0.000 7.101 -0.0005 7.1008
% 1774620118.3647034 robobot/cmd/ti rc 0.0 0.5
% 1774620118.375686 robobot/cmd/ti rc 0.0 0.5
1774620118.380314 0 -0.002 0.000 0.830 106 0.00 0.00 0.000 0.000 0 -0.000 7.113 -0.0002 7.1135
% 1774620118.3871753 robobot/cmd/ti rc 0.0 0.5
% 1774620118.399762 robobot/cmd/ti rc 0.0 0.5
% 1774620118.4103699 robobot/cmd/ti rc 0.0 0.5
% 1774620118.4256995 robobot/cmd/ti rc 0.0 0.5
1774620118.4282067 0 -0.003 -0.000 0.852 106 0.00 0.00 0.000 0.000 0 -0.001 7.135 -0.0006 7.1355
% 1774620118.439487 robobot/cmd/ti rc 0.0 0.5
% 1774620118.449999 robobot/cmd/ti rc 0.0 0.5
1774620118.4556873 0 -0.003 0.000 0.865 106 0.00 0.00 0.000 0.000 0 -0.001 7.148 -0.0009 7.1482
% 1774620118.4606361 robobot/cmd/ti rc 0.0 0.5
% 1774620118.4710367 robobot/cmd/ti rc 0.0 0.5
1774620118.478622 0 -0.003 0.000 0.878 106 0.00 0.00 0.000 0.000 0 -0.001 7.161 -0.0007 7.1609
% 1774620118.4822457 robobot/cmd/ti rc 0.0 0.5
% 1774620118.493059 robobot/cmd/ti rc 0.0 0.5
% 1774620118.5053704 robobot/cmd/ti rc 0.0 0.5
% 1774620118.5172732 robobot/cmd/ti rc 0.0 0.5
% 1774620118.528226 robobot/cmd/ti rc 0.0 0.5
1774620118.5284421 0 -0.003 0.000 0.900 107 0.00 0.00 0.000 0.000 0 -0.000 7.183 -0.0004 7.1829
% 1774620118.539053 robobot/cmd/ti rc 0.0 0.5
% 1774620118.549542 robobot/cmd/ti rc 0.0 0.5
1774620118.553698 0 -0.003 0.000 0.909 107 0.00 0.00 0.000 0.000 0 -0.000 7.192 -0.0005 7.1921
% 1774620118.5613904 robobot/cmd/ti rc 0.0 0.5
% 1774620118.5725024 robobot/cmd/ti rc 0.0 0.5
1774620118.5786593 0 -0.003 -0.001 0.916 107 0.00 0.00 0.000 0.000 0 -0.001 7.199 -0.0008 7.1991
% 1774620118.5834267 robobot/cmd/ti rc 0.0 0.5
% 1774620118.5846257 robobot/cmd/T0 servo 1 -900 200
% 1774620118.59624 robobot/cmd/ti rc 0.0 0.5
% 1774620118.607792 robobot/cmd/ti rc 0.0 0.5
% 1774620118.6183364 robobot/cmd/ti rc 0.0 0.5
1774620118.6284015 0 -0.004 -0.002 0.930 108 0.00 0.00 0.000 0.000 0 -0.002 7.213 -0.0017 7.2130
% 1774620118.6292026 robobot/cmd/ti rc 0.0 0.5
% 1774620118.6423402 robobot/cmd/ti rc 0.0 0.5
% 1774620118.6554835 robobot/cmd/ti rc 0.0 0.5
1774620118.656872 0 -0.004 -0.002 0.939 108 0.00 0.00 0.000 0.000 0 -0.002 7.222 -0.0023 7.2222
% 1774620118.667114 robobot/cmd/ti rc 0.0 0.5
% 1774620118.6777818 robobot/cmd/ti alive 2026-03-27 15:01:41.362915
% 1774620118.6782837 robobot/cmd/ti rc 0.0 0.5
1774620118.678754 0 -0.004 -0.001 0.954 108 0.00 0.00 0.000 0.000 0 -0.002 7.237 -0.0020 7.2372
% 1774620118.6888382 robobot/cmd/ti rc 0.0 0.5
% 1774620118.7002745 robobot/cmd/ti rc 0.0 0.5
% 1774620118.7111409 robobot/cmd/ti rc 0.0 0.5
% 1774620118.7218087 robobot/cmd/ti rc 0.0 0.5
1774620118.7309034 0 -0.003 -0.000 0.986 108 0.00 0.00 0.000 0.000 0 -0.001 7.270 -0.0006 7.2696
% 1774620118.7323136 robobot/cmd/ti rc 0.0 0.5
% 1774620118.7430954 robobot/cmd/ti rc 0.0 0.5
% 1774620118.753846 robobot/cmd/ti rc 0.0 0.5
1774620118.754546 0 -0.003 -0.000 0.998 108 0.00 0.00 0.000 0.000 0 -0.001 7.281 -0.0006 7.2812
% 1774620118.7648718 robobot/cmd/ti rc 0.0 0.5
% 1774620118.7755 robobot/cmd/ti rc 0.0 0.5
1774620118.779326 0 -0.003 -0.000 1.010 108 0.00 0.00 0.000 0.000 0 -0.001 7.293 -0.0006 7.2928
% 1774620118.7859952 robobot/cmd/ti rc 0.0 0.5
% 1774620118.7964644 robobot/cmd/ti rc 0.0 0.5
% 1774620118.8080938 robobot/cmd/ti rc 0.0 0.5
% 1774620118.8195982 robobot/cmd/ti rc 0.0 0.5
1774620118.8286064 0 -0.003 -0.000 1.033 109 0.00 0.00 0.000 0.000 0 -0.001 7.316 -0.0008 7.3159
% 1774620118.830511 robobot/cmd/ti rc 0.0 0.5
% 1774620118.840918 robobot/cmd/ti rc 0.0 0.5
% 1774620118.8410854 robobot/cmd/T0 servo 1 -900 200
% 1774620118.852126 robobot/cmd/ti rc 0.0 0.5
1774620118.8546183 0 -0.003 -0.000 1.043 109 0.00 0.00 0.000 0.000 0 -0.001 7.326 -0.0005 7.3263
% 1774620118.8634748 robobot/cmd/ti rc 0.0 0.5
% 1774620118.87427 robobot/cmd/ti rc 0.0 0.5
1774620118.8783402 0 -0.003 -0.000 1.056 109 0.00 0.00 0.000 0.000 0 -0.000 7.339 -0.0005 7.3390
% 1774620118.8850045 robobot/cmd/ti rc 0.0 0.5
% 1774620118.898018 robobot/cmd/ti rc 0.0 0.5
% 1774620118.9085124 robobot/cmd/ti rc 0.0 0.5
% 1774620118.918923 robobot/cmd/ti rc 0.0 0.5
1774620118.927986 0 -0.003 -0.001 1.077 110 0.00 0.00 0.000 0.000 0 -0.001 7.360 -0.0007 7.3598
% 1774620118.9294846 robobot/cmd/ti rc 0.0 0.5
% 1774620118.9410212 robobot/cmd/ti rc 0.0 0.5
% 1774620118.9528813 robobot/cmd/ti rc 0.0 0.5
1774620118.9572163 0 -0.004 -0.001 1.081 110 0.00 0.00 0.000 0.000 0 -0.001 7.364 -0.0009 7.3645
% 1774620118.9650784 robobot/cmd/ti rc 0.0 0.5
% 1774620118.9777493 robobot/cmd/ti rc 0.0 0.5
1774620118.9789276 0 -0.004 -0.002 1.091 110 0.00 0.00 0.000 0.000 0 -0.001 7.374 -0.0013 7.3737
% 1774620118.9891682 robobot/cmd/ti rc 0.0 0.5
% 1774620118.9995778 robobot/cmd/ti rc 0.0 0.5
% 1774620119.0103755 robobot/cmd/ti rc 0.0 0.5
% 1774620119.0211287 robobot/cmd/ti rc 0.0 0.5
1774620119.0286937 0 -0.003 -0.001 1.116 110 0.00 0.00 0.000 0.000 0 -0.001 7.399 -0.0010 7.3992
% 1774620119.0325758 robobot/cmd/ti rc 0.0 0.5
% 1774620119.0429707 robobot/cmd/ti rc 0.0 0.5
1774620119.054055 0 -0.003 -0.001 1.131 110 0.00 0.00 0.000 0.000 0 -0.001 7.414 -0.0005 7.4142
% 1774620119.054475 robobot/cmd/ti rc 0.0 0.5
% 1774620119.0660985 robobot/cmd/ti rc 0.0 0.5
% 1774620119.0782754 robobot/cmd/ti rc 0.0 0.5
1774620119.0809104 0 -0.004 -0.001 1.144 111 0.00 0.00 0.000 0.000 0 -0.000 7.427 -0.0004 7.4269
% 1774620119.0909002 robobot/cmd/ti rc 0.0 0.5
% 1774620119.1015215 robobot/cmd/ti rc 0.0 0.5
% 1774620119.1026576 robobot/cmd/T0 servo 1 -900 200
% 1774620119.11511 robobot/cmd/ti rc 0.0 0.5
% 1774620119.1257856 robobot/cmd/ti rc 0.0 0.5
1774620119.1293592 0 -0.003 -0.001 1.168 111 0.00 0.00 0.000 0.000 0 -0.001 7.451 -0.0007 7.4512
% 1774620119.137371 robobot/cmd/ti rc 0.0 0.5
% 1774620119.1485536 robobot/cmd/ti rc 0.0 0.5
1774620119.1540887 0 -0.004 -0.001 1.178 111 0.00 0.00 0.000 0.000 0 -0.001 7.462 -0.0008 7.4616
% 1774620119.1592596 robobot/cmd/ti rc 0.0 0.5
% 1774620119.1697006 robobot/cmd/ti rc 0.0 0.5
1774620119.1783292 0 -0.003 -0.001 1.191 111 0.00 0.00 0.000 0.000 0 -0.001 7.474 -0.0008 7.4743
% 1774620119.1802154 robobot/cmd/ti rc 0.0 0.5
% 1774620119.1834943 robobot/cmd/ti alive 2026-03-27 15:01:41.362915
% 1774620119.1935837 robobot/cmd/ti rc 0.0 0.5
% 1774620119.205146 robobot/cmd/ti rc 0.0 0.5
% 1774620119.218533 robobot/cmd/ti rc 0.0 0.5
1774620119.229021 0 -0.003 -0.001 1.213 112 0.00 0.00 0.000 0.000 0 -0.000 7.496 -0.0005 7.4963
% 1774620119.2303364 robobot/cmd/ti rc 0.0 0.5
% 1774620119.2410166 robobot/cmd/ti rc 0.0 0.5
% 1774620119.251523 robobot/cmd/ti rc 0.0 0.5
1774620119.2547207 0 -0.003 -0.001 1.226 112 0.00 0.00 0.000 0.000 0 -0.001 7.509 -0.0006 7.5090
% 1774620119.2625089 robobot/cmd/ti rc 0.0 0.5
% 1774620119.2733552 robobot/cmd/ti rc 0.0 0.5
1774620119.2815237 0 -0.004 -0.001 1.236 112 0.00 0.00 0.000 0.000 0 -0.001 7.519 -0.0007 7.5194
% 1774620119.284103 robobot/cmd/ti rc 0.0 0.5
% 1774620119.2945588 robobot/cmd/ti rc 0.0 0.5
% 1774620119.3050826 robobot/cmd/ti rc 0.0 0.5
% 1774620119.3160818 robobot/cmd/ti rc 0.0 0.5
% 1774620119.3280394 robobot/cmd/ti rc 0.0 0.5
1774620119.3314912 0 -0.004 -0.002 1.248 113 0.00 0.00 0.000 0.000 0 -0.001 7.531 -0.0013 7.5310
% 1774620119.3387616 robobot/cmd/ti rc 0.0 0.5
% 1774620119.3509877 robobot/cmd/ti rc 0.0 0.5
1774620119.3551548 0 -0.004 -0.002 1.260 113 0.00 0.00 0.000 0.000 0 -0.002 7.544 -0.0017 7.5437
% 1774620119.3638418 robobot/cmd/ti rc 0.0 0.5
% 1774620119.3645577 robobot/cmd/T0 servo 1 -900 200
% 1774620119.375606 robobot/cmd/ti rc 0.0 0.5
1774620119.379209 0 -0.004 -0.001 1.273 113 0.00 0.00 0.000 0.000 0 -0.001 7.556 -0.0011 7.5564
% 1774620119.3864055 robobot/cmd/ti rc 0.0 0.5
% 1774620119.4000916 robobot/cmd/ti rc 0.0 0.5
% 1774620119.4119778 robobot/cmd/ti rc 0.0 0.5
% 1774620119.4224758 robobot/cmd/ti rc 0.0 0.5
1774620119.432624 0 -0.004 -0.001 1.302 113 0.00 0.00 0.000 0.000 0 -0.000 7.585 -0.0005 7.5854
% 1774620119.4341922 robobot/cmd/ti rc 0.0 0.5
% 1774620119.446105 robobot/cmd/ti rc 0.0 0.5
1774620119.4550385 0 -0.004 -0.001 1.315 113 0.00 0.00 0.000 0.000 0 -0.001 7.598 -0.0006 7.5981
% 1774620119.4565542 robobot/cmd/ti rc 0.0 0.5
% 1774620119.4669447 robobot/cmd/ti rc 0.0 0.5
% 1774620119.4773128 robobot/cmd/ti rc 0.0 0.5
1774620119.4795234 0 -0.004 -0.001 1.326 113 0.00 0.00 0.000 0.000 0 -0.001 7.610 -0.0006 7.6096
% 1774620119.487751 robobot/cmd/ti rc 0.0 0.5
% 1774620119.4980953 robobot/cmd/ti rc 0.0 0.5
% 1774620119.516702 robobot/cmd/ti rc 0.0 0.5
% 1774620119.5279114 robobot/cmd/ti rc 0.0 0.5
1774620119.530862 0 -0.004 -0.001 1.347 114 0.00 0.00 0.000 0.000 0 -0.001 7.630 -0.0008 7.6305
% 1774620119.538825 robobot/cmd/ti rc 0.0 0.5
% 1774620119.5497658 robobot/cmd/ti rc 0.0 0.5
1774620119.5545979 0 -0.004 -0.001 1.361 114 0.00 0.00 0.000 0.000 0 -0.001 7.644 -0.0005 7.6443
% 1774620119.5604155 robobot/cmd/ti rc 0.0 0.5
% 1774620119.5709763 robobot/cmd/ti rc 0.0 0.5
1774620119.57966 0 -0.004 -0.001 1.371 114 0.00 0.00 0.000 0.000 0 -0.000 7.655 -0.0004 7.6547
% 1774620119.5814526 robobot/cmd/ti rc 0.0 0.5
% 1774620119.5947747 robobot/cmd/ti rc 0.0 0.5
% 1774620119.6057012 robobot/cmd/ti rc 0.0 0.5
% 1774620119.6162553 robobot/cmd/ti rc 0.0 0.5
% 1774620119.6166053 robobot/cmd/T0 servo 1 -900 200
% 1774620119.6279557 robobot/cmd/ti rc 0.0 0.5
1774620119.6295526 0 -0.004 -0.001 1.395 114 0.00 0.00 0.000 0.000 0 -0.001 7.678 -0.0006 7.6779
% 1774620119.63846 robobot/cmd/ti rc 0.0 0.5
% 1774620119.6489174 robobot/cmd/ti rc 0.0 0.5
1774620119.6554437 0 -0.004 -0.002 1.403 114 0.00 0.00 0.000 0.000 0 -0.001 7.686 -0.0007 7.6860
% 1774620119.659766 robobot/cmd/ti rc 0.0 0.5
% 1774620119.6713815 robobot/cmd/ti rc 0.0 0.5
1774620119.6796658 0 -0.004 -0.002 1.407 115 0.00 0.00 0.000 0.000 0 -0.001 7.691 -0.0010 7.6906
% 1774620119.68441 robobot/cmd/ti rc 0.0 0.5
% 1774620119.6894808 robobot/cmd/ti alive 2026-03-27 15:01:41.362915
% 1774620119.6956515 robobot/cmd/ti rc 0.0 0.5
% 1774620119.7063527 robobot/cmd/ti rc 0.0 0.5
% 1774620119.7178266 robobot/cmd/ti rc 0.0 0.5
% 1774620119.7304182 robobot/cmd/ti rc 0.0 0.5
1774620119.731541 0 -0.004 -0.002 1.425 115 0.00 0.00 0.000 0.000 0 -0.001 7.708 -0.0013 7.7079
% 1774620119.7413301 robobot/cmd/ti rc 0.0 0.5
% 1774620119.7521951 robobot/cmd/ti rc 0.0 0.5
1774620119.7561247 0 -0.004 -0.002 1.444 115 0.00 0.00 0.000 0.000 0 -0.001 7.728 -0.0010 7.7276
% 1774620119.7664337 robobot/cmd/ti rc 0.0 0.5
% 1774620119.777429 robobot/cmd/ti rc 0.0 0.5
1774620119.779862 0 -0.004 -0.002 1.459 115 0.00 0.00 0.000 0.000 0 -0.001 7.743 -0.0007 7.7426
% 1774620119.787869 robobot/cmd/ti rc 0.0 0.5
% 1774620119.7988605 robobot/cmd/ti rc 0.0 0.5
% 1774620119.8105485 robobot/cmd/ti rc 0.0 0.5
% 1774620119.8211758 robobot/cmd/ti rc 0.0 0.5
1774620119.8303018 0 -0.004 -0.002 1.484 116 0.00 0.00 0.000 0.000 0 -0.001 7.767 -0.0006 7.7669
% 1774620119.8333747 robobot/cmd/ti rc 0.0 0.5
% 1774620119.8440433 robobot/cmd/ti rc 0.0 0.5
1774620119.8549845 0 -0.004 -0.002 1.493 116 0.00 0.00 0.000 0.000 0 -0.001 7.776 -0.0006 7.7762
% 1774620119.8577662 robobot/cmd/ti rc 0.0 0.5
% 1774620119.8683941 robobot/cmd/ti rc 0.0 0.5
% 1774620119.8687017 robobot/cmd/T0 servo 1 -900 200
% 1774620119.8794622 robobot/cmd/ti rc 0.0 0.5
1774620119.8820255 0 -0.004 -0.002 1.503 116 0.00 0.00 0.000 0.000 0 -0.001 7.787 -0.0007 7.7866
% 1774620119.894534 robobot/cmd/ti rc 0.0 0.5
% 1774620119.9054346 robobot/cmd/ti rc 0.0 0.5
% 1774620119.9164786 robobot/cmd/ti rc 0.0 0.5
% 1774620119.9280713 robobot/cmd/ti rc 0.0 0.5
1774620119.9316993 0 -0.004 -0.002 1.530 117 0.00 0.00 0.000 0.000 0 -0.000 7.813 -0.0005 7.8132
% 1774620119.9393194 robobot/cmd/ti rc 0.0 0.5
% 1774620119.9502013 robobot/cmd/ti rc 0.0 0.5
1774620119.9552658 0 -0.004 -0.002 1.539 117 0.00 0.00 0.000 0.000 0 -0.001 7.822 -0.0006 7.8224
% 1774620119.961008 robobot/cmd/ti rc 0.0 0.5
% 1774620119.9751549 robobot/cmd/ti rc 0.0 0.5
1774620119.9799128 0 -0.004 -0.002 1.553 117 0.00 0.00 0.000 0.000 0 -0.001 7.836 -0.0006 7.8363
% 1774620119.9857547 robobot/cmd/ti rc 0.0 0.5
% 1774620119.9967434 robobot/cmd/ti rc 0.0 0.5
% 1774620120.0073385 robobot/cmd/ti rc 0.0 0.5
% 1774620120.0179944 robobot/cmd/ti rc 0.0 0.5
% 1774620120.0283852 robobot/cmd/ti rc 0.0 0.5
1774620120.031609 0 -0.004 -0.003 1.567 117 0.00 0.00 0.000 0.000 0 -0.001 7.850 -0.0009 7.8502
% 1774620120.0389707 robobot/cmd/ti rc 0.0 0.5
% 1774620120.0493965 robobot/cmd/ti rc 0.0 0.5
1774620120.0551395 0 -0.004 -0.003 1.568 117 0.00 0.00 0.000 0.000 0 -0.001 7.851 -0.0012 7.8514
% 1774620120.0610113 robobot/cmd/ti rc 0.0 0.5
% 1774620120.0720627 robobot/cmd/ti rc 0.0 0.5
1774620120.081745 0 -0.004 -0.003 1.582 117 0.00 0.00 0.000 0.000 0 -0.002 7.865 -0.0016 7.8652
% 1774620120.0825014 robobot/cmd/ti rc 0.0 0.5
% 1774620120.0930665 robobot/cmd/ti rc 0.0 0.5
% 1774620120.1047525 robobot/cmd/ti rc 0.0 0.5
% 1774620120.1161766 robobot/cmd/ti rc 0.0 0.5
% 1774620120.1270692 robobot/cmd/ti rc 0.0 0.5
% 1774620120.1284347 robobot/cmd/T0 servo 1 -900 200
1774620120.1305807 0 -0.004 -0.003 1.616 118 0.00 0.00 0.000 0.000 0 -0.001 7.899 -0.0010 7.8988
% 1774620120.1394057 robobot/cmd/ti rc 0.0 0.5
% 1774620120.1500967 robobot/cmd/ti rc 0.0 0.5
1774620120.155451 0 -0.004 -0.002 1.626 118 0.00 0.00 0.000 0.000 0 -0.001 7.909 -0.0007 7.9092
% 1774620120.1605172 robobot/cmd/ti rc 0.0 0.5
% 1774620120.1710484 robobot/cmd/ti rc 0.0 0.5
% 1774620120.1816647 robobot/cmd/ti rc 0.0 0.5
1774620120.182185 0 -0.004 -0.002 1.641 118 0.00 0.00 0.000 0.000 0 -0.001 7.924 -0.0007 7.9242
% 1774620120.1933894 robobot/cmd/ti rc 0.0 0.5
% 1774620120.1935074 robobot/cmd/ti alive 2026-03-27 15:01:41.362915
% 1774620120.2038512 robobot/cmd/ti rc 0.0 0.5
% 1774620120.2144983 robobot/cmd/ti rc 0.0 0.5
% 1774620120.2261636 robobot/cmd/ti rc 0.0 0.5
1774620120.2299666 0 -0.004 -0.002 1.661 119 0.00 0.00 0.000 0.000 0 -0.001 7.944 -0.0006 7.9439
% 1774620120.2369723 robobot/cmd/ti rc 0.0 0.5
% 1774620120.2487926 robobot/cmd/ti rc 0.0 0.5
1774620120.254753 0 -0.004 -0.002 1.670 119 0.00 0.00 0.000 0.000 0 -0.001 7.953 -0.0008 7.9531
% 1774620120.2594097 robobot/cmd/ti rc 0.0 0.5
% 1774620120.2715874 robobot/cmd/ti rc 0.0 0.5
1774620120.2816062 0 -0.004 -0.002 1.687 119 0.00 0.00 0.000 0.000 0 -0.001 7.970 -0.0006 7.9705
% 1774620120.2824214 robobot/cmd/ti rc 0.0 0.5
% 1774620120.293379 robobot/cmd/ti rc 0.0 0.5
% 1774620120.3049517 robobot/cmd/ti rc 0.0 0.5
% 1774620120.3170202 robobot/cmd/ti rc 0.0 0.5
% 1774620120.3290555 robobot/cmd/ti rc 0.0 0.5
1774620120.3305662 0 -0.004 -0.003 1.710 119 0.00 0.00 0.000 0.000 0 -0.001 7.994 -0.0006 7.9936
% 1774620120.3394089 robobot/cmd/ti rc 0.0 0.5
% 1774620120.3503277 robobot/cmd/ti rc 0.0 0.5
1774620120.3541467 0 -0.004 -0.002 1.718 119 0.00 0.00 0.000 0.000 0 -0.001 8.002 -0.0007 8.0017
% 1774620120.3624523 robobot/cmd/ti rc 0.0 0.5
% 1774620120.373068 robobot/cmd/ti rc 0.0 0.5
1774620120.3817172 0 -0.004 -0.003 1.724 120 0.00 0.00 0.000 0.000 0 -0.001 8.007 -0.0008 8.0075
% 1774620120.3836818 robobot/cmd/ti rc 0.0 0.5
% 1774620120.3839233 robobot/cmd/T0 servo 1 -900 200
% 1774620120.3974094 robobot/cmd/ti rc 0.0 0.5
% 1774620120.4092228 robobot/cmd/ti rc 0.0 0.5
% 1774620120.4220254 robobot/cmd/ti rc 0.0 0.5
% 1774620120.4333217 robobot/cmd/ti rc 0.0 0.5
1774620120.4336104 0 -0.004 -0.004 1.739 120 0.00 0.00 0.000 0.000 0 -0.001 8.022 -0.0013 8.0225
% 1774620120.4439797 robobot/cmd/ti rc 0.0 0.5
% 1774620120.4557335 robobot/cmd/ti rc 0.0 0.5
1774620120.4570284 0 -0.004 -0.004 1.752 120 0.00 0.00 0.000 0.000 0 -0.002 8.035 -0.0016 8.0352
% 1774620120.4703207 robobot/cmd/ti rc 0.0 0.5
% 1774620120.480886 robobot/cmd/ti rc 0.0 0.5
1774620120.4825451 0 -0.004 -0.003 1.772 120 0.00 0.00 0.000 0.000 0 -0.001 8.055 -0.0011 8.0549
% 1774620120.492613 robobot/cmd/ti rc 0.0 0.5
% 1774620120.5031292 robobot/cmd/ti rc 0.0 0.5
% 1774620120.5140574 robobot/cmd/ti rc 0.0 0.5
% 1774620120.526467 robobot/cmd/ti rc 0.0 0.5
1774620120.5326905 0 -0.004 -0.003 1.797 121 0.00 0.00 0.000 0.000 0 -0.001 8.080 -0.0007 8.0803
% 1774620120.5390105 robobot/cmd/ti rc 0.0 0.5
% 1774620120.550666 robobot/cmd/ti rc 0.0 0.5
1774620120.555811 0 -0.004 -0.003 1.805 121 0.00 0.00 0.000 0.000 0 -0.001 8.088 -0.0006 8.0884
% 1774620120.5628169 robobot/cmd/ti rc 0.0 0.5
% 1774620120.576407 robobot/cmd/ti rc 0.0 0.5
1774620120.5814185 0 -0.004 -0.003 1.818 121 0.00 0.00 0.000 0.000 0 -0.001 8.101 -0.0005 8.1012
% 1774620120.5874314 robobot/cmd/ti rc 0.0 0.5
% 1774620120.5993807 robobot/cmd/ti rc 0.0 0.5
% 1774620120.6103263 robobot/cmd/ti rc 0.0 0.5
% 1774620120.6224246 robobot/cmd/ti rc 0.0 0.5
1774620120.631209 0 -0.004 -0.003 1.845 121 0.00 0.00 0.000 0.000 0 -0.001 8.128 -0.0007 8.1278
% 1774620120.6327896 robobot/cmd/ti rc 0.0 0.5
% 1774620120.6434133 robobot/cmd/ti rc 0.0 0.5
% 1774620120.6450207 robobot/cmd/T0 servo 1 -900 200
1774620120.6542485 0 -0.004 -0.003 1.853 121 0.00 0.00 0.000 0.000 0 -0.001 8.136 -0.0006 8.1359
% 1774620120.6554 robobot/cmd/ti rc 0.0 0.5
% 1774620120.6657724 robobot/cmd/ti rc 0.0 0.5
% 1774620120.6763432 robobot/cmd/ti rc 0.0 0.5
1774620120.6809967 0 -0.004 -0.003 1.868 121 0.00 0.00 0.000 0.000 0 -0.001 8.151 -0.0006 8.1509
% 1774620120.6867738 robobot/cmd/ti rc 0.0 0.5
% 1774620120.6971915 robobot/cmd/ti rc 0.0 0.5
% 1774620120.6987407 robobot/cmd/ti alive 2026-03-27 15:01:41.362915
% 1774620120.7084184 robobot/cmd/ti rc 0.0 0.5
% 1774620120.721166 robobot/cmd/ti rc 0.0 0.5
1774620120.7314055 0 -0.004 -0.003 1.883 122 0.00 0.00 0.000 0.000 0 -0.001 8.166 -0.0006 8.1659
% 1774620120.7330859 robobot/cmd/ti rc 0.0 0.5
% 1774620120.7452762 robobot/cmd/ti rc 0.0 0.5
1774620120.7555747 0 -0.004 -0.003 1.887 122 0.00 0.00 0.000 0.000 0 -0.001 8.171 -0.0006 8.1706
% 1774620120.7561762 robobot/cmd/ti rc 0.0 0.5
% 1774620120.7666736 robobot/cmd/ti rc 0.0 0.5
% 1774620120.777521 robobot/cmd/ti rc 0.0 0.5
1774620120.7817917 0 -0.003 -0.004 1.898 122 0.00 0.00 0.000 0.000 0 -0.001 8.181 -0.0012 8.1810
% 1774620120.7881007 robobot/cmd/ti rc 0.0 0.5
% 1774620120.7986517 robobot/cmd/ti rc 0.0 0.5
% 1774620120.809424 robobot/cmd/ti rc 0.0 0.5
% 1774620120.8199284 robobot/cmd/ti rc 0.0 0.5
% 1774620120.830262 robobot/cmd/ti rc 0.0 0.5
1774620120.8311856 0 -0.003 -0.004 1.928 122 0.00 0.00 0.000 0.000 0 -0.001 8.211 -0.0012 8.2110
% 1774620120.8411853 robobot/cmd/ti rc 0.0 0.5
% 1774620120.8518007 robobot/cmd/ti rc 0.0 0.5
1774620120.854464 0 -0.004 -0.003 1.941 122 0.00 0.00 0.000 0.000 0 -0.001 8.224 -0.0010 8.2238
% 1774620120.8635902 robobot/cmd/ti rc 0.0 0.5
% 1774620120.8744652 robobot/cmd/ti rc 0.0 0.5
1774620120.8841386 0 -0.004 -0.003 1.952 123 0.00 0.00 0.000 0.000 0 -0.001 8.235 -0.0006 8.2353
% 1774620120.8858604 robobot/cmd/ti rc 0.0 0.5
% 1774620120.8975732 robobot/cmd/ti rc 0.0 0.5
% 1774620120.8979979 robobot/cmd/T0 servo 1 -900 200
% 1774620120.9084053 robobot/cmd/ti rc 0.0 0.5
% 1774620120.9194598 robobot/cmd/ti rc 0.0 0.5
% 1774620120.93035 robobot/cmd/ti rc 0.0 0.5
1774620120.931887 0 -0.004 -0.003 1.976 123 0.00 0.00 0.000 0.000 0 -0.001 8.260 -0.0006 8.2596
% 1774620120.9408953 robobot/cmd/ti rc 0.0 0.5
% 1774620120.9545453 robobot/cmd/ti rc 0.0 0.5
1774620120.9555626 0 -0.004 -0.004 1.986 123 0.00 0.00 0.000 0.000 0 -0.001 8.269 -0.0007 8.2689
% 1774620120.965456 robobot/cmd/ti rc 0.0 0.5
% 1774620120.976264 robobot/cmd/ti rc 0.0 0.5
1774620120.9818988 0 -0.004 -0.003 2.001 123 0.00 0.00 0.000 0.000 0 -0.001 8.284 -0.0008 8.2839
% 1774620120.9878454 robobot/cmd/ti rc 0.0 0.5
% 1774620120.9995127 robobot/cmd/ti rc 0.0 0.5
% 1774620121.0119884 robobot/cmd/ti rc 0.0 0.5
% 1774620121.022701 robobot/cmd/ti rc 0.0 0.5
1774620121.0314362 0 -0.004 -0.003 2.025 124 0.00 0.00 0.000 0.000 0 -0.001 8.308 -0.0007 8.3082
% 1774620121.033151 robobot/cmd/ti rc 0.0 0.5
% 1774620121.043867 robobot/cmd/ti rc 0.0 0.5
1774620121.0546799 0 -0.004 -0.003 2.033 124 0.00 0.00 0.000 0.000 0 -0.001 8.316 -0.0007 8.3163
% 1774620121.0550184 robobot/cmd/ti rc 0.0 0.5
% 1774620121.0657115 robobot/cmd/ti rc 0.0 0.5
% 1774620121.0763588 robobot/cmd/ti rc 0.0 0.5
1774620121.084544 0 -0.004 -0.003 2.041 124 0.00 0.00 0.000 0.000 0 -0.000 8.324 -0.0005 8.3244
% 1774620121.0880678 robobot/cmd/ti rc 0.0 0.5
% 1774620121.0985107 robobot/cmd/ti rc 0.0 0.5
% 1774620121.1088543 robobot/cmd/ti rc 0.0 0.5
% 1774620121.1192782 robobot/cmd/ti rc 0.0 0.5
% 1774620121.129691 robobot/cmd/ti rc 0.0 0.5
1774620121.1310732 0 -0.003 -0.005 2.056 125 0.00 0.00 0.000 0.000 0 -0.001 8.339 -0.0012 8.3394
% 1774620121.1425855 robobot/cmd/ti rc 0.0 0.5
1774620121.1560795 0 -0.003 -0.005 2.064 125 0.00 0.00 0.000 0.000 0 -0.002 8.347 -0.0017 8.3475
% 1774620121.1562588 robobot/cmd/ti rc 0.0 0.5
% 1774620121.1565366 robobot/cmd/T0 servo 1 -900 200
% 1774620121.1673772 robobot/cmd/ti rc 0.0 0.5
% 1774620121.1793125 robobot/cmd/ti rc 0.0 0.5
1774620121.1818576 0 -0.003 -0.004 2.083 125 0.00 0.00 0.000 0.000 0 -0.002 8.366 -0.0018 8.3660
% 1774620121.1907732 robobot/cmd/ti rc 0.0 0.5
% 1774620121.202813 robobot/cmd/ti rc 0.0 0.5
% 1774620121.2065923 robobot/cmd/ti alive 2026-03-27 15:01:41.362915
% 1774620121.2134945 robobot/cmd/ti rc 0.0 0.5
% 1774620121.2240484 robobot/cmd/ti rc 0.0 0.5
1774620121.2317166 0 -0.003 -0.004 2.111 125 0.00 0.00 0.000 0.000 0 -0.001 8.394 -0.0009 8.3937
% 1774620121.2356215 robobot/cmd/ti rc 0.0 0.5
% 1774620121.2471058 robobot/cmd/ti rc 0.0 0.5
1774620121.2556207 0 -0.003 -0.004 2.120 125 0.00 0.00 0.000 0.000 0 -0.001 8.403 -0.0006 8.4030
% 1774620121.2585351 robobot/cmd/ti rc 0.0 0.5
% 1774620121.2716143 robobot/cmd/ti rc 0.0 0.5
1774620121.2843213 0 -0.003 -0.004 2.135 126 0.00 0.00 0.000 0.000 0 -0.001 8.418 -0.0006 8.4180
% 1774620121.2866101 robobot/cmd/ti rc 0.0 0.5
% 1774620121.2975142 robobot/cmd/ti rc 0.0 0.5
% 1774620121.3095503 robobot/cmd/ti rc 0.0 0.5
% 1774620121.3204331 robobot/cmd/ti rc 0.0 0.5
% 1774620121.3321688 robobot/cmd/ti rc 0.0 0.5
1774620121.33252 0 -0.003 -0.004 2.158 126 0.00 0.00 0.000 0.000 0 -0.001 8.441 -0.0010 8.4412
% 1774620121.3426754 robobot/cmd/ti rc 0.0 0.5
% 1774620121.3537629 robobot/cmd/ti rc 0.0 0.5
1774620121.357607 0 -0.003 -0.004 2.170 126 0.00 0.00 0.000 0.000 0 -0.001 8.453 -0.0007 8.4527
% 1774620121.3651633 robobot/cmd/ti rc 0.0 0.5
% 1774620121.3757844 robobot/cmd/ti rc 0.0 0.5
1774620121.382404 0 -0.003 -0.004 2.181 126 0.00 0.00 0.000 0.000 0 -0.001 8.464 -0.0007 8.4643
% 1774620121.3861256 robobot/cmd/ti rc 0.0 0.5
% 1774620121.399327 robobot/cmd/ti rc 0.0 0.5
% 1774620121.4111068 robobot/cmd/ti rc 0.0 0.5
% 1774620121.411292 robobot/cmd/T0 servo 1 -900 200
% 1774620121.4221263 robobot/cmd/ti rc 0.0 0.5
% 1774620121.4335067 robobot/cmd/ti rc 0.0 0.5
1774620121.434325 0 -0.004 -0.004 2.201 127 0.00 0.00 0.000 0.000 0 -0.000 8.484 -0.0005 8.4840
% 1774620121.444025 robobot/cmd/ti rc 0.0 0.5
% 1774620121.4555624 robobot/cmd/ti rc 0.0 0.5
1774620121.456422 0 -0.003 -0.004 2.207 127 0.00 0.00 0.000 0.000 0 -0.001 8.490 -0.0006 8.4897
% 1774620121.4672246 robobot/cmd/ti rc 0.0 0.5
% 1774620121.4779327 robobot/cmd/ti rc 0.0 0.5
1774620121.4850125 0 -0.003 -0.005 2.215 127 0.00 0.00 0.000 0.000 0 -0.001 8.498 -0.0012 8.4978
% 1774620121.4885478 robobot/cmd/ti rc 0.0 0.5
% 1774620121.4989996 robobot/cmd/ti rc 0.0 0.5
% 1774620121.509656 robobot/cmd/ti rc 0.0 0.5
% 1774620121.521281 robobot/cmd/ti rc 0.0 0.5
% 1774620121.5318062 robobot/cmd/ti rc 0.0 0.5
1774620121.5330136 0 -0.002 -0.005 2.235 128 0.00 0.00 0.000 0.000 0 -0.002 8.519 -0.0023 8.5186
% 1774620121.5430455 robobot/cmd/ti rc 0.0 0.5
% 1774620121.5572345 robobot/cmd/ti rc 0.0 0.5
1774620121.5600507 0 -0.003 -0.005 2.248 128 0.00 0.00 0.000 0.000 0 -0.002 8.531 -0.0017 8.5314
% 1774620121.571795 robobot/cmd/ti rc 0.0 0.5
% 1774620121.5822947 robobot/cmd/ti rc 0.0 0.5
1774620121.582887 0 -0.003 -0.004 2.265 128 0.00 0.00 0.000 0.000 0 -0.001 8.549 -0.0011 8.5487
% 1774620121.5960484 robobot/cmd/ti rc 0.0 0.5
% 1774620121.6079648 robobot/cmd/ti rc 0.0 0.5
% 1774620121.6185474 robobot/cmd/ti rc 0.0 0.5
% 1774620121.6296885 robobot/cmd/ti rc 0.0 0.5
1774620121.6345084 0 -0.003 -0.004 2.293 128 0.00 0.00 0.000 0.000 0 -0.001 8.576 -0.0005 8.5765
% 1774620121.642463 robobot/cmd/ti rc 0.0 0.5
% 1774620121.6534076 robobot/cmd/ti rc 0.0 0.5
1774620121.6551123 0 -0.003 -0.004 2.303 128 0.00 0.00 0.000 0.000 0 -0.001 8.586 -0.0006 8.5857
% 1774620121.6655858 robobot/cmd/ti rc 0.0 0.5
% 1774620121.6664295 robobot/cmd/T0 servo 1 -900 200
% 1774620121.6768634 robobot/cmd/ti rc 0.0 0.5
1774620121.6830692 0 -0.003 -0.005 2.313 128 0.00 0.00 0.000 0.000 0 -0.001 8.596 -0.0008 8.5961
% 1774620121.6875317 robobot/cmd/ti rc 0.0 0.5
% 1774620121.6979597 robobot/cmd/ti rc 0.0 0.5
% 1774620121.708325 robobot/cmd/ti rc 0.0 0.5
% 1774620121.7120972 robobot/cmd/ti alive 2026-03-27 15:01:41.362915
% 1774620121.7189617 robobot/cmd/ti rc 0.0 0.5
% 1774620121.7301645 robobot/cmd/ti rc 0.0 0.5
1774620121.7327583 0 -0.003 -0.004 2.338 129 0.00 0.00 0.000 0.000 0 -0.001 8.622 -0.0007 8.6216
% 1774620121.7409403 robobot/cmd/ti rc 0.0 0.5
% 1774620121.751589 robobot/cmd/ti rc 0.0 0.5
1774620121.755743 0 -0.003 -0.004 2.343 129 0.00 0.00 0.000 0.000 0 -0.001 8.626 -0.0006 8.6262
% 1774620121.7622194 robobot/cmd/ti rc 0.0 0.5
% 1774620121.772887 robobot/cmd/ti rc 0.0 0.5
% 1774620121.784014 robobot/cmd/ti rc 0.0 0.5
1774620121.7844887 0 -0.003 -0.004 2.359 129 0.00 0.00 0.000 0.000 0 -0.000 8.642 -0.0004 8.6424
% 1774620121.7957783 robobot/cmd/ti rc 0.0 0.5
% 1774620121.8061845 robobot/cmd/ti rc 0.0 0.5
% 1774620121.8166618 robobot/cmd/ti rc 0.0 0.5
% 1774620121.82744 robobot/cmd/ti rc 0.0 0.5
1774620121.833845 0 -0.002 -0.005 2.377 130 0.00 0.00 0.000 0.000 0 -0.001 8.660 -0.0009 8.6597
% 1774620121.838378 robobot/cmd/ti rc 0.0 0.5
% 1774620121.8514981 robobot/cmd/ti rc 0.0 0.5
1774620121.8560421 0 -0.002 -0.005 2.381 130 0.00 0.00 0.000 0.000 0 -0.001 8.664 -0.0013 8.6644
% 1774620121.8643796 robobot/cmd/ti rc 0.0 0.5
% 1774620121.877639 robobot/cmd/ti rc 0.0 0.5
1774620121.8825576 0 -0.002 -0.005 2.395 130 0.00 0.00 0.000 0.000 0 -0.002 8.678 -0.0018 8.6782
% 1774620121.8903208 robobot/cmd/ti rc 0.0 0.5
% 1774620121.9013712 robobot/cmd/ti rc 0.0 0.5
% 1774620121.9119673 robobot/cmd/ti rc 0.0 0.5
% 1774620121.9249907 robobot/cmd/ti rc 0.0 0.5
% 1774620121.9251764 robobot/cmd/T0 servo 1 -900 200
1774620121.9328494 0 -0.003 -0.005 2.424 130 0.00 0.00 0.000 0.000 0 -0.001 8.707 -0.0009 8.7071
% 1774620121.936055 robobot/cmd/ti rc 0.0 0.5
% 1774620121.9472942 robobot/cmd/ti rc 0.0 0.5
1774620121.9546087 0 -0.003 -0.005 2.436 130 0.00 0.00 0.000 0.000 0 -0.000 8.719 -0.0005 8.7187
% 1774620121.9582367 robobot/cmd/ti rc 0.0 0.5
% 1774620121.9714937 robobot/cmd/ti rc 0.0 0.5
% 1774620121.984513 robobot/cmd/ti rc 0.0 0.5
1774620121.9852176 0 -0.003 -0.005 2.450 131 0.00 0.00 0.000 0.000 0 -0.001 8.734 -0.0006 8.7337
% 1774620121.9981556 robobot/cmd/ti rc 0.0 0.5
% 1774620122.0087385 robobot/cmd/ti rc 0.0 0.5
% 1774620122.0215795 robobot/cmd/ti rc 0.0 0.5
% 1774620122.0319622 robobot/cmd/ti rc 0.0 0.5
1774620122.0333006 0 -0.002 -0.005 2.470 131 0.00 0.00 0.000 0.000 0 -0.001 8.753 -0.0008 8.7534
% 1774620122.0436141 robobot/cmd/ti rc 0.0 0.5
% 1774620122.0544667 robobot/cmd/ti rc 0.0 0.5
1774620122.0567312 0 -0.003 -0.005 2.481 131 0.00 0.00 0.000 0.000 0 -0.001 8.764 -0.0010 8.7638
% 1774620122.0664992 robobot/cmd/ti rc 0.0 0.5
% 1774620122.0779243 robobot/cmd/ti rc 0.0 0.5
1774620122.083525 0 -0.003 -0.004 2.494 131 0.00 0.00 0.000 0.000 0 -0.001 8.778 -0.0008 8.7777
% 1774620122.0894089 robobot/cmd/ti rc 0.0 0.5
% 1774620122.09985 robobot/cmd/ti rc 0.0 0.5
% 1774620122.1103194 robobot/cmd/ti rc 0.0 0.5
% 1774620122.1207633 robobot/cmd/ti rc 0.0 0.5
1774620122.1349254 0 -0.003 -0.005 2.517 132 0.00 0.00 0.000 0.000 0 -0.000 8.800 -0.0004 8.7997
% 1774620122.136208 robobot/cmd/ti rc 0.0 0.5
% 1774620122.1477158 robobot/cmd/ti rc 0.0 0.5
1774620122.1553662 0 -0.003 -0.005 2.527 132 0.00 0.00 0.000 0.000 0 -0.001 8.810 -0.0007 8.8101
% 1774620122.1585915 robobot/cmd/ti rc 0.0 0.5
% 1774620122.1694343 robobot/cmd/ti rc 0.0 0.5
% 1774620122.1806667 robobot/cmd/ti rc 0.0 0.5
% 1774620122.1807773 robobot/cmd/T0 servo 1 -900 200
1774620122.18336 0 -0.002 -0.005 2.535 132 0.00 0.00 0.000 0.000 0 -0.001 8.818 -0.0009 8.8182
% 1774620122.191807 robobot/cmd/ti rc 0.0 0.5
% 1774620122.2023427 robobot/cmd/ti rc 0.0 0.5
% 1774620122.2128818 robobot/cmd/ti rc 0.0 0.5
% 1774620122.2158706 robobot/cmd/ti alive 2026-03-27 15:01:41.362915
% 1774620122.2242258 robobot/cmd/ti rc 0.0 0.5
1774620122.2337112 0 -0.001 -0.006 2.545 133 0.00 0.00 0.000 0.000 0 -0.002 8.829 -0.0018 8.8286
% 1774620122.2400224 robobot/cmd/ti rc 0.0 0.5
% 1774620122.2507548 robobot/cmd/ti rc 0.0 0.5
1774620122.2568305 0 -0.001 -0.006 2.555 133 0.00 0.00 0.000 0.000 0 -0.002 8.838 -0.0021 8.8378
% 1774620122.261681 robobot/cmd/ti rc 0.0 0.5
% 1774620122.273004 robobot/cmd/ti rc 0.0 0.5
1774620122.2848845 0 -0.002 -0.005 2.574 133 0.00 0.00 0.000 0.000 0 -0.001 8.857 -0.0015 8.8575
% 1774620122.2857804 robobot/cmd/ti rc 0.0 0.5
% 1774620122.296926 robobot/cmd/ti rc 0.0 0.5
% 1774620122.3077657 robobot/cmd/ti rc 0.0 0.5
% 1774620122.3190448 robobot/cmd/ti rc 0.0 0.5
% 1774620122.3308885 robobot/cmd/ti rc 0.0 0.5
1774620122.3341985 0 -0.002 -0.005 2.607 133 0.00 0.00 0.000 0.000 0 -0.001 8.890 -0.0009 8.8899
% 1774620122.3414865 robobot/cmd/ti rc 0.0 0.5
% 1774620122.3527288 robobot/cmd/ti rc 0.0 0.5
1774620122.356226 0 -0.002 -0.005 2.615 133 0.00 0.00 0.000 0.000 0 -0.001 8.898 -0.0008 8.8980
% 1774620122.364394 robobot/cmd/ti rc 0.0 0.5
% 1774620122.3747332 robobot/cmd/ti rc 0.0 0.5
1774620122.3830795 0 -0.002 -0.005 2.629 133 0.00 0.00 0.000 0.000 0 -0.001 8.912 -0.0007 8.9118
% 1774620122.3852203 robobot/cmd/ti rc 0.0 0.5
% 1774620122.395562 robobot/cmd/ti rc 0.0 0.5
% 1774620122.406879 robobot/cmd/ti rc 0.0 0.5
% 1774620122.4189157 robobot/cmd/ti rc 0.0 0.5
% 1774620122.4293396 robobot/cmd/ti rc 0.0 0.5
1774620122.434969 0 -0.003 -0.005 2.648 134 0.00 0.00 0.000 0.000 0 -0.001 8.931 -0.0009 8.9315
% 1774620122.439799 robobot/cmd/ti rc 0.0 0.5
% 1774620122.440622 robobot/cmd/T0 servo 1 -900 200
% 1774620122.4510398 robobot/cmd/ti rc 0.0 0.5
1774620122.4551938 0 -0.003 -0.005 2.659 134 0.00 0.00 0.000 0.000 0 -0.001 8.942 -0.0005 8.9419
% 1774620122.4621842 robobot/cmd/ti rc 0.0 0.5
% 1774620122.4728441 robobot/cmd/ti rc 0.0 0.5
% 1774620122.4849672 robobot/cmd/ti rc 0.0 0.5
1774620122.487824 0 -0.002 -0.005 2.675 134 0.00 0.00 0.000 0.000 0 -0.001 8.958 -0.0006 8.9581
% 1774620122.4963717 robobot/cmd/ti rc 0.0 0.5
% 1774620122.5069036 robobot/cmd/ti rc 0.0 0.5
% 1774620122.5176191 robobot/cmd/ti rc 0.0 0.5
% 1774620122.5281553 robobot/cmd/ti rc 0.0 0.5
1774620122.538492 0 -0.002 -0.005 2.696 135 0.00 0.00 0.000 0.000 0 -0.001 8.979 -0.0008 8.9789
% 1774620122.5400035 robobot/cmd/ti rc 0.0 0.5
% 1774620122.550507 robobot/cmd/ti rc 0.0 0.5
1774620122.5565763 0 -0.001 -0.005 2.700 135 0.00 0.00 0.000 0.000 0 -0.001 8.983 -0.0011 8.9835
% 1774620122.5632472 robobot/cmd/ti rc 0.0 0.5
% 1774620122.574103 robobot/cmd/ti rc 0.0 0.5
% 1774620122.5845075 robobot/cmd/ti rc 0.0 0.5
1774620122.5847704 0 -0.001 -0.006 2.706 135 0.00 0.00 0.000 0.000 0 -0.001 8.989 -0.0014 8.9893
% 1774620122.5984156 robobot/cmd/ti rc 0.0 0.5
% 1774620122.6089704 robobot/cmd/ti rc 0.0 0.5
% 1774620122.6194108 robobot/cmd/ti rc 0.0 0.5
% 1774620122.629742 robobot/cmd/ti rc 0.0 0.5
1774620122.633953 0 -0.001 -0.006 2.732 135 0.00 0.00 0.000 0.000 0 -0.002 9.015 -0.0016 9.0147
% 1774620122.6400614 robobot/cmd/ti rc 0.0 0.5
% 1774620122.6506705 robobot/cmd/ti rc 0.0 0.5
1774620122.6553211 0 -0.001 -0.005 2.747 135 0.00 0.00 0.000 0.000 0 -0.001 9.030 -0.0013 9.0298
% 1774620122.661069 robobot/cmd/ti rc 0.0 0.5
% 1774620122.6721392 robobot/cmd/ti rc 0.0 0.5
% 1774620122.6851797 robobot/cmd/ti rc 0.0 0.5
1774620122.6869466 0 -0.002 -0.005 2.763 136 0.00 0.00 0.000 0.000 0 -0.001 9.046 -0.0008 9.0460
% 1774620122.6989782 robobot/cmd/ti rc 0.0 0.5
% 1774620122.701688 robobot/cmd/T0 servo 1 -900 200
% 1774620122.7123728 robobot/cmd/ti rc 0.0 0.5
% 1774620122.7232568 robobot/cmd/ti rc 0.0 0.5
% 1774620122.7237446 robobot/cmd/ti alive 2026-03-27 15:01:41.362915
1774620122.7337224 0 -0.002 -0.005 2.786 136 0.00 0.00 0.000 0.000 0 -0.001 9.069 -0.0007 9.0691
% 1774620122.7343285 robobot/cmd/ti rc 0.0 0.5
% 1774620122.744952 robobot/cmd/ti rc 0.0 0.5
% 1774620122.7558873 robobot/cmd/ti rc 0.0 0.5
1774620122.7565048 0 -0.002 -0.005 2.794 136 0.00 0.00 0.000 0.000 0 -0.001 9.077 -0.0008 9.0772
% 1774620122.7664576 robobot/cmd/ti rc 0.0 0.5
% 1774620122.7771206 robobot/cmd/ti rc 0.0 0.5
1774620122.7848523 0 -0.002 -0.005 2.802 136 0.00 0.00 0.000 0.000 0 -0.001 9.085 -0.0009 9.0853
% 1774620122.7881901 robobot/cmd/ti rc 0.0 0.5
% 1774620122.7991962 robobot/cmd/ti rc 0.0 0.5
% 1774620122.8132565 robobot/cmd/ti rc 0.0 0.5
% 1774620122.8266873 robobot/cmd/ti rc 0.0 0.5
1774620122.8340764 0 -0.002 -0.005 2.830 137 0.00 0.00 0.000 0.000 0 -0.001 9.113 -0.0006 9.1130
% 1774620122.8371496 robobot/cmd/ti rc 0.0 0.5
% 1774620122.8480463 robobot/cmd/ti rc 0.0 0.5
1774620122.8551915 0 -0.002 -0.005 2.841 137 0.00 0.00 0.000 0.000 0 -0.001 9.125 -0.0008 9.1246
% 1774620122.8616557 robobot/cmd/ti rc 0.0 0.5
% 1774620122.8727493 robobot/cmd/ti rc 0.0 0.5
% 1774620122.8855705 robobot/cmd/ti rc 0.0 0.5
1774620122.8876164 0 -0.002 -0.005 2.854 137 0.00 0.00 0.000 0.000 0 -0.001 9.137 -0.0009 9.1373
% 1774620122.896982 robobot/cmd/ti rc 0.0 0.5
% 1774620122.9074728 robobot/cmd/ti rc 0.0 0.5
% 1774620122.9178677 robobot/cmd/ti rc 0.0 0.5
% 1774620122.9294403 robobot/cmd/ti rc 0.0 0.5
1774620122.9338417 0 -0.001 -0.006 2.865 138 0.00 0.00 0.000 0.000 0 -0.001 9.148 -0.0011 9.1477
% 1774620122.940564 robobot/cmd/ti rc 0.0 0.5
% 1774620122.9511685 robobot/cmd/ti rc 0.0 0.5
% 1774620122.9553027 robobot/cmd/T0 servo 1 -900 200
1774620122.9605498 0 -0.000 -0.006 2.869 138 0.00 0.00 0.000 0.000 0 -0.001 9.152 -0.0015 9.1524
% 1774620122.9709651 robobot/cmd/ti rc 0.0 0.5
% 1774620122.9817162 robobot/cmd/ti rc 0.0 0.5
1774620122.9845848 0 -0.000 -0.006 2.885 138 0.00 0.00 0.000 0.000 0 -0.002 9.169 -0.0019 9.1686
% 1774620122.9929273 robobot/cmd/ti rc 0.0 0.5
% 1774620123.0037384 robobot/cmd/ti rc 0.0 0.5
% 1774620123.0142493 robobot/cmd/ti rc 0.0 0.5
% 1774620123.024902 robobot/cmd/ti rc 0.0 0.5
1774620123.0344796 0 -0.001 -0.006 2.918 138 0.00 0.00 0.000 0.000 0 -0.001 9.201 -0.0010 9.2009
% 1774620123.035537 robobot/cmd/ti rc 0.0 0.5
% 1774620123.046696 robobot/cmd/ti rc 0.0 0.5
% 1774620123.0590258 robobot/cmd/ti rc 0.0 0.5
1774620123.060244 0 -0.001 -0.006 2.928 138 0.00 0.00 0.000 0.000 0 -0.001 9.211 -0.0008 9.2113
% 1774620123.0695403 robobot/cmd/ti rc 0.0 0.5
% 1774620123.0801437 robobot/cmd/ti rc 0.0 0.5
1774620123.084476 0 -0.001 -0.006 2.941 138 0.00 0.00 0.000 0.000 0 -0.001 9.224 -0.0008 9.2241
% 1774620123.093105 robobot/cmd/ti rc 0.0 0.5
% 1774620123.1043487 robobot/cmd/ti rc 0.0 0.5
% 1774620123.115788 robobot/cmd/ti rc 0.0 0.5
% 1774620123.1264265 robobot/cmd/ti rc 0.0 0.5
1774620123.1338704 0 -0.002 -0.005 2.956 139 0.00 0.00 0.000 0.000 0 -0.001 9.239 -0.0007 9.2391
% 1774620123.1382763 robobot/cmd/ti rc 0.0 0.5
% 1774620123.1488924 robobot/cmd/ti rc 0.0 0.5
1774620123.15855 0 -0.001 -0.005 2.969 139 0.00 0.00 0.000 0.000 0 -0.001 9.252 -0.0005 9.2518
% 1774620123.1601255 robobot/cmd/ti rc 0.0 0.5
% 1774620123.1708367 robobot/cmd/ti rc 0.0 0.5
% 1774620123.1821442 robobot/cmd/ti rc 0.0 0.5
1774620123.1856315 0 -0.001 -0.006 2.986 139 0.00 0.00 0.000 0.000 0 -0.001 9.269 -0.0006 9.2692
% 1774620123.192616 robobot/cmd/ti rc 0.0 0.5
% 1774620123.2038736 robobot/cmd/ti rc 0.0 0.5
% 1774620123.2041655 robobot/cmd/T0 servo 1 -900 200
% 1774620123.2146373 robobot/cmd/ti rc 0.0 0.5
% 1774620123.226153 robobot/cmd/ti rc 0.0 0.5
1774620123.2351503 0 -0.001 -0.006 3.010 140 0.00 0.00 0.000 0.000 0 -0.001 9.293 -0.0009 9.2935
% 1774620123.2356215 robobot/cmd/ti alive 2026-03-27 15:01:41.362915
% 1774620123.238538 robobot/cmd/ti rc 0.0 0.5
% 1774620123.249776 robobot/cmd/ti rc 0.0 0.5
1774620123.2561002 0 -0.001 -0.006 3.017 140 0.00 0.00 0.000 0.000 0 -0.001 9.300 -0.0009 9.3004
% 1774620123.2603717 robobot/cmd/ti rc 0.0 0.5
% 1774620123.2708483 robobot/cmd/ti rc 0.0 0.5
% 1774620123.281821 robobot/cmd/ti rc 0.0 0.5
1774620123.2865744 0 -0.001 -0.006 3.023 140 0.00 0.00 0.000 0.000 0 -0.001 9.306 -0.0010 9.3062
% 1774620123.2928061 robobot/cmd/ti rc 0.0 0.5
% 1774620123.3037999 robobot/cmd/ti rc 0.0 0.5
% 1774620123.3187535 robobot/cmd/ti rc 0.0 0.5
% 1774620123.3310826 robobot/cmd/ti rc 0.0 0.5
1774620123.33517 0 0.000 -0.006 3.043 140 0.00 0.00 0.000 0.000 0 -0.002 9.326 -0.0018 9.3258
% 1774620123.3419857 robobot/cmd/ti rc 0.0 0.5
% 1774620123.3527985 robobot/cmd/ti rc 0.0 0.5
1774620123.356905 0 -0.000 -0.006 3.054 140 0.00 0.00 0.000 0.000 0 -0.002 9.337 -0.0017 9.3374
% 1774620123.365022 robobot/cmd/ti rc 0.0 0.5
% 1774620123.376154 robobot/cmd/ti rc 0.0 0.5
1774620123.3870308 0 -0.001 -0.006 3.073 141 0.00 0.00 0.000 0.000 0 -0.001 9.356 -0.0011 9.3559
% 1774620123.3880668 robobot/cmd/ti rc 0.0 0.5
% 1774620123.399946 robobot/cmd/ti rc 0.0 0.5
% 1774620123.4126914 robobot/cmd/ti rc 0.0 0.5
% 1774620123.424366 robobot/cmd/ti rc 0.0 0.5
% 1774620123.4359603 robobot/cmd/ti rc 0.0 0.5
1774620123.4369602 0 -0.001 -0.006 3.099 141 0.00 0.00 0.000 0.000 0 -0.001 9.382 -0.0009 9.3825
% 1774620123.4478886 robobot/cmd/ti rc 0.0 0.5
1774620123.4568388 0 -0.001 -0.006 3.104 141 0.00 0.00 0.000 0.000 0 -0.001 9.387 -0.0008 9.3871
% 1774620123.4583623 robobot/cmd/ti rc 0.0 0.5
% 1774620123.46059 robobot/cmd/T0 servo 1 -900 200
% 1774620123.4711154 robobot/cmd/ti rc 0.0 0.5
% 1774620123.4815373 robobot/cmd/ti rc 0.0 0.5
1774620123.486097 0 -0.001 -0.006 3.115 141 0.00 0.00 0.000 0.000 0 -0.001 9.399 -0.0005 9.3987
% 1774620123.4934626 robobot/cmd/ti rc 0.0 0.5
% 1774620123.5071726 robobot/cmd/ti rc 0.0 0.5
% 1774620123.5181406 robobot/cmd/ti rc 0.0 0.5
% 1774620123.5327368 robobot/cmd/ti rc 0.0 0.5
1774620123.5359216 0 -0.001 -0.006 -3.139 142 0.00 0.00 0.000 0.000 0 -0.001 9.428 -0.0008 9.4276
% 1774620123.5432725 robobot/cmd/ti rc 0.0 0.5
% 1774620123.5549297 robobot/cmd/ti rc 0.0 0.5
1774620123.557223 0 -0.001 -0.006 -3.131 142 0.00 0.00 0.000 0.000 0 -0.001 9.436 -0.0008 9.4357
% 1774620123.565565 robobot/cmd/ti rc 0.0 0.5
% 1774620123.5759923 robobot/cmd/ti rc 0.0 0.5
1774620123.58627 0 -0.001 -0.006 -3.117 142 0.00 0.00 0.000 0.000 0 -0.001 9.450 -0.0008 9.4496
% 1774620123.5870605 robobot/cmd/ti rc 0.0 0.5
% 1774620123.5975175 robobot/cmd/ti rc 0.0 0.5
% 1774620123.6078608 robobot/cmd/ti rc 0.0 0.5
% 1774620123.618863 robobot/cmd/ti rc 0.0 0.5
% 1774620123.6292062 robobot/cmd/ti rc 0.0 0.5
1774620123.639359 0 -0.000 -0.006 -3.102 143 0.00 0.00 0.000 0.000 0 -0.001 9.465 -0.0009 9.4646
% 1774620123.6414227 robobot/cmd/ti rc 0.0 0.5
% 1774620123.6533353 robobot/cmd/ti rc 0.0 0.5
1774620123.656853 0 0.000 -0.006 -3.096 143 0.00 0.00 0.000 0.000 0 -0.001 9.470 -0.0010 9.4704
% 1774620123.6655881 robobot/cmd/ti rc 0.0 0.5
% 1774620123.6763334 robobot/cmd/ti rc 0.0 0.5
1774620123.6860192 0 0.001 -0.006 -3.087 143 0.00 0.00 0.000 0.000 0 -0.002 9.480 -0.0016 9.4796
% 1774620123.6870415 robobot/cmd/ti rc 0.0 0.5
% 1774620123.7000062 robobot/cmd/ti rc 0.0 0.5
% 1774620123.7125757 robobot/cmd/ti rc 0.0 0.5
% 1774620123.7129793 robobot/cmd/T0 servo 1 -900 200
% 1774620123.723509 robobot/cmd/ti rc 0.0 0.5
% 1774620123.7338686 robobot/cmd/ti rc 0.0 0.5
1774620123.7352269 0 0.000 -0.006 -3.055 143 0.00 0.00 0.000 0.000 0 -0.002 9.511 -0.0015 9.5109
% 1774620123.7380357 robobot/cmd/ti alive 2026-03-27 15:01:41.362915
% 1774620123.7444916 robobot/cmd/ti rc 0.0 0.5
% 1774620123.7556434 robobot/cmd/ti rc 0.0 0.5
1774620123.7560782 0 -0.000 -0.006 -3.043 143 0.00 0.00 0.000 0.000 0 -0.001 9.524 -0.0011 9.5236
% 1774620123.7672484 robobot/cmd/ti rc 0.0 0.5
% 1774620123.7807314 robobot/cmd/ti rc 0.0 0.5
1774620123.7866297 0 -0.000 -0.006 -3.028 144 0.00 0.00 0.000 0.000 0 -0.001 9.539 -0.0008 9.5386
% 1774620123.7949073 robobot/cmd/ti rc 0.0 0.5
% 1774620123.8068337 robobot/cmd/ti rc 0.0 0.5
% 1774620123.8196552 robobot/cmd/ti rc 0.0 0.5
% 1774620123.8301532 robobot/cmd/ti rc 0.0 0.5
1774620123.8357258 0 -0.001 -0.006 -3.010 144 0.00 0.00 0.000 0.000 0 -0.000 9.556 -0.0004 9.5560
% 1774620123.8412094 robobot/cmd/ti rc 0.0 0.5
% 1774620123.8530822 robobot/cmd/ti rc 0.0 0.5
1774620123.8587208 0 -0.000 -0.006 -3.001 144 0.00 0.00 0.000 0.000 0 -0.001 9.565 -0.0006 9.5652
% 1774620123.8642857 robobot/cmd/ti rc 0.0 0.5
% 1774620123.8746169 robobot/cmd/ti rc 0.0 0.5
% 1774620123.8850682 robobot/cmd/ti rc 0.0 0.5
1774620123.8860438 0 -0.000 -0.006 -2.982 144 0.00 0.00 0.000 0.000 0 -0.001 9.585 -0.0009 9.5849
% 1774620123.8955445 robobot/cmd/ti rc 0.0 0.5
% 1774620123.9075294 robobot/cmd/ti rc 0.0 0.5
% 1774620123.9182274 robobot/cmd/ti rc 0.0 0.5
% 1774620123.92926 robobot/cmd/ti rc 0.0 0.5
1774620123.9362216 0 -0.001 -0.006 -2.959 145 0.00 0.00 0.000 0.000 0 -0.001 9.607 -0.0009 9.6069
% 1774620123.939762 robobot/cmd/ti rc 0.0 0.5
% 1774620123.9506726 robobot/cmd/ti rc 0.0 0.5
1774620123.9561517 0 -0.000 -0.006 -2.951 145 0.00 0.00 0.000 0.000 0 -0.001 9.615 -0.0008 9.6149
% 1774620123.9616003 robobot/cmd/ti rc 0.0 0.5
% 1774620123.9721317 robobot/cmd/ti rc 0.0 0.5
% 1774620123.9723678 robobot/cmd/T0 servo 1 -900 200
% 1774620123.9832022 robobot/cmd/ti rc 0.0 0.5
1774620123.9873455 0 -0.000 -0.006 -2.942 145 0.00 0.00 0.000 0.000 0 -0.001 9.624 -0.0008 9.6242
% 1774620123.9955683 robobot/cmd/ti rc 0.0 0.5
% 1774620124.0063043 robobot/cmd/ti rc 0.0 0.5
% 1774620124.0167074 robobot/cmd/ti rc 0.0 0.5
% 1774620124.0271778 robobot/cmd/ti rc 0.0 0.5
1774620124.0382776 0 0.001 -0.005 -2.928 146 0.00 0.00 0.000 0.000 0 -0.002 9.638 -0.0016 9.6381
% 1774620124.0400198 robobot/cmd/ti rc 0.0 0.5
% 1774620124.0511613 robobot/cmd/ti rc 0.0 0.5
1774620124.0569408 0 0.001 -0.005 -2.917 146 0.00 0.00 0.000 0.000 0 -0.002 9.650 -0.0019 9.6496
% 1774620124.0615897 robobot/cmd/ti rc 0.0 0.5
% 1774620124.073445 robobot/cmd/ti rc 0.0 0.5
1774620124.0873215 0 0.001 -0.005 -2.898 146 0.00 0.00 0.000 0.000 0 -0.001 9.668 -0.0014 9.6681
% 1774620124.0887094 robobot/cmd/ti rc 0.0 0.5
% 1774620124.0996423 robobot/cmd/ti rc 0.0 0.5
% 1774620124.110251 robobot/cmd/ti rc 0.0 0.5
% 1774620124.1217213 robobot/cmd/ti rc 0.0 0.5
% 1774620124.1320927 robobot/cmd/ti rc 0.0 0.5
1774620124.1360364 0 -0.000 -0.006 -2.873 146 0.00 0.00 0.000 0.000 0 -0.001 9.694 -0.0008 9.6936
% 1774620124.1435323 robobot/cmd/ti rc 0.0 0.5
% 1774620124.1543362 robobot/cmd/ti rc 0.0 0.5
1774620124.1596122 0 -0.000 -0.006 -2.867 147 0.00 0.00 0.000 0.000 0 -0.001 9.699 -0.0007 9.6994
% 1774620124.1647377 robobot/cmd/ti rc 0.0 0.5
% 1774620124.1757352 robobot/cmd/ti rc 0.0 0.5
% 1774620124.186445 robobot/cmd/ti rc 0.0 0.5
1774620124.1880372 0 -0.000 -0.006 -2.853 147 0.00 0.00 0.000 0.000 0 -0.000 9.713 -0.0004 9.7132
% 1774620124.1975605 robobot/cmd/ti rc 0.0 0.5
% 1774620124.208077 robobot/cmd/ti rc 0.0 0.5
% 1774620124.2219284 robobot/cmd/ti rc 0.0 0.5
% 1774620124.233122 robobot/cmd/ti rc 0.0 0.5
% 1774620124.234521 robobot/cmd/T0 servo 1 -900 200
1774620124.2367556 0 0.000 -0.006 -2.827 147 0.00 0.00 0.000 0.000 0 -0.001 9.740 -0.0010 9.7398
% 1774620124.2434866 robobot/cmd/ti alive 2026-03-27 15:01:41.362915
% 1774620124.2452095 robobot/cmd/ti rc 0.0 0.5
% 1774620124.2570019 robobot/cmd/ti rc 0.0 0.5
1774620124.2572854 0 0.000 -0.006 -2.816 147 0.00 0.00 0.000 0.000 0 -0.001 9.750 -0.0009 9.7502
% 1774620124.2686949 robobot/cmd/ti rc 0.0 0.5
% 1774620124.2798731 robobot/cmd/ti rc 0.0 0.5
1774620124.2867122 0 -0.000 -0.006 -2.803 147 0.00 0.00 0.000 0.000 0 -0.001 9.763 -0.0009 9.7630
% 1774620124.2910333 robobot/cmd/ti rc 0.0 0.5
% 1774620124.3028333 robobot/cmd/ti rc 0.0 0.5
% 1774620124.3135166 robobot/cmd/ti rc 0.0 0.5
% 1774620124.3241398 robobot/cmd/ti rc 0.0 0.5
% 1774620124.335073 robobot/cmd/ti rc 0.0 0.5
1774620124.3359678 0 0.000 -0.006 -2.785 148 0.00 0.00 0.000 0.000 0 -0.001 9.781 -0.0007 9.7815
% 1774620124.3469434 robobot/cmd/ti rc 0.0 0.5
% 1774620124.359173 robobot/cmd/ti rc 0.0 0.5
1774620124.3606882 0 0.001 -0.005 -2.780 148 0.00 0.00 0.000 0.000 0 -0.001 9.786 -0.0009 9.7861
% 1774620124.3707337 robobot/cmd/ti rc 0.0 0.5
% 1774620124.3815126 robobot/cmd/ti rc 0.0 0.5
1774620124.3866594 0 0.002 -0.005 -2.772 148 0.00 0.00 0.000 0.000 0 -0.002 9.794 -0.0015 9.7942
% 1774620124.393569 robobot/cmd/ti rc 0.0 0.5
% 1774620124.4043882 robobot/cmd/ti rc 0.0 0.5
% 1774620124.4148915 robobot/cmd/ti rc 0.0 0.5
% 1774620124.4271383 robobot/cmd/ti rc 0.0 0.5
% 1774620124.4379797 robobot/cmd/ti rc 0.0 0.5
1774620124.4400496 0 0.002 -0.005 -2.748 149 0.00 0.00 0.000 0.000 0 -0.002 9.818 -0.0021 9.8185
% 1774620124.4498293 robobot/cmd/ti rc 0.0 0.5
1774620124.4577787 0 0.001 -0.005 -2.735 149 0.00 0.00 0.000 0.000 0 -0.002 9.831 -0.0018 9.8312
% 1774620124.4612415 robobot/cmd/ti rc 0.0 0.5
% 1774620124.4718735 robobot/cmd/ti rc 0.0 0.5
% 1774620124.4830403 robobot/cmd/ti rc 0.0 0.5
% 1774620124.4840338 robobot/cmd/T0 servo 1 -900 200
1774620124.4865525 0 0.000 -0.006 -2.720 149 0.00 0.00 0.000 0.000 0 -0.001 9.846 -0.0011 9.8462
% 1774620124.4952655 robobot/cmd/ti rc 0.0 0.5
% 1774620124.5071034 robobot/cmd/ti rc 0.0 0.5
% 1774620124.518305 robobot/cmd/ti rc 0.0 0.5
% 1774620124.529738 robobot/cmd/ti rc 0.0 0.5
1774620124.536029 0 0.000 -0.005 -2.695 149 0.00 0.00 0.000 0.000 0 -0.001 9.872 -0.0006 9.8717
% 1774620124.5401034 robobot/cmd/ti rc 0.0 0.5
% 1774620124.550517 robobot/cmd/ti rc 0.0 0.5
1774620124.5592005 0 0.001 -0.005 -2.687 149 0.00 0.00 0.000 0.000 0 -0.001 9.880 -0.0008 9.8798
% 1774620124.5616045 robobot/cmd/ti rc 0.0 0.5
% 1774620124.5730677 robobot/cmd/ti rc 0.0 0.5
% 1774620124.5835211 robobot/cmd/ti rc 0.0 0.5
1774620124.588004 0 0.001 -0.005 -2.672 150 0.00 0.00 0.000 0.000 0 -0.001 9.895 -0.0010 9.8948
% 1774620124.594936 robobot/cmd/ti rc 0.0 0.5
% 1774620124.6058867 robobot/cmd/ti rc 0.0 0.5
% 1774620124.6168191 robobot/cmd/ti rc 0.0 0.5
% 1774620124.6283927 robobot/cmd/ti rc 0.0 0.5
1774620124.6370258 0 0.000 -0.006 -2.648 150 0.00 0.00 0.000 0.000 0 -0.001 9.918 -0.0007 9.9179
% 1774620124.6391623 robobot/cmd/ti rc 0.0 0.5
% 1774620124.6496673 robobot/cmd/ti rc 0.0 0.5
1774620124.6567857 0 0.000 -0.006 -2.642 150 0.00 0.00 0.000 0.000 0 -0.001 9.925 -0.0008 9.9249
% 1774620124.6638212 robobot/cmd/ti rc 0.0 0.5
% 1774620124.6744149 robobot/cmd/ti rc 0.0 0.5
% 1774620124.6848462 robobot/cmd/ti rc 0.0 0.5
1774620124.6866734 0 0.000 -0.006 -2.625 150 0.00 0.00 0.000 0.000 0 -0.001 9.941 -0.0007 9.9411
% 1774620124.6952066 robobot/cmd/ti rc 0.0 0.5
% 1774620124.7055645 robobot/cmd/ti rc 0.0 0.5
% 1774620124.7164118 robobot/cmd/ti rc 0.0 0.5
% 1774620124.7268672 robobot/cmd/ti rc 0.0 0.5
% 1774620124.738529 robobot/cmd/ti rc 0.0 0.5
% 1774620124.740801 robobot/cmd/T0 servo 1 -900 200
1774620124.7418075 0 0.001 -0.005 -2.613 151 0.00 0.00 0.000 0.000 0 -0.001 9.954 -0.0011 9.9538
% 1774620124.748369 robobot/cmd/ti alive 2026-03-27 15:01:41.362915
% 1774620124.7528512 robobot/cmd/ti rc 0.0 0.5
1774620124.7601702 0 0.002 -0.005 -2.607 151 0.00 0.00 0.000 0.000 0 -0.002 9.960 -0.0016 9.9596
% 1774620124.7653916 robobot/cmd/ti rc 0.0 0.5
% 1774620124.7759216 robobot/cmd/ti rc 0.0 0.5
% 1774620124.7892714 robobot/cmd/ti rc 0.0 0.5
1774620124.7900016 0 0.001 -0.005 -2.587 151 0.00 0.00 0.000 0.000 0 -0.002 9.979 -0.0016 9.9792
% 1774620124.7998748 robobot/cmd/ti rc 0.0 0.5
% 1774620124.8111699 robobot/cmd/ti rc 0.0 0.5
% 1774620124.8226585 robobot/cmd/ti rc 0.0 0.5
% 1774620124.8342612 robobot/cmd/ti rc 0.0 0.5
1774620124.8371305 0 0.000 -0.006 -2.563 151 0.00 0.00 0.000 0.000 0 -0.001 10.003 -0.0008 10.0035
% 1774620124.8448834 robobot/cmd/ti rc 0.0 0.5
% 1774620124.8581781 robobot/cmd/ti rc 0.0 0.5
1774620124.8600628 0 0.000 -0.006 -2.559 151 0.00 0.00 0.000 0.000 0 -0.001 10.007 -0.0005 10.0070
% 1774620124.8685718 robobot/cmd/ti rc 0.0 0.5
% 1774620124.8797052 robobot/cmd/ti rc 0.0 0.5
1774620124.8873825 0 0.001 -0.005 -2.540 151 0.00 0.00 0.000 0.000 0 -0.001 10.027 -0.0005 10.0266
% 1774620124.8915818 robobot/cmd/ti rc 0.0 0.5
% 1774620124.9022017 robobot/cmd/ti rc 0.0 0.5
% 1774620124.9164386 robobot/cmd/ti rc 0.0 0.5
% 1774620124.9309044 robobot/cmd/ti rc 0.0 0.5
1774620124.9369109 0 0.001 -0.005 -2.517 152 0.00 0.00 0.000 0.000 0 -0.001 10.050 -0.0009 10.0498
% 1774620124.9423072 robobot/cmd/ti rc 0.0 0.5
1774620124.9567647 0 0.001 -0.005 -2.507 152 0.00 0.00 0.000 0.000 0 -0.001 10.059 -0.0010 10.0590
% 1774620124.957566 robobot/cmd/ti rc 0.0 0.5
% 1774620124.969751 robobot/cmd/ti rc 0.0 0.5
% 1774620124.9805706 robobot/cmd/ti rc 0.0 0.5
1774620124.9925354 0 0.001 -0.005 -2.492 152 0.00 0.00 0.000 0.000 0 -0.001 10.074 -0.0007 10.0740
% 1774620124.9959714 robobot/cmd/ti rc 0.0 0.5
% 1774620124.9970791 robobot/cmd/T0 servo 1 -900 200
% 1774620125.015167 robobot/cmd/ti rc 0.0 0.5
% 1774620125.0271964 robobot/cmd/ti rc 0.0 0.5
% 1774620125.0397375 robobot/cmd/ti rc 0.0 0.5
% 1774620125.0524101 robobot/cmd/ti rc 0.0 0.5
% 1774620125.0677829 robobot/cmd/ti rc 0.0 0.5
% 1774620125.084575 robobot/cmd/ti rc 0.0 0.5
% 1774620125.0977147 robobot/cmd/ti rc 0.0 0.5
1774620125.1056588 0 0.001 -0.005 -2.469 153 0.00 0.00 0.000 0.000 0 -0.001 10.097 -0.0006 10.0972
% 1774620125.1138597 robobot/cmd/ti rc 0.0 0.5
% 1774620125.1292593 robobot/cmd/ti rc 0.0 0.5
1774620125.1313152 0 0.001 -0.005 -2.463 153 0.00 0.00 0.000 0.000 0 -0.001 10.103 -0.0007 10.1030
% 1774620125.1452413 robobot/cmd/ti rc 0.0 0.5
% 1774620125.1585855 robobot/cmd/ti rc 0.0 0.5
% 1774620125.1785643 robobot/cmd/ti rc 0.0 0.5
1774620125.1801817 0 0.002 -0.005 -2.454 153 0.00 0.00 0.000 0.000 0 -0.001 10.112 -0.0011 10.1122
% 1774620125.1931188 robobot/cmd/ti rc 0.0 0.5
% 1774620125.205752 robobot/cmd/ti rc 0.0 0.5
% 1774620125.2230644 robobot/cmd/ti rc 0.0 0.5
1774620125.2394273 0 0.002 -0.004 -2.439 153 0.00 0.00 0.000 0.000 0 -0.002 10.127 -0.0021 10.1272
% 1774620125.244586 robobot/cmd/ti rc 0.0 0.5
% 1774620125.2583237 robobot/cmd/ti rc 0.0 0.5
% 1774620125.2642937 robobot/cmd/T0 servo 1 -900 200
1774620125.2649102 0 0.002 -0.004 -2.429 153 0.00 0.00 0.000 0.000 0 -0.002 10.138 -0.0021 10.1376
% 1774620125.274912 robobot/cmd/ti alive 2026-03-27 15:01:41.362915
% 1774620125.2814376 robobot/cmd/ti rc 0.0 0.5
1774620125.2948442 0 0.001 -0.005 -2.411 153 0.00 0.00 0.000 0.000 0 -0.001 10.155 -0.0013 10.1550
% 1774620125.2984357 robobot/cmd/ti rc 0.0 0.5
% 1774620125.3118918 robobot/cmd/ti rc 0.0 0.5
% 1774620125.3275046 robobot/cmd/ti rc 0.0 0.5
% 1774620125.3406172 robobot/cmd/ti rc 0.0 0.5
1774620125.3483086 0 0.001 -0.005 -2.380 153 0.00 0.00 0.000 0.000 0 -0.001 10.186 -0.0007 10.1862
% 1774620125.3536758 robobot/cmd/ti rc 0.0 0.5
1774620125.361741 0 0.001 -0.005 -2.373 153 0.00 0.00 0.000 0.000 0 -0.001 10.193 -0.0007 10.1932
% 1774620125.3695197 robobot/cmd/ti rc 0.0 0.5
% 1774620125.3827665 robobot/cmd/ti rc 0.0 0.5
1774620125.3918676 0 0.001 -0.005 -2.359 153 0.00 0.00 0.000 0.000 0 -0.001 10.207 -0.0008 10.2070
% 1774620125.396033 robobot/cmd/ti rc 0.0 0.5
% 1774620125.4083362 robobot/cmd/ti rc 0.0 0.5
1774620125.4242396 0 0.001 -0.005 -2.334 153 0.00 0.00 0.000 0.000 0 -0.001 10.232 -0.0008 10.2325
% 1774620125.4320657 robobot/cmd/ti rc 0.0 0.5
1774620125.4383302 0 0.001 -0.005 -2.329 154 0.00 0.00 0.000 0.000 0 -0.001 10.237 -0.0006 10.2371
% 1774620125.4442658 robobot/cmd/ti rc 0.0 0.5
1774620125.4449725 0 0.001 -0.005 -2.312 154 0.00 0.00 0.000 0.000 0 -0.001 10.254 -0.0006 10.2544
1774620125.455349 0 0.002 -0.004 -2.293 154 0.00 0.00 0.000 0.000 0 -0.001 10.273 -0.0009 10.2730
% 1774620125.460848 robobot/cmd/ti rc 0.0 0.5
1774620125.4692667 0 0.002 -0.004 -2.291 154 0.00 0.00 0.000 0.000 0 -0.001 10.275 -0.0011 10.2753
% 1774620125.4715924 robobot/cmd/ti rc 0.0 0.5
% 1774620125.482331 robobot/cmd/ti rc 0.0 0.5
1774620125.5013099 0 0.003 -0.004 -2.281 154 0.00 0.00 0.000 0.000 0 -0.002 10.286 -0.0017 10.2857
% 1774620125.5084774 robobot/cmd/ti rc 0.0 0.5
% 1774620125.5147674 robobot/cmd/T0 servo 1 -900 200
% 1774620125.5293307 robobot/cmd/ti rc 0.0 0.5
% 1774620125.5435727 robobot/cmd/ti rc 0.0 0.5
1774620125.54659 0 0.002 -0.005 -2.254 154 0.00 0.00 0.000 0.000 0 -0.001 10.312 -0.0014 10.3123
% 1774620125.554873 robobot/cmd/ti rc 0.0 0.5
1774620125.5598032 0 0.002 -0.005 -2.244 154 0.00 0.00 0.000 0.000 0 -0.001 10.323 -0.0008 10.3227
% 1774620125.5690641 robobot/cmd/ti rc 0.0 0.5
% 1774620125.585505 robobot/cmd/ti rc 0.0 0.5
1774620125.5897186 0 0.002 -0.005 -2.224 154 0.00 0.00 0.000 0.000 0 -0.001 10.342 -0.0008 10.3423
% 1774620125.59871 robobot/cmd/ti rc 0.0 0.5
% 1774620125.6202934 robobot/cmd/ti rc 0.0 0.5
% 1774620125.645996 robobot/cmd/ti rc 0.0 0.5
1774620125.656355 0 0.002 -0.004 -2.201 154 0.00 0.00 0.000 0.000 0 -0.001 10.365 -0.0008 10.3655
% 1774620125.6645494 robobot/cmd/ti rc 0.0 0.5
1774620125.6692603 0 0.002 -0.004 -2.196 154 0.00 0.00 0.000 0.000 0 -0.001 10.370 -0.0009 10.3701
% 1774620125.6963391 robobot/cmd/ti rc 0.0 0.5
1774620125.703591 0 0.002 -0.005 -2.178 154 0.00 0.00 0.000 0.000 0 -0.001 10.389 -0.0009 10.3886
% 1774620125.7074928 robobot/cmd/ti rc 0.0 0.5
% 1774620125.7211876 robobot/cmd/ti rc 0.0 0.5
% 1774620125.7350755 robobot/cmd/ti rc 0.0 0.5
% 1774620125.7495503 robobot/cmd/ti rc 0.0 0.5
1774620125.7522619 0 0.002 -0.005 -2.155 154 0.00 0.00 0.000 0.000 0 -0.001 10.412 -0.0006 10.4117
% 1774620125.7612977 robobot/cmd/ti rc 0.0 0.5
% 1774620125.764131 robobot/cmd/T0 servo 1 -900 200
1774620125.7750227 0 0.002 -0.005 -2.148 154 0.00 0.00 0.000 0.000 0 -0.001 10.419 -0.0007 10.4187
% 1774620125.7770796 robobot/cmd/ti rc 0.0 0.5
% 1774620125.7903564 robobot/cmd/ti rc 0.0 0.5
% 1774620125.7962162 robobot/cmd/ti alive 2026-03-27 15:01:41.362915
1774620125.7966642 0 0.002 -0.004 -2.135 155 0.00 0.00 0.000 0.000 0 -0.001 10.431 -0.0009 10.4314
% 1774620125.8034527 robobot/cmd/ti rc 0.0 0.5
% 1774620125.8185098 robobot/cmd/ti rc 0.0 0.5
% 1774620125.8303378 robobot/cmd/ti rc 0.0 0.5
1774620125.840229 0 0.003 -0.003 -2.122 155 0.00 0.00 0.000 0.000 0 -0.002 10.444 -0.0015 10.4441
% 1774620125.8428571 robobot/cmd/ti rc 0.0 0.5
% 1774620125.853822 robobot/cmd/ti rc 0.0 0.5
1774620125.8591342 0 0.003 -0.003 -2.120 155 0.00 0.00 0.000 0.000 0 -0.002 10.446 -0.0018 10.4464
% 1774620125.8642302 robobot/cmd/ti rc 0.0 0.5
% 1774620125.8751912 robobot/cmd/ti rc 0.0 0.5
% 1774620125.8857536 robobot/cmd/ti rc 0.0 0.5
1774620125.8886497 0 0.002 -0.004 -2.099 155 0.00 0.00 0.000 0.000 0 -0.002 10.467 -0.0016 10.4672
% 1774620125.8966777 robobot/cmd/ti rc 0.0 0.5
% 1774620125.907707 robobot/cmd/ti rc 0.0 0.5
% 1774620125.9187906 robobot/cmd/ti rc 0.0 0.5
% 1774620125.9294217 robobot/cmd/ti rc 0.0 0.5
1774620125.938508 0 0.002 -0.004 -2.067 155 0.00 0.00 0.000 0.000 0 -0.001 10.500 -0.0009 10.4996
% 1774620125.9397557 robobot/cmd/ti rc 0.0 0.5
% 1774620125.9512057 robobot/cmd/ti rc 0.0 0.5
1774620125.9602046 0 0.002 -0.004 -2.059 155 0.00 0.00 0.000 0.000 0 -0.001 10.508 -0.0007 10.5077
% 1774620125.9621701 robobot/cmd/ti rc 0.0 0.5
% 1774620125.9756029 robobot/cmd/ti rc 0.0 0.5
% 1774620125.9868786 robobot/cmd/ti rc 0.0 0.5
1774620125.9903636 0 0.002 -0.004 -2.044 156 0.00 0.00 0.000 0.000 0 -0.001 10.523 -0.0007 10.5227
% 1774620126.0007815 robobot/cmd/ti rc 0.0 0.5
% 1774620126.0123923 robobot/cmd/ti rc 0.0 0.5
% 1774620126.0127385 robobot/cmd/T0 servo 1 -900 200
% 1774620126.023297 robobot/cmd/ti rc 0.0 0.5
% 1774620126.033965 robobot/cmd/ti rc 0.0 0.5
1774620126.0384364 0 0.002 -0.004 -2.024 156 0.00 0.00 0.000 0.000 0 -0.001 10.542 -0.0009 10.5424
% 1774620126.0444355 robobot/cmd/ti rc 0.0 0.5
% 1774620126.054864 robobot/cmd/ti rc 0.0 0.5
1774620126.0569916 0 0.002 -0.004 -2.014 156 0.00 0.00 0.000 0.000 0 -0.001 10.553 -0.0007 10.5528
% 1774620126.0661502 robobot/cmd/ti rc 0.0 0.5
% 1774620126.0767505 robobot/cmd/ti rc 0.0 0.5
% 1774620126.087756 robobot/cmd/ti rc 0.0 0.5
1774620126.0896392 0 0.002 -0.004 -1.999 156 0.00 0.00 0.000 0.000 0 -0.001 10.568 -0.0006 10.5678
% 1774620126.098309 robobot/cmd/ti rc 0.0 0.5
% 1774620126.1087315 robobot/cmd/ti rc 0.0 0.5
% 1774620126.119268 robobot/cmd/ti rc 0.0 0.5
% 1774620126.130095 robobot/cmd/ti rc 0.0 0.5
1774620126.1418667 0 0.002 -0.004 -1.977 157 0.00 0.00 0.000 0.000 0 -0.001 10.590 -0.0007 10.5898
% 1774620126.1421533 robobot/cmd/ti rc 0.0 0.5
% 1774620126.154761 robobot/cmd/ti rc 0.0 0.5
1774620126.1585069 0 0.002 -0.004 -1.971 157 0.00 0.00 0.000 0.000 0 -0.001 10.596 -0.0008 10.5956
% 1774620126.166075 robobot/cmd/ti rc 0.0 0.5
% 1774620126.1805525 robobot/cmd/ti rc 0.0 0.5
1774620126.1906006 0 0.002 -0.003 -1.964 157 0.00 0.00 0.000 0.000 0 -0.001 10.602 -0.0012 10.6025
% 1774620126.1937041 robobot/cmd/ti rc 0.0 0.5
% 1774620126.20428 robobot/cmd/ti rc 0.0 0.5
% 1774620126.215176 robobot/cmd/ti rc 0.0 0.5
% 1774620126.2266443 robobot/cmd/ti rc 0.0 0.5
% 1774620126.2370982 robobot/cmd/ti rc 0.0 0.5
1774620126.2390916 0 0.002 -0.003 -1.944 157 0.00 0.00 0.000 0.000 0 -0.001 10.622 -0.0015 10.6222
% 1774620126.2506151 robobot/cmd/ti rc 0.0 0.5
1774620126.257213 0 0.002 -0.003 -1.933 157 0.00 0.00 0.000 0.000 0 -0.001 10.634 -0.0013 10.6338
% 1774620126.263433 robobot/cmd/ti rc 0.0 0.5
% 1774620126.2637396 robobot/cmd/T0 servo 1 -900 200
% 1774620126.2754042 robobot/cmd/ti rc 0.0 0.5
% 1774620126.2861125 robobot/cmd/ti rc 0.0 0.5
1774620126.2949069 0 0.002 -0.004 -1.911 157 0.00 0.00 0.000 0.000 0 -0.001 10.656 -0.0008 10.6557
% 1774620126.3010178 robobot/cmd/ti rc 0.0 0.5
% 1774620126.3079689 robobot/cmd/ti alive 2026-03-27 15:01:41.362915
% 1774620126.3195212 robobot/cmd/ti rc 0.0 0.5
% 1774620126.3307498 robobot/cmd/ti rc 0.0 0.5
% 1774620126.3449743 robobot/cmd/ti rc 0.0 0.5
1774620126.3485096 0 0.002 -0.004 -1.889 158 0.00 0.00 0.000 0.000 0 -0.001 10.678 -0.0007 10.6777
% 1774620126.3589237 robobot/cmd/ti rc 0.0 0.5
% 1774620126.371588 robobot/cmd/ti rc 0.0 0.5
1774620126.375679 0 0.002 -0.004 -1.881 158 0.00 0.00 0.000 0.000 0 -0.001 10.686 -0.0006 10.6858
% 1774620126.4030056 robobot/cmd/ti rc 0.0 0.5
% 1774620126.4186792 robobot/cmd/ti rc 0.0 0.5
1774620126.432156 0 0.002 -0.004 -1.867 158 0.00 0.00 0.000 0.000 0 -0.001 10.700 -0.0007 10.6997
% 1774620126.4340997 robobot/cmd/ti rc 0.0 0.5
% 1774620126.4541967 robobot/cmd/ti rc 0.0 0.5
% 1774620126.4675786 robobot/cmd/ti rc 0.0 0.5
% 1774620126.4834435 robobot/cmd/ti rc 0.0 0.5
1774620126.4871597 0 0.002 -0.004 -1.841 158 0.00 0.00 0.000 0.000 0 -0.000 10.725 -0.0005 10.7251
1774620126.499735 0 0.002 -0.004 -1.833 158 0.00 0.00 0.000 0.000 0 -0.001 10.733 -0.0006 10.7332
% 1774620126.503535 robobot/cmd/ti rc 0.0 0.5
% 1774620126.5285158 robobot/cmd/ti rc 0.0 0.5
% 1774620126.5289469 robobot/cmd/T0 servo 1 -900 200
% 1774620126.5438209 robobot/cmd/ti rc 0.0 0.5
1774620126.5610132 0 0.002 -0.004 -1.817 158 0.00 0.00 0.000 0.000 0 -0.001 10.749 -0.0005 10.7494
% 1774620126.5612335 robobot/cmd/ti rc 0.0 0.5
% 1774620126.5873182 robobot/cmd/ti rc 0.0 0.5
% 1774620126.613143 robobot/cmd/ti rc 0.0 0.5
% 1774620126.629305 robobot/cmd/ti rc 0.0 0.5
1774620126.6484299 0 0.002 -0.003 -1.807 158 0.00 0.00 0.000 0.000 0 -0.001 10.760 -0.0009 10.7598
1774620126.6603618 0 0.002 -0.003 -1.805 158 0.00 0.00 0.000 0.000 0 -0.001 10.761 -0.0011 10.7610
% 1774620126.663765 robobot/cmd/ti rc 0.0 0.5
% 1774620126.6851811 robobot/cmd/ti rc 0.0 0.5
% 1774620126.7110782 robobot/cmd/ti rc 0.0 0.5
1774620126.7115953 0 0.002 -0.003 -1.785 158 0.00 0.00 0.000 0.000 0 -0.001 10.782 -0.0013 10.7818
% 1774620126.727495 robobot/cmd/ti rc 0.0 0.5
1774620126.7324717 0 0.002 -0.003 -1.751 158 0.00 0.00 0.000 0.000 0 -0.001 10.815 -0.0008 10.8153
1774620126.7387273 0 0.002 -0.003 -1.745 158 0.00 0.00 0.000 0.000 0 -0.001 10.821 -0.0006 10.8211
% 1774620126.7486517 robobot/cmd/ti rc 0.0 0.5
% 1774620126.7823 robobot/cmd/ti rc 0.0 0.5
% 1774620126.7829297 robobot/cmd/T0 servo 1 -900 200
1774620126.8009033 0 0.002 -0.003 -1.730 159 0.00 0.00 0.000 0.000 0 -0.001 10.836 -0.0005 10.8362
% 1774620126.8311136 robobot/cmd/ti rc 0.0 0.5
% 1774620126.8434224 robobot/cmd/ti rc 0.0 0.5
% 1774620126.852958 robobot/cmd/ti alive 2026-03-27 15:01:41.362915
1774620126.8577235 0 0.002 -0.003 -1.709 159 0.00 0.00 0.000 0.000 0 -0.001 10.857 -0.0006 10.8570
% 1774620126.8590448 robobot/cmd/ti rc 0.0 0.5
1774620126.8615885 0 0.002 -0.003 -1.701 159 0.00 0.00 0.000 0.000 0 -0.001 10.865 -0.0007 10.8651
% 1774620126.8828447 robobot/cmd/ti rc 0.0 0.5
% 1774620126.8998148 robobot/cmd/ti rc 0.0 0.5
% 1774620126.9160097 robobot/cmd/ti rc 0.0 0.5
1774620126.9314935 0 0.002 -0.003 -1.683 159 0.00 0.00 0.000 0.000 0 -0.001 10.884 -0.0005 10.8836
% 1774620126.9376848 robobot/cmd/ti rc 0.0 0.5
% 1774620126.9485106 robobot/cmd/ti rc 0.0 0.5
% 1774620126.9949183 robobot/cmd/ti rc 0.0 0.5
1774620127.000694 0 0.002 -0.003 -1.660 159 0.00 0.00 0.000 0.000 0 -0.001 10.907 -0.0006 10.9067
1774620127.0041113 0 0.002 -0.003 -1.654 159 0.00 0.00 0.000 0.000 0 -0.001 10.912 -0.0006 10.9125
% 1774620127.0146084 robobot/cmd/ti rc 0.0 0.5
1774620127.014899 0 0.002 -0.003 -1.648 159 0.00 0.00 0.000 0.000 0 -0.001 10.918 -0.0008 10.9183
% 1774620127.0259979 robobot/cmd/ti rc 0.0 0.5
1774620127.030455 0 0.002 -0.002 -1.629 159 0.00 0.00 0.000 0.000 0 -0.002 10.938 -0.0017 10.9379
1774620127.0366101 0 0.002 -0.002 -1.620 159 0.00 0.00 0.000 0.000 0 -0.002 10.946 -0.0017 10.9460
% 1774620127.0452046 robobot/cmd/ti rc 0.0 0.5
% 1774620127.045495 robobot/cmd/T0 servo 1 -900 200
1774620127.0523794 0 0.002 -0.003 -1.596 159 0.00 0.00 0.000 0.000 0 -0.001 10.970 -0.0010 10.9703
% 1774620127.0564275 robobot/cmd/ti rc 0.0 0.5
1774620127.0648084 0 0.002 -0.003 -1.569 159 0.00 0.00 0.000 0.000 0 -0.000 10.997 -0.0005 10.9969
1774620127.0662644 0 0.002 -0.003 -1.565 159 0.00 0.00 0.000 0.000 0 -0.000 11.001 -0.0004 11.0015
% 1774620127.067035 robobot/cmd/ti rc 0.0 0.5
% 1774620127.0776007 robobot/cmd/ti rc 0.0 0.5
% 1774620127.088456 robobot/cmd/ti rc 0.0 0.5
1774620127.0908582 0 0.002 -0.002 -1.553 159 0.00 0.00 0.000 0.000 0 -0.000 11.013 -0.0004 11.0131
% 1774620127.099984 robobot/cmd/ti rc 0.0 0.5
% 1774620127.1120942 robobot/cmd/ti rc 0.0 0.5
% 1774620127.1231184 robobot/cmd/ti rc 0.0 0.5
% 1774620127.133613 robobot/cmd/ti rc 0.0 0.5
1774620127.1396728 0 0.002 -0.002 -1.532 160 0.00 0.00 0.000 0.000 0 -0.001 11.034 -0.0014 11.0339
% 1774620127.144025 robobot/cmd/ti rc 0.0 0.5
1774620127.160066 0 0.002 -0.002 -1.524 160 0.00 0.00 0.000 0.000 0 -0.001 11.042 -0.0012 11.0420
% 1774620127.1602933 robobot/cmd/ti rc 0.0 0.5
% 1774620127.1714609 robobot/cmd/ti rc 0.0 0.5
% 1774620127.1822274 robobot/cmd/ti rc 0.0 0.5
1774620127.19257 0 0.002 -0.002 -1.505 160 0.00 0.00 0.000 0.000 0 -0.001 11.062 -0.0008 11.0617
% 1774620127.1932583 robobot/cmd/ti rc 0.0 0.5
% 1774620127.2038085 robobot/cmd/ti rc 0.0 0.5
% 1774620127.2142613 robobot/cmd/ti rc 0.0 0.5
% 1774620127.2249126 robobot/cmd/ti rc 0.0 0.5
% 1774620127.2357278 robobot/cmd/ti rc 0.0 0.5
1774620127.2403667 0 0.002 -0.002 -1.491 160 0.00 0.00 0.000 0.000 0 -0.000 11.076 -0.0005 11.0756
% 1774620127.2461345 robobot/cmd/ti rc 0.0 0.5
% 1774620127.2576318 robobot/cmd/ti rc 0.0 0.5
1774620127.258551 0 0.002 -0.002 -1.486 161 0.00 0.00 0.000 0.000 0 -0.000 11.080 -0.0004 11.0802
% 1774620127.268285 robobot/cmd/ti rc 0.0 0.5
% 1774620127.2790763 robobot/cmd/ti rc 0.0 0.5
% 1774620127.2897782 robobot/cmd/ti rc 0.0 0.5
1774620127.2941504 0 0.002 -0.001 -1.476 161 0.00 0.00 0.000 0.000 0 -0.001 11.091 -0.0013 11.0906
% 1774620127.3006806 robobot/cmd/ti rc 0.0 0.5
% 1774620127.300835 robobot/cmd/T0 servo 1 -900 200
% 1774620127.3114688 robobot/cmd/ti rc 0.0 0.5
% 1774620127.3219297 robobot/cmd/ti rc 0.0 0.5
% 1774620127.3324878 robobot/cmd/ti rc 0.0 0.5
% 1774620127.3431134 robobot/cmd/ti rc 0.0 0.5
1774620127.344532 0 0.002 -0.000 -1.455 161 0.00 0.00 0.000 0.000 0 -0.003 11.111 -0.0025 11.1114
% 1774620127.3569467 robobot/cmd/ti rc 0.0 0.5
1774620127.3573244 0 0.002 -0.001 -1.443 161 0.00 0.00 0.000 0.000 0 -0.002 11.123 -0.0022 11.1230
% 1774620127.3678422 robobot/cmd/ti rc 0.0 0.5
% 1774620127.3789532 robobot/cmd/ti rc 0.0 0.5
% 1774620127.3906345 robobot/cmd/ti rc 0.0 0.5
1774620127.3925786 0 0.002 -0.002 -1.420 162 0.00 0.00 0.000 0.000 0 -0.001 11.146 -0.0011 11.1461
% 1774620127.4010413 robobot/cmd/ti alive 2026-03-27 15:01:41.362915
% 1774620127.403944 robobot/cmd/ti rc 0.0 0.5
% 1774620127.4145913 robobot/cmd/ti rc 0.0 0.5
% 1774620127.4254968 robobot/cmd/ti rc 0.0 0.5
% 1774620127.4363725 robobot/cmd/ti rc 0.0 0.5
1774620127.4411533 0 0.002 -0.002 -1.393 162 0.00 0.00 0.000 0.000 0 -0.000 11.174 -0.0003 11.1739
% 1774620127.447233 robobot/cmd/ti rc 0.0 0.5
% 1774620127.458795 robobot/cmd/ti rc 0.0 0.5
1774620127.4597387 0 0.002 -0.002 -1.388 162 0.00 0.00 0.000 0.000 0 -0.000 11.178 -0.0003 11.1785
% 1774620127.46947 robobot/cmd/ti rc 0.0 0.5
% 1774620127.4802191 robobot/cmd/ti rc 0.0 0.5
% 1774620127.4926043 robobot/cmd/ti rc 0.0 0.5
1774620127.494779 0 0.002 -0.002 -1.373 162 0.00 0.00 0.000 0.000 0 -0.001 11.193 -0.0007 11.1935
% 1774620127.5029995 robobot/cmd/ti rc 0.0 0.5
% 1774620127.5136514 robobot/cmd/ti rc 0.0 0.5
% 1774620127.5247283 robobot/cmd/ti rc 0.0 0.5
% 1774620127.5353801 robobot/cmd/ti rc 0.0 0.5
1774620127.5412912 0 0.002 -0.002 -1.351 162 0.00 0.00 0.000 0.000 0 -0.001 11.215 -0.0006 11.2155
% 1774620127.5459418 robobot/cmd/ti rc 0.0 0.5
% 1774620127.5586107 robobot/cmd/ti rc 0.0 0.5
% 1774620127.5594032 robobot/cmd/T0 servo 1 -900 200
1774620127.559991 0 0.002 -0.002 -1.344 163 0.00 0.00 0.000 0.000 0 -0.001 11.222 -0.0007 11.2224
% 1774620127.571339 robobot/cmd/ti rc 0.0 0.5
% 1774620127.5843008 robobot/cmd/ti rc 0.0 0.5
1774620127.591496 0 0.002 -0.002 -1.330 163 0.00 0.00 0.000 0.000 0 -0.000 11.236 -0.0004 11.2363
% 1774620127.5960922 robobot/cmd/ti rc 0.0 0.5
% 1774620127.6076186 robobot/cmd/ti rc 0.0 0.5
% 1774620127.6180236 robobot/cmd/ti rc 0.0 0.5
% 1774620127.6283863 robobot/cmd/ti rc 0.0 0.5
% 1774620127.6391644 robobot/cmd/ti rc 0.0 0.5
1774620127.6421292 0 0.002 -0.001 -1.315 163 0.00 0.00 0.000 0.000 0 -0.001 11.251 -0.0010 11.2513
% 1774620127.649638 robobot/cmd/ti rc 0.0 0.5
1774620127.6572948 0 0.002 -0.000 -1.310 163 0.00 0.00 0.000 0.000 0 -0.001 11.256 -0.0012 11.2560
% 1774620127.6641443 robobot/cmd/ti rc 0.0 0.5
% 1774620127.674738 robobot/cmd/ti rc 0.0 0.5
% 1774620127.6854658 robobot/cmd/ti rc 0.0 0.5
1774620127.6925526 0 0.002 0.000 -1.297 163 0.00 0.00 0.000 0.000 0 -0.002 11.270 -0.0021 11.2698
% 1774620127.6958303 robobot/cmd/ti rc 0.0 0.5
% 1774620127.706172 robobot/cmd/ti rc 0.0 0.5
% 1774620127.7174425 robobot/cmd/ti rc 0.0 0.5
% 1774620127.7285624 robobot/cmd/ti rc 0.0 0.5
% 1774620127.740201 robobot/cmd/ti rc 0.0 0.5
1774620127.7416632 0 0.002 -0.001 -1.266 164 0.00 0.00 0.000 0.000 0 -0.001 11.300 -0.0011 11.2999
% 1774620127.7515879 robobot/cmd/ti rc 0.0 0.5
1774620127.7597651 0 0.002 -0.001 -1.257 164 0.00 0.00 0.000 0.000 0 -0.001 11.309 -0.0007 11.3092
% 1774620127.762143 robobot/cmd/ti rc 0.0 0.5
% 1774620127.772949 robobot/cmd/ti rc 0.0 0.5
% 1774620127.7839384 robobot/cmd/ti rc 0.0 0.5
1774620127.7921712 0 0.002 -0.001 -1.239 164 0.00 0.00 0.000 0.000 0 -0.001 11.328 -0.0006 11.3277
% 1774620127.7956376 robobot/cmd/ti rc 0.0 0.5
% 1774620127.806887 robobot/cmd/ti rc 0.0 0.5
% 1774620127.8176885 robobot/cmd/ti rc 0.0 0.5
% 1774620127.818792 robobot/cmd/T0 servo 1 -900 200
% 1774620127.8300486 robobot/cmd/ti rc 0.0 0.5
% 1774620127.840384 robobot/cmd/ti rc 0.0 0.5
1774620127.840898 0 0.002 -0.001 -1.220 164 0.00 0.00 0.000 0.000 0 -0.001 11.346 -0.0008 11.3462
% 1774620127.851059 robobot/cmd/ti rc 0.0 0.5
1774620127.857134 0 0.002 -0.001 -1.211 165 0.00 0.00 0.000 0.000 0 -0.001 11.355 -0.0009 11.3554
% 1774620127.8615696 robobot/cmd/ti rc 0.0 0.5
% 1774620127.8724809 robobot/cmd/ti rc 0.0 0.5
% 1774620127.8857713 robobot/cmd/ti rc 0.0 0.5
1774620127.890971 0 0.002 -0.001 -1.194 165 0.00 0.00 0.000 0.000 0 -0.001 11.373 -0.0007 11.3728
% 1774620127.8965204 robobot/cmd/ti rc 0.0 0.5
% 1774620127.9054806 robobot/cmd/ti alive 2026-03-27 15:01:41.362915
% 1774620127.9070437 robobot/cmd/ti rc 0.0 0.5
% 1774620127.918216 robobot/cmd/ti rc 0.0 0.5
% 1774620127.9318957 robobot/cmd/ti rc 0.0 0.5
1774620127.9418766 0 0.002 -0.001 -1.173 165 0.00 0.00 0.000 0.000 0 -0.000 11.394 -0.0004 11.3936
% 1774620127.9427314 robobot/cmd/ti rc 0.0 0.5
% 1774620127.9536827 robobot/cmd/ti rc 0.0 0.5
1774620127.9573567 0 0.002 -0.001 -1.165 165 0.00 0.00 0.000 0.000 0 -0.001 11.402 -0.0005 11.4017
% 1774620127.964153 robobot/cmd/ti rc 0.0 0.5
% 1774620127.9744976 robobot/cmd/ti rc 0.0 0.5
% 1774620127.9848673 robobot/cmd/ti rc 0.0 0.5
1774620127.9921126 0 0.002 -0.000 -1.154 166 0.00 0.00 0.000 0.000 0 -0.001 11.412 -0.0009 11.4121
% 1774620127.9999974 robobot/cmd/ti rc 0.0 0.5
% 1774620128.0108492 robobot/cmd/ti rc 0.0 0.5
% 1774620128.021701 robobot/cmd/ti rc 0.0 0.5
% 1774620128.033037 robobot/cmd/ti rc 0.0 0.5
1774620128.0422215 0 0.001 0.001 -1.143 166 0.00 0.00 0.000 0.000 0 -0.002 11.424 -0.0018 11.4237
% 1774620128.0445197 robobot/cmd/ti rc 0.0 0.5
% 1774620128.055215 robobot/cmd/ti rc 0.0 0.5
1774620128.0576167 0 0.002 0.001 -1.132 166 0.00 0.00 0.000 0.000 0 -0.002 11.434 -0.0021 11.4341
% 1774620128.0657866 robobot/cmd/ti rc 0.0 0.5
% 1774620128.0782115 robobot/cmd/ti rc 0.0 0.5
% 1774620128.0784907 robobot/cmd/T0 servo 1 -900 200
% 1774620128.0891924 robobot/cmd/ti rc 0.0 0.5
1774620128.0922837 0 0.002 -0.000 -1.110 166 0.00 0.00 0.000 0.000 0 -0.001 11.456 -0.0013 11.4560
% 1774620128.0999234 robobot/cmd/ti rc 0.0 0.5
% 1774620128.111148 robobot/cmd/ti rc 0.0 0.5
% 1774620128.1218147 robobot/cmd/ti rc 0.0 0.5
% 1774620128.1339703 robobot/cmd/ti rc 0.0 0.5
1774620128.144469 0 0.002 -0.001 -1.081 167 0.00 0.00 0.000 0.000 0 -0.001 11.485 -0.0007 11.4850
% 1774620128.1462076 robobot/cmd/ti rc 0.0 0.5
% 1774620128.1575017 robobot/cmd/ti rc 0.0 0.5
1774620128.1589358 0 0.002 -0.000 -1.076 167 0.00 0.00 0.000 0.000 0 -0.001 11.491 -0.0007 11.4907
% 1774620128.1682181 robobot/cmd/ti rc 0.0 0.5
% 1774620128.1800256 robobot/cmd/ti rc 0.0 0.5
% 1774620128.19114 robobot/cmd/ti rc 0.0 0.5
1774620128.1942892 0 0.002 -0.000 -1.060 167 0.00 0.00 0.000 0.000 0 -0.001 11.507 -0.0007 11.5069
% 1774620128.2017734 robobot/cmd/ti rc 0.0 0.5
% 1774620128.2132618 robobot/cmd/ti rc 0.0 0.5
% 1774620128.2237248 robobot/cmd/ti rc 0.0 0.5
% 1774620128.2341716 robobot/cmd/ti rc 0.0 0.5
1774620128.2414038 0 0.002 -0.001 -1.039 167 0.00 0.00 0.000 0.000 0 -0.001 11.528 -0.0008 11.5278
% 1774620128.24465 robobot/cmd/ti rc 0.0 0.5
% 1774620128.256631 robobot/cmd/ti rc 0.0 0.5
1774620128.259043 0 0.002 -0.001 -1.033 168 0.00 0.00 0.000 0.000 0 -0.001 11.533 -0.0006 11.5335
% 1774620128.2671726 robobot/cmd/ti rc 0.0 0.5
% 1774620128.2786293 robobot/cmd/ti rc 0.0 0.5
% 1774620128.2901855 robobot/cmd/ti rc 0.0 0.5
1774620128.2928061 0 0.002 -0.000 -1.013 168 0.00 0.00 0.000 0.000 0 -0.001 11.553 -0.0005 11.5532
% 1774620128.3025112 robobot/cmd/ti rc 0.0 0.5
% 1774620128.3129454 robobot/cmd/ti rc 0.0 0.5
% 1774620128.3259804 robobot/cmd/ti rc 0.0 0.5
% 1774620128.3365986 robobot/cmd/ti rc 0.0 0.5
% 1774620128.3371036 robobot/cmd/T0 servo 1 -900 200
1774620128.3428512 0 0.002 0.000 -0.996 168 0.00 0.00 0.000 0.000 0 -0.001 11.570 -0.0008 11.5705
% 1774620128.3490274 robobot/cmd/ti rc 0.0 0.5
1774620128.3584986 0 0.001 0.000 -0.992 168 0.00 0.00 0.000 0.000 0 -0.001 11.574 -0.0010 11.5740
% 1774620128.3619025 robobot/cmd/ti rc 0.0 0.5
% 1774620128.3724787 robobot/cmd/ti rc 0.0 0.5
% 1774620128.385779 robobot/cmd/ti rc 0.0 0.5
1774620128.392052 0 0.001 0.001 -0.984 168 0.00 0.00 0.000 0.000 0 -0.002 11.582 -0.0016 11.5821
% 1774620128.396493 robobot/cmd/ti rc 0.0 0.5
% 1774620128.4069355 robobot/cmd/ti rc 0.0 0.5
% 1774620128.409406 robobot/cmd/ti alive 2026-03-27 15:01:41.362915
% 1774620128.4178658 robobot/cmd/ti rc 0.0 0.5
% 1774620128.4284775 robobot/cmd/ti rc 0.0 0.5
% 1774620128.440017 robobot/cmd/ti rc 0.0 0.5
1774620128.4421735 0 0.001 0.001 -0.960 169 0.00 0.00 0.000 0.000 0 -0.002 11.606 -0.0020 11.6064
% 1774620128.4533117 robobot/cmd/ti rc 0.0 0.5
1774620128.461664 0 0.001 0.001 -0.951 169 0.00 0.00 0.000 0.000 0 -0.002 11.616 -0.0016 11.6156
% 1774620128.4669755 robobot/cmd/ti rc 0.0 0.5
% 1774620128.4782133 robobot/cmd/ti rc 0.0 0.5
% 1774620128.4894216 robobot/cmd/ti rc 0.0 0.5
1774620128.4942203 0 0.002 0.000 -0.926 169 0.00 0.00 0.000 0.000 0 -0.001 11.640 -0.0010 11.6399
% 1774620128.4998639 robobot/cmd/ti rc 0.0 0.5
% 1774620128.5117064 robobot/cmd/ti rc 0.0 0.5
% 1774620128.5226927 robobot/cmd/ti rc 0.0 0.5
% 1774620128.5336192 robobot/cmd/ti rc 0.0 0.5
1774620128.5425897 0 0.002 0.000 -0.902 169 0.00 0.00 0.000 0.000 0 -0.001 11.664 -0.0008 11.6642
% 1774620128.54513 robobot/cmd/ti rc 0.0 0.5
% 1774620128.556669 robobot/cmd/ti rc 0.0 0.5
1774620128.5602417 0 0.002 0.000 -0.898 170 0.00 0.00 0.000 0.000 0 -0.001 11.669 -0.0008 11.6688
% 1774620128.568653 robobot/cmd/ti rc 0.0 0.5
% 1774620128.5831723 robobot/cmd/ti rc 0.0 0.5
1774620128.5927706 0 0.002 -0.000 -0.885 170 0.00 0.00 0.000 0.000 0 -0.001 11.682 -0.0009 11.6816
% 1774620128.5939474 robobot/cmd/ti rc 0.0 0.5
% 1774620128.5950806 robobot/cmd/T0 servo 1 -900 200
% 1774620128.6055408 robobot/cmd/ti rc 0.0 0.5
% 1774620128.6161442 robobot/cmd/ti rc 0.0 0.5
% 1774620128.6271348 robobot/cmd/ti rc 0.0 0.5
% 1774620128.637676 robobot/cmd/ti rc 0.0 0.5
1774620128.6437175 0 0.002 0.000 -0.857 170 0.00 0.00 0.000 0.000 0 -0.001 11.709 -0.0006 11.7093
% 1774620128.6482108 robobot/cmd/ti rc 0.0 0.5
1774620128.6617856 0 0.002 0.000 -0.850 170 0.00 0.00 0.000 0.000 0 -0.001 11.716 -0.0007 11.7163
% 1774620128.663302 robobot/cmd/ti rc 0.0 0.5
% 1774620128.6736405 robobot/cmd/ti rc 0.0 0.5
% 1774620128.6844025 robobot/cmd/ti rc 0.0 0.5
1774620128.6924605 0 0.002 0.000 -0.836 170 0.00 0.00 0.000 0.000 0 -0.001 11.730 -0.0008 11.7301
% 1774620128.6948407 robobot/cmd/ti rc 0.0 0.5
% 1774620128.7051773 robobot/cmd/ti rc 0.0 0.5
% 1774620128.7155988 robobot/cmd/ti rc 0.0 0.5
% 1774620128.7262008 robobot/cmd/ti rc 0.0 0.5
% 1774620128.737996 robobot/cmd/ti rc 0.0 0.5
1774620128.745472 0 0.001 0.001 -0.824 171 0.00 0.00 0.000 0.000 0 -0.001 11.743 -0.0014 11.7429
% 1774620128.7484815 robobot/cmd/ti rc 0.0 0.5
% 1774620128.7634573 robobot/cmd/ti rc 0.0 0.5
1774620128.7651975 0 0.001 0.001 -0.821 171 0.00 0.00 0.000 0.000 0 -0.002 11.745 -0.0017 11.7452
% 1774620128.774105 robobot/cmd/ti rc 0.0 0.5
% 1774620128.7846327 robobot/cmd/ti rc 0.0 0.5
1774620128.7943256 0 0.001 0.001 -0.802 171 0.00 0.00 0.000 0.000 0 -0.002 11.765 -0.0019 11.7648
% 1774620128.7950504 robobot/cmd/ti rc 0.0 0.5
% 1774620128.8058147 robobot/cmd/ti rc 0.0 0.5
% 1774620128.8168142 robobot/cmd/ti rc 0.0 0.5
% 1774620128.827196 robobot/cmd/ti rc 0.0 0.5
% 1774620128.8377607 robobot/cmd/ti rc 0.0 0.5
1774620128.843833 0 0.001 0.001 -0.769 171 0.00 0.00 0.000 0.000 0 -0.001 11.797 -0.0010 11.7972
% 1774620128.8481677 robobot/cmd/ti rc 0.0 0.5
% 1774620128.8483694 robobot/cmd/T0 servo 1 -900 200
% 1774620128.858682 robobot/cmd/ti rc 0.0 0.5
1774620128.85905 0 0.002 0.000 -0.761 171 0.00 0.00 0.000 0.000 0 -0.001 11.805 -0.0008 11.8053
% 1774620128.8694441 robobot/cmd/ti rc 0.0 0.5
% 1774620128.8799958 robobot/cmd/ti rc 0.0 0.5
% 1774620128.8909984 robobot/cmd/ti rc 0.0 0.5
1774620128.899105 0 0.002 0.000 -0.745 172 0.00 0.00 0.000 0.000 0 -0.001 11.821 -0.0007 11.8215
% 1774620128.9044278 robobot/cmd/ti rc 0.0 0.5
% 1774620128.915345 robobot/cmd/ti rc 0.0 0.5
% 1774620128.9155068 robobot/cmd/ti alive 2026-03-27 15:01:41.362915
% 1774620128.927872 robobot/cmd/ti rc 0.0 0.5
% 1774620128.9386199 robobot/cmd/ti rc 0.0 0.5
1774620128.9450655 0 0.001 0.001 -0.731 172 0.00 0.00 0.000 0.000 0 -0.001 11.835 -0.0008 11.8354
% 1774620128.9492931 robobot/cmd/ti rc 0.0 0.5
1774620128.9607513 0 0.001 0.001 -0.720 172 0.00 0.00 0.000 0.000 0 -0.001 11.847 -0.0008 11.8469
% 1774620128.9616244 robobot/cmd/ti rc 0.0 0.5
% 1774620128.9725454 robobot/cmd/ti rc 0.0 0.5
% 1774620128.9834802 robobot/cmd/ti rc 0.0 0.5
1774620128.9941247 0 0.001 0.001 -0.702 172 0.00 0.00 0.000 0.000 0 -0.001 11.864 -0.0007 11.8643
% 1774620128.9956467 robobot/cmd/ti rc 0.0 0.5
% 1774620129.006379 robobot/cmd/ti rc 0.0 0.5
% 1774620129.0169463 robobot/cmd/ti rc 0.0 0.5
% 1774620129.0287366 robobot/cmd/ti rc 0.0 0.5
% 1774620129.0448225 robobot/cmd/ti rc 0.0 0.5
1774620129.0454264 0 0.001 0.001 -0.678 173 0.00 0.00 0.000 0.000 0 -0.001 11.889 -0.0008 11.8886
% 1774620129.0569372 robobot/cmd/ti rc 0.0 0.5
1774620129.060457 0 0.001 0.001 -0.672 173 0.00 0.00 0.000 0.000 0 -0.001 11.894 -0.0008 11.8944
% 1774620129.068133 robobot/cmd/ti rc 0.0 0.5
% 1774620129.0792072 robobot/cmd/ti rc 0.0 0.5
% 1774620129.0897 robobot/cmd/ti rc 0.0 0.5
1774620129.0954087 0 0.001 0.001 -0.665 173 0.00 0.00 0.000 0.000 0 -0.001 11.901 -0.0011 11.9013
% 1774620129.100827 robobot/cmd/ti rc 0.0 0.5
% 1774620129.1015928 robobot/cmd/T0 servo 1 -900 200
% 1774620129.1124072 robobot/cmd/ti rc 0.0 0.5
% 1774620129.125794 robobot/cmd/ti rc 0.0 0.5
% 1774620129.1362283 robobot/cmd/ti rc 0.0 0.5
1774620129.144376 0 0.000 0.002 -0.644 173 0.00 0.00 0.000 0.000 0 -0.002 11.922 -0.0018 11.9221
% 1774620129.1467016 robobot/cmd/ti rc 0.0 0.5
% 1774620129.1580272 robobot/cmd/ti rc 0.0 0.5
1774620129.1581903 0 0.000 0.001 -0.635 173 0.00 0.00 0.000 0.000 0 -0.002 11.931 -0.0016 11.9314
% 1774620129.1684716 robobot/cmd/ti rc 0.0 0.5
% 1774620129.1789122 robobot/cmd/ti rc 0.0 0.5
% 1774620129.192254 robobot/cmd/ti rc 0.0 0.5
1774620129.1934228 0 0.001 0.001 -0.614 174 0.00 0.00 0.000 0.000 0 -0.001 11.952 -0.0011 11.9522
% 1774620129.2031724 robobot/cmd/ti rc 0.0 0.5
% 1774620129.2178779 robobot/cmd/ti rc 0.0 0.5
% 1774620129.2298203 robobot/cmd/ti rc 0.0 0.5
% 1774620129.2402155 robobot/cmd/ti rc 0.0 0.5
1774620129.2459424 0 0.001 0.001 -0.590 174 0.00 0.00 0.000 0.000 0 -0.001 11.976 -0.0008 11.9765
% 1774620129.251016 robobot/cmd/ti rc 0.0 0.5
1774620129.2589521 0 0.001 0.001 -0.585 174 0.00 0.00 0.000 0.000 0 -0.001 11.981 -0.0008 11.9811
% 1774620129.2627404 robobot/cmd/ti rc 0.0 0.5
% 1774620129.273542 robobot/cmd/ti rc 0.0 0.5
% 1774620129.2847595 robobot/cmd/ti rc 0.0 0.5
1774620129.297475 0 0.001 0.001 -0.571 174 0.00 0.00 0.000 0.000 0 -0.001 11.995 -0.0006 11.9950
% 1774620129.2976499 robobot/cmd/ti rc 0.0 0.5
% 1774620129.308112 robobot/cmd/ti rc 0.0 0.5
% 1774620129.3192427 robobot/cmd/ti rc 0.0 0.5
% 1774620129.3297668 robobot/cmd/ti rc 0.0 0.5
% 1774620129.342219 robobot/cmd/ti rc 0.0 0.5
1774620129.3444722 0 0.001 0.001 -0.544 175 0.00 0.00 0.000 0.000 0 -0.001 12.023 -0.0007 12.0227
% 1774620129.3528829 robobot/cmd/ti rc 0.0 0.5
% 1774620129.353296 robobot/cmd/T0 servo 1 -900 200
1774620129.3615978 0 0.001 0.001 -0.538 175 0.00 0.00 0.000 0.000 0 -0.001 12.028 -0.0007 12.0285
% 1774620129.3637438 robobot/cmd/ti rc 0.0 0.5
% 1774620129.3745804 robobot/cmd/ti rc 0.0 0.5
% 1774620129.3853142 robobot/cmd/ti rc 0.0 0.5
1774620129.395108 0 0.001 0.001 -0.520 175 0.00 0.00 0.000 0.000 0 -0.001 12.046 -0.0008 12.0459
% 1774620129.3962507 robobot/cmd/ti rc 0.0 0.5
% 1774620129.406902 robobot/cmd/ti rc 0.0 0.5
% 1774620129.4176059 robobot/cmd/ti rc 0.0 0.5
% 1774620129.418163 robobot/cmd/ti alive 2026-03-27 15:01:41.362915
% 1774620129.4301796 robobot/cmd/ti rc 0.0 0.5
% 1774620129.4405382 robobot/cmd/ti rc 0.0 0.5
1774620129.4446008 0 0.000 0.001 -0.505 175 0.00 0.00 0.000 0.000 0 -0.001 12.061 -0.0009 12.0609
% 1774620129.4510622 robobot/cmd/ti rc 0.0 0.5
1774620129.4588385 0 0.000 0.001 -0.502 176 0.00 0.00 0.000 0.000 0 -0.001 12.064 -0.0010 12.0644
% 1774620129.461414 robobot/cmd/ti rc 0.0 0.5
% 1774620129.4724405 robobot/cmd/ti rc 0.0 0.5
% 1774620129.4830012 robobot/cmd/ti rc 0.0 0.5
1774620129.494538 0 -0.000 0.002 -0.483 176 0.00 0.00 0.000 0.000 0 -0.002 12.083 -0.0017 12.0829
% 1774620129.4949462 robobot/cmd/ti rc 0.0 0.5
% 1774620129.5053825 robobot/cmd/ti rc 0.0 0.5
% 1774620129.516861 robobot/cmd/ti rc 0.0 0.5
% 1774620129.5274425 robobot/cmd/ti rc 0.0 0.5
% 1774620129.5390012 robobot/cmd/ti rc 0.0 0.5
1774620129.5438051 0 0.000 0.001 -0.454 176 0.00 0.00 0.000 0.000 0 -0.001 12.113 -0.0010 12.1129
% 1774620129.5501196 robobot/cmd/ti rc 0.0 0.5
1774620129.558848 0 0.000 0.001 -0.449 176 0.00 0.00 0.000 0.000 0 -0.001 12.118 -0.0008 12.1176
% 1774620129.5606263 robobot/cmd/ti rc 0.0 0.5
% 1774620129.5733776 robobot/cmd/ti rc 0.0 0.5
% 1774620129.5840054 robobot/cmd/ti rc 0.0 0.5
1774620129.5942807 0 0.000 0.001 -0.433 177 0.00 0.00 0.000 0.000 0 -0.001 12.134 -0.0008 12.1337
% 1774620129.5946834 robobot/cmd/ti rc 0.0 0.5
% 1774620129.6051233 robobot/cmd/ti rc 0.0 0.5
% 1774620129.605847 robobot/cmd/T0 servo 1 -900 200
% 1774620129.6188633 robobot/cmd/ti rc 0.0 0.5
% 1774620129.6300802 robobot/cmd/ti rc 0.0 0.5
% 1774620129.6414363 robobot/cmd/ti rc 0.0 0.5
1774620129.6453948 0 0.000 0.001 -0.412 177 0.00 0.00 0.000 0.000 0 -0.001 12.155 -0.0005 12.1546
% 1774620129.655982 robobot/cmd/ti rc 0.0 0.5
1774620129.6588392 0 0.000 0.001 -0.408 177 0.00 0.00 0.000 0.000 0 -0.001 12.158 -0.0007 12.1580
% 1774620129.6671157 robobot/cmd/ti rc 0.0 0.5
% 1774620129.6788177 robobot/cmd/ti rc 0.0 0.5
% 1774620129.6893396 robobot/cmd/ti rc 0.0 0.5
1774620129.693669 0 0.001 0.001 -0.385 177 0.00 0.00 0.000 0.000 0 -0.001 12.181 -0.0008 12.1812
% 1774620129.7001004 robobot/cmd/ti rc 0.0 0.5
% 1774620129.7110293 robobot/cmd/ti rc 0.0 0.5
% 1774620129.7214973 robobot/cmd/ti rc 0.0 0.5
% 1774620129.7318556 robobot/cmd/ti rc 0.0 0.5
% 1774620129.7423155 robobot/cmd/ti rc 0.0 0.5
1774620129.7443464 0 0.000 0.001 -0.363 177 0.00 0.00 0.000 0.000 0 -0.001 12.203 -0.0008 12.2031
% 1774620129.753491 robobot/cmd/ti rc 0.0 0.5
1774620129.7579632 0 0.000 0.001 -0.359 178 0.00 0.00 0.000 0.000 0 -0.001 12.208 -0.0007 12.2078
% 1774620129.7644112 robobot/cmd/ti rc 0.0 0.5
% 1774620129.7770753 robobot/cmd/ti rc 0.0 0.5
% 1774620129.7877054 robobot/cmd/ti rc 0.0 0.5
1774620129.7954078 0 0.000 0.001 -0.346 178 0.00 0.00 0.000 0.000 0 -0.001 12.220 -0.0007 12.2205
% 1774620129.7982297 robobot/cmd/ti rc 0.0 0.5
% 1774620129.8096986 robobot/cmd/ti rc 0.0 0.5
% 1774620129.8204217 robobot/cmd/ti rc 0.0 0.5
% 1774620129.8317351 robobot/cmd/ti rc 0.0 0.5
% 1774620129.843147 robobot/cmd/ti rc 0.0 0.5
1774620129.8444223 0 -0.001 0.002 -0.332 178 0.00 0.00 0.000 0.000 0 -0.002 12.234 -0.0015 12.2344
% 1774620129.85359 robobot/cmd/ti rc 0.0 0.5
1774620129.8599477 0 -0.001 0.002 -0.325 178 0.00 0.00 0.000 0.000 0 -0.002 12.241 -0.0019 12.2413
% 1774620129.8652399 robobot/cmd/ti rc 0.0 0.5
% 1774620129.8689518 robobot/cmd/T0 servo 1 -900 200
% 1774620129.879784 robobot/cmd/ti rc 0.0 0.5
% 1774620129.8917196 robobot/cmd/ti rc 0.0 0.5
1774620129.8954055 0 -0.000 0.002 -0.300 179 0.00 0.00 0.000 0.000 0 -0.001 12.267 -0.0013 12.2667
% 1774620129.9031947 robobot/cmd/ti rc 0.0 0.5
% 1774620129.915682 robobot/cmd/ti rc 0.0 0.5
% 1774620129.925405 robobot/cmd/ti alive 2026-03-27 15:01:41.362915
% 1774620129.9272249 robobot/cmd/ti rc 0.0 0.5
% 1774620129.9384394 robobot/cmd/ti rc 0.0 0.5
1774620129.944265 0 0.000 0.001 -0.278 179 0.00 0.00 0.000 0.000 0 -0.001 12.289 -0.0007 12.2887
% 1774620129.9489868 robobot/cmd/ti rc 0.0 0.5
1774620129.9596438 0 0.001 0.001 -0.273 179 0.00 0.00 0.000 0.000 0 -0.001 12.293 -0.0006 12.2933
% 1774620129.9598825 robobot/cmd/ti rc 0.0 0.5
% 1774620129.9703376 robobot/cmd/ti rc 0.0 0.5
% 1774620129.981459 robobot/cmd/ti rc 0.0 0.5
% 1774620129.9920354 robobot/cmd/ti rc 0.0 0.5
1774620129.9938333 0 0.000 0.001 -0.253 179 0.00 0.00 0.000 0.000 0 -0.001 12.313 -0.0006 12.3130
% 1774620130.0025327 robobot/cmd/ti rc 0.0 0.5
% 1774620130.0139275 robobot/cmd/ti rc 0.0 0.5
% 1774620130.02476 robobot/cmd/ti rc 0.0 0.5
% 1774620130.0382066 robobot/cmd/ti rc 0.0 0.5
1774620130.0448651 0 -0.000 0.001 -0.229 180 0.00 0.00 0.000 0.000 0 -0.001 12.337 -0.0008 12.3373
% 1774620130.0490437 robobot/cmd/ti rc 0.0 0.5
1774620130.0608604 0 0.000 0.001 -0.223 180 0.00 0.00 0.000 0.000 0 -0.001 12.343 -0.0008 12.3431
% 1774620130.06288 robobot/cmd/ti rc 0.0 0.5
% 1774620130.0732908 robobot/cmd/ti rc 0.0 0.5
% 1774620130.0837712 robobot/cmd/ti rc 0.0 0.5
1774620130.096032 0 0.000 0.001 -0.205 180 0.00 0.00 0.000 0.000 0 -0.001 12.362 -0.0007 12.3616
% 1774620130.0964763 robobot/cmd/ti rc 0.0 0.5
% 1774620130.106968 robobot/cmd/ti rc 0.0 0.5
% 1774620130.1175826 robobot/cmd/ti rc 0.0 0.5
% 1774620130.117795 robobot/cmd/T0 servo 1 -900 200
% 1774620130.130833 robobot/cmd/ti rc 0.0 0.5
% 1774620130.144119 robobot/cmd/ti rc 0.0 0.5
1774620130.1450899 0 -0.000 0.002 -0.188 180 0.00 0.00 0.000 0.000 0 -0.001 12.379 -0.0006 12.3789
% 1774620130.1547203 robobot/cmd/ti rc 0.0 0.5
1774620130.1610115 0 -0.001 0.002 -0.184 180 0.00 0.00 0.000 0.000 0 -0.001 12.382 -0.0008 12.3824
% 1774620130.1683888 robobot/cmd/ti rc 0.0 0.5
% 1774620130.1816285 robobot/cmd/ti rc 0.0 0.5
% 1774620130.192124 robobot/cmd/ti rc 0.0 0.5
1774620130.1953018 0 -0.002 0.002 -0.172 181 0.00 0.00 0.000 0.000 0 -0.001 12.394 -0.0015 12.3940
% 1774620130.2029245 robobot/cmd/ti rc 0.0 0.5
% 1774620130.2139003 robobot/cmd/ti rc 0.0 0.5
% 1774620130.225335 robobot/cmd/ti rc 0.0 0.5
% 1774620130.235902 robobot/cmd/ti rc 0.0 0.5
1774620130.2458477 0 -0.002 0.002 -0.148 181 0.00 0.00 0.000 0.000 0 -0.002 12.418 -0.0020 12.4182
% 1774620130.2465236 robobot/cmd/ti rc 0.0 0.5
% 1774620130.2595093 robobot/cmd/ti rc 0.0 0.5
1774620130.2599683 0 -0.001 0.002 -0.141 181 0.00 0.00 0.000 0.000 0 -0.002 12.425 -0.0018 12.4252
% 1774620130.2698767 robobot/cmd/ti rc 0.0 0.5
% 1774620130.2803326 robobot/cmd/ti rc 0.0 0.5
% 1774620130.2906632 robobot/cmd/ti rc 0.0 0.5
1774620130.2945309 0 -0.000 0.002 -0.120 182 0.00 0.00 0.000 0.000 0 -0.001 12.446 -0.0009 12.4460
% 1774620130.301891 robobot/cmd/ti rc 0.0 0.5
% 1774620130.3164384 robobot/cmd/ti rc 0.0 0.5
% 1774620130.328556 robobot/cmd/ti rc 0.0 0.5
% 1774620130.3395298 robobot/cmd/ti rc 0.0 0.5
1774620130.3448548 0 -0.000 0.002 -0.094 182 0.00 0.00 0.000 0.000 0 -0.001 12.473 -0.0006 12.4726
% 1774620130.351145 robobot/cmd/ti rc 0.0 0.5
1774620130.3592606 0 -0.001 0.002 -0.090 182 0.00 0.00 0.000 0.000 0 -0.001 12.476 -0.0007 12.4761
% 1774620130.364925 robobot/cmd/ti rc 0.0 0.5
% 1774620130.3778048 robobot/cmd/ti rc 0.0 0.5
% 1774620130.3804734 robobot/cmd/T0 servo 1 -900 200
% 1774620130.392439 robobot/cmd/ti rc 0.0 0.5
1774620130.3950615 0 -0.001 0.002 -0.072 182 0.00 0.00 0.000 0.000 0 -0.001 12.495 -0.0010 12.4946
% 1774620130.4029953 robobot/cmd/ti rc 0.0 0.5
% 1774620130.4134605 robobot/cmd/ti rc 0.0 0.5
% 1774620130.4242969 robobot/cmd/ti rc 0.0 0.5
% 1774620130.4311948 robobot/cmd/ti alive 2026-03-27 15:01:41.362915
% 1774620130.4348762 robobot/cmd/ti rc 0.0 0.5
% 1774620130.44662 robobot/cmd/ti rc 0.0 0.5
1774620130.4479406 0 -0.001 0.002 -0.051 183 0.00 0.00 0.000 0.000 0 -0.001 12.515 -0.0007 12.5154
% 1774620130.457307 robobot/cmd/ti rc 0.0 0.5
1774620130.4594595 0 -0.001 0.002 -0.046 183 0.00 0.00 0.000 0.000 0 -0.001 12.520 -0.0007 12.5200
% 1774620130.4689443 robobot/cmd/ti rc 0.0 0.5
% 1774620130.4828296 robobot/cmd/ti rc 0.0 0.5
% 1774620130.495392 robobot/cmd/ti rc 0.0 0.5
1774620130.4962592 0 -0.001 0.002 -0.027 183 0.00 0.00 0.000 0.000 0 -0.001 12.540 -0.0007 12.5397
% 1774620130.5064852 robobot/cmd/ti rc 0.0 0.5
% 1774620130.5192022 robobot/cmd/ti rc 0.0 0.5
% 1774620130.5295832 robobot/cmd/ti rc 0.0 0.5
% 1774620130.540599 robobot/cmd/ti rc 0.0 0.5
1774620130.5477126 0 -0.002 0.002 -0.009 183 0.00 0.00 0.000 0.000 0 -0.001 12.557 -0.0012 12.5570
% 1774620130.5511465 robobot/cmd/ti rc 0.0 0.5
1774620130.5600994 0 -0.001 0.002 -0.005 183 0.00 0.00 0.000 0.000 0 -0.001 12.562 -0.0014 12.5616
% 1774620130.5617397 robobot/cmd/ti rc 0.0 0.5
% 1774620130.572351 robobot/cmd/ti rc 0.0 0.5
% 1774620130.5828738 robobot/cmd/ti rc 0.0 0.5
% 1774620130.5932398 robobot/cmd/ti rc 0.0 0.5
1774620130.5949726 0 -0.001 0.002 0.017 184 0.00 0.00 0.000 0.000 0 -0.001 12.584 -0.0010 12.5836
% 1774620130.6038759 robobot/cmd/ti rc 0.0 0.5
% 1774620130.614426 robobot/cmd/ti rc 0.0 0.5
% 1774620130.6256378 robobot/cmd/ti rc 0.0 0.5
% 1774620130.6364317 robobot/cmd/ti rc 0.0 0.5
% 1774620130.6368394 robobot/cmd/T0 servo 1 -900 200
% 1774620130.647348 robobot/cmd/ti rc 0.0 0.5
1774620130.648316 0 -0.001 0.002 0.038 184 0.00 0.00 0.000 0.000 0 -0.000 12.604 -0.0005 12.6044
1774620130.658695 0 -0.001 0.002 0.042 184 0.00 0.00 0.000 0.000 0 -0.000 12.608 -0.0004 12.6079
% 1774620130.661658 robobot/cmd/ti rc 0.0 0.5
% 1774620130.6721907 robobot/cmd/ti rc 0.0 0.5
% 1774620130.6829238 robobot/cmd/ti rc 0.0 0.5
% 1774620130.6939056 robobot/cmd/ti rc 0.0 0.5
1774620130.6959925 0 -0.001 0.002 0.060 184 0.00 0.00 0.000 0.000 0 -0.001 12.626 -0.0012 12.6264
% 1774620130.704279 robobot/cmd/ti rc 0.0 0.5
% 1774620130.7147644 robobot/cmd/ti rc 0.0 0.5
% 1774620130.7257056 robobot/cmd/ti rc 0.0 0.5
% 1774620130.736041 robobot/cmd/ti rc 0.0 0.5
1774620130.74542 0 -0.001 0.002 0.086 184 0.00 0.00 0.000 0.000 0 -0.001 12.652 -0.0010 12.6519
% 1774620130.746595 robobot/cmd/ti rc 0.0 0.5
% 1774620130.7573578 robobot/cmd/ti rc 0.0 0.5
1774620130.758706 0 -0.001 0.002 0.090 185 0.00 0.00 0.000 0.000 0 -0.001 12.656 -0.0010 12.6565
% 1774620130.7713473 robobot/cmd/ti rc 0.0 0.5
% 1774620130.7873323 robobot/cmd/ti rc 0.0 0.5
1774620130.798258 0 -0.001 0.002 0.109 185 0.00 0.00 0.000 0.000 0 -0.001 12.675 -0.0007 12.6750
% 1774620130.8008075 robobot/cmd/ti rc 0.0 0.5
% 1774620130.8126452 robobot/cmd/ti rc 0.0 0.5
% 1774620130.8231769 robobot/cmd/ti rc 0.0 0.5
% 1774620130.83447 robobot/cmd/ti rc 0.0 0.5
% 1774620130.8458934 robobot/cmd/ti rc 0.0 0.5
1774620130.8472931 0 -0.001 0.002 0.133 185 0.00 0.00 0.000 0.000 0 -0.001 12.699 -0.0007 12.6993
% 1774620130.8564553 robobot/cmd/ti rc 0.0 0.5
1774620130.8608944 0 -0.001 0.002 0.136 185 0.00 0.00 0.000 0.000 0 -0.001 12.703 -0.0007 12.7027
% 1774620130.8670154 robobot/cmd/ti rc 0.0 0.5
% 1774620130.8775856 robobot/cmd/ti rc 0.0 0.5
% 1774620130.8905425 robobot/cmd/ti rc 0.0 0.5
% 1774620130.8913126 robobot/cmd/T0 servo 1 -900 200
1774620130.8968008 0 -0.002 0.002 0.146 186 0.00 0.00 0.000 0.000 0 -0.001 12.712 -0.0012 12.7120
% 1774620130.9017427 robobot/cmd/ti rc 0.0 0.5
% 1774620130.9135826 robobot/cmd/ti rc 0.0 0.5
% 1774620130.9257195 robobot/cmd/ti rc 0.0 0.5
% 1774620130.9338546 robobot/cmd/ti alive 2026-03-27 15:01:41.362915
% 1774620130.9364724 robobot/cmd/ti rc 0.0 0.5
1774620130.9459863 0 -0.003 0.001 0.165 186 0.00 0.00 0.000 0.000 0 -0.002 12.732 -0.0021 12.7317
% 1774620130.946948 robobot/cmd/ti rc 0.0 0.5
% 1774620130.9598227 robobot/cmd/ti rc 0.0 0.5
1774620130.963281 0 -0.003 0.001 0.170 186 0.00 0.00 0.000 0.000 0 -0.002 12.736 -0.0019 12.7363
% 1774620130.9705305 robobot/cmd/ti rc 0.0 0.5
% 1774620130.9832354 robobot/cmd/ti rc 0.0 0.5
% 1774620130.9936395 robobot/cmd/ti rc 0.0 0.5
1774620130.9956374 0 -0.001 0.002 0.193 186 0.00 0.00 0.000 0.000 0 -0.001 12.759 -0.0010 12.7594
% 1774620131.0044956 robobot/cmd/ti rc 0.0 0.5
% 1774620131.0155807 robobot/cmd/ti rc 0.0 0.5
% 1774620131.0310495 robobot/cmd/ti rc 0.0 0.5
% 1774620131.0416706 robobot/cmd/ti rc 0.0 0.5
1774620131.0463226 0 -0.002 0.002 0.220 187 0.00 0.00 0.000 0.000 0 -0.001 12.786 -0.0008 12.7860
% 1774620131.053217 robobot/cmd/ti rc 0.0 0.5
1774620131.0610166 0 -0.002 0.002 0.224 187 0.00 0.00 0.000 0.000 0 -0.001 12.791 -0.0008 12.7906
% 1774620131.063768 robobot/cmd/ti rc 0.0 0.5
% 1774620131.0742269 robobot/cmd/ti rc 0.0 0.5
% 1774620131.085351 robobot/cmd/ti rc 0.0 0.5
1774620131.0961812 0 -0.002 0.002 0.240 187 0.00 0.00 0.000 0.000 0 -0.001 12.807 -0.0010 12.8068
% 1774620131.0965278 robobot/cmd/ti rc 0.0 0.5
% 1774620131.1069942 robobot/cmd/ti rc 0.0 0.5
% 1774620131.117598 robobot/cmd/ti rc 0.0 0.5
% 1774620131.1283813 robobot/cmd/ti rc 0.0 0.5
% 1774620131.1387928 robobot/cmd/ti rc 0.0 0.5
1774620131.1456954 0 -0.001 0.002 0.265 187 0.00 0.00 0.000 0.000 0 -0.001 12.831 -0.0008 12.8311
% 1774620131.1498504 robobot/cmd/ti rc 0.0 0.5
% 1774620131.1505213 robobot/cmd/T0 servo 1 -900 200
1774620131.159185 0 -0.001 0.002 0.269 188 0.00 0.00 0.000 0.000 0 -0.001 12.836 -0.0006 12.8357
% 1774620131.1608515 robobot/cmd/ti rc 0.0 0.5
% 1774620131.1755996 robobot/cmd/ti rc 0.0 0.5
% 1774620131.1873012 robobot/cmd/ti rc 0.0 0.5
1774620131.1972387 0 -0.002 0.002 0.290 188 0.00 0.00 0.000 0.000 0 -0.001 12.857 -0.0007 12.8566
% 1774620131.2006183 robobot/cmd/ti rc 0.0 0.5
% 1774620131.2111628 robobot/cmd/ti rc 0.0 0.5
% 1774620131.2236805 robobot/cmd/ti rc 0.0 0.5
% 1774620131.234948 robobot/cmd/ti rc 0.0 0.5
% 1774620131.2489896 robobot/cmd/ti rc 0.0 0.5
1774620131.2492874 0 -0.002 0.001 0.305 188 0.00 0.00 0.000 0.000 0 -0.001 12.872 -0.0010 12.8716
1774620131.2601871 0 -0.003 0.001 0.309 188 0.00 0.00 0.000 0.000 0 -0.001 12.875 -0.0011 12.8751
% 1774620131.2617857 robobot/cmd/ti rc 0.0 0.5
% 1774620131.2733352 robobot/cmd/ti rc 0.0 0.5
% 1774620131.2838488 robobot/cmd/ti rc 0.0 0.5
% 1774620131.2943094 robobot/cmd/ti rc 0.0 0.5
1774620131.2954297 0 -0.003 0.001 0.321 189 0.00 0.00 0.000 0.000 0 -0.002 12.888 -0.0019 12.8878
% 1774620131.3072543 robobot/cmd/ti rc 0.0 0.5
% 1774620131.3207397 robobot/cmd/ti rc 0.0 0.5
% 1774620131.334699 robobot/cmd/ti rc 0.0 0.5
% 1774620131.3451333 robobot/cmd/ti rc 0.0 0.5
1774620131.345965 0 -0.002 0.001 0.349 189 0.00 0.00 0.000 0.000 0 -0.001 12.915 -0.0010 12.9155
% 1774620131.355649 robobot/cmd/ti rc 0.0 0.5
1774620131.3590014 0 -0.002 0.002 0.357 189 0.00 0.00 0.000 0.000 0 -0.001 12.924 -0.0008 12.9236
% 1774620131.3683157 robobot/cmd/ti rc 0.0 0.5
% 1774620131.378839 robobot/cmd/ti rc 0.0 0.5
% 1774620131.3895335 robobot/cmd/ti rc 0.0 0.5
1774620131.3975084 0 -0.002 0.001 0.377 189 0.00 0.00 0.000 0.000 0 -0.001 12.943 -0.0008 12.9433
% 1774620131.4001262 robobot/cmd/ti rc 0.0 0.5
% 1774620131.4002726 robobot/cmd/T0 servo 1 -900 200
% 1774620131.410989 robobot/cmd/ti rc 0.0 0.5
% 1774620131.421925 robobot/cmd/ti rc 0.0 0.5
% 1774620131.4323356 robobot/cmd/ti rc 0.0 0.5
% 1774620131.4400375 robobot/cmd/ti alive 2026-03-27 15:01:41.362915
% 1774620131.4430232 robobot/cmd/ti rc 0.0 0.5
1774620131.4467862 0 -0.002 0.001 0.398 189 0.00 0.00 0.000 0.000 0 -0.001 12.964 -0.0009 12.9641
% 1774620131.4539645 robobot/cmd/ti rc 0.0 0.5
1774620131.4598594 0 -0.002 0.001 0.402 190 0.00 0.00 0.000 0.000 0 -0.001 12.969 -0.0009 12.9687
% 1774620131.4651215 robobot/cmd/ti rc 0.0 0.5
% 1774620131.4786453 robobot/cmd/ti rc 0.0 0.5
% 1774620131.4895997 robobot/cmd/ti rc 0.0 0.5
1774620131.4971788 0 -0.002 0.002 0.422 190 0.00 0.00 0.000 0.000 0 -0.001 12.988 -0.0008 12.9884
% 1774620131.5046673 robobot/cmd/ti rc 0.0 0.5
% 1774620131.5157237 robobot/cmd/ti rc 0.0 0.5
% 1774620131.5274734 robobot/cmd/ti rc 0.0 0.5
% 1774620131.539755 robobot/cmd/ti rc 0.0 0.5
1774620131.5475903 0 -0.002 0.001 0.446 190 0.00 0.00 0.000 0.000 0 -0.001 13.013 -0.0008 13.0127
% 1774620131.556626 robobot/cmd/ti rc 0.0 0.5
1774620131.5601206 0 -0.002 0.001 0.452 190 0.00 0.00 0.000 0.000 0 -0.001 13.018 -0.0008 13.0185
% 1774620131.56954 robobot/cmd/ti rc 0.0 0.5
% 1774620131.5800571 robobot/cmd/ti rc 0.0 0.5
% 1774620131.5912726 robobot/cmd/ti rc 0.0 0.5
1774620131.599058 0 -0.003 0.001 0.466 190 0.00 0.00 0.000 0.000 0 -0.001 13.032 -0.0009 13.0323
% 1774620131.6017303 robobot/cmd/ti rc 0.0 0.5
% 1774620131.6130004 robobot/cmd/ti rc 0.0 0.5
% 1774620131.6238637 robobot/cmd/ti rc 0.0 0.5
% 1774620131.6387458 robobot/cmd/ti rc 0.0 0.5
1774620131.647693 0 -0.003 0.001 0.480 191 0.00 0.00 0.000 0.000 0 -0.002 13.046 -0.0017 13.0462
% 1774620131.649388 robobot/cmd/ti rc 0.0 0.5
1774620131.6610703 0 -0.003 0.001 0.484 191 0.00 0.00 0.000 0.000 0 -0.002 13.051 -0.0016 13.0508
% 1774620131.6614375 robobot/cmd/ti rc 0.0 0.5
% 1774620131.6627915 robobot/cmd/T0 servo 1 -900 200
% 1774620131.6733305 robobot/cmd/ti rc 0.0 0.5
% 1774620131.6845152 robobot/cmd/ti rc 0.0 0.5
% 1774620131.6951032 robobot/cmd/ti rc 0.0 0.5
1774620131.6977272 0 -0.002 0.001 0.509 191 0.00 0.00 0.000 0.000 0 -0.001 13.075 -0.0008 13.0751
% 1774620131.7056344 robobot/cmd/ti rc 0.0 0.5
% 1774620131.720058 robobot/cmd/ti rc 0.0 0.5
% 1774620131.7318597 robobot/cmd/ti rc 0.0 0.5
% 1774620131.7424247 robobot/cmd/ti rc 0.0 0.5
1774620131.7477982 0 -0.003 0.001 0.533 191 0.00 0.00 0.000 0.000 0 -0.001 13.099 -0.0008 13.0994
% 1774620131.7535763 robobot/cmd/ti rc 0.0 0.5
1774620131.7598832 0 -0.003 0.001 0.538 191 0.00 0.00 0.000 0.000 0 -0.001 13.104 -0.0009 13.1040
% 1774620131.7640595 robobot/cmd/ti rc 0.0 0.5
% 1774620131.7744153 robobot/cmd/ti rc 0.0 0.5
% 1774620131.7851174 robobot/cmd/ti rc 0.0 0.5
% 1774620131.7959678 robobot/cmd/ti rc 0.0 0.5
1774620131.7999537 0 -0.002 0.001 0.556 192 0.00 0.00 0.000 0.000 0 -0.001 13.122 -0.0009 13.1225
% 1774620131.8073964 robobot/cmd/ti rc 0.0 0.5
% 1774620131.8192368 robobot/cmd/ti rc 0.0 0.5
% 1774620131.832865 robobot/cmd/ti rc 0.0 0.5
% 1774620131.843721 robobot/cmd/ti rc 0.0 0.5
1774620131.84768 0 -0.002 0.001 0.579 192 0.00 0.00 0.000 0.000 0 -0.001 13.146 -0.0008 13.1457
% 1774620131.854183 robobot/cmd/ti rc 0.0 0.5
1774620131.860627 0 -0.002 0.001 0.585 192 0.00 0.00 0.000 0.000 0 -0.001 13.151 -0.0007 13.1515
% 1774620131.8646586 robobot/cmd/ti rc 0.0 0.5
% 1774620131.8751366 robobot/cmd/ti rc 0.0 0.5
% 1774620131.8862908 robobot/cmd/ti rc 0.0 0.5
% 1774620131.8973172 robobot/cmd/ti rc 0.0 0.5
1774620131.8995402 0 -0.003 0.001 0.604 192 0.00 0.00 0.000 0.000 0 -0.001 13.170 -0.0008 13.1700
% 1774620131.9082472 robobot/cmd/ti rc 0.0 0.5
% 1774620131.9219577 robobot/cmd/ti rc 0.0 0.5
% 1774620131.9244475 robobot/cmd/T0 servo 1 -900 200
% 1774620131.9348662 robobot/cmd/ti rc 0.0 0.5
% 1774620131.9428387 robobot/cmd/ti alive 2026-03-27 15:01:41.362915
% 1774620131.9497075 robobot/cmd/ti rc 0.0 0.5
1774620131.9505613 0 -0.003 0.001 0.624 193 0.00 0.00 0.000 0.000 0 -0.001 13.191 -0.0008 13.1908
% 1774620131.96149 robobot/cmd/ti rc 0.0 0.5
1774620131.9661844 0 -0.003 0.001 0.627 193 0.00 0.00 0.000 0.000 0 -0.001 13.193 -0.0009 13.1931
% 1774620131.9720802 robobot/cmd/ti rc 0.0 0.5
% 1774620131.982535 robobot/cmd/ti rc 0.0 0.5
% 1774620131.9936454 robobot/cmd/ti rc 0.0 0.5
1774620131.9978154 0 -0.004 0.001 0.632 193 0.00 0.00 0.000 0.000 0 -0.001 13.199 -0.0014 13.1989
% 1774620132.0040722 robobot/cmd/ti rc 0.0 0.5
% 1774620132.0149956 robobot/cmd/ti rc 0.0 0.5
% 1774620132.0257137 robobot/cmd/ti rc 0.0 0.5
% 1774620132.0361521 robobot/cmd/ti rc 0.0 0.5
% 1774620132.0466313 robobot/cmd/ti rc 0.0 0.5
1774620132.047275 0 -0.003 0.001 0.662 193 0.00 0.00 0.000 0.000 0 -0.001 13.229 -0.0015 13.2289
% 1774620132.0570602 robobot/cmd/ti rc 0.0 0.5
1774620132.0591166 0 -0.003 0.001 0.668 193 0.00 0.00 0.000 0.000 0 -0.001 13.235 -0.0014 13.2347
% 1774620132.0674593 robobot/cmd/ti rc 0.0 0.5
% 1774620132.077966 robobot/cmd/ti rc 0.0 0.5
% 1774620132.0905304 robobot/cmd/ti rc 0.0 0.5
1774620132.0975192 0 -0.003 0.001 0.693 194 0.00 0.00 0.000 0.000 0 -0.001 13.259 -0.0008 13.2590
% 1774620132.1024764 robobot/cmd/ti rc 0.0 0.5
% 1774620132.1131835 robobot/cmd/ti rc 0.0 0.5
% 1774620132.1260045 robobot/cmd/ti rc 0.0 0.5
% 1774620132.1365132 robobot/cmd/ti rc 0.0 0.5
% 1774620132.1472158 robobot/cmd/ti rc 0.0 0.5
1774620132.1519413 0 -0.003 0.001 0.715 194 0.00 0.00 0.000 0.000 0 -0.001 13.281 -0.0006 13.2810
% 1774620132.1584725 robobot/cmd/ti rc 0.0 0.5
1774620132.163206 0 -0.003 0.001 0.718 194 0.00 0.00 0.000 0.000 0 -0.001 13.284 -0.0006 13.2845
% 1774620132.175544 robobot/cmd/ti rc 0.0 0.5
% 1774620132.178314 robobot/cmd/T0 servo 1 -900 200
% 1774620132.189592 robobot/cmd/ti rc 0.0 0.5
1774620132.2021453 0 -0.003 0.001 0.733 194 0.00 0.00 0.000 0.000 0 -0.001 13.299 -0.0009 13.2995
% 1774620132.202339 robobot/cmd/ti rc 0.0 0.5
% 1774620132.213705 robobot/cmd/ti rc 0.0 0.5
% 1774620132.2254672 robobot/cmd/ti rc 0.0 0.5
% 1774620132.236033 robobot/cmd/ti rc 0.0 0.5
% 1774620132.2467098 robobot/cmd/ti rc 0.0 0.5
1774620132.2478976 0 -0.003 0.001 0.760 194 0.00 0.00 0.000 0.000 0 -0.001 13.326 -0.0007 13.3261
1774620132.2596445 0 -0.003 0.001 0.765 195 0.00 0.00 0.000 0.000 0 -0.001 13.332 -0.0007 13.3319
% 1774620132.2615929 robobot/cmd/ti rc 0.0 0.5
% 1774620132.2724361 robobot/cmd/ti rc 0.0 0.5
% 1774620132.2842271 robobot/cmd/ti rc 0.0 0.5
% 1774620132.2947397 robobot/cmd/ti rc 0.0 0.5
1774620132.2986004 0 -0.003 0.001 0.783 195 0.00 0.00 0.000 0.000 0 -0.001 13.349 -0.0008 13.3492
% 1774620132.3052537 robobot/cmd/ti rc 0.0 0.5
% 1774620132.3158271 robobot/cmd/ti rc 0.0 0.5
% 1774620132.3299484 robobot/cmd/ti rc 0.0 0.5
% 1774620132.3410218 robobot/cmd/ti rc 0.0 0.5
1774620132.348042 0 -0.004 0.000 0.791 195 0.00 0.00 0.000 0.000 0 -0.001 13.357 -0.0010 13.3573
% 1774620132.351737 robobot/cmd/ti rc 0.0 0.5
1774620132.3604786 0 -0.004 0.000 0.794 195 0.00 0.00 0.000 0.000 0 -0.001 13.361 -0.0011 13.3608
% 1774620132.3621814 robobot/cmd/ti rc 0.0 0.5
% 1774620132.3729753 robobot/cmd/ti rc 0.0 0.5
% 1774620132.3836703 robobot/cmd/ti rc 0.0 0.5
% 1774620132.3940103 robobot/cmd/ti rc 0.0 0.5
1774620132.3983722 0 -0.004 0.000 0.819 196 0.00 0.00 0.000 0.000 0 -0.002 13.385 -0.0016 13.3851
% 1774620132.4046614 robobot/cmd/ti rc 0.0 0.5
% 1774620132.4160058 robobot/cmd/ti rc 0.0 0.5
% 1774620132.4284015 robobot/cmd/ti rc 0.0 0.5
% 1774620132.4294412 robobot/cmd/T0 servo 1 -900 200
% 1774620132.439948 robobot/cmd/ti rc 0.0 0.5
1774620132.4487345 0 -0.003 0.001 0.850 196 0.00 0.00 0.000 0.000 0 -0.001 13.416 -0.0008 13.4163
% 1774620132.4499688 robobot/cmd/ti alive 2026-03-27 15:01:41.362915
% 1774620132.4505293 robobot/cmd/ti rc 0.0 0.5
1774620132.46127 0 -0.003 0.001 0.853 196 0.00 0.00 0.000 0.000 0 -0.001 13.420 -0.0008 13.4198
% 1774620132.4621434 robobot/cmd/ti rc 0.0 0.5
% 1774620132.4725342 robobot/cmd/ti rc 0.0 0.5
% 1774620132.4834182 robobot/cmd/ti rc 0.0 0.5
% 1774620132.4960613 robobot/cmd/ti rc 0.0 0.5
1774620132.4975166 0 -0.003 0.001 0.871 196 0.00 0.00 0.000 0.000 0 -0.001 13.437 -0.0007 13.4371
% 1774620132.5064511 robobot/cmd/ti rc 0.0 0.5
% 1774620132.5168345 robobot/cmd/ti rc 0.0 0.5
% 1774620132.5272148 robobot/cmd/ti rc 0.0 0.5
% 1774620132.537576 robobot/cmd/ti rc 0.0 0.5
1774620132.5488558 0 -0.003 0.000 0.891 196 0.00 0.00 0.000 0.000 0 -0.001 13.458 -0.0007 13.4579
% 1774620132.5493932 robobot/cmd/ti rc 0.0 0.5
% 1774620132.5602202 robobot/cmd/ti rc 0.0 0.5
1774620132.5607653 0 -0.003 0.000 0.898 197 0.00 0.00 0.000 0.000 0 -0.001 13.465 -0.0009 13.4649
% 1774620132.5708401 robobot/cmd/ti rc 0.0 0.5
% 1774620132.5814972 robobot/cmd/ti rc 0.0 0.5
% 1774620132.5937054 robobot/cmd/ti rc 0.0 0.5
1774620132.6026762 0 -0.003 0.001 0.918 197 0.00 0.00 0.000 0.000 0 -0.001 13.484 -0.0008 13.4845
% 1774620132.6078112 robobot/cmd/ti rc 0.0 0.5
% 1774620132.6190097 robobot/cmd/ti rc 0.0 0.5
% 1774620132.631482 robobot/cmd/ti rc 0.0 0.5
% 1774620132.6421387 robobot/cmd/ti rc 0.0 0.5
1774620132.648078 0 -0.003 0.001 0.941 197 0.00 0.00 0.000 0.000 0 -0.001 13.508 -0.0008 13.5077
% 1774620132.6530995 robobot/cmd/ti rc 0.0 0.5
1774620132.6608872 0 -0.003 0.000 0.945 197 0.00 0.00 0.000 0.000 0 -0.001 13.511 -0.0008 13.5111
% 1774620132.66426 robobot/cmd/ti rc 0.0 0.5
% 1774620132.6749043 robobot/cmd/ti rc 0.0 0.5
% 1774620132.6854784 robobot/cmd/ti rc 0.0 0.5
% 1774620132.6858387 robobot/cmd/T0 servo 1 -900 200
% 1774620132.6962008 robobot/cmd/ti rc 0.0 0.5
1774620132.6978202 0 -0.004 0.000 0.951 197 0.00 0.00 0.000 0.000 0 -0.001 13.517 -0.0008 13.5169
% 1774620132.706587 robobot/cmd/ti rc 0.0 0.5
% 1774620132.7171884 robobot/cmd/ti rc 0.0 0.5
% 1774620132.728992 robobot/cmd/ti rc 0.0 0.5
% 1774620132.7441843 robobot/cmd/ti rc 0.0 0.5
1774620132.7490199 0 -0.004 -0.000 0.971 198 0.00 0.00 0.000 0.000 0 -0.002 13.538 -0.0019 13.5377
% 1774620132.7547102 robobot/cmd/ti rc 0.0 0.5
1774620132.7647343 0 -0.004 -0.000 0.978 198 0.00 0.00 0.000 0.000 0 -0.002 13.545 -0.0017 13.5447
% 1774620132.7652085 robobot/cmd/ti rc 0.0 0.5
% 1774620132.7761633 robobot/cmd/ti rc 0.0 0.5
% 1774620132.7878494 robobot/cmd/ti rc 0.0 0.5
% 1774620132.7989447 robobot/cmd/ti rc 0.0 0.5
1774620132.7996943 0 -0.004 0.000 1.004 198 0.00 0.00 0.000 0.000 0 -0.001 13.570 -0.0010 13.5701
% 1774620132.8096397 robobot/cmd/ti rc 0.0 0.5
% 1774620132.8207147 robobot/cmd/ti rc 0.0 0.5
% 1774620132.8323722 robobot/cmd/ti rc 0.0 0.5
% 1774620132.8437035 robobot/cmd/ti rc 0.0 0.5
1774620132.8489485 0 -0.004 0.000 1.027 198 0.00 0.00 0.000 0.000 0 -0.001 13.593 -0.0007 13.5932
% 1774620132.8565385 robobot/cmd/ti rc 0.0 0.5
1774620132.8597116 0 -0.004 0.000 1.032 198 0.00 0.00 0.000 0.000 0 -0.001 13.598 -0.0007 13.5979
% 1774620132.8669717 robobot/cmd/ti rc 0.0 0.5
% 1774620132.8774083 robobot/cmd/ti rc 0.0 0.5
% 1774620132.8879173 robobot/cmd/ti rc 0.0 0.5
% 1774620132.898278 robobot/cmd/ti rc 0.0 0.5
1774620132.899147 0 -0.004 0.000 1.049 199 0.00 0.00 0.000 0.000 0 -0.001 13.615 -0.0008 13.6152
% 1774620132.9088187 robobot/cmd/ti rc 0.0 0.5
% 1774620132.9202816 robobot/cmd/ti rc 0.0 0.5
% 1774620132.932723 robobot/cmd/ti rc 0.0 0.5
% 1774620132.9432156 robobot/cmd/ti rc 0.0 0.5
% 1774620132.9436352 robobot/cmd/T0 servo 1 -900 200
1774620132.9490144 0 -0.004 0.000 1.074 199 0.00 0.00 0.000 0.000 0 -0.001 13.641 -0.0008 13.6407
% 1774620132.9571867 robobot/cmd/ti rc 0.0 0.5
% 1774620132.9572902 robobot/cmd/ti alive 2026-03-27 15:01:41.362915
1774620132.9598207 0 -0.004 0.000 1.079 199 0.00 0.00 0.000 0.000 0 -0.001 13.645 -0.0007 13.6453
% 1774620132.96819 robobot/cmd/ti rc 0.0 0.5
% 1774620132.9792686 robobot/cmd/ti rc 0.0 0.5
% 1774620132.9944026 robobot/cmd/ti rc 0.0 0.5
1774620132.9994924 0 -0.004 0.000 1.097 199 0.00 0.00 0.000 0.000 0 -0.001 13.664 -0.0008 13.6638
% 1774620133.0052679 robobot/cmd/ti rc 0.0 0.5
% 1774620133.015872 robobot/cmd/ti rc 0.0 0.5
% 1774620133.0263104 robobot/cmd/ti rc 0.0 0.5
% 1774620133.0367749 robobot/cmd/ti rc 0.0 0.5
% 1774620133.047849 robobot/cmd/ti rc 0.0 0.5
1774620133.0488997 0 -0.004 -0.000 1.111 199 0.00 0.00 0.000 0.000 0 -0.001 13.678 -0.0006 13.6777
% 1774620133.058193 robobot/cmd/ti rc 0.0 0.5
1774620133.0618873 0 -0.004 -0.000 1.114 200 0.00 0.00 0.000 0.000 0 -0.001 13.680 -0.0008 13.6800
% 1774620133.0691755 robobot/cmd/ti rc 0.0 0.5
% 1774620133.0831447 robobot/cmd/ti rc 0.0 0.5
% 1774620133.0949035 robobot/cmd/ti rc 0.0 0.5
1774620133.1006489 0 -0.004 -0.001 1.132 200 0.00 0.00 0.000 0.000 0 -0.002 13.698 -0.0018 13.6985
% 1774620133.1053023 robobot/cmd/ti rc 0.0 0.5
% 1774620133.116447 robobot/cmd/ti rc 0.0 0.5
% 1774620133.1285703 robobot/cmd/ti rc 0.0 0.5
% 1774620133.1419861 robobot/cmd/ti rc 0.0 0.5
1774620133.150355 0 -0.004 -0.000 1.161 200 0.00 0.00 0.000 0.000 0 -0.001 13.727 -0.0012 13.7274
% 1774620133.152866 robobot/cmd/ti rc 0.0 0.5
1774620133.1615112 0 -0.004 -0.000 1.166 200 0.00 0.00 0.000 0.000 0 -0.001 13.732 -0.0009 13.7320
% 1774620133.164144 robobot/cmd/ti rc 0.0 0.5
% 1774620133.1745455 robobot/cmd/ti rc 0.0 0.5
% 1774620133.1854513 robobot/cmd/ti rc 0.0 0.5
% 1774620133.195903 robobot/cmd/ti rc 0.0 0.5
% 1774620133.1961415 robobot/cmd/T0 servo 1 -900 200
1774620133.200586 0 -0.004 -0.000 1.183 201 0.00 0.00 0.000 0.000 0 -0.001 13.749 -0.0008 13.7494
% 1774620133.2066116 robobot/cmd/ti rc 0.0 0.5
% 1774620133.2187817 robobot/cmd/ti rc 0.0 0.5
% 1774620133.2299936 robobot/cmd/ti rc 0.0 0.5
% 1774620133.2405362 robobot/cmd/ti rc 0.0 0.5
% 1774620133.2516408 robobot/cmd/ti rc 0.0 0.5
1774620133.2519646 0 -0.004 -0.000 1.207 201 0.00 0.00 0.000 0.000 0 -0.001 13.774 -0.0008 13.7737
1774620133.26044 0 -0.004 -0.000 1.211 201 0.00 0.00 0.000 0.000 0 -0.001 13.777 -0.0009 13.7771
% 1774620133.2620049 robobot/cmd/ti rc 0.0 0.5
% 1774620133.272505 robobot/cmd/ti rc 0.0 0.5
% 1774620133.284434 robobot/cmd/ti rc 0.0 0.5
% 1774620133.2952332 robobot/cmd/ti rc 0.0 0.5
1774620133.2993767 0 -0.004 -0.000 1.232 201 0.00 0.00 0.000 0.000 0 -0.001 13.798 -0.0008 13.7979
% 1774620133.3061783 robobot/cmd/ti rc 0.0 0.5
% 1774620133.3168175 robobot/cmd/ti rc 0.0 0.5
% 1774620133.32744 robobot/cmd/ti rc 0.0 0.5
% 1774620133.3390064 robobot/cmd/ti rc 0.0 0.5
1774620133.350262 0 -0.004 -0.000 1.254 202 0.00 0.00 0.000 0.000 0 -0.001 13.820 -0.0008 13.8199
% 1774620133.3538535 robobot/cmd/ti rc 0.0 0.5
1774620133.3618677 0 -0.004 0.000 1.257 202 0.00 0.00 0.000 0.000 0 -0.001 13.823 -0.0007 13.8234
% 1774620133.3660421 robobot/cmd/ti rc 0.0 0.5
% 1774620133.379313 robobot/cmd/ti rc 0.0 0.5
% 1774620133.3915703 robobot/cmd/ti rc 0.0 0.5
% 1774620133.4046779 robobot/cmd/ti rc 0.0 0.5
% 1774620133.4152353 robobot/cmd/ti rc 0.0 0.5
% 1774620133.4273286 robobot/cmd/ti rc 0.0 0.5
1774620133.4319642 0 -0.004 -0.001 1.272 202 0.00 0.00 0.000 0.000 0 -0.001 13.838 -0.0007 13.8384
% 1774620133.4378858 robobot/cmd/ti rc 0.0 0.5
% 1774620133.4484024 robobot/cmd/ti rc 0.0 0.5
% 1774620133.4489577 robobot/cmd/T0 servo 1 -900 200
1774620133.450566 0 -0.004 -0.002 1.288 202 0.00 0.00 0.000 0.000 0 -0.002 13.855 -0.0016 13.8546
% 1774620133.4648335 robobot/cmd/ti rc 0.0 0.5
% 1774620133.4656878 robobot/cmd/ti alive 2026-03-27 15:01:41.362915
1774620133.4673252 0 -0.004 -0.001 1.294 202 0.00 0.00 0.000 0.000 0 -0.002 13.860 -0.0018 13.8604
% 1774620133.4756002 robobot/cmd/ti rc 0.0 0.5
% 1774620133.4894812 robobot/cmd/ti rc 0.0 0.5
1774620133.499749 0 -0.004 -0.001 1.317 203 0.00 0.00 0.000 0.000 0 -0.001 13.883 -0.0012 13.8835
% 1774620133.502044 robobot/cmd/ti rc 0.0 0.5
% 1774620133.5142064 robobot/cmd/ti rc 0.0 0.5
% 1774620133.5256052 robobot/cmd/ti rc 0.0 0.5
% 1774620133.5361857 robobot/cmd/ti rc 0.0 0.5
% 1774620133.5471299 robobot/cmd/ti rc 0.0 0.5
1774620133.5506508 0 -0.004 -0.001 1.341 203 0.00 0.00 0.000 0.000 0 -0.001 13.908 -0.0006 13.9078
% 1774620133.5597363 robobot/cmd/ti rc 0.0 0.5
1774620133.56128 0 -0.004 -0.001 1.346 203 0.00 0.00 0.000 0.000 0 -0.001 13.912 -0.0007 13.9124
% 1774620133.5707226 robobot/cmd/ti rc 0.0 0.5
% 1774620133.581165 robobot/cmd/ti rc 0.0 0.5
% 1774620133.5916288 robobot/cmd/ti rc 0.0 0.5
1774620133.6004431 0 -0.004 -0.001 1.366 203 0.00 0.00 0.000 0.000 0 -0.001 13.932 -0.0008 13.9321
% 1774620133.601958 robobot/cmd/ti rc 0.0 0.5
% 1774620133.6123652 robobot/cmd/ti rc 0.0 0.5
% 1774620133.6255982 robobot/cmd/ti rc 0.0 0.5
% 1774620133.6360898 robobot/cmd/ti rc 0.0 0.5
% 1774620133.6489232 robobot/cmd/ti rc 0.0 0.5
1774620133.6527624 0 -0.004 -0.001 1.391 204 0.00 0.00 0.000 0.000 0 -0.001 13.957 -0.0009 13.9575
% 1774620133.6612759 robobot/cmd/ti rc 0.0 0.5
1774620133.66349 0 -0.004 -0.001 1.396 204 0.00 0.00 0.000 0.000 0 -0.001 13.962 -0.0009 13.9622
% 1774620133.6740806 robobot/cmd/ti rc 0.0 0.5
% 1774620133.6851287 robobot/cmd/ti rc 0.0 0.5
% 1774620133.695705 robobot/cmd/ti rc 0.0 0.5
1774620133.700441 0 -0.004 -0.000 1.410 204 0.00 0.00 0.000 0.000 0 -0.001 13.976 -0.0008 13.9760
% 1774620133.7062728 robobot/cmd/ti rc 0.0 0.5
% 1774620133.7065473 robobot/cmd/T0 servo 1 -900 200
% 1774620133.718141 robobot/cmd/ti rc 0.0 0.5
% 1774620133.729532 robobot/cmd/ti rc 0.0 0.5
% 1774620133.7405772 robobot/cmd/ti rc 0.0 0.5
1774620133.7507746 0 -0.004 -0.001 1.431 204 0.00 0.00 0.000 0.000 0 -0.000 13.997 -0.0004 13.9969
% 1774620133.7514608 robobot/cmd/ti rc 0.0 0.5
1774620133.7601166 0 -0.004 -0.001 1.434 205 0.00 0.00 0.000 0.000 0 -0.001 14.000 -0.0007 14.0003
% 1774620133.7618217 robobot/cmd/ti rc 0.0 0.5
% 1774620133.7736723 robobot/cmd/ti rc 0.0 0.5
% 1774620133.7859242 robobot/cmd/ti rc 0.0 0.5
% 1774620133.799276 robobot/cmd/ti rc 0.0 0.5
1774620133.8006897 0 -0.004 -0.002 1.443 205 0.00 0.00 0.000 0.000 0 -0.002 14.010 -0.0016 14.0096
% 1774620133.81005 robobot/cmd/ti rc 0.0 0.5
% 1774620133.8208492 robobot/cmd/ti rc 0.0 0.5
% 1774620133.8314397 robobot/cmd/ti rc 0.0 0.5
% 1774620133.8418734 robobot/cmd/ti rc 0.0 0.5
1774620133.8513558 0 -0.004 -0.001 1.471 205 0.00 0.00 0.000 0.000 0 -0.002 14.037 -0.0015 14.0373
% 1774620133.8523664 robobot/cmd/ti rc 0.0 0.5
1774620133.862081 0 -0.004 -0.001 1.478 205 0.00 0.00 0.000 0.000 0 -0.001 14.044 -0.0013 14.0443
% 1774620133.863043 robobot/cmd/ti rc 0.0 0.5
% 1774620133.8742945 robobot/cmd/ti rc 0.0 0.5
% 1774620133.8847358 robobot/cmd/ti rc 0.0 0.5
% 1774620133.8951943 robobot/cmd/ti rc 0.0 0.5
1774620133.9013433 0 -0.004 -0.001 1.499 206 0.00 0.00 0.000 0.000 0 -0.001 14.065 -0.0007 14.0651
% 1774620133.9072213 robobot/cmd/ti rc 0.0 0.5
% 1774620133.91958 robobot/cmd/ti rc 0.0 0.5
% 1774620133.9307337 robobot/cmd/ti rc 0.0 0.5
% 1774620133.9413857 robobot/cmd/ti rc 0.0 0.5
1774620133.9500575 0 -0.004 -0.001 1.524 206 0.00 0.00 0.000 0.000 0 -0.001 14.090 -0.0008 14.0905
% 1774620133.952053 robobot/cmd/ti rc 0.0 0.5
1774620133.9617634 0 -0.004 -0.001 1.526 206 0.00 0.00 0.000 0.000 0 -0.001 14.093 -0.0008 14.0929
% 1774620133.9626849 robobot/cmd/ti rc 0.0 0.5
% 1774620133.9628868 robobot/cmd/T0 servo 1 -900 200
% 1774620133.9726524 robobot/cmd/ti alive 2026-03-27 15:01:41.362915
% 1774620133.9735389 robobot/cmd/ti rc 0.0 0.5
% 1774620133.9864416 robobot/cmd/ti rc 0.0 0.5
% 1774620133.997188 robobot/cmd/ti rc 0.0 0.5
1774620134.000551 0 -0.004 -0.001 1.546 206 0.00 0.00 0.000 0.000 0 -0.001 14.112 -0.0010 14.1125
% 1774620134.0076027 robobot/cmd/ti rc 0.0 0.5
% 1774620134.0181177 robobot/cmd/ti rc 0.0 0.5
% 1774620134.0294516 robobot/cmd/ti rc 0.0 0.5
% 1774620134.040936 robobot/cmd/ti rc 0.0 0.5
1774620134.0505981 0 -0.004 -0.001 1.566 207 0.00 0.00 0.000 0.000 0 -0.001 14.132 -0.0007 14.1322
% 1774620134.0514724 robobot/cmd/ti rc 0.0 0.5
1774620134.060698 0 -0.004 -0.001 1.568 207 0.00 0.00 0.000 0.000 0 -0.001 14.134 -0.0006 14.1345
% 1774620134.0619235 robobot/cmd/ti rc 0.0 0.5
% 1774620134.0723155 robobot/cmd/ti rc 0.0 0.5
% 1774620134.0829384 robobot/cmd/ti rc 0.0 0.5
% 1774620134.094476 robobot/cmd/ti rc 0.0 0.5
1774620134.1009252 0 -0.004 -0.001 1.590 207 0.00 0.00 0.000 0.000 0 -0.001 14.156 -0.0006 14.1565
% 1774620134.105031 robobot/cmd/ti rc 0.0 0.5
% 1774620134.115886 robobot/cmd/ti rc 0.0 0.5
% 1774620134.1267755 robobot/cmd/ti rc 0.0 0.5
% 1774620134.1383088 robobot/cmd/ti rc 0.0 0.5
% 1774620134.1488736 robobot/cmd/ti rc 0.0 0.5
1774620134.153803 0 -0.004 -0.002 1.605 207 0.00 0.00 0.000 0.000 0 -0.001 14.171 -0.0014 14.1715
% 1774620134.1616745 robobot/cmd/ti rc 0.0 0.5
1774620134.1624568 0 -0.004 -0.002 1.609 208 0.00 0.00 0.000 0.000 0 -0.002 14.175 -0.0015 14.1750
% 1774620134.1763322 robobot/cmd/ti rc 0.0 0.5
% 1774620134.1868262 robobot/cmd/ti rc 0.0 0.5
% 1774620134.197426 robobot/cmd/ti rc 0.0 0.5
1774620134.2016904 0 -0.004 -0.001 1.634 208 0.00 0.00 0.000 0.000 0 -0.001 14.200 -0.0010 14.2004
% 1774620134.2079086 robobot/cmd/ti rc 0.0 0.5
% 1774620134.223332 robobot/cmd/ti rc 0.0 0.5
% 1774620134.2241702 robobot/cmd/T0 servo 1 -900 200
% 1774620134.2352788 robobot/cmd/ti rc 0.0 0.5
% 1774620134.2462692 robobot/cmd/ti rc 0.0 0.5
1774620134.2515855 0 -0.004 -0.001 1.657 208 0.00 0.00 0.000 0.000 0 -0.000 14.223 -0.0005 14.2235
% 1774620134.2575 robobot/cmd/ti rc 0.0 0.5
1774620134.260539 0 -0.004 -0.001 1.658 208 0.00 0.00 0.000 0.000 0 -0.001 14.225 -0.0005 14.2247
% 1774620134.2679121 robobot/cmd/ti rc 0.0 0.5
% 1774620134.2787552 robobot/cmd/ti rc 0.0 0.5
% 1774620134.291021 robobot/cmd/ti rc 0.0 0.5
1774620134.3015268 0 -0.004 -0.001 1.680 209 0.00 0.00 0.000 0.000 0 -0.001 14.247 -0.0009 14.2467
% 1774620134.30233 robobot/cmd/ti rc 0.0 0.5
% 1774620134.313026 robobot/cmd/ti rc 0.0 0.5
% 1774620134.3249362 robobot/cmd/ti rc 0.0 0.5
% 1774620134.3364782 robobot/cmd/ti rc 0.0 0.5
% 1774620134.3473847 robobot/cmd/ti rc 0.0 0.5
1774620134.3527982 0 -0.004 -0.001 1.703 209 0.00 0.00 0.000 0.000 0 -0.001 14.270 -0.0010 14.2698
% 1774620134.3605723 robobot/cmd/ti rc 0.0 0.5
1774620134.3608866 0 -0.004 -0.002 1.707 209 0.00 0.00 0.000 0.000 0 -0.001 14.273 -0.0009 14.2733
% 1774620134.3737447 robobot/cmd/ti rc 0.0 0.5
% 1774620134.3846965 robobot/cmd/ti rc 0.0 0.5
% 1774620134.3967426 robobot/cmd/ti rc 0.0 0.5
1774620134.4013717 0 -0.004 -0.001 1.722 209 0.00 0.00 0.000 0.000 0 -0.000 14.288 -0.0005 14.2883
% 1774620134.4072669 robobot/cmd/ti rc 0.0 0.5
% 1774620134.417707 robobot/cmd/ti rc 0.0 0.5
% 1774620134.4293535 robobot/cmd/ti rc 0.0 0.5
% 1774620134.440629 robobot/cmd/ti rc 0.0 0.5
1774620134.4514832 0 -0.004 -0.001 1.748 210 0.00 0.00 0.000 0.000 0 -0.001 14.315 -0.0007 14.3149
% 1774620134.4534185 robobot/cmd/ti rc 0.0 0.5
1774620134.4620926 0 -0.004 -0.001 1.751 210 0.00 0.00 0.000 0.000 0 -0.001 14.317 -0.0008 14.3172
% 1774620134.464174 robobot/cmd/ti rc 0.0 0.5
% 1774620134.474714 robobot/cmd/ti rc 0.0 0.5
% 1774620134.4749446 robobot/cmd/T0 servo 1 -900 200
% 1774620134.4844906 robobot/cmd/ti alive 2026-03-27 15:01:41.362915
% 1774620134.4872942 robobot/cmd/ti rc 0.0 0.5
% 1774620134.4977026 robobot/cmd/ti rc 0.0 0.5
1774620134.5014017 0 -0.004 -0.003 1.762 210 0.00 0.00 0.000 0.000 0 -0.001 14.329 -0.0012 14.3288
% 1774620134.5091846 robobot/cmd/ti rc 0.0 0.5
% 1774620134.522056 robobot/cmd/ti rc 0.0 0.5
% 1774620134.532569 robobot/cmd/ti rc 0.0 0.5
% 1774620134.5434012 robobot/cmd/ti rc 0.0 0.5
1774620134.5524457 0 -0.004 -0.003 1.782 210 0.00 0.00 0.000 0.000 0 -0.002 14.348 -0.0019 14.3484
% 1774620134.556999 robobot/cmd/ti rc 0.0 0.5
1774620134.5620358 0 -0.004 -0.003 1.786 210 0.00 0.00 0.000 0.000 0 -0.002 14.352 -0.0017 14.3519
% 1774620134.5676198 robobot/cmd/ti rc 0.0 0.5
% 1774620134.578068 robobot/cmd/ti rc 0.0 0.5
% 1774620134.5908377 robobot/cmd/ti rc 0.0 0.5
1774620134.6020863 0 -0.004 -0.002 1.813 211 0.00 0.00 0.000 0.000 0 -0.001 14.380 -0.0009 14.3797
% 1774620134.6023102 robobot/cmd/ti rc 0.0 0.5
% 1774620134.6133337 robobot/cmd/ti rc 0.0 0.5
% 1774620134.6243567 robobot/cmd/ti rc 0.0 0.5
% 1774620134.6356468 robobot/cmd/ti rc 0.0 0.5
% 1774620134.6461382 robobot/cmd/ti rc 0.0 0.5
1774620134.6511421 0 -0.004 -0.002 1.838 211 0.00 0.00 0.000 0.000 0 -0.001 14.404 -0.0007 14.4040
% 1774620134.659025 robobot/cmd/ti rc 0.0 0.5
1774620134.6611502 0 -0.004 -0.002 1.839 211 0.00 0.00 0.000 0.000 0 -0.001 14.405 -0.0007 14.4051
% 1774620134.6699033 robobot/cmd/ti rc 0.0 0.5
% 1774620134.681713 robobot/cmd/ti rc 0.0 0.5
% 1774620134.6921575 robobot/cmd/ti rc 0.0 0.5
1774620134.7008812 0 -0.004 -0.002 1.858 211 0.00 0.00 0.000 0.000 0 -0.001 14.425 -0.0009 14.4248
% 1774620134.702521 robobot/cmd/ti rc 0.0 0.5
% 1774620134.713328 robobot/cmd/ti rc 0.0 0.5
% 1774620134.723819 robobot/cmd/ti rc 0.0 0.5
% 1774620134.735923 robobot/cmd/ti rc 0.0 0.5
% 1774620134.7363486 robobot/cmd/T0 servo 1 -900 200
% 1774620134.7470503 robobot/cmd/ti rc 0.0 0.5
1774620134.752427 0 -0.004 -0.001 1.880 212 0.00 0.00 0.000 0.000 0 -0.000 14.447 -0.0004 14.4468
% 1774620134.7601132 robobot/cmd/ti rc 0.0 0.5
1774620134.7608662 0 -0.004 -0.001 1.881 212 0.00 0.00 0.000 0.000 0 -0.000 14.448 -0.0003 14.4479
% 1774620134.7711 robobot/cmd/ti rc 0.0 0.5
% 1774620134.7816038 robobot/cmd/ti rc 0.0 0.5
% 1774620134.7935865 robobot/cmd/ti rc 0.0 0.5
1774620134.8018053 0 -0.004 -0.002 1.907 212 0.00 0.00 0.000 0.000 0 -0.001 14.473 -0.0007 14.4734
% 1774620134.8048396 robobot/cmd/ti rc 0.0 0.5
% 1774620134.8163147 robobot/cmd/ti rc 0.0 0.5
% 1774620134.8281093 robobot/cmd/ti rc 0.0 0.5
% 1774620134.8384614 robobot/cmd/ti rc 0.0 0.5
% 1774620134.8496735 robobot/cmd/ti rc 0.0 0.5
1774620134.8515294 0 -0.004 -0.003 1.921 212 0.00 0.00 0.000 0.000 0 -0.001 14.487 -0.0011 14.4872
% 1774620134.8601754 robobot/cmd/ti rc 0.0 0.5
1774620134.860623 0 -0.004 -0.003 1.922 213 0.00 0.00 0.000 0.000 0 -0.001 14.488 -0.0012 14.4884
% 1774620134.8719196 robobot/cmd/ti rc 0.0 0.5
% 1774620134.8833098 robobot/cmd/ti rc 0.0 0.5
% 1774620134.8941123 robobot/cmd/ti rc 0.0 0.5
1774620134.9028754 0 -0.004 -0.003 1.938 213 0.00 0.00 0.000 0.000 0 -0.002 14.505 -0.0018 14.5046
% 1774620134.9047017 robobot/cmd/ti rc 0.0 0.5
% 1774620134.9153016 robobot/cmd/ti rc 0.0 0.5
% 1774620134.925788 robobot/cmd/ti rc 0.0 0.5
% 1774620134.9369404 robobot/cmd/ti rc 0.0 0.5
% 1774620134.9481385 robobot/cmd/ti rc 0.0 0.5
1774620134.9525294 0 -0.004 -0.002 1.971 213 0.00 0.00 0.000 0.000 0 -0.001 14.537 -0.0010 14.5370
% 1774620134.9588473 robobot/cmd/ti rc 0.0 0.5
1774620134.961766 0 -0.004 -0.002 1.973 213 0.00 0.00 0.000 0.000 0 -0.001 14.539 -0.0009 14.5393
% 1774620134.9696045 robobot/cmd/ti rc 0.0 0.5
% 1774620134.980189 robobot/cmd/ti rc 0.0 0.5
% 1774620134.9873457 robobot/cmd/ti alive 2026-03-27 15:01:41.362915
% 1774620134.9909606 robobot/cmd/ti rc 0.0 0.5
% 1774620134.9914076 robobot/cmd/T0 servo 1 -900 200
% 1774620135.0019858 robobot/cmd/ti rc 0.0 0.5
1774620135.003151 0 -0.004 -0.002 1.995 214 0.00 0.00 0.000 0.000 0 -0.001 14.561 -0.0008 14.5612
% 1774620135.0127974 robobot/cmd/ti rc 0.0 0.5
% 1774620135.0244815 robobot/cmd/ti rc 0.0 0.5
% 1774620135.035254 robobot/cmd/ti rc 0.0 0.5
% 1774620135.0459914 robobot/cmd/ti rc 0.0 0.5
1774620135.0524573 0 -0.004 -0.003 2.017 214 0.00 0.00 0.000 0.000 0 -0.001 14.583 -0.0009 14.5832
% 1774620135.0587037 robobot/cmd/ti rc 0.0 0.5
1774620135.0604076 0 -0.004 -0.003 2.017 214 0.00 0.00 0.000 0.000 0 -0.001 14.583 -0.0009 14.5832
% 1774620135.0693276 robobot/cmd/ti rc 0.0 0.5
% 1774620135.0797842 robobot/cmd/ti rc 0.0 0.5
% 1774620135.09208 robobot/cmd/ti rc 0.0 0.5
1774620135.1021314 0 -0.004 -0.002 2.038 214 0.00 0.00 0.000 0.000 0 -0.000 14.604 -0.0005 14.6040
% 1774620135.1030288 robobot/cmd/ti rc 0.0 0.5
% 1774620135.113473 robobot/cmd/ti rc 0.0 0.5
% 1774620135.1265624 robobot/cmd/ti rc 0.0 0.5
% 1774620135.1379616 robobot/cmd/ti rc 0.0 0.5
% 1774620135.1493547 robobot/cmd/ti rc 0.0 0.5
1774620135.1544638 0 -0.004 -0.002 2.062 215 0.00 0.00 0.000 0.000 0 -0.001 14.628 -0.0007 14.6283
% 1774620135.1601598 robobot/cmd/ti rc 0.0 0.5
1774620135.1610694 0 -0.004 -0.002 2.065 215 0.00 0.00 0.000 0.000 0 -0.001 14.632 -0.0008 14.6318
% 1774620135.1715913 robobot/cmd/ti rc 0.0 0.5
% 1774620135.182106 robobot/cmd/ti rc 0.0 0.5
% 1774620135.1973038 robobot/cmd/ti rc 0.0 0.5
1774620135.2016673 0 -0.004 -0.003 2.079 215 0.00 0.00 0.000 0.000 0 -0.001 14.646 -0.0010 14.6457
% 1774620135.2080443 robobot/cmd/ti rc 0.0 0.5
% 1774620135.2184777 robobot/cmd/ti rc 0.0 0.5
% 1774620135.2289534 robobot/cmd/ti rc 0.0 0.5
% 1774620135.239452 robobot/cmd/ti rc 0.0 0.5
% 1774620135.250179 robobot/cmd/ti rc 0.0 0.5
% 1774620135.2504606 robobot/cmd/T0 servo 1 -900 200
1774620135.252195 0 -0.003 -0.003 2.094 215 0.00 0.00 0.000 0.000 0 -0.002 14.661 -0.0017 14.6607
1774620135.2613235 0 -0.003 -0.003 2.098 215 0.00 0.00 0.000 0.000 0 -0.002 14.664 -0.0017 14.6642
% 1774620135.2623477 robobot/cmd/ti rc 0.0 0.5
% 1774620135.272713 robobot/cmd/ti rc 0.0 0.5
% 1774620135.2918327 robobot/cmd/ti rc 0.0 0.5
1774620135.3022268 0 -0.004 -0.003 2.128 216 0.00 0.00 0.000 0.000 0 -0.001 14.694 -0.0011 14.6942
% 1774620135.3031943 robobot/cmd/ti rc 0.0 0.5
% 1774620135.313876 robobot/cmd/ti rc 0.0 0.5
% 1774620135.3254733 robobot/cmd/ti rc 0.0 0.5
% 1774620135.3360908 robobot/cmd/ti rc 0.0 0.5
% 1774620135.3469415 robobot/cmd/ti rc 0.0 0.5
1774620135.35359 0 -0.004 -0.003 2.152 216 0.00 0.00 0.000 0.000 0 -0.001 14.718 -0.0007 14.7185
% 1774620135.3579097 robobot/cmd/ti rc 0.0 0.5
1774620135.3606577 0 -0.004 -0.003 2.156 216 0.00 0.00 0.000 0.000 0 -0.001 14.722 -0.0007 14.7220
% 1774620135.3689997 robobot/cmd/ti rc 0.0 0.5
% 1774620135.3809433 robobot/cmd/ti rc 0.0 0.5
% 1774620135.3922203 robobot/cmd/ti rc 0.0 0.5
1774620135.401598 0 -0.004 -0.003 2.173 216 0.00 0.00 0.000 0.000 0 -0.001 14.739 -0.0008 14.7393
% 1774620135.40256 robobot/cmd/ti rc 0.0 0.5
% 1774620135.413375 robobot/cmd/ti rc 0.0 0.5
% 1774620135.4239166 robobot/cmd/ti rc 0.0 0.5
% 1774620135.4347732 robobot/cmd/ti rc 0.0 0.5
% 1774620135.446512 robobot/cmd/ti rc 0.0 0.5
1774620135.45521 0 -0.004 -0.002 2.195 217 0.00 0.00 0.000 0.000 0 -0.001 14.761 -0.0005 14.7613
% 1774620135.4571075 robobot/cmd/ti rc 0.0 0.5
1774620135.4641263 0 -0.004 -0.002 2.200 217 0.00 0.00 0.000 0.000 0 -0.001 14.766 -0.0005 14.7659
% 1774620135.4675035 robobot/cmd/ti rc 0.0 0.5
% 1774620135.479098 robobot/cmd/ti rc 0.0 0.5
% 1774620135.4908311 robobot/cmd/ti rc 0.0 0.5
% 1774620135.4967794 robobot/cmd/ti alive 2026-03-27 15:01:41.362915
% 1774620135.501713 robobot/cmd/ti rc 0.0 0.5
% 1774620135.502268 robobot/cmd/T0 servo 1 -900 200
1774620135.5033374 0 -0.004 -0.003 2.220 217 0.00 0.00 0.000 0.000 0 -0.001 14.787 -0.0007 14.7868
% 1774620135.5131457 robobot/cmd/ti rc 0.0 0.5
% 1774620135.5262117 robobot/cmd/ti rc 0.0 0.5
% 1774620135.5367806 robobot/cmd/ti rc 0.0 0.5
% 1774620135.5472708 robobot/cmd/ti rc 0.0 0.5
1774620135.5533726 0 -0.004 -0.003 2.238 217 0.00 0.00 0.000 0.000 0 -0.001 14.804 -0.0009 14.8041
% 1774620135.5578403 robobot/cmd/ti rc 0.0 0.5
1774620135.560551 0 -0.003 -0.003 2.240 218 0.00 0.00 0.000 0.000 0 -0.001 14.806 -0.0009 14.8064
% 1774620135.5701945 robobot/cmd/ti rc 0.0 0.5
% 1774620135.5808775 robobot/cmd/ti rc 0.0 0.5
% 1774620135.5987937 robobot/cmd/ti rc 0.0 0.5
1774620135.6032147 0 -0.003 -0.004 2.250 218 0.00 0.00 0.000 0.000 0 -0.001 14.817 -0.0015 14.8168
% 1774620135.60996 robobot/cmd/ti rc 0.0 0.5
% 1774620135.620477 robobot/cmd/ti rc 0.0 0.5
% 1774620135.6311073 robobot/cmd/ti rc 0.0 0.5
% 1774620135.6417572 robobot/cmd/ti rc 0.0 0.5
1774620135.653077 0 -0.003 -0.003 2.282 218 0.00 0.00 0.000 0.000 0 -0.001 14.848 -0.0013 14.8480
% 1774620135.653902 robobot/cmd/ti rc 0.0 0.5
1774620135.6608434 0 -0.003 -0.003 2.287 218 0.00 0.00 0.000 0.000 0 -0.001 14.854 -0.0012 14.8538
% 1774620135.6647205 robobot/cmd/ti rc 0.0 0.5
% 1774620135.6755283 robobot/cmd/ti rc 0.0 0.5
% 1774620135.686253 robobot/cmd/ti rc 0.0 0.5
% 1774620135.696597 robobot/cmd/ti rc 0.0 0.5
1774620135.7025788 0 -0.003 -0.003 2.309 219 0.00 0.00 0.000 0.000 0 -0.001 14.876 -0.0007 14.8758
% 1774620135.7101245 robobot/cmd/ti rc 0.0 0.5
% 1774620135.721177 robobot/cmd/ti rc 0.0 0.5
% 1774620135.7329776 robobot/cmd/ti rc 0.0 0.5
% 1774620135.7440906 robobot/cmd/ti rc 0.0 0.5
1774620135.7534792 0 -0.004 -0.003 2.329 219 0.00 0.00 0.000 0.000 0 -0.001 14.895 -0.0007 14.8955
% 1774620135.754622 robobot/cmd/ti rc 0.0 0.5
% 1774620135.7553904 robobot/cmd/T0 servo 1 -900 200
1774620135.7622232 0 -0.004 -0.003 2.330 219 0.00 0.00 0.000 0.000 0 -0.001 14.897 -0.0007 14.8966
% 1774620135.7659237 robobot/cmd/ti rc 0.0 0.5
% 1774620135.7765958 robobot/cmd/ti rc 0.0 0.5
% 1774620135.7876587 robobot/cmd/ti rc 0.0 0.5
% 1774620135.7991517 robobot/cmd/ti rc 0.0 0.5
1774620135.8036299 0 -0.004 -0.003 2.354 219 0.00 0.00 0.000 0.000 0 -0.001 14.921 -0.0007 14.9209
% 1774620135.8108559 robobot/cmd/ti rc 0.0 0.5
% 1774620135.8217654 robobot/cmd/ti rc 0.0 0.5
% 1774620135.8322535 robobot/cmd/ti rc 0.0 0.5
% 1774620135.8428848 robobot/cmd/ti rc 0.0 0.5
% 1774620135.8558326 robobot/cmd/ti rc 0.0 0.5
1774620135.8563683 0 -0.004 -0.003 2.378 219 0.00 0.00 0.000 0.000 0 -0.001 14.944 -0.0007 14.9440
1774620135.8599284 0 -0.004 -0.003 2.381 220 0.00 0.00 0.000 0.000 0 -0.001 14.947 -0.0007 14.9475
% 1774620135.8669403 robobot/cmd/ti rc 0.0 0.5
% 1774620135.8783321 robobot/cmd/ti rc 0.0 0.5
% 1774620135.8892243 robobot/cmd/ti rc 0.0 0.5
% 1774620135.902076 robobot/cmd/ti rc 0.0 0.5
1774620135.9046059 0 -0.003 -0.003 2.398 220 0.00 0.00 0.000 0.000 0 -0.001 14.965 -0.0008 14.9648
% 1774620135.91392 robobot/cmd/ti rc 0.0 0.5
% 1774620135.9255621 robobot/cmd/ti rc 0.0 0.5
% 1774620135.938945 robobot/cmd/ti rc 0.0 0.5
% 1774620135.9494808 robobot/cmd/ti rc 0.0 0.5
1774620135.953046 0 -0.002 -0.004 2.409 220 0.00 0.00 0.000 0.000 0 -0.001 14.975 -0.0013 14.9752
% 1774620135.9612784 robobot/cmd/ti rc 0.0 0.5
1774620135.9618464 0 -0.002 -0.004 2.410 220 0.00 0.00 0.000 0.000 0 -0.001 14.976 -0.0014 14.9764
% 1774620135.9718077 robobot/cmd/ti rc 0.0 0.5
% 1774620135.9822578 robobot/cmd/ti rc 0.0 0.5
% 1774620135.996921 robobot/cmd/ti rc 0.0 0.5
1774620136.0031357 0 -0.003 -0.004 2.439 220 0.00 0.00 0.000 0.000 0 -0.002 15.005 -0.0016 15.0053
% 1774620136.005018 robobot/cmd/ti alive 2026-03-27 15:01:41.362915
% 1774620136.0078392 robobot/cmd/ti rc 0.0 0.5
% 1774620136.0083187 robobot/cmd/T0 servo 1 -900 200
% 1774620136.0192661 robobot/cmd/ti rc 0.0 0.5
% 1774620136.029621 robobot/cmd/ti rc 0.0 0.5
% 1774620136.0422773 robobot/cmd/ti rc 0.0 0.5
% 1774620136.0528548 robobot/cmd/ti rc 0.0 0.5
1774620136.0564616 0 -0.003 -0.003 2.468 221 0.00 0.00 0.000 0.000 0 -0.001 15.034 -0.0007 15.0342
1774620136.0606205 0 -0.003 -0.003 2.470 221 0.00 0.00 0.000 0.000 0 -0.001 15.036 -0.0007 15.0365
% 1774620136.064874 robobot/cmd/ti rc 0.0 0.5
% 1774620136.0754828 robobot/cmd/ti rc 0.0 0.5
% 1774620136.0861073 robobot/cmd/ti rc 0.0 0.5
% 1774620136.1003275 robobot/cmd/ti rc 0.0 0.5
1774620136.103102 0 -0.004 -0.003 2.486 221 0.00 0.00 0.000 0.000 0 -0.001 15.053 -0.0006 15.0527
% 1774620136.1109865 robobot/cmd/ti rc 0.0 0.5
% 1774620136.1229959 robobot/cmd/ti rc 0.0 0.5
% 1774620136.1361556 robobot/cmd/ti rc 0.0 0.5
% 1774620136.1467378 robobot/cmd/ti rc 0.0 0.5
1774620136.1543043 0 -0.003 -0.003 2.513 221 0.00 0.00 0.000 0.000 0 -0.001 15.079 -0.0008 15.0793
% 1774620136.1575115 robobot/cmd/ti rc 0.0 0.5
1774620136.160722 0 -0.003 -0.003 2.515 222 0.00 0.00 0.000 0.000 0 -0.001 15.082 -0.0008 15.0816
% 1774620136.1703265 robobot/cmd/ti rc 0.0 0.5
% 1774620136.181881 robobot/cmd/ti rc 0.0 0.5
% 1774620136.1975813 robobot/cmd/ti rc 0.0 0.5
1774620136.2045312 0 -0.003 -0.003 2.537 222 0.00 0.00 0.000 0.000 0 -0.001 15.104 -0.0007 15.1036
% 1774620136.2098114 robobot/cmd/ti rc 0.0 0.5
% 1774620136.2211125 robobot/cmd/ti rc 0.0 0.5
% 1774620136.231957 robobot/cmd/ti rc 0.0 0.5
% 1774620136.2433279 robobot/cmd/ti rc 0.0 0.5
% 1774620136.253765 robobot/cmd/ti rc 0.0 0.5
1774620136.2547286 0 -0.003 -0.003 2.558 222 0.00 0.00 0.000 0.000 0 -0.001 15.124 -0.0007 15.1244
1774620136.2617877 0 -0.003 -0.004 2.559 222 0.00 0.00 0.000 0.000 0 -0.001 15.126 -0.0007 15.1256
% 1774620136.265067 robobot/cmd/ti rc 0.0 0.5
% 1774620136.266995 robobot/cmd/T0 servo 1 -900 200
% 1774620136.2775676 robobot/cmd/ti rc 0.0 0.5
% 1774620136.2891543 robobot/cmd/ti rc 0.0 0.5
% 1774620136.3000026 robobot/cmd/ti rc 0.0 0.5
1774620136.306078 0 -0.002 -0.004 2.570 223 0.00 0.00 0.000 0.000 0 -0.001 15.136 -0.0012 15.1360
% 1774620136.3106792 robobot/cmd/ti rc 0.0 0.5
% 1774620136.3230884 robobot/cmd/ti rc 0.0 0.5
% 1774620136.33373 robobot/cmd/ti rc 0.0 0.5
% 1774620136.3445823 robobot/cmd/ti rc 0.0 0.5
1774620136.3549721 0 -0.002 -0.004 2.597 223 0.00 0.00 0.000 0.000 0 -0.002 15.164 -0.0016 15.1637
% 1774620136.361791 robobot/cmd/ti rc 0.0 0.5
1774620136.3646622 0 -0.002 -0.004 2.600 223 0.00 0.00 0.000 0.000 0 -0.001 15.166 -0.0014 15.1661
% 1774620136.3726132 robobot/cmd/ti rc 0.0 0.5
% 1774620136.3831007 robobot/cmd/ti rc 0.0 0.5
% 1774620136.3934555 robobot/cmd/ti rc 0.0 0.5
% 1774620136.403795 robobot/cmd/ti rc 0.0 0.5
1774620136.4043221 0 -0.003 -0.004 2.626 223 0.00 0.00 0.000 0.000 0 -0.001 15.193 -0.0007 15.1927
% 1774620136.4145741 robobot/cmd/ti rc 0.0 0.5
% 1774620136.4265285 robobot/cmd/ti rc 0.0 0.5
% 1774620136.4377513 robobot/cmd/ti rc 0.0 0.5
% 1774620136.4500453 robobot/cmd/ti rc 0.0 0.5
1774620136.4578032 0 -0.003 -0.004 2.645 224 0.00 0.00 0.000 0.000 0 -0.000 15.211 -0.0005 15.2112
% 1774620136.4613094 robobot/cmd/ti rc 0.0 0.5
1774620136.4622989 0 -0.003 -0.004 2.647 224 0.00 0.00 0.000 0.000 0 -0.000 15.213 -0.0004 15.2135
% 1774620136.472312 robobot/cmd/ti rc 0.0 0.5
% 1774620136.484386 robobot/cmd/ti rc 0.0 0.5
% 1774620136.4955916 robobot/cmd/ti rc 0.0 0.5
1774620136.5041916 0 -0.003 -0.004 2.669 224 0.00 0.00 0.000 0.000 0 -0.001 15.235 -0.0009 15.2354
% 1774620136.5066786 robobot/cmd/ti rc 0.0 0.5
% 1774620136.5097408 robobot/cmd/ti alive 2026-03-27 15:01:41.362915
% 1774620136.5221593 robobot/cmd/ti rc 0.0 0.5
% 1774620136.522443 robobot/cmd/T0 servo 1 -900 200
% 1774620136.5349972 robobot/cmd/ti rc 0.0 0.5
% 1774620136.546454 robobot/cmd/ti rc 0.0 0.5
1774620136.5544827 0 -0.003 -0.004 2.693 224 0.00 0.00 0.000 0.000 0 -0.001 15.260 -0.0007 15.2597
% 1774620136.557789 robobot/cmd/ti rc 0.0 0.5
1774620136.5619848 0 -0.003 -0.004 2.696 224 0.00 0.00 0.000 0.000 0 -0.001 15.262 -0.0007 15.2620
% 1774620136.5709083 robobot/cmd/ti rc 0.0 0.5
% 1774620136.5814555 robobot/cmd/ti rc 0.0 0.5
% 1774620136.5966403 robobot/cmd/ti rc 0.0 0.5
% 1774620136.6084764 robobot/cmd/ti rc 0.0 0.5
1774620136.609114 0 -0.003 -0.004 2.716 225 0.00 0.00 0.000 0.000 0 -0.001 15.283 -0.0007 15.2829
% 1774620136.6195264 robobot/cmd/ti rc 0.0 0.5
% 1774620136.6338277 robobot/cmd/ti rc 0.0 0.5
% 1774620136.6447487 robobot/cmd/ti rc 0.0 0.5
1774620136.6552737 0 -0.002 -0.004 2.730 225 0.00 0.00 0.000 0.000 0 -0.001 15.297 -0.0009 15.2967
% 1774620136.6558483 robobot/cmd/ti rc 0.0 0.5
1774620136.6610198 0 -0.002 -0.004 2.732 225 0.00 0.00 0.000 0.000 0 -0.001 15.298 -0.0011 15.2979
% 1774620136.6680555 robobot/cmd/ti rc 0.0 0.5
% 1774620136.681365 robobot/cmd/ti rc 0.0 0.5
% 1774620136.6925948 robobot/cmd/ti rc 0.0 0.5
% 1774620136.704111 robobot/cmd/ti rc 0.0 0.5
1774620136.7051961 0 -0.001 -0.004 2.751 225 0.00 0.00 0.000 0.000 0 -0.002 15.317 -0.0017 15.3175
% 1774620136.7154047 robobot/cmd/ti rc 0.0 0.5
% 1774620136.7260814 robobot/cmd/ti rc 0.0 0.5
% 1774620136.738739 robobot/cmd/ti rc 0.0 0.5
% 1774620136.7505078 robobot/cmd/ti rc 0.0 0.5
1774620136.754785 0 -0.002 -0.004 2.782 225 0.00 0.00 0.000 0.000 0 -0.001 15.349 -0.0009 15.3488
% 1774620136.7613473 robobot/cmd/ti rc 0.0 0.5
1774620136.7617862 0 -0.002 -0.004 2.786 225 0.00 0.00 0.000 0.000 0 -0.001 15.352 -0.0008 15.3522
% 1774620136.7718515 robobot/cmd/ti rc 0.0 0.5
% 1774620136.78265 robobot/cmd/ti rc 0.0 0.5
% 1774620136.7841415 robobot/cmd/T0 servo 1 -900 200
% 1774620136.7974658 robobot/cmd/ti rc 0.0 0.5
1774620136.805678 0 -0.003 -0.004 2.801 226 0.00 0.00 0.000 0.000 0 -0.000 15.367 -0.0003 15.3673
% 1774620136.8087025 robobot/cmd/ti rc 0.0 0.5
% 1774620136.8195615 robobot/cmd/ti rc 0.0 0.5
% 1774620136.830322 robobot/cmd/ti rc 0.0 0.5
% 1774620136.841729 robobot/cmd/ti rc 0.0 0.5
% 1774620136.853028 robobot/cmd/ti rc 0.0 0.5
1774620136.8582313 0 -0.002 -0.004 2.825 226 0.00 0.00 0.000 0.000 0 -0.001 15.392 -0.0008 15.3916
1774620136.861615 0 -0.002 -0.004 2.829 226 0.00 0.00 0.000 0.000 0 -0.001 15.395 -0.0009 15.3950
% 1774620136.863501 robobot/cmd/ti rc 0.0 0.5
% 1774620136.874754 robobot/cmd/ti rc 0.0 0.5
% 1774620136.8856905 robobot/cmd/ti rc 0.0 0.5
% 1774620136.8964353 robobot/cmd/ti rc 0.0 0.5
1774620136.9041786 0 -0.002 -0.004 2.851 226 0.00 0.00 0.000 0.000 0 -0.001 15.417 -0.0007 15.4170
% 1774620136.9072158 robobot/cmd/ti rc 0.0 0.5
% 1774620136.9180365 robobot/cmd/ti rc 0.0 0.5
% 1774620136.9314375 robobot/cmd/ti rc 0.0 0.5
% 1774620136.9419897 robobot/cmd/ti rc 0.0 0.5
% 1774620136.9524136 robobot/cmd/ti rc 0.0 0.5
1774620136.95617 0 -0.003 -0.004 2.873 227 0.00 0.00 0.000 0.000 0 -0.001 15.439 -0.0006 15.4390
1774620136.962507 0 -0.003 -0.004 2.875 227 0.00 0.00 0.000 0.000 0 -0.001 15.441 -0.0006 15.4413
% 1774620136.9629385 robobot/cmd/ti rc 0.0 0.5
% 1774620136.9738507 robobot/cmd/ti rc 0.0 0.5
% 1774620136.9849987 robobot/cmd/ti rc 0.0 0.5
% 1774620136.9955957 robobot/cmd/ti rc 0.0 0.5
1774620137.0050826 0 -0.002 -0.004 2.890 227 0.00 0.00 0.000 0.000 0 -0.001 15.456 -0.0009 15.4563
% 1774620137.007781 robobot/cmd/ti rc 0.0 0.5
% 1774620137.017178 robobot/cmd/ti alive 2026-03-27 15:01:41.362915
% 1774620137.0189645 robobot/cmd/ti rc 0.0 0.5
% 1774620137.029445 robobot/cmd/ti rc 0.0 0.5
% 1774620137.0406523 robobot/cmd/ti rc 0.0 0.5
% 1774620137.0412269 robobot/cmd/T0 servo 1 -900 200
% 1774620137.051827 robobot/cmd/ti rc 0.0 0.5
1774620137.055636 0 -0.002 -0.004 2.917 227 0.00 0.00 0.000 0.000 0 -0.001 15.483 -0.0010 15.4829
1774620137.063076 0 -0.002 -0.004 2.920 228 0.00 0.00 0.000 0.000 0 -0.001 15.486 -0.0009 15.4864
% 1774620137.0632591 robobot/cmd/ti rc 0.0 0.5
% 1774620137.074983 robobot/cmd/ti rc 0.0 0.5
% 1774620137.086285 robobot/cmd/ti rc 0.0 0.5
% 1774620137.096667 robobot/cmd/ti rc 0.0 0.5
1774620137.1053874 0 -0.002 -0.004 2.942 228 0.00 0.00 0.000 0.000 0 -0.001 15.508 -0.0007 15.5084
% 1774620137.1077788 robobot/cmd/ti rc 0.0 0.5
% 1774620137.1187236 robobot/cmd/ti rc 0.0 0.5
% 1774620137.129115 robobot/cmd/ti rc 0.0 0.5
% 1774620137.1418865 robobot/cmd/ti rc 0.0 0.5
% 1774620137.1524894 robobot/cmd/ti rc 0.0 0.5
1774620137.155407 0 -0.002 -0.004 2.956 228 0.00 0.00 0.000 0.000 0 -0.001 15.522 -0.0006 15.5222
1774620137.1609938 0 -0.002 -0.004 2.959 228 0.00 0.00 0.000 0.000 0 -0.001 15.526 -0.0008 15.5257
% 1774620137.1629791 robobot/cmd/ti rc 0.0 0.5
% 1774620137.1734169 robobot/cmd/ti rc 0.0 0.5
% 1774620137.18396 robobot/cmd/ti rc 0.0 0.5
% 1774620137.1947343 robobot/cmd/ti rc 0.0 0.5
% 1774620137.2055395 robobot/cmd/ti rc 0.0 0.5
1774620137.209058 0 -0.002 -0.004 2.984 229 0.00 0.00 0.000 0.000 0 -0.001 15.550 -0.0009 15.5500
% 1774620137.217925 robobot/cmd/ti rc 0.0 0.5
% 1774620137.229832 robobot/cmd/ti rc 0.0 0.5
% 1774620137.2413452 robobot/cmd/ti rc 0.0 0.5
% 1774620137.2517753 robobot/cmd/ti rc 0.0 0.5
1774620137.2556236 0 -0.002 -0.004 3.008 229 0.00 0.00 0.000 0.000 0 -0.001 15.574 -0.0008 15.5743
1774620137.2612026 0 -0.002 -0.004 3.010 229 0.00 0.00 0.000 0.000 0 -0.001 15.577 -0.0007 15.5766
% 1774620137.2663066 robobot/cmd/ti rc 0.0 0.5
% 1774620137.2767015 robobot/cmd/ti rc 0.0 0.5
% 1774620137.2876992 robobot/cmd/ti rc 0.0 0.5
% 1774620137.2986338 robobot/cmd/ti rc 0.0 0.5
% 1774620137.2993615 robobot/cmd/T0 servo 1 -900 200
1774620137.3054764 0 -0.002 -0.004 3.030 229 0.00 0.00 0.000 0.000 0 -0.001 15.596 -0.0006 15.5962
% 1774620137.30984 robobot/cmd/ti rc 0.0 0.5
% 1774620137.3212981 robobot/cmd/ti rc 0.0 0.5
% 1774620137.331816 robobot/cmd/ti rc 0.0 0.5
% 1774620137.343956 robobot/cmd/ti rc 0.0 0.5
% 1774620137.355148 robobot/cmd/ti rc 0.0 0.5
1774620137.3559442 0 -0.001 -0.004 3.047 229 0.00 0.00 0.000 0.000 0 -0.001 15.614 -0.0009 15.6136
1774620137.3615823 0 -0.001 -0.004 3.050 230 0.00 0.00 0.000 0.000 0 -0.001 15.616 -0.0011 15.6159
% 1774620137.365629 robobot/cmd/ti rc 0.0 0.5
% 1774620137.3776236 robobot/cmd/ti rc 0.0 0.5
% 1774620137.3887749 robobot/cmd/ti rc 0.0 0.5
% 1774620137.4002619 robobot/cmd/ti rc 0.0 0.5
1774620137.4055912 0 0.000 -0.004 3.062 230 0.00 0.00 0.000 0.000 0 -0.002 15.629 -0.0018 15.6286
% 1774620137.4110577 robobot/cmd/ti rc 0.0 0.5
% 1774620137.4219654 robobot/cmd/ti rc 0.0 0.5
% 1774620137.4359746 robobot/cmd/ti rc 0.0 0.5
% 1774620137.446692 robobot/cmd/ti rc 0.0 0.5
1774620137.458378 0 -0.001 -0.004 3.090 230 0.00 0.00 0.000 0.000 0 -0.002 15.656 -0.0016 15.6564
% 1774620137.4630878 robobot/cmd/ti rc 0.0 0.5
1774620137.4635549 0 -0.001 -0.004 3.093 230 0.00 0.00 0.000 0.000 0 -0.001 15.660 -0.0014 15.6598
% 1774620137.4734375 robobot/cmd/ti rc 0.0 0.5
% 1774620137.485069 robobot/cmd/ti rc 0.0 0.5
% 1774620137.4965549 robobot/cmd/ti rc 0.0 0.5
1774620137.5056646 0 -0.002 -0.004 3.120 230 0.00 0.00 0.000 0.000 0 -0.000 15.686 -0.0005 15.6864
% 1774620137.5071876 robobot/cmd/ti rc 0.0 0.5
% 1774620137.51789 robobot/cmd/ti rc 0.0 0.5
% 1774620137.5219631 robobot/cmd/ti alive 2026-03-27 15:01:41.362915
% 1774620137.5300913 robobot/cmd/ti rc 0.0 0.5
% 1774620137.5423193 robobot/cmd/ti rc 0.0 0.5
% 1774620137.5534565 robobot/cmd/ti rc 0.0 0.5
% 1774620137.5544462 robobot/cmd/T0 servo 1 -900 200
1774620137.5593824 0 -0.001 -0.004 -3.141 231 0.00 0.00 0.000 0.000 0 -0.001 15.708 -0.0007 15.7084
1774620137.561176 0 -0.001 -0.004 -3.140 231 0.00 0.00 0.000 0.000 0 -0.001 15.710 -0.0007 15.7096
% 1774620137.5649517 robobot/cmd/ti rc 0.0 0.5
% 1774620137.5760102 robobot/cmd/ti rc 0.0 0.5
% 1774620137.5964465 robobot/cmd/ti rc 0.0 0.5
1774620137.6060364 0 -0.001 -0.004 -3.117 231 0.00 0.00 0.000 0.000 0 -0.001 15.733 -0.0008 15.7327
% 1774620137.6072707 robobot/cmd/ti rc 0.0 0.5
% 1774620137.618323 robobot/cmd/ti rc 0.0 0.5
% 1774620137.628769 robobot/cmd/ti rc 0.0 0.5
% 1774620137.6401572 robobot/cmd/ti rc 0.0 0.5
% 1774620137.6513247 robobot/cmd/ti rc 0.0 0.5
1774620137.6597955 0 -0.002 -0.004 -3.095 232 0.00 0.00 0.000 0.000 0 -0.000 15.755 -0.0005 15.7547
% 1774620137.6632342 robobot/cmd/ti rc 0.0 0.5
1774620137.6654072 0 -0.002 -0.004 -3.093 232 0.00 0.00 0.000 0.000 0 -0.000 15.757 -0.0005 15.7570
% 1774620137.6770556 robobot/cmd/ti rc 0.0 0.5
% 1774620137.6883688 robobot/cmd/ti rc 0.0 0.5
% 1774620137.7007964 robobot/cmd/ti rc 0.0 0.5
1774620137.7066772 0 -0.001 -0.004 -3.075 232 0.00 0.00 0.000 0.000 0 -0.001 15.774 -0.0008 15.7743
% 1774620137.711786 robobot/cmd/ti rc 0.0 0.5
% 1774620137.724387 robobot/cmd/ti rc 0.0 0.5
% 1774620137.7351322 robobot/cmd/ti rc 0.0 0.5
% 1774620137.7463977 robobot/cmd/ti rc 0.0 0.5
1774620137.7565656 0 0.001 -0.004 -3.064 232 0.00 0.00 0.000 0.000 0 -0.002 15.786 -0.0016 15.7859
% 1774620137.7569957 robobot/cmd/ti rc 0.0 0.5
1774620137.767852 0 0.001 -0.004 -3.062 232 0.00 0.00 0.000 0.000 0 -0.002 15.787 -0.0017 15.7871
% 1774620137.770448 robobot/cmd/ti rc 0.0 0.5
% 1774620137.780833 robobot/cmd/ti rc 0.0 0.5
% 1774620137.7937202 robobot/cmd/ti rc 0.0 0.5
% 1774620137.8070111 robobot/cmd/ti rc 0.0 0.5
% 1774620137.808756 robobot/cmd/T0 servo 1 -900 200
1774620137.809791 0 -0.000 -0.004 -3.043 233 0.00 0.00 0.000 0.000 0 -0.002 15.807 -0.0019 15.8067
% 1774620137.819569 robobot/cmd/ti rc 0.0 0.5
% 1774620137.8304162 robobot/cmd/ti rc 0.0 0.5
% 1774620137.8411994 robobot/cmd/ti rc 0.0 0.5
% 1774620137.8522391 robobot/cmd/ti rc 0.0 0.5
1774620137.8566108 0 -0.001 -0.004 -3.007 233 0.00 0.00 0.000 0.000 0 -0.001 15.843 -0.0008 15.8426
1774620137.8641639 0 -0.001 -0.004 -3.006 233 0.00 0.00 0.000 0.000 0 -0.001 15.844 -0.0007 15.8437
% 1774620137.8654687 robobot/cmd/ti rc 0.0 0.5
% 1774620137.8762186 robobot/cmd/ti rc 0.0 0.5
% 1774620137.8906424 robobot/cmd/ti rc 0.0 0.5
% 1774620137.9017963 robobot/cmd/ti rc 0.0 0.5
1774620137.9056842 0 -0.001 -0.004 -2.983 233 0.00 0.00 0.000 0.000 0 -0.001 15.867 -0.0005 15.8669
% 1774620137.913245 robobot/cmd/ti rc 0.0 0.5
% 1774620137.9236577 robobot/cmd/ti rc 0.0 0.5
% 1774620137.9342017 robobot/cmd/ti rc 0.0 0.5
% 1774620137.9452775 robobot/cmd/ti rc 0.0 0.5
1774620137.9557767 0 -0.001 -0.004 -2.963 234 0.00 0.00 0.000 0.000 0 -0.001 15.886 -0.0009 15.8865
% 1774620137.9562726 robobot/cmd/ti rc 0.0 0.5
1774620137.9619462 0 -0.001 -0.004 -2.962 234 0.00 0.00 0.000 0.000 0 -0.001 15.888 -0.0009 15.8877
% 1774620137.9682693 robobot/cmd/ti rc 0.0 0.5
% 1774620137.9788408 robobot/cmd/ti rc 0.0 0.5
% 1774620137.989517 robobot/cmd/ti rc 0.0 0.5
% 1774620138.0012217 robobot/cmd/ti rc 0.0 0.5
1774620138.0060885 0 -0.001 -0.004 -2.939 234 0.00 0.00 0.000 0.000 0 -0.001 15.911 -0.0005 15.9108
% 1774620138.0120924 robobot/cmd/ti rc 0.0 0.5
% 1774620138.0259848 robobot/cmd/ti rc 0.0 0.5
% 1774620138.027846 robobot/cmd/ti alive 2026-03-27 15:01:41.362915
% 1774620138.0367079 robobot/cmd/ti rc 0.0 0.5
% 1774620138.0499365 robobot/cmd/ti rc 0.0 0.5
1774620138.0578876 0 -0.001 -0.004 -2.917 234 0.00 0.00 0.000 0.000 0 -0.001 15.933 -0.0007 15.9328
% 1774620138.0603478 robobot/cmd/ti rc 0.0 0.5
% 1774620138.0604527 robobot/cmd/T0 servo 1 -900 200
1774620138.061758 0 -0.000 -0.004 -2.913 234 0.00 0.00 0.000 0.000 0 -0.001 15.936 -0.0007 15.9362
% 1774620138.071015 robobot/cmd/ti rc 0.0 0.5
% 1774620138.0818634 robobot/cmd/ti rc 0.0 0.5
% 1774620138.0926583 robobot/cmd/ti rc 0.0 0.5
% 1774620138.1056879 robobot/cmd/ti rc 0.0 0.5
1774620138.109806 0 0.001 -0.004 -2.903 235 0.00 0.00 0.000 0.000 0 -0.001 15.947 -0.0012 15.9467
% 1774620138.1167932 robobot/cmd/ti rc 0.0 0.5
% 1774620138.1295745 robobot/cmd/ti rc 0.0 0.5
% 1774620138.1403236 robobot/cmd/ti rc 0.0 0.5
% 1774620138.1510413 robobot/cmd/ti rc 0.0 0.5
1774620138.1578238 0 0.000 -0.004 -2.881 235 0.00 0.00 0.000 0.000 0 -0.001 15.969 -0.0013 15.9686
1774620138.1631317 0 0.000 -0.004 -2.876 235 0.00 0.00 0.000 0.000 0 -0.001 15.973 -0.0010 15.9733
% 1774620138.1633513 robobot/cmd/ti rc 0.0 0.5
% 1774620138.1740832 robobot/cmd/ti rc 0.0 0.5
% 1774620138.1851022 robobot/cmd/ti rc 0.0 0.5
% 1774620138.1963842 robobot/cmd/ti rc 0.0 0.5
1774620138.2065237 0 -0.000 -0.004 -2.850 235 0.00 0.00 0.000 0.000 0 -0.001 16.000 -0.0007 15.9998
% 1774620138.2072756 robobot/cmd/ti rc 0.0 0.5
% 1774620138.21799 robobot/cmd/ti rc 0.0 0.5
% 1774620138.2286174 robobot/cmd/ti rc 0.0 0.5
% 1774620138.2403023 robobot/cmd/ti rc 0.0 0.5
% 1774620138.251778 robobot/cmd/ti rc 0.0 0.5
1774620138.2565827 0 -0.000 -0.004 -2.827 236 0.00 0.00 0.000 0.000 0 -0.001 16.023 -0.0008 16.0230
1774620138.2630787 0 -0.000 -0.004 -2.824 236 0.00 0.00 0.000 0.000 0 -0.001 16.025 -0.0008 16.0253
% 1774620138.2636197 robobot/cmd/ti rc 0.0 0.5
% 1774620138.2744455 robobot/cmd/ti rc 0.0 0.5
% 1774620138.2850704 robobot/cmd/ti rc 0.0 0.5
% 1774620138.2954974 robobot/cmd/ti rc 0.0 0.5
% 1774620138.3063815 robobot/cmd/ti rc 0.0 0.5
1774620138.3076205 0 -0.000 -0.004 -2.806 236 0.00 0.00 0.000 0.000 0 -0.001 16.044 -0.0008 16.0438
% 1774620138.31717 robobot/cmd/ti rc 0.0 0.5
% 1774620138.31894 robobot/cmd/T0 servo 1 -900 200
% 1774620138.3297672 robobot/cmd/ti rc 0.0 0.5
% 1774620138.340488 robobot/cmd/ti rc 0.0 0.5
% 1774620138.3510568 robobot/cmd/ti rc 0.0 0.5
1774620138.3579314 0 -0.000 -0.004 -2.780 236 0.00 0.00 0.000 0.000 0 -0.000 16.069 -0.0005 16.0692
% 1774620138.3614035 robobot/cmd/ti rc 0.0 0.5
1774620138.364361 0 -0.000 -0.004 -2.778 237 0.00 0.00 0.000 0.000 0 -0.001 16.071 -0.0006 16.0715
% 1774620138.373034 robobot/cmd/ti rc 0.0 0.5
% 1774620138.3840187 robobot/cmd/ti rc 0.0 0.5
% 1774620138.3972254 robobot/cmd/ti rc 0.0 0.5
1774620138.4066646 0 -0.000 -0.004 -2.758 237 0.00 0.00 0.000 0.000 0 -0.001 16.091 -0.0007 16.0912
% 1774620138.4083128 robobot/cmd/ti rc 0.0 0.5
% 1774620138.418868 robobot/cmd/ti rc 0.0 0.5
% 1774620138.4296308 robobot/cmd/ti rc 0.0 0.5
% 1774620138.4401462 robobot/cmd/ti rc 0.0 0.5
% 1774620138.45075 robobot/cmd/ti rc 0.0 0.5
1774620138.4575534 0 0.001 -0.004 -2.743 237 0.00 0.00 0.000 0.000 0 -0.001 16.106 -0.0011 16.1062
% 1774620138.4625437 robobot/cmd/ti rc 0.0 0.5
1774620138.4647915 0 0.001 -0.004 -2.742 237 0.00 0.00 0.000 0.000 0 -0.001 16.107 -0.0011 16.1074
% 1774620138.4739583 robobot/cmd/ti rc 0.0 0.5
% 1774620138.4847066 robobot/cmd/ti rc 0.0 0.5
% 1774620138.4950416 robobot/cmd/ti rc 0.0 0.5
% 1774620138.5053806 robobot/cmd/ti rc 0.0 0.5
1774620138.5075197 0 0.000 -0.004 -2.724 237 0.00 0.00 0.000 0.000 0 -0.001 16.126 -0.0011 16.1259
% 1774620138.515894 robobot/cmd/ti rc 0.0 0.5
% 1774620138.5273285 robobot/cmd/ti rc 0.0 0.5
% 1774620138.5342088 robobot/cmd/ti alive 2026-03-27 15:01:41.362915
% 1774620138.5378518 robobot/cmd/ti rc 0.0 0.5
% 1774620138.5487628 robobot/cmd/ti rc 0.0 0.5
1774620138.5589833 0 0.000 -0.004 -2.692 238 0.00 0.00 0.000 0.000 0 -0.001 16.157 -0.0007 16.1571
% 1774620138.5601182 robobot/cmd/ti rc 0.0 0.5
1774620138.5623667 0 0.000 -0.004 -2.689 238 0.00 0.00 0.000 0.000 0 -0.001 16.161 -0.0007 16.1606
% 1774620138.5721414 robobot/cmd/ti rc 0.0 0.5
% 1774620138.5731926 robobot/cmd/T0 servo 1 -900 200
% 1774620138.584361 robobot/cmd/ti rc 0.0 0.5
% 1774620138.5959756 robobot/cmd/ti rc 0.0 0.5
% 1774620138.6068282 robobot/cmd/ti rc 0.0 0.5
1774620138.608056 0 0.000 -0.004 -2.672 238 0.00 0.00 0.000 0.000 0 -0.001 16.178 -0.0009 16.1779
% 1774620138.617324 robobot/cmd/ti rc 0.0 0.5
% 1774620138.6276557 robobot/cmd/ti rc 0.0 0.5
% 1774620138.637981 robobot/cmd/ti rc 0.0 0.5
% 1774620138.6491868 robobot/cmd/ti rc 0.0 0.5
1774620138.6585283 0 0.000 -0.004 -2.651 238 0.00 0.00 0.000 0.000 0 -0.001 16.199 -0.0008 16.1988
% 1774620138.6604524 robobot/cmd/ti rc 0.0 0.5
1774620138.6630938 0 0.000 -0.004 -2.647 239 0.00 0.00 0.000 0.000 0 -0.001 16.202 -0.0008 16.2022
% 1774620138.6718388 robobot/cmd/ti rc 0.0 0.5
% 1774620138.6832108 robobot/cmd/ti rc 0.0 0.5
% 1774620138.6968699 robobot/cmd/ti rc 0.0 0.5
1774620138.7067869 0 0.000 -0.004 -2.622 239 0.00 0.00 0.000 0.000 0 -0.001 16.228 -0.0006 16.2277
% 1774620138.7077425 robobot/cmd/ti rc 0.0 0.5
% 1774620138.7192512 robobot/cmd/ti rc 0.0 0.5
% 1774620138.730489 robobot/cmd/ti rc 0.0 0.5
% 1774620138.742581 robobot/cmd/ti rc 0.0 0.5
% 1774620138.7532175 robobot/cmd/ti rc 0.0 0.5
1774620138.7581847 0 0.000 -0.004 -2.600 239 0.00 0.00 0.000 0.000 0 -0.001 16.250 -0.0007 16.2496
% 1774620138.7667472 robobot/cmd/ti rc 0.0 0.5
1774620138.7690563 0 0.000 -0.004 -2.600 239 0.00 0.00 0.000 0.000 0 -0.001 16.250 -0.0007 16.2496
% 1774620138.778022 robobot/cmd/ti rc 0.0 0.5
% 1774620138.7907803 robobot/cmd/ti rc 0.0 0.5
% 1774620138.8037813 robobot/cmd/ti rc 0.0 0.5
1774620138.8078654 0 0.001 -0.003 -2.585 240 0.00 0.00 0.000 0.000 0 -0.001 16.265 -0.0009 16.2647
% 1774620138.8151908 robobot/cmd/ti rc 0.0 0.5
% 1774620138.8317575 robobot/cmd/ti rc 0.0 0.5
% 1774620138.8342505 robobot/cmd/T0 servo 1 -900 200
% 1774620138.8474116 robobot/cmd/ti rc 0.0 0.5
% 1774620138.8586888 robobot/cmd/ti rc 0.0 0.5
1774620138.8590765 0 0.002 -0.003 -2.571 240 0.00 0.00 0.000 0.000 0 -0.002 16.278 -0.0015 16.2785
1774620138.8653467 0 0.002 -0.003 -2.571 240 0.00 0.00 0.000 0.000 0 -0.002 16.278 -0.0015 16.2785
% 1774620138.8691745 robobot/cmd/ti rc 0.0 0.5
% 1774620138.8797355 robobot/cmd/ti rc 0.0 0.5
% 1774620138.8920734 robobot/cmd/ti rc 0.0 0.5
% 1774620138.9033456 robobot/cmd/ti rc 0.0 0.5
1774620138.909825 0 0.001 -0.003 -2.539 240 0.00 0.00 0.000 0.000 0 -0.001 16.311 -0.0012 16.3109
% 1774620138.9137917 robobot/cmd/ti rc 0.0 0.5
% 1774620138.9248931 robobot/cmd/ti rc 0.0 0.5
% 1774620138.9353461 robobot/cmd/ti rc 0.0 0.5
% 1774620138.9458148 robobot/cmd/ti rc 0.0 0.5
% 1774620138.9578514 robobot/cmd/ti rc 0.0 0.5
1774620138.9581487 0 0.001 -0.004 -2.513 241 0.00 0.00 0.000 0.000 0 -0.001 16.336 -0.0008 16.3364
1774620138.962107 0 0.001 -0.004 -2.513 241 0.00 0.00 0.000 0.000 0 -0.001 16.336 -0.0008 16.3364
% 1774620138.9710534 robobot/cmd/ti rc 0.0 0.5
% 1774620138.981991 robobot/cmd/ti rc 0.0 0.5
% 1774620138.9952126 robobot/cmd/ti rc 0.0 0.5
% 1774620139.0056524 robobot/cmd/ti rc 0.0 0.5
1774620139.007992 0 0.001 -0.004 -2.491 241 0.00 0.00 0.000 0.000 0 -0.001 16.358 -0.0007 16.3583
% 1774620139.017254 robobot/cmd/ti rc 0.0 0.5
% 1774620139.0285006 robobot/cmd/ti rc 0.0 0.5
% 1774620139.0391684 robobot/cmd/ti rc 0.0 0.5
% 1774620139.0472913 robobot/cmd/ti alive 2026-03-27 15:01:41.362915
% 1774620139.0500693 robobot/cmd/ti rc 0.0 0.5
1774620139.0595334 0 0.001 -0.004 -2.465 241 0.00 0.00 0.000 0.000 0 -0.001 16.385 -0.0008 16.3849
% 1774620139.060691 robobot/cmd/ti rc 0.0 0.5
1774620139.0627763 0 0.001 -0.004 -2.465 241 0.00 0.00 0.000 0.000 0 -0.001 16.385 -0.0008 16.3849
% 1774620139.0710812 robobot/cmd/ti rc 0.0 0.5
% 1774620139.086521 robobot/cmd/ti rc 0.0 0.5
% 1774620139.0882356 robobot/cmd/T0 servo 1 -900 200
% 1774620139.0997236 robobot/cmd/ti rc 0.0 0.5
1774620139.1097572 0 0.001 -0.004 -2.443 242 0.00 0.00 0.000 0.000 0 -0.001 16.407 -0.0007 16.4069
% 1774620139.1102178 robobot/cmd/ti rc 0.0 0.5
% 1774620139.1208014 robobot/cmd/ti rc 0.0 0.5
% 1774620139.1324968 robobot/cmd/ti rc 0.0 0.5
% 1774620139.145107 robobot/cmd/ti rc 0.0 0.5
% 1774620139.1578665 robobot/cmd/ti rc 0.0 0.5
1774620139.159589 0 0.001 -0.003 -2.426 242 0.00 0.00 0.000 0.000 0 -0.001 16.423 -0.0008 16.4231
1774620139.16324 0 0.001 -0.003 -2.426 242 0.00 0.00 0.000 0.000 0 -0.001 16.423 -0.0008 16.4231
% 1774620139.1707265 robobot/cmd/ti rc 0.0 0.5
% 1774620139.1815126 robobot/cmd/ti rc 0.0 0.5
% 1774620139.1938348 robobot/cmd/ti rc 0.0 0.5
% 1774620139.2043414 robobot/cmd/ti rc 0.0 0.5
1774620139.2086008 0 0.002 -0.002 -2.413 242 0.00 0.00 0.000 0.000 0 -0.001 16.437 -0.0013 16.4370
% 1774620139.214903 robobot/cmd/ti rc 0.0 0.5
% 1774620139.2257574 robobot/cmd/ti rc 0.0 0.5
% 1774620139.2381 robobot/cmd/ti rc 0.0 0.5
% 1774620139.2496722 robobot/cmd/ti rc 0.0 0.5
1774620139.2597923 0 0.002 -0.003 -2.381 243 0.00 0.00 0.000 0.000 0 -0.001 16.468 -0.0014 16.4682
% 1774620139.2603183 robobot/cmd/ti rc 0.0 0.5
1774620139.2616458 0 0.002 -0.003 -2.381 243 0.00 0.00 0.000 0.000 0 -0.001 16.468 -0.0014 16.4682
% 1774620139.271235 robobot/cmd/ti rc 0.0 0.5
% 1774620139.2823153 robobot/cmd/ti rc 0.0 0.5
% 1774620139.293321 robobot/cmd/ti rc 0.0 0.5
% 1774620139.3037353 robobot/cmd/ti rc 0.0 0.5
1774620139.3082893 0 0.001 -0.003 -2.355 243 0.00 0.00 0.000 0.000 0 -0.001 16.495 -0.0007 16.4948
% 1774620139.3143992 robobot/cmd/ti rc 0.0 0.5
% 1774620139.3257458 robobot/cmd/ti rc 0.0 0.5
% 1774620139.3362622 robobot/cmd/ti rc 0.0 0.5
% 1774620139.346719 robobot/cmd/ti rc 0.0 0.5
% 1774620139.3470821 robobot/cmd/T0 servo 1 -900 200
% 1774620139.3574169 robobot/cmd/ti rc 0.0 0.5
1774620139.357914 0 0.001 -0.003 -2.333 244 0.00 0.00 0.000 0.000 0 -0.001 16.517 -0.0005 16.5168
1774620139.3673928 0 0.001 -0.003 -2.333 244 0.00 0.00 0.000 0.000 0 -0.001 16.517 -0.0006 16.5168
% 1774620139.3685706 robobot/cmd/ti rc 0.0 0.5
% 1774620139.3813465 robobot/cmd/ti rc 0.0 0.5
% 1774620139.3924186 robobot/cmd/ti rc 0.0 0.5
% 1774620139.4027846 robobot/cmd/ti rc 0.0 0.5
1774620139.4085262 0 0.001 -0.003 -2.307 244 0.00 0.00 0.000 0.000 0 -0.001 16.542 -0.0009 16.5422
% 1774620139.4138613 robobot/cmd/ti rc 0.0 0.5
% 1774620139.4258695 robobot/cmd/ti rc 0.0 0.5
% 1774620139.436329 robobot/cmd/ti rc 0.0 0.5
% 1774620139.4490461 robobot/cmd/ti rc 0.0 0.5
1774620139.4586947 0 0.001 -0.003 -2.285 244 0.00 0.00 0.000 0.000 0 -0.001 16.564 -0.0007 16.5642
% 1774620139.4593904 robobot/cmd/ti rc 0.0 0.5
1774620139.462041 0 0.001 -0.003 -2.285 244 0.00 0.00 0.000 0.000 0 -0.001 16.564 -0.0007 16.5642
% 1774620139.4698274 robobot/cmd/ti rc 0.0 0.5
% 1774620139.4802225 robobot/cmd/ti rc 0.0 0.5
% 1774620139.4918766 robobot/cmd/ti rc 0.0 0.5
% 1774620139.5025284 robobot/cmd/ti rc 0.0 0.5
1774620139.510658 0 0.001 -0.003 -2.268 245 0.00 0.00 0.000 0.000 0 -0.001 16.581 -0.0006 16.5815
% 1774620139.51345 robobot/cmd/ti rc 0.0 0.5
% 1774620139.5247838 robobot/cmd/ti rc 0.0 0.5
% 1774620139.537811 robobot/cmd/ti rc 0.0 0.5
% 1774620139.549108 robobot/cmd/ti rc 0.0 0.5
% 1774620139.5560722 robobot/cmd/ti alive 2026-03-27 15:01:41.362915
1774620139.559413 0 0.002 -0.002 -2.250 245 0.00 0.00 0.000 0.000 0 -0.001 16.600 -0.0011 16.6000
% 1774620139.5620122 robobot/cmd/ti rc 0.0 0.5
1774620139.5645008 0 0.002 -0.002 -2.250 245 0.00 0.00 0.000 0.000 0 -0.001 16.600 -0.0013 16.6000
% 1774620139.5738926 robobot/cmd/ti rc 0.0 0.5
% 1774620139.584868 robobot/cmd/ti rc 0.0 0.5
% 1774620139.595243 robobot/cmd/ti rc 0.0 0.5
% 1774620139.6055956 robobot/cmd/ti rc 0.0 0.5
% 1774620139.6058953 robobot/cmd/T0 servo 1 -900 200
1774620139.60999 0 0.002 -0.003 -2.220 245 0.00 0.00 0.000 0.000 0 -0.001 16.630 -0.0009 16.6301
% 1774620139.6164632 robobot/cmd/ti rc 0.0 0.5
% 1774620139.6268308 robobot/cmd/ti rc 0.0 0.5
% 1774620139.637177 robobot/cmd/ti rc 0.0 0.5
% 1774620139.647733 robobot/cmd/ti rc 0.0 0.5
% 1774620139.6580691 robobot/cmd/ti rc 0.0 0.5
1774620139.6587718 0 0.002 -0.003 -2.199 246 0.00 0.00 0.000 0.000 0 -0.001 16.651 -0.0006 16.6509
1774620139.6662548 0 0.002 -0.003 -2.199 246 0.00 0.00 0.000 0.000 0 -0.001 16.651 -0.0006 16.6509
% 1774620139.6689029 robobot/cmd/ti rc 0.0 0.5
% 1774620139.680064 robobot/cmd/ti rc 0.0 0.5
% 1774620139.6914146 robobot/cmd/ti rc 0.0 0.5
% 1774620139.7027483 robobot/cmd/ti rc 0.0 0.5
1774620139.70949 0 0.002 -0.003 -2.175 246 0.00 0.00 0.000 0.000 0 -0.001 16.674 -0.0007 16.6741
% 1774620139.7134206 robobot/cmd/ti rc 0.0 0.5
% 1774620139.7244744 robobot/cmd/ti rc 0.0 0.5
% 1774620139.734967 robobot/cmd/ti rc 0.0 0.5
% 1774620139.745887 robobot/cmd/ti rc 0.0 0.5
% 1774620139.7570503 robobot/cmd/ti rc 0.0 0.5
1774620139.7619033 0 0.002 -0.003 -2.151 246 0.00 0.00 0.000 0.000 0 -0.001 16.698 -0.0009 16.6983
1774620139.7625268 0 0.002 -0.003 -2.151 246 0.00 0.00 0.000 0.000 0 -0.001 16.698 -0.0008 16.6983
% 1774620139.7730489 robobot/cmd/ti rc 0.0 0.5
% 1774620139.7837145 robobot/cmd/ti rc 0.0 0.5
% 1774620139.794118 robobot/cmd/ti rc 0.0 0.5
% 1774620139.8044577 robobot/cmd/ti rc 0.0 0.5
1774620139.8087163 0 0.002 -0.003 -2.127 246 0.00 0.00 0.000 0.000 0 -0.001 16.723 -0.0006 16.7226
% 1774620139.8149474 robobot/cmd/ti rc 0.0 0.5
% 1774620139.8260915 robobot/cmd/ti rc 0.0 0.5
% 1774620139.8367574 robobot/cmd/ti rc 0.0 0.5
% 1774620139.8486931 robobot/cmd/ti rc 0.0 0.5
% 1774620139.8616042 robobot/cmd/ti rc 0.0 0.5
% 1774620139.86248 robobot/cmd/T0 servo 1 -900 200
1774620139.8630025 0 0.002 -0.003 -2.110 247 0.00 0.00 0.000 0.000 0 -0.000 16.740 -0.0004 16.7400
1774620139.8632214 0 0.002 -0.003 -2.110 247 0.00 0.00 0.000 0.000 0 -0.000 16.740 -0.0004 16.7400
% 1774620139.8731031 robobot/cmd/ti rc 0.0 0.5
% 1774620139.884029 robobot/cmd/ti rc 0.0 0.5
% 1774620139.8946457 robobot/cmd/ti rc 0.0 0.5
% 1774620139.9053059 robobot/cmd/ti rc 0.0 0.5
1774620139.9105282 0 0.002 -0.002 -2.096 247 0.00 0.00 0.000 0.000 0 -0.001 16.754 -0.0012 16.7538
% 1774620139.9157639 robobot/cmd/ti rc 0.0 0.5
% 1774620139.9262686 robobot/cmd/ti rc 0.0 0.5
% 1774620139.9369917 robobot/cmd/ti rc 0.0 0.5
% 1774620139.9474506 robobot/cmd/ti rc 0.0 0.5
% 1774620139.957792 robobot/cmd/ti rc 0.0 0.5
1774620139.9585052 0 0.003 -0.001 -2.076 248 0.00 0.00 0.000 0.000 0 -0.002 16.773 -0.0023 16.7735
1774620139.9621956 0 0.003 -0.001 -2.076 248 0.00 0.00 0.000 0.000 0 -0.002 16.773 -0.0023 16.7735
% 1774620139.9685729 robobot/cmd/ti rc 0.0 0.5
% 1774620139.9807148 robobot/cmd/ti rc 0.0 0.5
% 1774620139.992155 robobot/cmd/ti rc 0.0 0.5
% 1774620140.0036101 robobot/cmd/ti rc 0.0 0.5
1774620140.0113335 0 0.002 -0.002 -2.044 248 0.00 0.00 0.000 0.000 0 -0.001 16.806 -0.0011 16.8059
% 1774620140.0146306 robobot/cmd/ti rc 0.0 0.5
% 1774620140.027201 robobot/cmd/ti rc 0.0 0.5
% 1774620140.037893 robobot/cmd/ti rc 0.0 0.5
% 1774620140.0489776 robobot/cmd/ti rc 0.0 0.5
% 1774620140.0584433 robobot/cmd/ti alive 2026-03-27 15:01:41.362915
1774620140.0630803 0 0.002 -0.002 -2.016 248 0.00 0.00 0.000 0.000 0 -0.000 16.834 -0.0005 16.8336
1774620140.0641189 0 0.002 -0.002 -2.016 248 0.00 0.00 0.000 0.000 0 -0.000 16.834 -0.0005 16.8336
% 1774620140.064643 robobot/cmd/ti rc 0.0 0.5
% 1774620140.0756752 robobot/cmd/ti rc 0.0 0.5
% 1774620140.08675 robobot/cmd/ti rc 0.0 0.5
% 1774620140.0973577 robobot/cmd/ti rc 0.0 0.5
1774620140.1114497 0 0.002 -0.002 -1.996 249 0.00 0.00 0.000 0.000 0 -0.001 16.853 -0.0008 16.8533
% 1774620140.116021 robobot/cmd/ti rc 0.0 0.5
% 1774620140.1162953 robobot/cmd/T0 servo 1 -900 200
% 1774620140.1272857 robobot/cmd/ti rc 0.0 0.5
% 1774620140.1377075 robobot/cmd/ti rc 0.0 0.5
% 1774620140.1480827 robobot/cmd/ti rc 0.0 0.5
% 1774620140.158886 robobot/cmd/ti rc 0.0 0.5
1774620140.159397 0 0.002 -0.002 -1.971 249 0.00 0.00 0.000 0.000 0 -0.001 16.879 -0.0007 16.8787
1774620140.1620226 0 0.002 -0.002 -1.971 249 0.00 0.00 0.000 0.000 0 -0.001 16.879 -0.0006 16.8787
% 1774620140.1704082 robobot/cmd/ti rc 0.0 0.5
% 1774620140.1812494 robobot/cmd/ti rc 0.0 0.5
% 1774620140.193251 robobot/cmd/ti rc 0.0 0.5
% 1774620140.2036438 robobot/cmd/ti rc 0.0 0.5
1774620140.2100449 0 0.002 -0.003 -1.950 249 0.00 0.00 0.000 0.000 0 -0.000 16.900 -0.0003 16.8996
% 1774620140.214504 robobot/cmd/ti rc 0.0 0.5
% 1774620140.2252877 robobot/cmd/ti rc 0.0 0.5
% 1774620140.235787 robobot/cmd/ti rc 0.0 0.5
% 1774620140.2477212 robobot/cmd/ti rc 0.0 0.5
% 1774620140.258272 robobot/cmd/ti rc 0.0 0.5
1774620140.2627742 0 0.002 -0.001 -1.933 250 0.00 0.00 0.000 0.000 0 -0.001 16.917 -0.0010 16.9169
1774620140.2633758 0 0.002 -0.001 -1.933 250 0.00 0.00 0.000 0.000 0 -0.001 16.917 -0.0010 16.9169
% 1774620140.2686765 robobot/cmd/ti rc 0.0 0.5
% 1774620140.2809403 robobot/cmd/ti rc 0.0 0.5
% 1774620140.291488 robobot/cmd/ti rc 0.0 0.5
% 1774620140.3020167 robobot/cmd/ti rc 0.0 0.5
1774620140.3107126 0 0.002 -0.002 -1.906 250 0.00 0.00 0.000 0.000 0 -0.001 16.943 -0.0011 16.9435
% 1774620140.3128307 robobot/cmd/ti rc 0.0 0.5
% 1774620140.325168 robobot/cmd/ti rc 0.0 0.5
% 1774620140.3359869 robobot/cmd/ti rc 0.0 0.5
% 1774620140.3465068 robobot/cmd/ti rc 0.0 0.5
% 1774620140.3573978 robobot/cmd/ti rc 0.0 0.5
1774620140.3598888 0 0.002 -0.002 -1.883 250 0.00 0.00 0.000 0.000 0 -0.001 16.967 -0.0006 16.9666
1774620140.3623848 0 0.002 -0.002 -1.883 250 0.00 0.00 0.000 0.000 0 -0.000 16.967 -0.0005 16.9666
% 1774620140.367753 robobot/cmd/ti rc 0.0 0.5
% 1774620140.367922 robobot/cmd/T0 servo 1 -900 200
% 1774620140.3785331 robobot/cmd/ti rc 0.0 0.5
% 1774620140.3903782 robobot/cmd/ti rc 0.0 0.5
% 1774620140.402763 robobot/cmd/ti rc 0.0 0.5
1774620140.4095676 0 0.002 -0.002 -1.861 251 0.00 0.00 0.000 0.000 0 -0.001 16.989 -0.0009 16.9886
% 1774620140.4163675 robobot/cmd/ti rc 0.0 0.5
% 1774620140.4270065 robobot/cmd/ti rc 0.0 0.5
% 1774620140.438027 robobot/cmd/ti rc 0.0 0.5
% 1774620140.4486253 robobot/cmd/ti rc 0.0 0.5
% 1774620140.4601855 robobot/cmd/ti rc 0.0 0.5
1774620140.460393 0 0.002 -0.002 -1.838 251 0.00 0.00 0.000 0.000 0 -0.001 17.012 -0.0008 17.0117
1774620140.462358 0 0.002 -0.002 -1.838 251 0.00 0.00 0.000 0.000 0 -0.001 17.012 -0.0008 17.0117
% 1774620140.4705985 robobot/cmd/ti rc 0.0 0.5
% 1774620140.481123 robobot/cmd/ti rc 0.0 0.5
% 1774620140.4925992 robobot/cmd/ti rc 0.0 0.5
% 1774620140.5034692 robobot/cmd/ti rc 0.0 0.5
1774620140.5112078 0 0.002 -0.002 -1.814 251 0.00 0.00 0.000 0.000 0 -0.001 17.036 -0.0006 17.0360
% 1774620140.5141037 robobot/cmd/ti rc 0.0 0.5
% 1774620140.5258393 robobot/cmd/ti rc 0.0 0.5
% 1774620140.536821 robobot/cmd/ti rc 0.0 0.5
% 1774620140.5482237 robobot/cmd/ti rc 0.0 0.5
1774620140.5610738 0 0.002 -0.002 -1.793 252 0.00 0.00 0.000 0.000 0 -0.000 17.057 -0.0003 17.0568
% 1774620140.561526 robobot/cmd/ti rc 0.0 0.5
1774620140.5642602 0 0.002 -0.002 -1.793 252 0.00 0.00 0.000 0.000 0 -0.000 17.057 -0.0004 17.0568
% 1774620140.5694807 robobot/cmd/ti alive 2026-03-27 15:01:41.362915
% 1774620140.5721853 robobot/cmd/ti rc 0.0 0.5
% 1774620140.5826735 robobot/cmd/ti rc 0.0 0.5
% 1774620140.5943742 robobot/cmd/ti rc 0.0 0.5
% 1774620140.6054032 robobot/cmd/ti rc 0.0 0.5
1774620140.6126096 0 0.002 -0.001 -1.774 252 0.00 0.00 0.000 0.000 0 -0.001 17.075 -0.0009 17.0754
% 1774620140.616003 robobot/cmd/ti rc 0.0 0.5
% 1774620140.626899 robobot/cmd/ti rc 0.0 0.5
% 1774620140.6277595 robobot/cmd/T0 servo 1 -900 200
% 1774620140.638121 robobot/cmd/ti rc 0.0 0.5
% 1774620140.6486323 robobot/cmd/ti rc 0.0 0.5
% 1774620140.6590579 robobot/cmd/ti rc 0.0 0.5
1774620140.6595223 0 0.002 -0.000 -1.759 253 0.00 0.00 0.000 0.000 0 -0.002 17.090 -0.0019 17.0904
1774620140.6666305 0 0.002 -0.000 -1.759 253 0.00 0.00 0.000 0.000 0 -0.002 17.090 -0.0019 17.0904
% 1774620140.6705716 robobot/cmd/ti rc 0.0 0.5
% 1774620140.6812122 robobot/cmd/ti rc 0.0 0.5
% 1774620140.6924117 robobot/cmd/ti rc 0.0 0.5
% 1774620140.704661 robobot/cmd/ti rc 0.0 0.5
1774620140.710142 0 0.002 -0.001 -1.728 253 0.00 0.00 0.000 0.000 0 -0.001 17.122 -0.0010 17.1216
% 1774620140.7175086 robobot/cmd/ti rc 0.0 0.5
% 1774620140.7334013 robobot/cmd/ti rc 0.0 0.5
% 1774620140.745992 robobot/cmd/ti rc 0.0 0.5
% 1774620140.7570684 robobot/cmd/ti rc 0.0 0.5
1774620140.7619004 0 0.002 -0.001 -1.701 253 0.00 0.00 0.000 0.000 0 -0.001 17.148 -0.0007 17.1482
1774620140.7623565 0 0.002 -0.001 -1.701 253 0.00 0.00 0.000 0.000 0 -0.001 17.148 -0.0007 17.1482
% 1774620140.7674427 robobot/cmd/ti rc 0.0 0.5
% 1774620140.7784667 robobot/cmd/ti rc 0.0 0.5
% 1774620140.7889483 robobot/cmd/ti rc 0.0 0.5
% 1774620140.8023152 robobot/cmd/ti rc 0.0 0.5
1774620140.8098931 0 0.002 -0.001 -1.681 253 0.00 0.00 0.000 0.000 0 -0.001 17.169 -0.0007 17.1690
% 1774620140.8128095 robobot/cmd/ti rc 0.0 0.5
% 1774620140.823615 robobot/cmd/ti rc 0.0 0.5
% 1774620140.837211 robobot/cmd/ti rc 0.0 0.5
% 1774620140.8507042 robobot/cmd/ti rc 0.0 0.5
1774620140.8623517 0 0.002 -0.002 -1.659 254 0.00 0.00 0.000 0.000 0 -0.001 17.191 -0.0007 17.1910
% 1774620140.8626165 robobot/cmd/ti rc 0.0 0.5
1774620140.8641725 0 0.002 -0.002 -1.659 254 0.00 0.00 0.000 0.000 0 -0.001 17.191 -0.0007 17.1910
% 1774620140.8737273 robobot/cmd/ti rc 0.0 0.5
% 1774620140.8842702 robobot/cmd/ti rc 0.0 0.5
% 1774620140.8845146 robobot/cmd/T0 servo 1 -900 200
% 1774620140.8952737 robobot/cmd/ti rc 0.0 0.5
% 1774620140.9072661 robobot/cmd/ti rc 0.0 0.5
1774620140.9102862 0 0.002 -0.002 -1.634 254 0.00 0.00 0.000 0.000 0 -0.000 17.215 -0.0004 17.2153
% 1774620140.9178412 robobot/cmd/ti rc 0.0 0.5
% 1774620140.9282067 robobot/cmd/ti rc 0.0 0.5
% 1774620140.9385357 robobot/cmd/ti rc 0.0 0.5
% 1774620140.948982 robobot/cmd/ti rc 0.0 0.5
% 1774620140.9600282 robobot/cmd/ti rc 0.0 0.5
1774620140.9616084 0 0.002 -0.001 -1.617 255 0.00 0.00 0.000 0.000 0 -0.001 17.233 -0.0008 17.2326
1774620140.9647427 0 0.002 -0.001 -1.617 255 0.00 0.00 0.000 0.000 0 -0.001 17.233 -0.0009 17.2326
% 1774620140.9721682 robobot/cmd/ti rc 0.0 0.5
% 1774620140.9837086 robobot/cmd/ti rc 0.0 0.5
% 1774620140.9943054 robobot/cmd/ti rc 0.0 0.5
% 1774620141.0049205 robobot/cmd/ti rc 0.0 0.5
1774620141.0115461 0 0.002 0.000 -1.604 255 0.00 0.00 0.000 0.000 0 -0.002 17.245 -0.0018 17.2454
% 1774620141.017458 robobot/cmd/ti rc 0.0 0.5
% 1774620141.0278547 robobot/cmd/ti rc 0.0 0.5
% 1774620141.0382526 robobot/cmd/ti rc 0.0 0.5
% 1774620141.0487278 robobot/cmd/ti rc 0.0 0.5
% 1774620141.0591867 robobot/cmd/ti rc 0.0 0.5
1774620141.0605767 0 0.002 -0.001 -1.575 255 0.00 0.00 0.000 0.000 0 -0.001 17.274 -0.0015 17.2743
1774620141.0630863 0 0.002 -0.001 -1.575 255 0.00 0.00 0.000 0.000 0 -0.001 17.274 -0.0015 17.2743
% 1774620141.0720167 robobot/cmd/ti rc 0.0 0.5
% 1774620141.0748787 robobot/cmd/ti alive 2026-03-27 15:01:41.362915
% 1774620141.0831802 robobot/cmd/ti rc 0.0 0.5
% 1774620141.0934954 robobot/cmd/ti rc 0.0 0.5
% 1774620141.1055112 robobot/cmd/ti rc 0.0 0.5
1774620141.1112716 0 0.002 -0.001 -1.545 256 0.00 0.00 0.000 0.000 0 -0.001 17.304 -0.0008 17.3043
% 1774620141.1170197 robobot/cmd/ti rc 0.0 0.5
% 1774620141.1310685 robobot/cmd/ti rc 0.0 0.5
% 1774620141.1421666 robobot/cmd/ti rc 0.0 0.5
% 1774620141.1423101 robobot/cmd/T0 servo 1 -900 200
% 1774620141.1574304 robobot/cmd/ti rc 0.0 0.5
1774620141.160869 0 0.002 -0.001 -1.523 256 0.00 0.00 0.000 0.000 0 -0.001 17.326 -0.0007 17.3263
1774620141.1630402 0 0.002 -0.001 -1.523 256 0.00 0.00 0.000 0.000 0 -0.001 17.326 -0.0007 17.3263
% 1774620141.1679294 robobot/cmd/ti rc 0.0 0.5
% 1774620141.1783216 robobot/cmd/ti rc 0.0 0.5
% 1774620141.193395 robobot/cmd/ti rc 0.0 0.5
% 1774620141.203768 robobot/cmd/ti rc 0.0 0.5
1774620141.2111275 0 0.002 -0.001 -1.502 256 0.00 0.00 0.000 0.000 0 -0.001 17.347 -0.0007 17.3471
% 1774620141.2141147 robobot/cmd/ti rc 0.0 0.5
% 1774620141.2262328 robobot/cmd/ti rc 0.0 0.5
% 1774620141.2370255 robobot/cmd/ti rc 0.0 0.5
% 1774620141.2475593 robobot/cmd/ti rc 0.0 0.5
% 1774620141.2592018 robobot/cmd/ti rc 0.0 0.5
1774620141.2609818 0 0.002 -0.001 -1.476 257 0.00 0.00 0.000 0.000 0 -0.001 17.374 -0.0006 17.3737
1774620141.263025 0 0.002 -0.001 -1.476 257 0.00 0.00 0.000 0.000 0 -0.001 17.374 -0.0006 17.3737
% 1774620141.2704031 robobot/cmd/ti rc 0.0 0.5
% 1774620141.281771 robobot/cmd/ti rc 0.0 0.5
% 1774620141.292615 robobot/cmd/ti rc 0.0 0.5
% 1774620141.3036678 robobot/cmd/ti rc 0.0 0.5
1774620141.312472 0 0.002 -0.001 -1.457 257 0.00 0.00 0.000 0.000 0 -0.001 17.392 -0.0008 17.3922
% 1774620141.3163202 robobot/cmd/ti rc 0.0 0.5
% 1774620141.3280292 robobot/cmd/ti rc 0.0 0.5
% 1774620141.3394275 robobot/cmd/ti rc 0.0 0.5
% 1774620141.3502386 robobot/cmd/ti rc 0.0 0.5
1774620141.3616788 0 0.002 0.001 -1.445 258 0.00 0.00 0.000 0.000 0 -0.001 17.405 -0.0014 17.4050
% 1774620141.3622694 robobot/cmd/ti rc 0.0 0.5
1774620141.3629012 0 0.002 0.001 -1.445 258 0.00 0.00 0.000 0.000 0 -0.002 17.405 -0.0016 17.4050
% 1774620141.3733366 robobot/cmd/ti rc 0.0 0.5
% 1774620141.3855827 robobot/cmd/ti rc 0.0 0.5
% 1774620141.3996656 robobot/cmd/ti rc 0.0 0.5
% 1774620141.4011757 robobot/cmd/T0 servo 1 -900 200
% 1774620141.4123228 robobot/cmd/ti rc 0.0 0.5
1774620141.41276 0 0.002 0.000 -1.420 258 0.00 0.00 0.000 0.000 0 -0.002 17.429 -0.0016 17.4292
% 1774620141.4253519 robobot/cmd/ti rc 0.0 0.5
% 1774620141.4357579 robobot/cmd/ti rc 0.0 0.5
% 1774620141.4470425 robobot/cmd/ti rc 0.0 0.5
% 1774620141.457437 robobot/cmd/ti rc 0.0 0.5
1774620141.4614954 0 0.002 -0.000 -1.389 258 0.00 0.00 0.000 0.000 0 -0.001 17.460 -0.0009 17.4605
1774620141.4635239 0 0.002 -0.000 -1.389 258 0.00 0.00 0.000 0.000 0 -0.001 17.460 -0.0009 17.4605
% 1774620141.4707341 robobot/cmd/ti rc 0.0 0.5
% 1774620141.4829068 robobot/cmd/ti rc 0.0 0.5
% 1774620141.493334 robobot/cmd/ti rc 0.0 0.5
% 1774620141.5038521 robobot/cmd/ti rc 0.0 0.5
1774620141.512671 0 0.002 -0.000 -1.366 258 0.00 0.00 0.000 0.000 0 -0.001 17.484 -0.0007 17.4836
% 1774620141.5152752 robobot/cmd/ti rc 0.0 0.5
% 1774620141.526022 robobot/cmd/ti rc 0.0 0.5
% 1774620141.5369697 robobot/cmd/ti rc 0.0 0.5
% 1774620141.5489907 robobot/cmd/ti rc 0.0 0.5
% 1774620141.5606205 robobot/cmd/ti rc 0.0 0.5
1774620141.5633066 0 0.002 -0.001 -1.350 259 0.00 0.00 0.000 0.000 0 -0.001 17.500 -0.0008 17.4998
1774620141.5650086 0 0.002 -0.001 -1.350 259 0.00 0.00 0.000 0.000 0 -0.001 17.500 -0.0007 17.4998
% 1774620141.572357 robobot/cmd/ti rc 0.0 0.5
% 1774620141.583287 robobot/cmd/ti rc 0.0 0.5
% 1774620141.5867903 robobot/cmd/ti alive 2026-03-27 15:01:41.362915
% 1774620141.5942338 robobot/cmd/ti rc 0.0 0.5
% 1774620141.6048496 robobot/cmd/ti rc 0.0 0.5
1774620141.6119695 0 0.002 -0.001 -1.321 259 0.00 0.00 0.000 0.000 0 -0.001 17.529 -0.0006 17.5287
% 1774620141.6157763 robobot/cmd/ti rc 0.0 0.5
% 1774620141.6328099 robobot/cmd/ti rc 0.0 0.5
% 1774620141.644382 robobot/cmd/ti rc 0.0 0.5
% 1774620141.6553354 robobot/cmd/ti rc 0.0 0.5
% 1774620141.6571403 robobot/cmd/T0 servo 1 -900 200
1774620141.6616669 0 0.002 -0.000 -1.297 259 0.00 0.00 0.000 0.000 0 -0.001 17.553 -0.0008 17.5530
1774620141.6631093 0 0.002 -0.000 -1.297 259 0.00 0.00 0.000 0.000 0 -0.001 17.553 -0.0008 17.5530
% 1774620141.6685503 robobot/cmd/ti rc 0.0 0.5
% 1774620141.6795537 robobot/cmd/ti rc 0.0 0.5
% 1774620141.691406 robobot/cmd/ti rc 0.0 0.5
% 1774620141.703287 robobot/cmd/ti rc 0.0 0.5
1774620141.712023 0 0.002 0.001 -1.285 260 0.00 0.00 0.000 0.000 0 -0.001 17.565 -0.0012 17.5646
% 1774620141.716047 robobot/cmd/ti rc 0.0 0.5
% 1774620141.7275074 robobot/cmd/ti rc 0.0 0.5
% 1774620141.7390735 robobot/cmd/ti rc 0.0 0.5
% 1774620141.7499466 robobot/cmd/ti rc 0.0 0.5
% 1774620141.7604585 robobot/cmd/ti rc 0.0 0.5
1774620141.7612677 0 0.002 0.000 -1.257 260 0.00 0.00 0.000 0.000 0 -0.001 17.592 -0.0011 17.5923
1774620141.7641196 0 0.002 0.000 -1.257 260 0.00 0.00 0.000 0.000 0 -0.001 17.592 -0.0010 17.5923
% 1774620141.7713277 robobot/cmd/ti rc 0.0 0.5
% 1774620141.7823105 robobot/cmd/ti rc 0.0 0.5
% 1774620141.7936664 robobot/cmd/ti rc 0.0 0.5
% 1774620141.804211 robobot/cmd/ti rc 0.0 0.5
1774620141.8118196 0 0.002 -0.000 -1.230 260 0.00 0.00 0.000 0.000 0 -0.001 17.620 -0.0006 17.6201
% 1774620141.8152041 robobot/cmd/ti rc 0.0 0.5
% 1774620141.8255687 robobot/cmd/ti rc 0.0 0.5
% 1774620141.8359308 robobot/cmd/ti rc 0.0 0.5
% 1774620141.84686 robobot/cmd/ti rc 0.0 0.5
% 1774620141.8575313 robobot/cmd/ti rc 0.0 0.5
1774620141.8619554 0 0.002 0.000 -1.209 261 0.00 0.00 0.000 0.000 0 -0.001 17.641 -0.0009 17.6409
1774620141.8622446 0 0.002 0.000 -1.209 261 0.00 0.00 0.000 0.000 0 -0.001 17.641 -0.0009 17.6409
% 1774620141.8713477 robobot/cmd/ti rc 0.0 0.5
% 1774620141.8866115 robobot/cmd/ti rc 0.0 0.5
% 1774620141.8975954 robobot/cmd/ti rc 0.0 0.5
% 1774620141.908608 robobot/cmd/ti rc 0.0 0.5
% 1774620141.9088101 robobot/cmd/T0 servo 1 -900 200
1774620141.9120278 0 0.002 -0.001 -1.191 261 0.00 0.00 0.000 0.000 0 -0.001 17.658 -0.0006 17.6582
% 1774620141.919634 robobot/cmd/ti rc 0.0 0.5
% 1774620141.9303913 robobot/cmd/ti rc 0.0 0.5
% 1774620141.9409428 robobot/cmd/ti rc 0.0 0.5
% 1774620141.9551706 robobot/cmd/ti rc 0.0 0.5
1774620141.9630997 0 0.002 -0.000 -1.164 261 0.00 0.00 0.000 0.000 0 -0.001 17.686 -0.0005 17.6860
1774620141.965702 0 0.002 -0.000 -1.164 261 0.00 0.00 0.000 0.000 0 -0.001 17.686 -0.0006 17.6860
% 1774620141.9666147 robobot/cmd/ti rc 0.0 0.5
% 1774620141.9791014 robobot/cmd/ti rc 0.0 0.5
% 1774620141.9917169 robobot/cmd/ti rc 0.0 0.5
% 1774620142.0033715 robobot/cmd/ti rc 0.0 0.5
1774620142.0119605 0 0.002 -0.000 -1.139 261 0.00 0.00 0.000 0.000 0 -0.001 17.710 -0.0007 17.7103
% 1774620142.0145402 robobot/cmd/ti rc 0.0 0.5
% 1774620142.0271778 robobot/cmd/ti rc 0.0 0.5
% 1774620142.03782 robobot/cmd/ti rc 0.0 0.5
% 1774620142.048458 robobot/cmd/ti rc 0.0 0.5
% 1774620142.059289 robobot/cmd/ti rc 0.0 0.5
1774620142.0612063 0 0.002 0.001 -1.129 262 0.00 0.00 0.000 0.000 0 -0.001 17.721 -0.0011 17.7207
1774620142.0628715 0 0.002 0.001 -1.129 262 0.00 0.00 0.000 0.000 0 -0.001 17.721 -0.0011 17.7207
% 1774620142.071665 robobot/cmd/ti rc 0.0 0.5
% 1774620142.0835083 robobot/cmd/ti rc 0.0 0.5
% 1774620142.094319 robobot/cmd/ti rc 0.0 0.5
% 1774620142.0945954 robobot/cmd/ti alive 2026-03-27 15:01:41.362915
% 1774620142.104787 robobot/cmd/ti rc 0.0 0.5
1774620142.1116188 0 0.001 0.002 -1.112 262 0.00 0.00 0.000 0.000 0 -0.002 17.738 -0.0020 17.7380
% 1774620142.1158044 robobot/cmd/ti rc 0.0 0.5
% 1774620142.126158 robobot/cmd/ti rc 0.0 0.5
% 1774620142.1365044 robobot/cmd/ti rc 0.0 0.5
% 1774620142.1475582 robobot/cmd/ti rc 0.0 0.5
% 1774620142.157911 robobot/cmd/ti rc 0.0 0.5
1774620142.1615565 0 0.002 0.001 -1.078 263 0.00 0.00 0.000 0.000 0 -0.002 17.772 -0.0015 17.7716
1774620142.162665 0 0.002 0.001 -1.078 263 0.00 0.00 0.000 0.000 0 -0.001 17.772 -0.0014 17.7716
% 1774620142.171201 robobot/cmd/ti rc 0.0 0.5
% 1774620142.171962 robobot/cmd/T0 servo 1 -900 200
% 1774620142.1825545 robobot/cmd/ti rc 0.0 0.5
% 1774620142.1977508 robobot/cmd/ti rc 0.0 0.5
% 1774620142.2081912 robobot/cmd/ti rc 0.0 0.5
1774620142.2124205 0 0.002 0.000 -1.050 263 0.00 0.00 0.000 0.000 0 -0.001 17.799 -0.0007 17.7993
% 1774620142.2188787 robobot/cmd/ti rc 0.0 0.5
% 1774620142.2310305 robobot/cmd/ti rc 0.0 0.5
% 1774620142.2417123 robobot/cmd/ti rc 0.0 0.5
% 1774620142.2523103 robobot/cmd/ti rc 0.0 0.5
1774620142.2621164 0 0.002 0.000 -1.036 263 0.00 0.00 0.000 0.000 0 -0.000 17.813 -0.0004 17.8132
1774620142.262346 0 0.002 0.000 -1.036 263 0.00 0.00 0.000 0.000 0 -0.000 17.813 -0.0004 17.8132
% 1774620142.2626758 robobot/cmd/ti rc 0.0 0.5
% 1774620142.273968 robobot/cmd/ti rc 0.0 0.5
% 1774620142.2856705 robobot/cmd/ti rc 0.0 0.5
% 1774620142.296149 robobot/cmd/ti rc 0.0 0.5
% 1774620142.30842 robobot/cmd/ti rc 0.0 0.5
1774620142.3132885 0 0.002 0.000 -1.006 264 0.00 0.00 0.000 0.000 0 -0.001 17.843 -0.0007 17.8433
% 1774620142.3199377 robobot/cmd/ti rc 0.0 0.5
% 1774620142.33049 robobot/cmd/ti rc 0.0 0.5
% 1774620142.3411822 robobot/cmd/ti rc 0.0 0.5
% 1774620142.3529344 robobot/cmd/ti rc 0.0 0.5
1774620142.3631086 0 0.002 0.000 -0.984 264 0.00 0.00 0.000 0.000 0 -0.001 17.865 -0.0007 17.8653
% 1774620142.364728 robobot/cmd/ti rc 0.0 0.5
1774620142.3649404 0 0.002 0.000 -0.984 264 0.00 0.00 0.000 0.000 0 -0.001 17.865 -0.0007 17.8653
% 1774620142.3757198 robobot/cmd/ti rc 0.0 0.5
% 1774620142.386494 robobot/cmd/ti rc 0.0 0.5
% 1774620142.39731 robobot/cmd/ti rc 0.0 0.5
% 1774620142.4080625 robobot/cmd/ti rc 0.0 0.5
1774620142.4120076 0 0.002 0.001 -0.969 264 0.00 0.00 0.000 0.000 0 -0.001 17.880 -0.0009 17.8803
% 1774620142.4194512 robobot/cmd/ti rc 0.0 0.5
% 1774620142.4324307 robobot/cmd/ti rc 0.0 0.5
% 1774620142.432755 robobot/cmd/T0 servo 1 -900 200
% 1774620142.4445183 robobot/cmd/ti rc 0.0 0.5
% 1774620142.4556713 robobot/cmd/ti rc 0.0 0.5
1774620142.4639 0 0.002 0.001 -0.946 265 0.00 0.00 0.000 0.000 0 -0.001 17.903 -0.0015 17.9034
1774620142.4652088 0 0.002 0.001 -0.946 265 0.00 0.00 0.000 0.000 0 -0.001 17.903 -0.0015 17.9034
% 1774620142.466443 robobot/cmd/ti rc 0.0 0.5
% 1774620142.4774055 robobot/cmd/ti rc 0.0 0.5
% 1774620142.487979 robobot/cmd/ti rc 0.0 0.5
% 1774620142.4987063 robobot/cmd/ti rc 0.0 0.5
% 1774620142.5091646 robobot/cmd/ti rc 0.0 0.5
1774620142.512928 0 0.002 0.001 -0.917 265 0.00 0.00 0.000 0.000 0 -0.001 17.932 -0.0009 17.9323
% 1774620142.5196865 robobot/cmd/ti rc 0.0 0.5
% 1774620142.5302873 robobot/cmd/ti rc 0.0 0.5
% 1774620142.5408835 robobot/cmd/ti rc 0.0 0.5
% 1774620142.5515902 robobot/cmd/ti rc 0.0 0.5
% 1774620142.561947 robobot/cmd/ti rc 0.0 0.5
1774620142.563131 0 0.002 0.001 -0.896 265 0.00 0.00 0.000 0.000 0 -0.001 17.953 -0.0008 17.9531
1774620142.5636468 0 0.002 0.001 -0.896 265 0.00 0.00 0.000 0.000 0 -0.001 17.953 -0.0008 17.9531
% 1774620142.5723336 robobot/cmd/ti rc 0.0 0.5
% 1774620142.582772 robobot/cmd/ti rc 0.0 0.5
% 1774620142.593158 robobot/cmd/ti rc 0.0 0.5
% 1774620142.598079 robobot/cmd/ti alive 2026-03-27 15:01:41.362915
% 1774620142.6093688 robobot/cmd/ti rc 0.0 0.5
1774620142.6138828 0 0.002 0.001 -0.877 266 0.00 0.00 0.000 0.000 0 -0.001 17.973 -0.0005 17.9728
% 1774620142.6201153 robobot/cmd/ti rc 0.0 0.5
% 1774620142.6306477 robobot/cmd/ti rc 0.0 0.5
% 1774620142.6413584 robobot/cmd/ti rc 0.0 0.5
% 1774620142.6540024 robobot/cmd/ti rc 0.0 0.5
1774620142.6626565 0 0.002 0.001 -0.848 266 0.00 0.00 0.000 0.000 0 -0.001 18.002 -0.0007 18.0017
1774620142.6629314 0 0.002 0.001 -0.848 266 0.00 0.00 0.000 0.000 0 -0.001 18.002 -0.0007 18.0017
% 1774620142.664747 robobot/cmd/ti rc 0.0 0.5
% 1774620142.6759472 robobot/cmd/ti rc 0.0 0.5
% 1774620142.6883707 robobot/cmd/ti rc 0.0 0.5
% 1774620142.6889617 robobot/cmd/T0 servo 1 -900 200
% 1774620142.699477 robobot/cmd/ti rc 0.0 0.5
% 1774620142.7100751 robobot/cmd/ti rc 0.0 0.5
1774620142.713261 0 0.002 0.001 -0.827 266 0.00 0.00 0.000 0.000 0 -0.001 18.022 -0.0007 18.0225
% 1774620142.723784 robobot/cmd/ti rc 0.0 0.5
% 1774620142.7358508 robobot/cmd/ti rc 0.0 0.5
% 1774620142.7477496 robobot/cmd/ti rc 0.0 0.5
% 1774620142.7598803 robobot/cmd/ti rc 0.0 0.5
1774620142.7637537 0 0.001 0.001 -0.812 267 0.00 0.00 0.000 0.000 0 -0.001 18.038 -0.0008 18.0376
1774620142.7641943 0 0.001 0.001 -0.812 267 0.00 0.00 0.000 0.000 0 -0.001 18.038 -0.0008 18.0376
% 1774620142.770265 robobot/cmd/ti rc 0.0 0.5
% 1774620142.7820096 robobot/cmd/ti rc 0.0 0.5
% 1774620142.794204 robobot/cmd/ti rc 0.0 0.5
% 1774620142.8046267 robobot/cmd/ti rc 0.0 0.5
1774620142.8129766 0 0.000 0.002 -0.797 267 0.00 0.00 0.000 0.000 0 -0.002 18.053 -0.0018 18.0526
% 1774620142.815098 robobot/cmd/ti rc 0.0 0.5
% 1774620142.8254464 robobot/cmd/ti rc 0.0 0.5
% 1774620142.835787 robobot/cmd/ti rc 0.0 0.5
% 1774620142.8462703 robobot/cmd/ti rc 0.0 0.5
% 1774620142.856603 robobot/cmd/ti rc 0.0 0.5
1774620142.8642993 0 0.001 0.002 -0.769 268 0.00 0.00 0.000 0.000 0 -0.002 18.080 -0.0019 18.0804
1774620142.8662148 0 0.001 0.002 -0.769 268 0.00 0.00 0.000 0.000 0 -0.002 18.080 -0.0019 18.0804
% 1774620142.8670373 robobot/cmd/ti rc 0.0 0.5
% 1774620142.8794808 robobot/cmd/ti rc 0.0 0.5
% 1774620142.8901174 robobot/cmd/ti rc 0.0 0.5
% 1774620142.9024525 robobot/cmd/ti rc 0.0 0.5
% 1774620142.913532 robobot/cmd/ti rc 0.0 0.5
1774620142.9139318 0 0.002 0.001 -0.740 268 0.00 0.00 0.000 0.000 0 -0.001 18.109 -0.0009 18.1093
% 1774620142.925918 robobot/cmd/ti rc 0.0 0.5
% 1774620142.9366322 robobot/cmd/ti rc 0.0 0.5
% 1774620142.947721 robobot/cmd/ti rc 0.0 0.5
% 1774620142.9488149 robobot/cmd/T0 servo 1 -900 200
% 1774620142.9603572 robobot/cmd/ti rc 0.0 0.5
1774620142.963613 0 0.002 0.001 -0.721 268 0.00 0.00 0.000 0.000 0 -0.000 18.129 -0.0002 18.1289
1774620142.963905 0 0.002 0.001 -0.721 268 0.00 0.00 0.000 0.000 0 -0.000 18.129 -0.0002 18.1289
% 1774620142.9710875 robobot/cmd/ti rc 0.0 0.5
% 1774620142.9824586 robobot/cmd/ti rc 0.0 0.5
% 1774620142.992863 robobot/cmd/ti rc 0.0 0.5
% 1774620143.0038664 robobot/cmd/ti rc 0.0 0.5
1774620143.0143628 0 0.001 0.001 -0.694 269 0.00 0.00 0.000 0.000 0 -0.001 18.155 -0.0011 18.1555
% 1774620143.0150936 robobot/cmd/ti rc 0.0 0.5
% 1774620143.0285316 robobot/cmd/ti rc 0.0 0.5
% 1774620143.0399988 robobot/cmd/ti rc 0.0 0.5
% 1774620143.0541542 robobot/cmd/ti rc 0.0 0.5
1774620143.0633838 0 0.002 0.001 -0.669 269 0.00 0.00 0.000 0.000 0 -0.001 18.181 -0.0010 18.1810
1774620143.0638452 0 0.002 0.001 -0.669 269 0.00 0.00 0.000 0.000 0 -0.001 18.181 -0.0010 18.1810
% 1774620143.0647166 robobot/cmd/ti rc 0.0 0.5
% 1774620143.0752041 robobot/cmd/ti rc 0.0 0.5
% 1774620143.0913522 robobot/cmd/ti rc 0.0 0.5
% 1774620143.1020985 robobot/cmd/ti rc 0.0 0.5
% 1774620143.1023474 robobot/cmd/ti alive 2026-03-27 15:01:41.362915
% 1774620143.1125762 robobot/cmd/ti rc 0.0 0.5
1774620143.1139677 0 0.001 0.001 -0.652 269 0.00 0.00 0.000 0.000 0 -0.001 18.197 -0.0006 18.1972
% 1774620143.1239355 robobot/cmd/ti rc 0.0 0.5
% 1774620143.13471 robobot/cmd/ti rc 0.0 0.5
% 1774620143.1451223 robobot/cmd/ti rc 0.0 0.5
% 1774620143.1560783 robobot/cmd/ti rc 0.0 0.5
1774620143.1645842 0 0.000 0.002 -0.639 270 0.00 0.00 0.000 0.000 0 -0.002 18.211 -0.0015 18.2110
1774620143.164914 0 0.000 0.002 -0.639 270 0.00 0.00 0.000 0.000 0 -0.002 18.211 -0.0015 18.2110
% 1774620143.1665716 robobot/cmd/ti rc 0.0 0.5
% 1774620143.1773098 robobot/cmd/ti rc 0.0 0.5
% 1774620143.1899729 robobot/cmd/ti rc 0.0 0.5
% 1774620143.2004805 robobot/cmd/ti rc 0.0 0.5
% 1774620143.2008255 robobot/cmd/T0 servo 1 -900 200
% 1774620143.2112606 robobot/cmd/ti rc 0.0 0.5
1774620143.2139485 0 0.001 0.002 -0.612 270 0.00 0.00 0.000 0.000 0 -0.002 18.238 -0.0018 18.2376
% 1774620143.2231255 robobot/cmd/ti rc 0.0 0.5
% 1774620143.2337883 robobot/cmd/ti rc 0.0 0.5
% 1774620143.2471068 robobot/cmd/ti rc 0.0 0.5
% 1774620143.2576475 robobot/cmd/ti rc 0.0 0.5
1774620143.2634103 0 0.001 0.001 -0.585 270 0.00 0.00 0.000 0.000 0 -0.001 18.264 -0.0009 18.2642
1774620143.263895 0 0.001 0.001 -0.585 270 0.00 0.00 0.000 0.000 0 -0.001 18.264 -0.0009 18.2642
% 1774620143.2679818 robobot/cmd/ti rc 0.0 0.5
% 1774620143.278546 robobot/cmd/ti rc 0.0 0.5
% 1774620143.2888904 robobot/cmd/ti rc 0.0 0.5
% 1774620143.2999353 robobot/cmd/ti rc 0.0 0.5
% 1774620143.3111625 robobot/cmd/ti rc 0.0 0.5
1774620143.314966 0 0.001 0.001 -0.560 271 0.00 0.00 0.000 0.000 0 -0.001 18.290 -0.0005 18.2897
% 1774620143.3232005 robobot/cmd/ti rc 0.0 0.5
% 1774620143.3341374 robobot/cmd/ti rc 0.0 0.5
% 1774620143.3452458 robobot/cmd/ti rc 0.0 0.5
% 1774620143.3576288 robobot/cmd/ti rc 0.0 0.5
1774620143.365074 0 0.001 0.001 -0.538 271 0.00 0.00 0.000 0.000 0 -0.001 18.312 -0.0010 18.3117
1774620143.3655314 0 0.001 0.001 -0.538 271 0.00 0.00 0.000 0.000 0 -0.001 18.312 -0.0010 18.3117
% 1774620143.36842 robobot/cmd/ti rc 0.0 0.5
% 1774620143.380521 robobot/cmd/ti rc 0.0 0.5
% 1774620143.3928592 robobot/cmd/ti rc 0.0 0.5
% 1774620143.403332 robobot/cmd/ti rc 0.0 0.5
% 1774620143.4137766 robobot/cmd/ti rc 0.0 0.5
1774620143.4141078 0 0.001 0.001 -0.515 271 0.00 0.00 0.000 0.000 0 -0.001 18.335 -0.0007 18.3348
% 1774620143.4242084 robobot/cmd/ti rc 0.0 0.5
% 1774620143.4382708 robobot/cmd/ti rc 0.0 0.5
% 1774620143.4503992 robobot/cmd/ti rc 0.0 0.5
% 1774620143.463649 robobot/cmd/ti rc 0.0 0.5
% 1774620143.4649916 robobot/cmd/T0 servo 1 -900 200
1774620143.4667335 0 0.001 0.001 -0.493 272 0.00 0.00 0.000 0.000 0 -0.001 18.357 -0.0006 18.3568
1774620143.4707077 0 0.001 0.001 -0.493 272 0.00 0.00 0.000 0.000 0 -0.001 18.357 -0.0006 18.3568
% 1774620143.4770365 robobot/cmd/ti rc 0.0 0.5
% 1774620143.4875886 robobot/cmd/ti rc 0.0 0.5
% 1774620143.4984403 robobot/cmd/ti rc 0.0 0.5
% 1774620143.5112221 robobot/cmd/ti rc 0.0 0.5
1774620143.514136 0 -0.000 0.002 -0.479 272 0.00 0.00 0.000 0.000 0 -0.001 18.371 -0.0012 18.3706
% 1774620143.522104 robobot/cmd/ti rc 0.0 0.5
% 1774620143.5329034 robobot/cmd/ti rc 0.0 0.5
% 1774620143.5433955 robobot/cmd/ti rc 0.0 0.5
% 1774620143.5552983 robobot/cmd/ti rc 0.0 0.5
1774620143.564373 0 -0.000 0.002 -0.457 272 0.00 0.00 0.000 0.000 0 -0.002 18.393 -0.0019 18.3926
1774620143.5645726 0 -0.000 0.002 -0.457 272 0.00 0.00 0.000 0.000 0 -0.002 18.393 -0.0019 18.3926
% 1774620143.5656981 robobot/cmd/ti rc 0.0 0.5
% 1774620143.57645 robobot/cmd/ti rc 0.0 0.5
% 1774620143.588904 robobot/cmd/ti rc 0.0 0.5
% 1774620143.6016712 robobot/cmd/ti rc 0.0 0.5
% 1774620143.6104581 robobot/cmd/ti alive 2026-03-27 15:01:41.362915
% 1774620143.6156535 robobot/cmd/ti rc 0.0 0.5
1774620143.618347 0 0.001 0.002 -0.430 273 0.00 0.00 0.000 0.000 0 -0.001 18.419 -0.0009 18.4192
% 1774620143.629421 robobot/cmd/ti rc 0.0 0.5
% 1774620143.6397967 robobot/cmd/ti rc 0.0 0.5
% 1774620143.6510577 robobot/cmd/ti rc 0.0 0.5
% 1774620143.6617415 robobot/cmd/ti rc 0.0 0.5
1774620143.6637363 0 0.001 0.002 -0.405 273 0.00 0.00 0.000 0.000 0 -0.000 18.445 -0.0004 18.4447
1774620143.6640477 0 0.001 0.002 -0.405 273 0.00 0.00 0.000 0.000 0 -0.000 18.445 -0.0004 18.4447
% 1774620143.6722207 robobot/cmd/ti rc 0.0 0.5
% 1774620143.68285 robobot/cmd/ti rc 0.0 0.5
% 1774620143.6962106 robobot/cmd/ti rc 0.0 0.5
% 1774620143.707956 robobot/cmd/ti rc 0.0 0.5
1774620143.7141933 0 0.001 0.002 -0.383 273 0.00 0.00 0.000 0.000 0 -0.001 18.467 -0.0009 18.4666
% 1774620143.7187278 robobot/cmd/ti rc 0.0 0.5
% 1774620143.7197223 robobot/cmd/T0 servo 1 -900 200
% 1774620143.7301915 robobot/cmd/ti rc 0.0 0.5
% 1774620143.740866 robobot/cmd/ti rc 0.0 0.5
% 1774620143.7530034 robobot/cmd/ti rc 0.0 0.5
1774620143.764773 0 0.001 0.002 -0.357 274 0.00 0.00 0.000 0.000 0 -0.001 18.492 -0.0007 18.4921
1774620143.7649655 0 0.001 0.002 -0.357 274 0.00 0.00 0.000 0.000 0 -0.001 18.492 -0.0007 18.4921
% 1774620143.7664645 robobot/cmd/ti rc 0.0 0.5
% 1774620143.779681 robobot/cmd/ti rc 0.0 0.5
% 1774620143.7913141 robobot/cmd/ti rc 0.0 0.5
% 1774620143.8020415 robobot/cmd/ti rc 0.0 0.5
% 1774620143.8134704 robobot/cmd/ti rc 0.0 0.5
1774620143.8155437 0 0.001 0.002 -0.336 274 0.00 0.00 0.000 0.000 0 -0.001 18.514 -0.0006 18.5140
% 1774620143.825495 robobot/cmd/ti rc 0.0 0.5
% 1774620143.8360345 robobot/cmd/ti rc 0.0 0.5
% 1774620143.848738 robobot/cmd/ti rc 0.0 0.5
% 1774620143.8618977 robobot/cmd/ti rc 0.0 0.5
1774620143.864172 0 -0.000 0.002 -0.322 274 0.00 0.00 0.000 0.000 0 -0.001 18.528 -0.0010 18.5279
1774620143.8651426 0 -0.000 0.002 -0.321 274 0.00 0.00 0.000 0.000 0 -0.001 18.529 -0.0010 18.5291
% 1774620143.8722658 robobot/cmd/ti rc 0.0 0.5
% 1774620143.8827326 robobot/cmd/ti rc 0.0 0.5
% 1774620143.8931928 robobot/cmd/ti rc 0.0 0.5
% 1774620143.904258 robobot/cmd/ti rc 0.0 0.5
% 1774620143.916032 robobot/cmd/ti rc 0.0 0.5
1774620143.920443 0 -0.000 0.002 -0.296 275 0.00 0.00 0.000 0.000 0 -0.001 18.553 -0.0015 18.5534
% 1774620143.927676 robobot/cmd/ti rc 0.0 0.5
% 1774620143.941503 robobot/cmd/ti rc 0.0 0.5
% 1774620143.9528077 robobot/cmd/ti rc 0.0 0.5
% 1774620143.9639428 robobot/cmd/ti rc 0.0 0.5
1774620143.9647472 0 0.001 0.002 -0.274 275 0.00 0.00 0.000 0.000 0 -0.001 18.575 -0.0006 18.5753
1774620143.965007 0 0.001 0.002 -0.272 275 0.00 0.00 0.000 0.000 0 -0.001 18.578 -0.0006 18.5776
% 1774620143.9753604 robobot/cmd/ti rc 0.0 0.5
% 1774620143.9765031 robobot/cmd/T0 servo 1 -900 200
% 1774620143.98823 robobot/cmd/ti rc 0.0 0.5
% 1774620143.9989 robobot/cmd/ti rc 0.0 0.5
% 1774620144.00986 robobot/cmd/ti rc 0.0 0.5
1774620144.014972 0 0.000 0.002 -0.248 275 0.00 0.00 0.000 0.000 0 -0.001 18.602 -0.0008 18.6019
% 1774620144.021433 robobot/cmd/ti rc 0.0 0.5
% 1774620144.0320647 robobot/cmd/ti rc 0.0 0.5
% 1774620144.0434744 robobot/cmd/ti rc 0.0 0.5
% 1774620144.0575142 robobot/cmd/ti rc 0.0 0.5
1774620144.0667794 0 0.000 0.002 -0.227 276 0.00 0.00 0.000 0.000 0 -0.001 18.623 -0.0009 18.6228
1774620144.0677097 0 0.000 0.002 -0.226 276 0.00 0.00 0.000 0.000 0 -0.001 18.624 -0.0009 18.6239
% 1774620144.0697536 robobot/cmd/ti rc 0.0 0.5
% 1774620144.0804539 robobot/cmd/ti rc 0.0 0.5
% 1774620144.091838 robobot/cmd/ti rc 0.0 0.5
% 1774620144.1028786 robobot/cmd/ti rc 0.0 0.5
% 1774620144.112654 robobot/cmd/ti alive 2026-03-27 15:01:41.362915
% 1774620144.1133616 robobot/cmd/ti rc 0.0 0.5
1774620144.1161573 0 0.001 0.002 -0.200 276 0.00 0.00 0.000 0.000 0 -0.001 18.649 -0.0006 18.6494
% 1774620144.1242282 robobot/cmd/ti rc 0.0 0.5
% 1774620144.1348631 robobot/cmd/ti rc 0.0 0.5
% 1774620144.1473534 robobot/cmd/ti rc 0.0 0.5
% 1774620144.1583478 robobot/cmd/ti rc 0.0 0.5
1774620144.1642077 0 0.001 0.002 -0.179 276 0.00 0.00 0.000 0.000 0 -0.001 18.670 -0.0005 18.6702
1774620144.1656888 0 0.000 0.002 -0.178 276 0.00 0.00 0.000 0.000 0 -0.001 18.671 -0.0005 18.6713
% 1774620144.1688504 robobot/cmd/ti rc 0.0 0.5
% 1774620144.1792428 robobot/cmd/ti rc 0.0 0.5
% 1774620144.1900797 robobot/cmd/ti rc 0.0 0.5
% 1774620144.2005713 robobot/cmd/ti rc 0.0 0.5
% 1774620144.2110806 robobot/cmd/ti rc 0.0 0.5
1774620144.215224 0 -0.001 0.002 -0.162 276 0.00 0.00 0.000 0.000 0 -0.001 18.687 -0.0010 18.6875
% 1774620144.2214139 robobot/cmd/ti rc 0.0 0.5
% 1774620144.2352836 robobot/cmd/ti rc 0.0 0.5
% 1774620144.2360792 robobot/cmd/T0 servo 1 -900 200
% 1774620144.24653 robobot/cmd/ti rc 0.0 0.5
% 1774620144.2569354 robobot/cmd/ti rc 0.0 0.5
1774620144.2656147 0 -0.002 0.002 -0.150 277 0.00 0.00 0.000 0.000 0 -0.002 18.699 -0.0019 18.6991
1774620144.2659006 0 -0.002 0.002 -0.149 277 0.00 0.00 0.000 0.000 0 -0.002 18.700 -0.0019 18.7002
% 1774620144.2674925 robobot/cmd/ti rc 0.0 0.5
% 1774620144.2785614 robobot/cmd/ti rc 0.0 0.5
% 1774620144.2912831 robobot/cmd/ti rc 0.0 0.5
% 1774620144.3020065 robobot/cmd/ti rc 0.0 0.5
% 1774620144.3125312 robobot/cmd/ti rc 0.0 0.5
1774620144.315179 0 -0.001 0.002 -0.125 277 0.00 0.00 0.000 0.000 0 -0.002 18.724 -0.0015 18.7245
% 1774620144.3265646 robobot/cmd/ti rc 0.0 0.5
% 1774620144.336915 robobot/cmd/ti rc 0.0 0.5
% 1774620144.3480165 robobot/cmd/ti rc 0.0 0.5
% 1774620144.3589573 robobot/cmd/ti rc 0.0 0.5
1774620144.364469 0 -0.000 0.002 -0.093 278 0.00 0.00 0.000 0.000 0 -0.001 18.757 -0.0009 18.7569
1774620144.365427 0 -0.000 0.002 -0.090 278 0.00 0.00 0.000 0.000 0 -0.001 18.759 -0.0009 18.7592
% 1774620144.3714569 robobot/cmd/ti rc 0.0 0.5
% 1774620144.3850918 robobot/cmd/ti rc 0.0 0.5
% 1774620144.395446 robobot/cmd/ti rc 0.0 0.5
% 1774620144.406984 robobot/cmd/ti rc 0.0 0.5
1774620144.4152462 0 -0.000 0.002 -0.068 278 0.00 0.00 0.000 0.000 0 -0.001 18.781 -0.0007 18.7812
% 1774620144.4181788 robobot/cmd/ti rc 0.0 0.5
% 1774620144.4291258 robobot/cmd/ti rc 0.0 0.5
% 1774620144.4404075 robobot/cmd/ti rc 0.0 0.5
% 1774620144.4535341 robobot/cmd/ti rc 0.0 0.5
1774620144.4641273 0 -0.000 0.002 -0.049 278 0.00 0.00 0.000 0.000 0 -0.001 18.801 -0.0008 18.8009
% 1774620144.4643166 robobot/cmd/ti rc 0.0 0.5
1774620144.4651902 0 0.000 0.002 -0.045 278 0.00 0.00 0.000 0.000 0 -0.001 18.804 -0.0008 18.8043
% 1774620144.47633 robobot/cmd/ti rc 0.0 0.5
% 1774620144.488076 robobot/cmd/ti rc 0.0 0.5
% 1774620144.4886715 robobot/cmd/T0 servo 1 -900 200
% 1774620144.499756 robobot/cmd/ti rc 0.0 0.5
% 1774620144.5124722 robobot/cmd/ti rc 0.0 0.5
1774620144.5184937 0 -0.000 0.002 -0.020 279 0.00 0.00 0.000 0.000 0 -0.001 18.830 -0.0006 18.8298
% 1774620144.5235538 robobot/cmd/ti rc 0.0 0.5
% 1774620144.536228 robobot/cmd/ti rc 0.0 0.5
% 1774620144.5471113 robobot/cmd/ti rc 0.0 0.5
% 1774620144.5577807 robobot/cmd/ti rc 0.0 0.5
1774620144.5642128 0 -0.001 0.002 -0.004 279 0.00 0.00 0.000 0.000 0 -0.001 18.846 -0.0008 18.8460
1774620144.5652816 0 -0.001 0.002 -0.003 279 0.00 0.00 0.000 0.000 0 -0.001 18.847 -0.0008 18.8471
% 1774620144.5684261 robobot/cmd/ti rc 0.0 0.5
% 1774620144.5796814 robobot/cmd/ti rc 0.0 0.5
% 1774620144.5912158 robobot/cmd/ti rc 0.0 0.5
% 1774620144.6016011 robobot/cmd/ti rc 0.0 0.5
% 1774620144.6124134 robobot/cmd/ti rc 0.0 0.5
1774620144.6154158 0 -0.002 0.002 0.010 279 0.00 0.00 0.000 0.000 0 -0.001 18.860 -0.0015 18.8598
% 1774620144.6158597 robobot/cmd/ti alive 2026-03-27 15:01:41.362915
% 1774620144.6227682 robobot/cmd/ti rc 0.0 0.5
% 1774620144.633433 robobot/cmd/ti rc 0.0 0.5
% 1774620144.64402 robobot/cmd/ti rc 0.0 0.5
% 1774620144.6552022 robobot/cmd/ti rc 0.0 0.5
1774620144.6645155 0 -0.001 0.002 0.031 280 0.00 0.00 0.000 0.000 0 -0.001 18.881 -0.0013 18.8806
1774620144.665851 0 -0.001 0.002 0.036 280 0.00 0.00 0.000 0.000 0 -0.001 18.885 -0.0013 18.8853
% 1774620144.6660857 robobot/cmd/ti rc 0.0 0.5
% 1774620144.6784456 robobot/cmd/ti rc 0.0 0.5
% 1774620144.689323 robobot/cmd/ti rc 0.0 0.5
% 1774620144.6998012 robobot/cmd/ti rc 0.0 0.5
% 1774620144.7116394 robobot/cmd/ti rc 0.0 0.5
1774620144.7210276 0 -0.001 0.002 0.068 280 0.00 0.00 0.000 0.000 0 -0.001 18.918 -0.0007 18.9177
% 1774620144.7225344 robobot/cmd/ti rc 0.0 0.5
% 1774620144.735925 robobot/cmd/ti rc 0.0 0.5
% 1774620144.74655 robobot/cmd/ti rc 0.0 0.5
% 1774620144.7469447 robobot/cmd/T0 servo 1 -900 200
% 1774620144.7573445 robobot/cmd/ti rc 0.0 0.5
1774620144.7641144 0 -0.001 0.002 0.088 281 0.00 0.00 0.000 0.000 0 -0.001 18.937 -0.0007 18.9373
% 1774620144.7680757 robobot/cmd/ti rc 0.0 0.5
1774620144.7687123 0 -0.001 0.002 0.090 281 0.00 0.00 0.000 0.000 0 -0.001 18.940 -0.0007 18.9396
% 1774620144.7797415 robobot/cmd/ti rc 0.0 0.5
% 1774620144.7922313 robobot/cmd/ti rc 0.0 0.5
% 1774620144.8026943 robobot/cmd/ti rc 0.0 0.5
% 1774620144.8139665 robobot/cmd/ti rc 0.0 0.5
1774620144.8158934 0 -0.001 0.002 0.111 281 0.00 0.00 0.000 0.000 0 -0.001 18.960 -0.0008 18.9604
% 1774620144.8243566 robobot/cmd/ti rc 0.0 0.5
% 1774620144.834769 robobot/cmd/ti rc 0.0 0.5
% 1774620144.8452682 robobot/cmd/ti rc 0.0 0.5
% 1774620144.8558831 robobot/cmd/ti rc 0.0 0.5
1774620144.8642058 0 -0.001 0.002 0.133 281 0.00 0.00 0.000 0.000 0 -0.001 18.982 -0.0006 18.9824
1774620144.8653493 0 -0.001 0.002 0.137 281 0.00 0.00 0.000 0.000 0 -0.001 18.987 -0.0006 18.9870
% 1774620144.8671908 robobot/cmd/ti rc 0.0 0.5
% 1774620144.8779607 robobot/cmd/ti rc 0.0 0.5
% 1774620144.8883064 robobot/cmd/ti rc 0.0 0.5
% 1774620144.8986745 robobot/cmd/ti rc 0.0 0.5
% 1774620144.909094 robobot/cmd/ti rc 0.0 0.5
1774620144.9161596 0 -0.001 0.002 0.158 281 0.00 0.00 0.000 0.000 0 -0.001 19.008 -0.0007 19.0079
% 1774620144.922373 robobot/cmd/ti rc 0.0 0.5
% 1774620144.9345434 robobot/cmd/ti rc 0.0 0.5
% 1774620144.945205 robobot/cmd/ti rc 0.0 0.5
% 1774620144.9564667 robobot/cmd/ti rc 0.0 0.5
1774620144.9641254 0 -0.002 0.002 0.168 282 0.00 0.00 0.000 0.000 0 -0.001 19.017 -0.0013 19.0171
1774620144.965907 0 -0.002 0.002 0.168 282 0.00 0.00 0.000 0.000 0 -0.001 19.017 -0.0013 19.0171
% 1774620144.9668963 robobot/cmd/ti rc 0.0 0.5
% 1774620144.977439 robobot/cmd/ti rc 0.0 0.5
% 1774620144.989085 robobot/cmd/ti rc 0.0 0.5
% 1774620144.9998746 robobot/cmd/ti rc 0.0 0.5
% 1774620145.0008104 robobot/cmd/T0 servo 1 -900 200
% 1774620145.0112684 robobot/cmd/ti rc 0.0 0.5
1774620145.0183198 0 -0.002 0.002 0.193 282 0.00 0.00 0.000 0.000 0 -0.001 19.043 -0.0015 19.0426
% 1774620145.023186 robobot/cmd/ti rc 0.0 0.5
% 1774620145.0335708 robobot/cmd/ti rc 0.0 0.5
% 1774620145.0439754 robobot/cmd/ti rc 0.0 0.5
% 1774620145.0553694 robobot/cmd/ti rc 0.0 0.5
1774620145.0643568 0 -0.001 0.002 0.223 283 0.00 0.00 0.000 0.000 0 -0.001 19.073 -0.0008 19.0726
% 1774620145.0671442 robobot/cmd/ti rc 0.0 0.5
1774620145.0711997 0 -0.001 0.002 0.223 283 0.00 0.00 0.000 0.000 0 -0.001 19.073 -0.0008 19.0726
% 1774620145.078024 robobot/cmd/ti rc 0.0 0.5
% 1774620145.0911725 robobot/cmd/ti rc 0.0 0.5
% 1774620145.1019995 robobot/cmd/ti rc 0.0 0.5
% 1774620145.112787 robobot/cmd/ti rc 0.0 0.5
% 1774620145.1204963 robobot/cmd/ti alive 2026-03-27 15:01:41.362915
% 1774620145.1233158 robobot/cmd/ti rc 0.0 0.5
1774620145.133042 0 -0.001 0.002 0.246 283 0.00 0.00 0.000 0.000 0 -0.001 19.096 -0.0006 19.0958
% 1774620145.1341093 robobot/cmd/ti rc 0.0 0.5
% 1774620145.1446235 robobot/cmd/ti rc 0.0 0.5
% 1774620145.1556015 robobot/cmd/ti rc 0.0 0.5
1774620145.1650026 0 -0.001 0.002 0.266 283 0.00 0.00 0.000 0.000 0 -0.001 19.115 -0.0007 19.1154
% 1774620145.1659398 robobot/cmd/ti rc 0.0 0.5
1774620145.1667612 0 -0.001 0.002 0.268 283 0.00 0.00 0.000 0.000 0 -0.001 19.118 -0.0007 19.1177
% 1774620145.1764526 robobot/cmd/ti rc 0.0 0.5
% 1774620145.187098 robobot/cmd/ti rc 0.0 0.5
% 1774620145.1975856 robobot/cmd/ti rc 0.0 0.5
% 1774620145.2092812 robobot/cmd/ti rc 0.0 0.5
1774620145.2162628 0 -0.002 0.002 0.292 284 0.00 0.00 0.000 0.000 0 -0.001 19.142 -0.0006 19.1420
% 1774620145.2214866 robobot/cmd/ti rc 0.0 0.5
% 1774620145.232955 robobot/cmd/ti rc 0.0 0.5
% 1774620145.24391 robobot/cmd/ti rc 0.0 0.5
% 1774620145.2620342 robobot/cmd/ti rc 0.0 0.5
% 1774620145.2638593 robobot/cmd/T0 servo 1 -900 200
1774620145.2651691 0 -0.001 0.002 0.317 284 0.00 0.00 0.000 0.000 0 -0.001 19.166 -0.0007 19.1663
1774620145.26731 0 -0.001 0.002 0.317 284 0.00 0.00 0.000 0.000 0 -0.001 19.166 -0.0007 19.1663
% 1774620145.275603 robobot/cmd/ti rc 0.0 0.5
% 1774620145.2870893 robobot/cmd/ti rc 0.0 0.5
% 1774620145.2975006 robobot/cmd/ti rc 0.0 0.5
% 1774620145.3088965 robobot/cmd/ti rc 0.0 0.5
1774620145.3163211 0 -0.002 0.002 0.326 284 0.00 0.00 0.000 0.000 0 -0.001 19.176 -0.0010 19.1756
% 1774620145.3204274 robobot/cmd/ti rc 0.0 0.5
% 1774620145.3316705 robobot/cmd/ti rc 0.0 0.5
% 1774620145.3422117 robobot/cmd/ti rc 0.0 0.5
% 1774620145.3565278 robobot/cmd/ti rc 0.0 0.5
1774620145.3658032 0 -0.002 0.002 0.350 285 0.00 0.00 0.000 0.000 0 -0.001 19.200 -0.0011 19.1998
% 1774620145.367424 robobot/cmd/ti rc 0.0 0.5
1774620145.3676112 0 -0.002 0.002 0.354 285 0.00 0.00 0.000 0.000 0 -0.001 19.203 -0.0011 19.2033
% 1774620145.3780303 robobot/cmd/ti rc 0.0 0.5
% 1774620145.3912323 robobot/cmd/ti rc 0.0 0.5
% 1774620145.4025774 robobot/cmd/ti rc 0.0 0.5
% 1774620145.4146757 robobot/cmd/ti rc 0.0 0.5
1774620145.4165623 0 -0.002 0.002 0.382 285 0.00 0.00 0.000 0.000 0 -0.001 19.231 -0.0007 19.2311
% 1774620145.42508 robobot/cmd/ti rc 0.0 0.5
% 1774620145.437346 robobot/cmd/ti rc 0.0 0.5
% 1774620145.451815 robobot/cmd/ti rc 0.0 0.5
% 1774620145.462161 robobot/cmd/ti rc 0.0 0.5
1774620145.4648495 0 -0.002 0.002 0.401 285 0.00 0.00 0.000 0.000 0 -0.001 19.251 -0.0007 19.2507
1774620145.467358 0 -0.002 0.002 0.403 285 0.00 0.00 0.000 0.000 0 -0.001 19.253 -0.0007 19.2530
% 1774620145.4742274 robobot/cmd/ti rc 0.0 0.5
% 1774620145.4871097 robobot/cmd/ti rc 0.0 0.5
% 1774620145.4978325 robobot/cmd/ti rc 0.0 0.5
% 1774620145.512452 robobot/cmd/ti rc 0.0 0.5
% 1774620145.513023 robobot/cmd/T0 servo 1 -900 200
1774620145.5206535 0 -0.002 0.002 0.423 286 0.00 0.00 0.000 0.000 0 -0.001 19.273 -0.0007 19.2727
% 1774620145.5238314 robobot/cmd/ti rc 0.0 0.5
% 1774620145.5345757 robobot/cmd/ti rc 0.0 0.5
% 1774620145.5451858 robobot/cmd/ti rc 0.0 0.5
% 1774620145.557226 robobot/cmd/ti rc 0.0 0.5
1774620145.5645423 0 -0.002 0.002 0.450 286 0.00 0.00 0.000 0.000 0 -0.001 19.299 -0.0006 19.2993
1774620145.5671747 0 -0.002 0.002 0.451 286 0.00 0.00 0.000 0.000 0 -0.001 19.300 -0.0006 19.3005
% 1774620145.5677617 robobot/cmd/ti rc 0.0 0.5
% 1774620145.5782087 robobot/cmd/ti rc 0.0 0.5
% 1774620145.5902739 robobot/cmd/ti rc 0.0 0.5
% 1774620145.6006453 robobot/cmd/ti rc 0.0 0.5
% 1774620145.6113656 robobot/cmd/ti rc 0.0 0.5
1774620145.6164942 0 -0.002 0.002 0.474 286 0.00 0.00 0.000 0.000 0 -0.001 19.324 -0.0007 19.3236
% 1774620145.6278772 robobot/cmd/ti rc 0.0 0.5
% 1774620145.6282895 robobot/cmd/ti alive 2026-03-27 15:01:41.362915
% 1774620145.6387405 robobot/cmd/ti rc 0.0 0.5
% 1774620145.6510139 robobot/cmd/ti rc 0.0 0.5
% 1774620145.6616857 robobot/cmd/ti rc 0.0 0.5
1774620145.6647215 0 -0.002 0.002 0.484 287 0.00 0.00 0.000 0.000 0 -0.001 19.334 -0.0008 19.3340
1774620145.6675694 0 -0.002 0.002 0.484 287 0.00 0.00 0.000 0.000 0 -0.001 19.334 -0.0008 19.3340
% 1774620145.6723745 robobot/cmd/ti rc 0.0 0.5
% 1774620145.6833415 robobot/cmd/ti rc 0.0 0.5
% 1774620145.6939971 robobot/cmd/ti rc 0.0 0.5
% 1774620145.7044206 robobot/cmd/ti rc 0.0 0.5
% 1774620145.7147872 robobot/cmd/ti rc 0.0 0.5
1774620145.7168643 0 -0.003 0.001 0.506 287 0.00 0.00 0.000 0.000 0 -0.002 19.356 -0.0018 19.3560
% 1774620145.7261844 robobot/cmd/ti rc 0.0 0.5
% 1774620145.736532 robobot/cmd/ti rc 0.0 0.5
% 1774620145.7472675 robobot/cmd/ti rc 0.0 0.5
% 1774620145.7576973 robobot/cmd/ti rc 0.0 0.5
% 1774620145.7682974 robobot/cmd/ti rc 0.0 0.5
% 1774620145.768488 robobot/cmd/T0 servo 1 -900 200
1774620145.7688222 0 -0.003 0.001 0.535 288 0.00 0.00 0.000 0.000 0 -0.001 19.385 -0.0010 19.3849
1774620145.7692354 0 -0.002 0.002 0.539 288 0.00 0.00 0.000 0.000 0 -0.001 19.388 -0.0010 19.3883
% 1774620145.7801952 robobot/cmd/ti rc 0.0 0.5
% 1774620145.7919405 robobot/cmd/ti rc 0.0 0.5
% 1774620145.8024096 robobot/cmd/ti rc 0.0 0.5
% 1774620145.8129196 robobot/cmd/ti rc 0.0 0.5
1774620145.8172774 0 -0.002 0.002 0.562 288 0.00 0.00 0.000 0.000 0 -0.001 19.411 -0.0007 19.4115
% 1774620145.8239365 robobot/cmd/ti rc 0.0 0.5
% 1774620145.8345134 robobot/cmd/ti rc 0.0 0.5
% 1774620145.8476663 robobot/cmd/ti rc 0.0 0.5
% 1774620145.859298 robobot/cmd/ti rc 0.0 0.5
1774620145.8645804 0 -0.002 0.002 0.580 288 0.00 0.00 0.000 0.000 0 -0.001 19.430 -0.0007 19.4300
1774620145.8673198 0 -0.003 0.001 0.584 288 0.00 0.00 0.000 0.000 0 -0.001 19.433 -0.0007 19.4335
% 1774620145.8703747 robobot/cmd/ti rc 0.0 0.5
% 1774620145.8811517 robobot/cmd/ti rc 0.0 0.5
% 1774620145.8922436 robobot/cmd/ti rc 0.0 0.5
% 1774620145.9026186 robobot/cmd/ti rc 0.0 0.5
% 1774620145.9145405 robobot/cmd/ti rc 0.0 0.5
1774620145.9178278 0 -0.002 0.002 0.609 288 0.00 0.00 0.000 0.000 0 -0.001 19.459 -0.0007 19.4589
% 1774620145.9252274 robobot/cmd/ti rc 0.0 0.5
% 1774620145.936624 robobot/cmd/ti rc 0.0 0.5
% 1774620145.9475799 robobot/cmd/ti rc 0.0 0.5
% 1774620145.958671 robobot/cmd/ti rc 0.0 0.5
1774620145.9643316 0 -0.002 0.002 0.630 289 0.00 0.00 0.000 0.000 0 -0.001 19.480 -0.0007 19.4797
1774620145.967769 0 -0.002 0.002 0.632 289 0.00 0.00 0.000 0.000 0 -0.001 19.482 -0.0007 19.4820
% 1774620145.9692621 robobot/cmd/ti rc 0.0 0.5
% 1774620145.9833677 robobot/cmd/ti rc 0.0 0.5
% 1774620145.9944196 robobot/cmd/ti rc 0.0 0.5
% 1774620146.0053759 robobot/cmd/ti rc 0.0 0.5
% 1774620146.0171847 robobot/cmd/ti rc 0.0 0.5
1774620146.0175798 0 -0.003 0.001 0.644 289 0.00 0.00 0.000 0.000 0 -0.001 19.494 -0.0006 19.4936
% 1774620146.02761 robobot/cmd/ti rc 0.0 0.5
% 1774620146.027783 robobot/cmd/T0 servo 1 -900 200
% 1774620146.03812 robobot/cmd/ti rc 0.0 0.5
% 1774620146.0486498 robobot/cmd/ti rc 0.0 0.5
% 1774620146.0601964 robobot/cmd/ti rc 0.0 0.5
1774620146.0649865 0 -0.004 0.001 0.658 290 0.00 0.00 0.000 0.000 0 -0.002 19.507 -0.0016 19.5075
1774620146.068746 0 -0.004 0.001 0.660 290 0.00 0.00 0.000 0.000 0 -0.002 19.510 -0.0018 19.5098
% 1774620146.0720987 robobot/cmd/ti rc 0.0 0.5
% 1774620146.0854971 robobot/cmd/ti rc 0.0 0.5
% 1774620146.0965703 robobot/cmd/ti rc 0.0 0.5
% 1774620146.108615 robobot/cmd/ti rc 0.0 0.5
1774620146.1187294 0 -0.003 0.001 0.694 290 0.00 0.00 0.000 0.000 0 -0.001 19.543 -0.0013 19.5433
% 1774620146.1226435 robobot/cmd/ti rc 0.0 0.5
% 1774620146.1351964 robobot/cmd/ti alive 2026-03-27 15:01:41.362915
% 1774620146.1352837 robobot/cmd/ti rc 0.0 0.5
% 1774620146.147235 robobot/cmd/ti rc 0.0 0.5
% 1774620146.1587918 robobot/cmd/ti rc 0.0 0.5
1774620146.1645982 0 -0.003 0.001 0.716 290 0.00 0.00 0.000 0.000 0 -0.001 19.565 -0.0006 19.5653
1774620146.1680062 0 -0.003 0.001 0.718 290 0.00 0.00 0.000 0.000 0 -0.001 19.568 -0.0006 19.5676
% 1774620146.169191 robobot/cmd/ti rc 0.0 0.5
% 1774620146.1797607 robobot/cmd/ti rc 0.0 0.5
% 1774620146.1901298 robobot/cmd/ti rc 0.0 0.5
% 1774620146.2008822 robobot/cmd/ti rc 0.0 0.5
% 1774620146.2128584 robobot/cmd/ti rc 0.0 0.5
1774620146.2184796 0 -0.003 0.001 0.741 291 0.00 0.00 0.000 0.000 0 -0.001 19.591 -0.0006 19.5907
% 1774620146.2244964 robobot/cmd/ti rc 0.0 0.5
% 1774620146.23533 robobot/cmd/ti rc 0.0 0.5
% 1774620146.2461705 robobot/cmd/ti rc 0.0 0.5
% 1774620146.2578313 robobot/cmd/ti rc 0.0 0.5
1774620146.2679408 0 -0.003 0.001 0.763 291 0.00 0.00 0.000 0.000 0 -0.001 19.613 -0.0008 19.6127
% 1774620146.2698593 robobot/cmd/ti rc 0.0 0.5
1774620146.2701573 0 -0.003 0.001 0.765 291 0.00 0.00 0.000 0.000 0 -0.001 19.615 -0.0007 19.6150
% 1774620146.2820477 robobot/cmd/ti rc 0.0 0.5
% 1774620146.2834857 robobot/cmd/T0 servo 1 -900 200
% 1774620146.2940605 robobot/cmd/ti rc 0.0 0.5
% 1774620146.3044229 robobot/cmd/ti rc 0.0 0.5
% 1774620146.3148687 robobot/cmd/ti rc 0.0 0.5
1774620146.3206596 0 -0.003 0.001 0.788 291 0.00 0.00 0.000 0.000 0 -0.001 19.638 -0.0007 19.6381
% 1774620146.3261738 robobot/cmd/ti rc 0.0 0.5
% 1774620146.3365824 robobot/cmd/ti rc 0.0 0.5
% 1774620146.3487391 robobot/cmd/ti rc 0.0 0.5
% 1774620146.3594694 robobot/cmd/ti rc 0.0 0.5
1774620146.3656 0 -0.003 0.001 0.801 292 0.00 0.00 0.000 0.000 0 -0.000 19.651 -0.0004 19.6509
1774620146.3693483 0 -0.003 0.001 0.804 292 0.00 0.00 0.000 0.000 0 -0.000 19.653 -0.0004 19.6532
% 1774620146.3700085 robobot/cmd/ti rc 0.0 0.5
% 1774620146.3806577 robobot/cmd/ti rc 0.0 0.5
% 1774620146.3913887 robobot/cmd/ti rc 0.0 0.5
% 1774620146.4018548 robobot/cmd/ti rc 0.0 0.5
% 1774620146.4124873 robobot/cmd/ti rc 0.0 0.5
1774620146.418184 0 -0.004 0.000 0.818 292 0.00 0.00 0.000 0.000 0 -0.001 19.667 -0.0014 19.6671
% 1774620146.4230657 robobot/cmd/ti rc 0.0 0.5
% 1774620146.4334383 robobot/cmd/ti rc 0.0 0.5
% 1774620146.443979 robobot/cmd/ti rc 0.0 0.5
% 1774620146.45651 robobot/cmd/ti rc 0.0 0.5
1774620146.4661858 0 -0.003 0.001 0.845 292 0.00 0.00 0.000 0.000 0 -0.002 19.695 -0.0016 19.6948
% 1774620146.4693475 robobot/cmd/ti rc 0.0 0.5
1774620146.4701896 0 -0.003 0.001 0.846 292 0.00 0.00 0.000 0.000 0 -0.001 19.696 -0.0015 19.6960
% 1774620146.4811485 robobot/cmd/ti rc 0.0 0.5
% 1774620146.4943514 robobot/cmd/ti rc 0.0 0.5
% 1774620146.5061944 robobot/cmd/ti rc 0.0 0.5
% 1774620146.5211847 robobot/cmd/ti rc 0.0 0.5
1774620146.5222266 0 -0.003 0.001 0.874 293 0.00 0.00 0.000 0.000 0 -0.001 19.724 -0.0006 19.7237
% 1774620146.5351129 robobot/cmd/ti rc 0.0 0.5
% 1774620146.536 robobot/cmd/T0 servo 1 -900 200
% 1774620146.5478587 robobot/cmd/ti rc 0.0 0.5
% 1774620146.5614095 robobot/cmd/ti rc 0.0 0.5
1774620146.5665014 0 -0.003 0.001 0.897 293 0.00 0.00 0.000 0.000 0 -0.001 19.747 -0.0006 19.7469
1774620146.5683496 0 -0.003 0.001 0.900 293 0.00 0.00 0.000 0.000 0 -0.001 19.749 -0.0006 19.7492
% 1774620146.5728018 robobot/cmd/ti rc 0.0 0.5
% 1774620146.5841377 robobot/cmd/ti rc 0.0 0.5
% 1774620146.5950935 robobot/cmd/ti rc 0.0 0.5
% 1774620146.6058693 robobot/cmd/ti rc 0.0 0.5
% 1774620146.6186836 robobot/cmd/ti rc 0.0 0.5
1774620146.6200852 0 -0.003 0.001 0.923 293 0.00 0.00 0.000 0.000 0 -0.001 19.772 -0.0009 19.7723
% 1774620146.629832 robobot/cmd/ti rc 0.0 0.5
% 1774620146.6372583 robobot/cmd/ti alive 2026-03-27 15:01:41.362915
% 1774620146.6403205 robobot/cmd/ti rc 0.0 0.5
% 1774620146.6509573 robobot/cmd/ti rc 0.0 0.5
% 1774620146.6631553 robobot/cmd/ti rc 0.0 0.5
1774620146.6657858 0 -0.003 0.001 0.944 294 0.00 0.00 0.000 0.000 0 -0.001 19.793 -0.0007 19.7931
1774620146.6690488 0 -0.003 0.001 0.945 294 0.00 0.00 0.000 0.000 0 -0.001 19.794 -0.0007 19.7943
% 1774620146.6752148 robobot/cmd/ti rc 0.0 0.5
% 1774620146.6863549 robobot/cmd/ti rc 0.0 0.5
% 1774620146.6973133 robobot/cmd/ti rc 0.0 0.5
% 1774620146.707811 robobot/cmd/ti rc 0.0 0.5
% 1774620146.7183516 robobot/cmd/ti rc 0.0 0.5
1774620146.7188761 0 -0.003 0.001 0.964 294 0.00 0.00 0.000 0.000 0 -0.000 19.814 -0.0004 19.8139
% 1774620146.728917 robobot/cmd/ti rc 0.0 0.5
% 1774620146.7393513 robobot/cmd/ti rc 0.0 0.5
% 1774620146.7520254 robobot/cmd/ti rc 0.0 0.5
% 1774620146.7624452 robobot/cmd/ti rc 0.0 0.5
1774620146.7646775 0 -0.004 -0.000 0.977 294 0.00 0.00 0.000 0.000 0 -0.001 19.827 -0.0013 19.8267
1774620146.7687898 0 -0.004 -0.000 0.978 294 0.00 0.00 0.000 0.000 0 -0.001 19.828 -0.0013 19.8278
% 1774620146.773166 robobot/cmd/ti rc 0.0 0.5
% 1774620146.7845163 robobot/cmd/ti rc 0.0 0.5
% 1774620146.7969239 robobot/cmd/ti rc 0.0 0.5
% 1774620146.7975724 robobot/cmd/T0 servo 1 -900 200
% 1774620146.8081408 robobot/cmd/ti rc 0.0 0.5
% 1774620146.8189738 robobot/cmd/ti rc 0.0 0.5
1774620146.8208516 0 -0.004 0.000 1.005 295 0.00 0.00 0.000 0.000 0 -0.001 19.854 -0.0015 19.8544
% 1774620146.8333137 robobot/cmd/ti rc 0.0 0.5
% 1774620146.8457901 robobot/cmd/ti rc 0.0 0.5
% 1774620146.8570883 robobot/cmd/ti rc 0.0 0.5
1774620146.8648934 0 -0.003 0.001 1.031 295 0.00 0.00 0.000 0.000 0 -0.001 19.881 -0.0006 19.8810
% 1774620146.8679051 robobot/cmd/ti rc 0.0 0.5
1774620146.8708894 0 -0.003 0.001 1.033 295 0.00 0.00 0.000 0.000 0 -0.000 19.882 -0.0005 19.8822
% 1774620146.8784797 robobot/cmd/ti rc 0.0 0.5
% 1774620146.8891668 robobot/cmd/ti rc 0.0 0.5
% 1774620146.899555 robobot/cmd/ti rc 0.0 0.5
% 1774620146.9106224 robobot/cmd/ti rc 0.0 0.5
1774620146.9202762 0 -0.003 0.001 1.057 296 0.00 0.00 0.000 0.000 0 -0.001 19.906 -0.0006 19.9065
% 1774620146.920951 robobot/cmd/ti rc 0.0 0.5
% 1774620146.932752 robobot/cmd/ti rc 0.0 0.5
% 1774620146.944026 robobot/cmd/ti rc 0.0 0.5
% 1774620146.955447 robobot/cmd/ti rc 0.0 0.5
1774620146.9650512 0 -0.003 0.000 1.077 296 0.00 0.00 0.000 0.000 0 -0.001 19.926 -0.0008 19.9261
% 1774620146.966275 robobot/cmd/ti rc 0.0 0.5
1774620146.9694202 0 -0.003 0.000 1.079 296 0.00 0.00 0.000 0.000 0 -0.001 19.928 -0.0008 19.9284
% 1774620146.9767547 robobot/cmd/ti rc 0.0 0.5
% 1774620146.9879289 robobot/cmd/ti rc 0.0 0.5
% 1774620146.9987724 robobot/cmd/ti rc 0.0 0.5
% 1774620147.0112343 robobot/cmd/ti rc 0.0 0.5
1774620147.02038 0 -0.003 0.001 1.100 296 0.00 0.00 0.000 0.000 0 -0.001 19.949 -0.0006 19.9492
% 1774620147.0265532 robobot/cmd/ti rc 0.0 0.5
% 1774620147.0373893 robobot/cmd/ti rc 0.0 0.5
% 1774620147.0482104 robobot/cmd/ti rc 0.0 0.5
% 1774620147.0486503 robobot/cmd/T0 servo 1 -900 200
% 1774620147.0590029 robobot/cmd/ti rc 0.0 0.5
1774620147.0643992 0 -0.003 0.001 1.123 296 0.00 0.00 0.000 0.000 0 -0.000 19.972 -0.0005 19.9724
1774620147.0689557 0 -0.003 0.001 1.124 296 0.00 0.00 0.000 0.000 0 -0.001 19.973 -0.0005 19.9735
% 1774620147.0693166 robobot/cmd/ti rc 0.0 0.5
% 1774620147.0799508 robobot/cmd/ti rc 0.0 0.5
% 1774620147.0907135 robobot/cmd/ti rc 0.0 0.5
% 1774620147.1022718 robobot/cmd/ti rc 0.0 0.5
% 1774620147.1131449 robobot/cmd/ti rc 0.0 0.5
1774620147.1190069 0 -0.004 -0.001 1.138 297 0.00 0.00 0.000 0.000 0 -0.001 19.987 -0.0011 19.9874
% 1774620147.1253273 robobot/cmd/ti rc 0.0 0.5
% 1774620147.135752 robobot/cmd/ti rc 0.0 0.5
% 1774620147.1425204 robobot/cmd/ti alive 2026-03-27 15:01:41.362915
% 1774620147.1463783 robobot/cmd/ti rc 0.0 0.5
% 1774620147.1586087 robobot/cmd/ti rc 0.0 0.5
1774620147.166121 0 -0.004 -0.001 1.154 297 0.00 0.00 0.000 0.000 0 -0.002 20.004 -0.0020 20.0036
% 1774620147.169007 robobot/cmd/ti rc 0.0 0.5
1774620147.169787 0 -0.004 -0.001 1.159 297 0.00 0.00 0.000 0.000 0 -0.002 20.008 -0.0020 20.0082
% 1774620147.1801028 robobot/cmd/ti rc 0.0 0.5
% 1774620147.190838 robobot/cmd/ti rc 0.0 0.5
% 1774620147.2014644 robobot/cmd/ti rc 0.0 0.5
% 1774620147.2126179 robobot/cmd/ti rc 0.0 0.5
1774620147.2212875 0 -0.004 0.000 1.190 297 0.00 0.00 0.000 0.000 0 -0.001 20.039 -0.0009 20.0395
% 1774620147.222997 robobot/cmd/ti rc 0.0 0.5
% 1774620147.2344384 robobot/cmd/ti rc 0.0 0.5
% 1774620147.24648 robobot/cmd/ti rc 0.0 0.5
% 1774620147.2577977 robobot/cmd/ti rc 0.0 0.5
1774620147.2660177 0 -0.004 0.000 1.212 298 0.00 0.00 0.000 0.000 0 -0.001 20.061 -0.0006 20.0614
% 1774620147.2697117 robobot/cmd/ti rc 0.0 0.5
1774620147.2701714 0 -0.004 0.000 1.214 298 0.00 0.00 0.000 0.000 0 -0.001 20.064 -0.0006 20.0637
% 1774620147.2806528 robobot/cmd/ti rc 0.0 0.5
% 1774620147.2934847 robobot/cmd/ti rc 0.0 0.5
% 1774620147.3049147 robobot/cmd/ti rc 0.0 0.5
% 1774620147.3058944 robobot/cmd/T0 servo 1 -900 200
% 1774620147.3175852 robobot/cmd/ti rc 0.0 0.5
1774620147.3195443 0 -0.004 -0.000 1.235 298 0.00 0.00 0.000 0.000 0 -0.001 20.085 -0.0008 20.0846
% 1774620147.3283653 robobot/cmd/ti rc 0.0 0.5
% 1774620147.3390265 robobot/cmd/ti rc 0.0 0.5
% 1774620147.349699 robobot/cmd/ti rc 0.0 0.5
% 1774620147.3600166 robobot/cmd/ti rc 0.0 0.5
1774620147.3649607 0 -0.004 0.000 1.255 299 0.00 0.00 0.000 0.000 0 -0.001 20.104 -0.0005 20.1042
% 1774620147.3722467 robobot/cmd/ti rc 0.0 0.5
1774620147.372854 0 -0.004 0.000 1.257 299 0.00 0.00 0.000 0.000 0 -0.001 20.106 -0.0005 20.1065
% 1774620147.3839288 robobot/cmd/ti rc 0.0 0.5
% 1774620147.3975546 robobot/cmd/ti rc 0.0 0.5
% 1774620147.4084375 robobot/cmd/ti rc 0.0 0.5
% 1774620147.4207127 robobot/cmd/ti rc 0.0 0.5
1774620147.422184 0 -0.004 0.000 1.282 299 0.00 0.00 0.000 0.000 0 -0.000 20.132 -0.0005 20.1320
% 1774620147.4319303 robobot/cmd/ti rc 0.0 0.5
% 1774620147.4432678 robobot/cmd/ti rc 0.0 0.5
% 1774620147.4539628 robobot/cmd/ti rc 0.0 0.5
% 1774620147.464442 robobot/cmd/ti rc 0.0 0.5
1774620147.465226 0 -0.004 -0.001 1.295 299 0.00 0.00 0.000 0.000 0 -0.001 20.145 -0.0009 20.1447
1774620147.4698508 0 -0.004 -0.001 1.296 299 0.00 0.00 0.000 0.000 0 -0.001 20.146 -0.0010 20.1459
% 1774620147.478312 robobot/cmd/ti rc 0.0 0.5
% 1774620147.491632 robobot/cmd/ti rc 0.0 0.5
% 1774620147.50447 robobot/cmd/ti rc 0.0 0.5
% 1774620147.5160937 robobot/cmd/ti rc 0.0 0.5
1774620147.5209417 0 -0.004 -0.002 1.308 300 0.00 0.00 0.000 0.000 0 -0.002 20.157 -0.0019 20.1574
% 1774620147.5273275 robobot/cmd/ti rc 0.0 0.5
% 1774620147.5378718 robobot/cmd/ti rc 0.0 0.5
% 1774620147.550174 robobot/cmd/ti rc 0.0 0.5
% 1774620147.560565 robobot/cmd/ti rc 0.0 0.5
% 1774620147.5608356 robobot/cmd/T0 servo 1 -900 200
1774620147.5645983 0 -0.004 -0.001 1.337 300 0.00 0.00 0.000 0.000 0 -0.002 20.186 -0.0016 20.1863
1774620147.570323 0 -0.004 -0.001 1.340 300 0.00 0.00 0.000 0.000 0 -0.002 20.190 -0.0016 20.1898
% 1774620147.5721111 robobot/cmd/ti rc 0.0 0.5
% 1774620147.5832891 robobot/cmd/ti rc 0.0 0.5
% 1774620147.5960772 robobot/cmd/ti rc 0.0 0.5
% 1774620147.6078033 robobot/cmd/ti rc 0.0 0.5
% 1774620147.6208227 robobot/cmd/ti rc 0.0 0.5
1774620147.6210847 0 -0.004 -0.000 1.371 301 0.00 0.00 0.000 0.000 0 -0.001 20.221 -0.0008 20.2210
% 1774620147.6317656 robobot/cmd/ti rc 0.0 0.5
% 1774620147.6433225 robobot/cmd/ti rc 0.0 0.5
% 1774620147.6469636 robobot/cmd/ti alive 2026-03-27 15:01:41.362915
% 1774620147.6538963 robobot/cmd/ti rc 0.0 0.5
% 1774620147.6644337 robobot/cmd/ti rc 0.0 0.5
1774620147.6653857 0 -0.004 -0.001 1.390 301 0.00 0.00 0.000 0.000 0 -0.001 20.239 -0.0006 20.2395
1774620147.6696095 0 -0.004 -0.001 1.391 301 0.00 0.00 0.000 0.000 0 -0.001 20.241 -0.0007 20.2407
% 1774620147.6751132 robobot/cmd/ti rc 0.0 0.5
% 1774620147.6912136 robobot/cmd/ti rc 0.0 0.5
% 1774620147.7020152 robobot/cmd/ti rc 0.0 0.5
% 1774620147.7124739 robobot/cmd/ti rc 0.0 0.5
1774620147.7198567 0 -0.004 -0.000 1.413 301 0.00 0.00 0.000 0.000 0 -0.001 20.263 -0.0005 20.2627
% 1774620147.7249136 robobot/cmd/ti rc 0.0 0.5
% 1774620147.7354217 robobot/cmd/ti rc 0.0 0.5
% 1774620147.746198 robobot/cmd/ti rc 0.0 0.5
% 1774620147.7575614 robobot/cmd/ti rc 0.0 0.5
1774620147.7670598 0 -0.004 -0.001 1.435 302 0.00 0.00 0.000 0.000 0 -0.001 20.285 -0.0006 20.2846
1774620147.771079 0 -0.004 -0.001 1.437 302 0.00 0.00 0.000 0.000 0 -0.001 20.287 -0.0006 20.2869
% 1774620147.772731 robobot/cmd/ti rc 0.0 0.5
% 1774620147.7835536 robobot/cmd/ti rc 0.0 0.5
% 1774620147.79681 robobot/cmd/ti rc 0.0 0.5
% 1774620147.8077703 robobot/cmd/ti rc 0.0 0.5
1774620147.8205097 0 -0.004 -0.001 1.457 302 0.00 0.00 0.000 0.000 0 -0.001 20.307 -0.0007 20.3066
% 1774620147.8210607 robobot/cmd/ti rc 0.0 0.5
% 1774620147.8220973 robobot/cmd/T0 servo 1 -900 200
% 1774620147.8339193 robobot/cmd/ti rc 0.0 0.5
% 1774620147.8444235 robobot/cmd/ti rc 0.0 0.5
% 1774620147.8551028 robobot/cmd/ti rc 0.0 0.5
1774620147.8658588 0 -0.004 -0.002 1.467 302 0.00 0.00 0.000 0.000 0 -0.001 20.317 -0.0014 20.3170
% 1774620147.866978 robobot/cmd/ti rc 0.0 0.5
1774620147.8701236 0 -0.004 -0.002 1.469 302 0.00 0.00 0.000 0.000 0 -0.001 20.318 -0.0015 20.3182
% 1774620147.8776267 robobot/cmd/ti rc 0.0 0.5
% 1774620147.8882775 robobot/cmd/ti rc 0.0 0.5
% 1774620147.8986218 robobot/cmd/ti rc 0.0 0.5
% 1774620147.9090037 robobot/cmd/ti rc 0.0 0.5
% 1774620147.92047 robobot/cmd/ti rc 0.0 0.5
1774620147.921049 0 -0.004 -0.001 1.501 303 0.00 0.00 0.000 0.000 0 -0.001 20.351 -0.0011 20.3506
% 1774620147.935743 robobot/cmd/ti rc 0.0 0.5
% 1774620147.9462888 robobot/cmd/ti rc 0.0 0.5
% 1774620147.958681 robobot/cmd/ti rc 0.0 0.5
1774620147.9662366 0 -0.004 -0.001 1.524 303 0.00 0.00 0.000 0.000 0 -0.001 20.374 -0.0007 20.3737
% 1774620147.9691505 robobot/cmd/ti rc 0.0 0.5
1774620147.9704742 0 -0.004 -0.001 1.526 303 0.00 0.00 0.000 0.000 0 -0.001 20.376 -0.0007 20.3760
% 1774620147.9804883 robobot/cmd/ti rc 0.0 0.5
% 1774620147.9926715 robobot/cmd/ti rc 0.0 0.5
% 1774620148.0033386 robobot/cmd/ti rc 0.0 0.5
% 1774620148.0139823 robobot/cmd/ti rc 0.0 0.5
1774620148.0238802 0 -0.004 -0.001 1.550 303 0.00 0.00 0.000 0.000 0 -0.001 20.399 -0.0007 20.3991
% 1774620148.0243843 robobot/cmd/ti rc 0.0 0.5
% 1774620148.0347393 robobot/cmd/ti rc 0.0 0.5
% 1774620148.0451205 robobot/cmd/ti rc 0.0 0.5
% 1774620148.0556161 robobot/cmd/ti rc 0.0 0.5
% 1774620148.0663939 robobot/cmd/ti rc 0.0 0.5
1774620148.0685751 0 -0.004 -0.001 1.568 304 0.00 0.00 0.000 0.000 0 -0.001 20.418 -0.0006 20.4176
1774620148.0716398 0 -0.004 -0.001 1.570 304 0.00 0.00 0.000 0.000 0 -0.001 20.420 -0.0005 20.4199
% 1774620148.0776637 robobot/cmd/ti rc 0.0 0.5
% 1774620148.077868 robobot/cmd/T0 servo 1 -900 200
% 1774620148.0915768 robobot/cmd/ti rc 0.0 0.5
% 1774620148.1022563 robobot/cmd/ti rc 0.0 0.5
% 1774620148.1129012 robobot/cmd/ti rc 0.0 0.5
1774620148.1217957 0 -0.004 -0.001 1.596 304 0.00 0.00 0.000 0.000 0 -0.001 20.445 -0.0007 20.4454
% 1774620148.124868 robobot/cmd/ti rc 0.0 0.5
% 1774620148.1360686 robobot/cmd/ti rc 0.0 0.5
% 1774620148.1467316 robobot/cmd/ti rc 0.0 0.5
% 1774620148.1530843 robobot/cmd/ti alive 2026-03-27 15:01:41.362915
% 1774620148.1590946 robobot/cmd/ti rc 0.0 0.5
1774620148.1660037 0 -0.004 -0.001 1.615 304 0.00 0.00 0.000 0.000 0 -0.001 20.465 -0.0007 20.4651
% 1774620148.16948 robobot/cmd/ti rc 0.0 0.5
1774620148.1707542 0 -0.004 -0.001 1.617 304 0.00 0.00 0.000 0.000 0 -0.001 20.466 -0.0007 20.4662
% 1774620148.1800356 robobot/cmd/ti rc 0.0 0.5
% 1774620148.1904128 robobot/cmd/ti rc 0.0 0.5
% 1774620148.202367 robobot/cmd/ti rc 0.0 0.5
% 1774620148.2137506 robobot/cmd/ti rc 0.0 0.5
1774620148.22197 0 -0.004 -0.003 1.627 305 0.00 0.00 0.000 0.000 0 -0.001 20.477 -0.0013 20.4766
% 1774620148.2257817 robobot/cmd/ti rc 0.0 0.5
% 1774620148.2369947 robobot/cmd/ti rc 0.0 0.5
% 1774620148.2478414 robobot/cmd/ti rc 0.0 0.5
% 1774620148.2621336 robobot/cmd/ti rc 0.0 0.5
1774620148.266529 0 -0.004 -0.003 1.653 305 0.00 0.00 0.000 0.000 0 -0.002 20.502 -0.0018 20.5021
1774620148.2707403 0 -0.004 -0.002 1.654 305 0.00 0.00 0.000 0.000 0 -0.002 20.503 -0.0016 20.5032
% 1774620148.2727754 robobot/cmd/ti rc 0.0 0.5
% 1774620148.286477 robobot/cmd/ti rc 0.0 0.5
% 1774620148.2968423 robobot/cmd/ti rc 0.0 0.5
% 1774620148.3075879 robobot/cmd/ti rc 0.0 0.5
% 1774620148.3181908 robobot/cmd/ti rc 0.0 0.5
1774620148.321704 0 -0.004 -0.002 1.684 305 0.00 0.00 0.000 0.000 0 -0.001 20.533 -0.0007 20.5333
% 1774620148.329831 robobot/cmd/ti rc 0.0 0.5
% 1774620148.330074 robobot/cmd/T0 servo 1 -900 200
% 1774620148.3407779 robobot/cmd/ti rc 0.0 0.5
% 1774620148.3513582 robobot/cmd/ti rc 0.0 0.5
% 1774620148.3624558 robobot/cmd/ti rc 0.0 0.5
1774620148.3674147 0 -0.004 -0.002 1.706 306 0.00 0.00 0.000 0.000 0 -0.001 20.555 -0.0005 20.5553
1774620148.3720577 0 -0.004 -0.001 1.707 306 0.00 0.00 0.000 0.000 0 -0.001 20.556 -0.0005 20.5564
% 1774620148.372936 robobot/cmd/ti rc 0.0 0.5
% 1774620148.384431 robobot/cmd/ti rc 0.0 0.5
% 1774620148.3950167 robobot/cmd/ti rc 0.0 0.5
% 1774620148.4079003 robobot/cmd/ti rc 0.0 0.5
% 1774620148.4184806 robobot/cmd/ti rc 0.0 0.5
1774620148.422008 0 -0.004 -0.002 1.725 306 0.00 0.00 0.000 0.000 0 -0.001 20.575 -0.0007 20.5749
% 1774620148.4289188 robobot/cmd/ti rc 0.0 0.5
% 1774620148.43946 robobot/cmd/ti rc 0.0 0.5
% 1774620148.450599 robobot/cmd/ti rc 0.0 0.5
% 1774620148.4611974 robobot/cmd/ti rc 0.0 0.5
1774620148.4658847 0 -0.004 -0.002 1.748 307 0.00 0.00 0.000 0.000 0 -0.001 20.598 -0.0006 20.5981
% 1774620148.4733822 robobot/cmd/ti rc 0.0 0.5
1774620148.476267 0 -0.004 -0.002 1.752 307 0.00 0.00 0.000 0.000 0 -0.001 20.601 -0.0006 20.6015
% 1774620148.4840248 robobot/cmd/ti rc 0.0 0.5
% 1774620148.4986293 robobot/cmd/ti rc 0.0 0.5
% 1774620148.5102055 robobot/cmd/ti rc 0.0 0.5
1774620148.5220654 0 -0.004 -0.002 1.775 307 0.00 0.00 0.000 0.000 0 -0.001 20.625 -0.0007 20.6247
% 1774620148.5229204 robobot/cmd/ti rc 0.0 0.5
% 1774620148.5334291 robobot/cmd/ti rc 0.0 0.5
% 1774620148.5439408 robobot/cmd/ti rc 0.0 0.5
% 1774620148.5548728 robobot/cmd/ti rc 0.0 0.5
1774620148.565895 0 -0.004 -0.003 1.784 307 0.00 0.00 0.000 0.000 0 -0.001 20.634 -0.0009 20.6339
% 1774620148.5668986 robobot/cmd/ti rc 0.0 0.5
1774620148.571999 0 -0.004 -0.003 1.788 307 0.00 0.00 0.000 0.000 0 -0.001 20.637 -0.0009 20.6374
% 1774620148.5774772 robobot/cmd/ti rc 0.0 0.5
% 1774620148.589135 robobot/cmd/ti rc 0.0 0.5
% 1774620148.5897698 robobot/cmd/T0 servo 1 -900 200
% 1774620148.6024623 robobot/cmd/ti rc 0.0 0.5
% 1774620148.6157167 robobot/cmd/ti rc 0.0 0.5
1774620148.622202 0 -0.004 -0.003 1.812 308 0.00 0.00 0.000 0.000 0 -0.002 20.662 -0.0016 20.6617
% 1774620148.6270278 robobot/cmd/ti rc 0.0 0.5
% 1774620148.6375635 robobot/cmd/ti rc 0.0 0.5
% 1774620148.6495178 robobot/cmd/ti rc 0.0 0.5
% 1774620148.6572828 robobot/cmd/ti alive 2026-03-27 15:01:41.362915
% 1774620148.6599774 robobot/cmd/ti rc 0.0 0.5
1774620148.6661055 0 -0.004 -0.002 1.836 308 0.00 0.00 0.000 0.000 0 -0.001 20.686 -0.0008 20.6859
% 1774620148.6704302 robobot/cmd/ti rc 0.0 0.5
1774620148.671377 0 -0.004 -0.002 1.842 308 0.00 0.00 0.000 0.000 0 -0.001 20.692 -0.0007 20.6917
% 1774620148.6811924 robobot/cmd/ti rc 0.0 0.5
% 1774620148.6916618 robobot/cmd/ti rc 0.0 0.5
% 1774620148.7020156 robobot/cmd/ti rc 0.0 0.5
% 1774620148.7128286 robobot/cmd/ti rc 0.0 0.5
1774620148.7212117 0 -0.004 -0.002 1.862 309 0.00 0.00 0.000 0.000 0 -0.001 20.711 -0.0005 20.7114
% 1774620148.7231686 robobot/cmd/ti rc 0.0 0.5
% 1774620148.733951 robobot/cmd/ti rc 0.0 0.5
% 1774620148.7452106 robobot/cmd/ti rc 0.0 0.5
% 1774620148.757812 robobot/cmd/ti rc 0.0 0.5
1774620148.7660954 0 -0.004 -0.002 1.877 309 0.00 0.00 0.000 0.000 0 -0.001 20.726 -0.0005 20.7264
% 1774620148.768307 robobot/cmd/ti rc 0.0 0.5
1774620148.7725365 0 -0.004 -0.002 1.883 309 0.00 0.00 0.000 0.000 0 -0.001 20.732 -0.0005 20.7322
% 1774620148.778835 robobot/cmd/ti rc 0.0 0.5
% 1774620148.790676 robobot/cmd/ti rc 0.0 0.5
% 1774620148.8015375 robobot/cmd/ti rc 0.0 0.5
% 1774620148.8120184 robobot/cmd/ti rc 0.0 0.5
% 1774620148.8259928 robobot/cmd/ti rc 0.0 0.5
1774620148.8265479 0 -0.004 -0.002 1.909 309 0.00 0.00 0.000 0.000 0 -0.001 20.759 -0.0006 20.7588
% 1774620148.8377225 robobot/cmd/ti rc 0.0 0.5
% 1774620148.8481665 robobot/cmd/ti rc 0.0 0.5
% 1774620148.8483162 robobot/cmd/T0 servo 1 -900 200
% 1774620148.858743 robobot/cmd/ti rc 0.0 0.5
1774620148.8662965 0 -0.004 -0.002 1.927 310 0.00 0.00 0.000 0.000 0 -0.001 20.776 -0.0006 20.7762
% 1774620148.8699908 robobot/cmd/ti rc 0.0 0.5
1774620148.87264 0 -0.004 -0.002 1.932 310 0.00 0.00 0.000 0.000 0 -0.001 20.782 -0.0006 20.7819
% 1774620148.8812625 robobot/cmd/ti rc 0.0 0.5
% 1774620148.8942547 robobot/cmd/ti rc 0.0 0.5
% 1774620148.9051733 robobot/cmd/ti rc 0.0 0.5
% 1774620148.9165936 robobot/cmd/ti rc 0.0 0.5
1774620148.9222054 0 -0.004 -0.003 1.945 310 0.00 0.00 0.000 0.000 0 -0.001 20.795 -0.0008 20.7947
% 1774620148.9275782 robobot/cmd/ti rc 0.0 0.5
% 1774620148.93907 robobot/cmd/ti rc 0.0 0.5
% 1774620148.9494433 robobot/cmd/ti rc 0.0 0.5
% 1774620148.9598339 robobot/cmd/ti rc 0.0 0.5
1774620148.9662113 0 -0.003 -0.004 1.957 310 0.00 0.00 0.000 0.000 0 -0.002 20.806 -0.0018 20.8062
% 1774620148.970176 robobot/cmd/ti rc 0.0 0.5
1774620148.9722598 0 -0.003 -0.005 1.960 310 0.00 0.00 0.000 0.000 0 -0.002 20.810 -0.0018 20.8097
% 1774620148.98065 robobot/cmd/ti rc 0.0 0.5
% 1774620148.9910152 robobot/cmd/ti rc 0.0 0.5
% 1774620149.0016563 robobot/cmd/ti rc 0.0 0.5
% 1774620149.0135899 robobot/cmd/ti rc 0.0 0.5
1774620149.0235577 0 -0.003 -0.004 1.990 311 0.00 0.00 0.000 0.000 0 -0.002 20.840 -0.0018 20.8398
% 1774620149.0264406 robobot/cmd/ti rc 0.0 0.5
% 1774620149.0377202 robobot/cmd/ti rc 0.0 0.5
% 1774620149.0481822 robobot/cmd/ti rc 0.0 0.5
% 1774620149.0623097 robobot/cmd/ti rc 0.0 0.5
1774620149.0661917 0 -0.004 -0.003 2.012 311 0.00 0.00 0.000 0.000 0 -0.001 20.862 -0.0008 20.8617
1774620149.0725243 0 -0.004 -0.002 2.018 311 0.00 0.00 0.000 0.000 0 -0.001 20.867 -0.0006 20.8675
% 1774620149.0761864 robobot/cmd/ti rc 0.0 0.5
% 1774620149.086651 robobot/cmd/ti rc 0.0 0.5
% 1774620149.0974805 robobot/cmd/ti rc 0.0 0.5
% 1774620149.109951 robobot/cmd/ti rc 0.0 0.5
% 1774620149.11049 robobot/cmd/T0 servo 1 -900 200
% 1774620149.1210296 robobot/cmd/ti rc 0.0 0.5
1774620149.1218083 0 -0.004 -0.003 2.041 311 0.00 0.00 0.000 0.000 0 -0.000 20.891 -0.0003 20.8906
% 1774620149.1315143 robobot/cmd/ti rc 0.0 0.5
% 1774620149.1419227 robobot/cmd/ti rc 0.0 0.5
% 1774620149.152441 robobot/cmd/ti rc 0.0 0.5
% 1774620149.1611578 robobot/cmd/ti alive 2026-03-27 15:01:41.362915
% 1774620149.1628432 robobot/cmd/ti rc 0.0 0.5
1774620149.1679673 0 -0.004 -0.003 2.062 312 0.00 0.00 0.000 0.000 0 -0.001 20.911 -0.0006 20.9115
1774620149.1740913 0 -0.004 -0.003 2.067 312 0.00 0.00 0.000 0.000 0 -0.001 20.916 -0.0006 20.9161
% 1774620149.1744702 robobot/cmd/ti rc 0.0 0.5
% 1774620149.1851525 robobot/cmd/ti rc 0.0 0.5
% 1774620149.1962037 robobot/cmd/ti rc 0.0 0.5
% 1774620149.2067556 robobot/cmd/ti rc 0.0 0.5
% 1774620149.2194715 robobot/cmd/ti rc 0.0 0.5
1774620149.22315 0 -0.004 -0.003 2.087 312 0.00 0.00 0.000 0.000 0 -0.001 20.937 -0.0006 20.9369
% 1774620149.2313712 robobot/cmd/ti rc 0.0 0.5
% 1774620149.2423627 robobot/cmd/ti rc 0.0 0.5
% 1774620149.2528965 robobot/cmd/ti rc 0.0 0.5
% 1774620149.2632523 robobot/cmd/ti rc 0.0 0.5
1774620149.2661974 0 -0.004 -0.003 2.103 312 0.00 0.00 0.000 0.000 0 -0.001 20.953 -0.0005 20.9531
1774620149.272619 0 -0.003 -0.003 2.107 312 0.00 0.00 0.000 0.000 0 -0.001 20.957 -0.0006 20.9566
% 1774620149.2740493 robobot/cmd/ti rc 0.0 0.5
% 1774620149.2888823 robobot/cmd/ti rc 0.0 0.5
% 1774620149.300431 robobot/cmd/ti rc 0.0 0.5
% 1774620149.3131318 robobot/cmd/ti rc 0.0 0.5
1774620149.3230143 0 -0.003 -0.005 2.119 313 0.00 0.00 0.000 0.000 0 -0.001 20.968 -0.0014 20.9681
% 1774620149.3264253 robobot/cmd/ti rc 0.0 0.5
% 1774620149.3370805 robobot/cmd/ti rc 0.0 0.5
% 1774620149.3481243 robobot/cmd/ti rc 0.0 0.5
% 1774620149.358851 robobot/cmd/ti rc 0.0 0.5
1774620149.3692899 0 -0.003 -0.004 2.142 313 0.00 0.00 0.000 0.000 0 -0.002 20.991 -0.0015 20.9913
% 1774620149.3709073 robobot/cmd/ti rc 0.0 0.5
% 1774620149.3725657 robobot/cmd/T0 servo 1 -900 200
1774620149.3742247 0 -0.003 -0.004 2.147 313 0.00 0.00 0.000 0.000 0 -0.002 20.997 -0.0015 20.9970
% 1774620149.3848763 robobot/cmd/ti rc 0.0 0.5
% 1774620149.3974974 robobot/cmd/ti rc 0.0 0.5
% 1774620149.4152687 robobot/cmd/ti rc 0.0 0.5
% 1774620149.4263916 robobot/cmd/ti rc 0.0 0.5
1774620149.427458 0 -0.004 -0.003 2.172 314 0.00 0.00 0.000 0.000 0 -0.000 21.021 -0.0004 21.0213
% 1774620149.4370012 robobot/cmd/ti rc 0.0 0.5
% 1774620149.4512048 robobot/cmd/ti rc 0.0 0.5
% 1774620149.4658208 robobot/cmd/ti rc 0.0 0.5
1774620149.4677463 0 -0.003 -0.003 2.192 314 0.00 0.00 0.000 0.000 0 -0.001 21.042 -0.0006 21.0421
1774620149.4729862 0 -0.003 -0.003 2.197 314 0.00 0.00 0.000 0.000 0 -0.001 21.047 -0.0007 21.0468
% 1774620149.4777842 robobot/cmd/ti rc 0.0 0.5
% 1774620149.4909046 robobot/cmd/ti rc 0.0 0.5
% 1774620149.5017564 robobot/cmd/ti rc 0.0 0.5
% 1774620149.512216 robobot/cmd/ti rc 0.0 0.5
% 1774620149.5232394 robobot/cmd/ti rc 0.0 0.5
1774620149.5237944 0 -0.003 -0.004 2.221 314 0.00 0.00 0.000 0.000 0 -0.001 21.071 -0.0010 21.0710
% 1774620149.5338442 robobot/cmd/ti rc 0.0 0.5
% 1774620149.5445042 robobot/cmd/ti rc 0.0 0.5
% 1774620149.554904 robobot/cmd/ti rc 0.0 0.5
% 1774620149.5652623 robobot/cmd/ti rc 0.0 0.5
1774620149.566276 0 -0.003 -0.004 2.238 314 0.00 0.00 0.000 0.000 0 -0.001 21.087 -0.0006 21.0872
1774620149.5734353 0 -0.003 -0.003 2.243 314 0.00 0.00 0.000 0.000 0 -0.001 21.093 -0.0006 21.0930
% 1774620149.575968 robobot/cmd/ti rc 0.0 0.5
% 1774620149.5867615 robobot/cmd/ti rc 0.0 0.5
% 1774620149.5998743 robobot/cmd/ti rc 0.0 0.5
% 1774620149.6111915 robobot/cmd/ti rc 0.0 0.5
% 1774620149.6227872 robobot/cmd/ti rc 0.0 0.5
% 1774620149.6236987 robobot/cmd/T0 servo 1 -900 200
1774620149.6258953 0 -0.003 -0.004 2.267 315 0.00 0.00 0.000 0.000 0 -0.001 21.116 -0.0006 21.1161
% 1774620149.6342075 robobot/cmd/ti rc 0.0 0.5
% 1774620149.6447656 robobot/cmd/ti rc 0.0 0.5
% 1774620149.6557763 robobot/cmd/ti rc 0.0 0.5
1774620149.6662064 0 -0.003 -0.004 2.276 315 0.00 0.00 0.000 0.000 0 -0.001 21.125 -0.0011 21.1254
% 1774620149.6666958 robobot/cmd/ti rc 0.0 0.5
% 1774620149.667198 robobot/cmd/ti alive 2026-03-27 15:01:41.362915
1774620149.6736784 0 -0.003 -0.005 2.279 315 0.00 0.00 0.000 0.000 0 -0.001 21.129 -0.0013 21.1289
% 1774620149.6775296 robobot/cmd/ti rc 0.0 0.5
% 1774620149.6906111 robobot/cmd/ti rc 0.0 0.5
% 1774620149.7011864 robobot/cmd/ti rc 0.0 0.5
% 1774620149.7116468 robobot/cmd/ti rc 0.0 0.5
% 1774620149.7219799 robobot/cmd/ti rc 0.0 0.5
1774620149.7228682 0 -0.003 -0.004 2.307 316 0.00 0.00 0.000 0.000 0 -0.001 21.157 -0.0013 21.1566
% 1774620149.7327154 robobot/cmd/ti rc 0.0 0.5
% 1774620149.7440903 robobot/cmd/ti rc 0.0 0.5
% 1774620149.756701 robobot/cmd/ti rc 0.0 0.5
1774620149.7659192 0 -0.004 -0.003 2.325 316 0.00 0.00 0.000 0.000 0 -0.000 21.175 -0.0003 21.1751
% 1774620149.767405 robobot/cmd/ti rc 0.0 0.5
1774620149.773102 0 -0.003 -0.004 2.330 316 0.00 0.00 0.000 0.000 0 -0.000 21.180 -0.0003 21.1798
% 1774620149.7783537 robobot/cmd/ti rc 0.0 0.5
% 1774620149.7894964 robobot/cmd/ti rc 0.0 0.5
% 1774620149.799964 robobot/cmd/ti rc 0.0 0.5
% 1774620149.8112416 robobot/cmd/ti rc 0.0 0.5
% 1774620149.824164 robobot/cmd/ti rc 0.0 0.5
1774620149.8248403 0 -0.003 -0.004 2.356 316 0.00 0.00 0.000 0.000 0 -0.001 21.205 -0.0007 21.2052
% 1774620149.8350723 robobot/cmd/ti rc 0.0 0.5
% 1774620149.8460414 robobot/cmd/ti rc 0.0 0.5
% 1774620149.8571503 robobot/cmd/ti rc 0.0 0.5
1774620149.867961 0 -0.003 -0.004 2.373 317 0.00 0.00 0.000 0.000 0 -0.001 21.222 -0.0009 21.2225
% 1774620149.870508 robobot/cmd/ti rc 0.0 0.5
1774620149.874113 0 -0.003 -0.004 2.378 317 0.00 0.00 0.000 0.000 0 -0.001 21.227 -0.0010 21.2272
% 1774620149.880983 robobot/cmd/ti rc 0.0 0.5
% 1774620149.8813603 robobot/cmd/T0 servo 1 -900 200
% 1774620149.8938212 robobot/cmd/ti rc 0.0 0.5
% 1774620149.9043672 robobot/cmd/ti rc 0.0 0.5
% 1774620149.9147694 robobot/cmd/ti rc 0.0 0.5
1774620149.9234984 0 -0.003 -0.004 2.401 317 0.00 0.00 0.000 0.000 0 -0.001 21.250 -0.0006 21.2503
% 1774620149.9261978 robobot/cmd/ti rc 0.0 0.5
% 1774620149.9366188 robobot/cmd/ti rc 0.0 0.5
% 1774620149.9481149 robobot/cmd/ti rc 0.0 0.5
% 1774620149.9587235 robobot/cmd/ti rc 0.0 0.5
1774620149.9662075 0 -0.003 -0.004 2.421 317 0.00 0.00 0.000 0.000 0 -0.001 21.271 -0.0006 21.2711
% 1774620149.9690986 robobot/cmd/ti rc 0.0 0.5
1774620149.9744194 0 -0.003 -0.004 2.425 317 0.00 0.00 0.000 0.000 0 -0.001 21.275 -0.0006 21.2746
% 1774620149.9800427 robobot/cmd/ti rc 0.0 0.5
% 1774620149.9906752 robobot/cmd/ti rc 0.0 0.5
% 1774620150.0011485 robobot/cmd/ti rc 0.0 0.5
% 1774620150.0116198 robobot/cmd/ti rc 0.0 0.5
% 1774620150.0229495 robobot/cmd/ti rc 0.0 0.5
1774620150.0254335 0 -0.002 -0.005 2.438 318 0.00 0.00 0.000 0.000 0 -0.001 21.287 -0.0012 21.2873
% 1774620150.0335906 robobot/cmd/ti rc 0.0 0.5
% 1774620150.0453863 robobot/cmd/ti rc 0.0 0.5
% 1774620150.0571527 robobot/cmd/ti rc 0.0 0.5
1774620150.066607 0 -0.002 -0.005 2.458 318 0.00 0.00 0.000 0.000 0 -0.002 21.308 -0.0015 21.3081
% 1774620150.067612 robobot/cmd/ti rc 0.0 0.5
1774620150.0737433 0 -0.003 -0.004 2.463 318 0.00 0.00 0.000 0.000 0 -0.001 21.313 -0.0014 21.3127
% 1774620150.0793974 robobot/cmd/ti rc 0.0 0.5
% 1774620150.089886 robobot/cmd/ti rc 0.0 0.5
% 1774620150.1002998 robobot/cmd/ti rc 0.0 0.5
% 1774620150.1115928 robobot/cmd/ti rc 0.0 0.5
% 1774620150.1229954 robobot/cmd/ti rc 0.0 0.5
1774620150.124233 0 -0.003 -0.004 2.490 318 0.00 0.00 0.000 0.000 0 -0.000 21.339 -0.0004 21.3393
% 1774620150.1337554 robobot/cmd/ti rc 0.0 0.5
% 1774620150.134692 robobot/cmd/T0 servo 1 -900 200
% 1774620150.1461287 robobot/cmd/ti rc 0.0 0.5
% 1774620150.156867 robobot/cmd/ti rc 0.0 0.5
1774620150.166615 0 -0.003 -0.004 2.508 319 0.00 0.00 0.000 0.000 0 -0.001 21.358 -0.0007 21.3578
% 1774620150.1679208 robobot/cmd/ti rc 0.0 0.5
% 1774620150.1718721 robobot/cmd/ti alive 2026-03-27 15:01:41.362915
1774620150.1743748 0 -0.003 -0.004 2.514 319 0.00 0.00 0.000 0.000 0 -0.001 21.364 -0.0007 21.3636
% 1774620150.1792161 robobot/cmd/ti rc 0.0 0.5
% 1774620150.1931062 robobot/cmd/ti rc 0.0 0.5
% 1774620150.2042992 robobot/cmd/ti rc 0.0 0.5
% 1774620150.2219565 robobot/cmd/ti rc 0.0 0.5
1774620150.2242138 0 -0.003 -0.004 2.534 319 0.00 0.00 0.000 0.000 0 -0.001 21.383 -0.0009 21.3833
% 1774620150.2324195 robobot/cmd/ti rc 0.0 0.5
% 1774620150.2436612 robobot/cmd/ti rc 0.0 0.5
% 1774620150.2575185 robobot/cmd/ti rc 0.0 0.5
1774620150.266009 0 -0.003 -0.004 2.554 319 0.00 0.00 0.000 0.000 0 -0.001 21.404 -0.0006 21.4041
% 1774620150.267981 robobot/cmd/ti rc 0.0 0.5
1774620150.2752705 0 -0.003 -0.004 2.559 319 0.00 0.00 0.000 0.000 0 -0.001 21.409 -0.0005 21.4087
% 1774620150.2783937 robobot/cmd/ti rc 0.0 0.5
% 1774620150.289089 robobot/cmd/ti rc 0.0 0.5
% 1774620150.2995753 robobot/cmd/ti rc 0.0 0.5
% 1774620150.3101022 robobot/cmd/ti rc 0.0 0.5
% 1774620150.3211236 robobot/cmd/ti rc 0.0 0.5
1774620150.323515 0 -0.003 -0.004 2.583 320 0.00 0.00 0.000 0.000 0 -0.001 21.433 -0.0007 21.4330
% 1774620150.3330522 robobot/cmd/ti rc 0.0 0.5
% 1774620150.3460681 robobot/cmd/ti rc 0.0 0.5
% 1774620150.3572078 robobot/cmd/ti rc 0.0 0.5
1774620150.366855 0 -0.002 -0.005 2.595 320 0.00 0.00 0.000 0.000 0 -0.001 21.445 -0.0009 21.4446
% 1774620150.3676264 robobot/cmd/ti rc 0.0 0.5
1774620150.3752875 0 -0.002 -0.005 2.597 320 0.00 0.00 0.000 0.000 0 -0.001 21.447 -0.0010 21.4469
% 1774620150.3782725 robobot/cmd/ti rc 0.0 0.5
% 1774620150.3906257 robobot/cmd/ti rc 0.0 0.5
% 1774620150.3913112 robobot/cmd/T0 servo 1 -900 200
% 1774620150.4018412 robobot/cmd/ti rc 0.0 0.5
% 1774620150.4124606 robobot/cmd/ti rc 0.0 0.5
% 1774620150.4233036 robobot/cmd/ti rc 0.0 0.5
1774620150.4245312 0 -0.002 -0.005 2.614 320 0.00 0.00 0.000 0.000 0 -0.002 21.463 -0.0018 21.4631
% 1774620150.4341626 robobot/cmd/ti rc 0.0 0.5
% 1774620150.4461777 robobot/cmd/ti rc 0.0 0.5
% 1774620150.456511 robobot/cmd/ti rc 0.0 0.5
% 1774620150.467349 robobot/cmd/ti rc 0.0 0.5
1774620150.468102 0 -0.002 -0.004 2.638 321 0.00 0.00 0.000 0.000 0 -0.001 21.487 -0.0008 21.4874
1774620150.4748642 0 -0.002 -0.004 2.645 321 0.00 0.00 0.000 0.000 0 -0.001 21.494 -0.0008 21.4943
% 1774620150.477927 robobot/cmd/ti rc 0.0 0.5
% 1774620150.4886255 robobot/cmd/ti rc 0.0 0.5
% 1774620150.4993436 robobot/cmd/ti rc 0.0 0.5
% 1774620150.5101986 robobot/cmd/ti rc 0.0 0.5
% 1774620150.5207717 robobot/cmd/ti rc 0.0 0.5
1774620150.525161 0 -0.002 -0.004 2.670 321 0.00 0.00 0.000 0.000 0 -0.001 21.520 -0.0007 21.5197
% 1774620150.5312417 robobot/cmd/ti rc 0.0 0.5
% 1774620150.5431027 robobot/cmd/ti rc 0.0 0.5
% 1774620150.5544171 robobot/cmd/ti rc 0.0 0.5
% 1774620150.5652204 robobot/cmd/ti rc 0.0 0.5
1774620150.5664177 0 -0.002 -0.005 2.688 321 0.00 0.00 0.000 0.000 0 -0.001 21.537 -0.0008 21.5371
1774620150.5747018 0 -0.002 -0.005 2.691 321 0.00 0.00 0.000 0.000 0 -0.001 21.541 -0.0008 21.5406
% 1774620150.5756226 robobot/cmd/ti rc 0.0 0.5
% 1774620150.5905805 robobot/cmd/ti rc 0.0 0.5
% 1774620150.6012664 robobot/cmd/ti rc 0.0 0.5
% 1774620150.6155915 robobot/cmd/ti rc 0.0 0.5
1774620150.625015 0 -0.003 -0.004 2.718 322 0.00 0.00 0.000 0.000 0 -0.001 21.567 -0.0005 21.5672
% 1774620150.6280222 robobot/cmd/ti rc 0.0 0.5
% 1774620150.6384852 robobot/cmd/ti rc 0.0 0.5
% 1774620150.6492488 robobot/cmd/ti rc 0.0 0.5
% 1774620150.65185 robobot/cmd/T0 servo 1 -900 200
% 1774620150.6642153 robobot/cmd/ti rc 0.0 0.5
1774620150.6661527 0 -0.002 -0.004 2.735 322 0.00 0.00 0.000 0.000 0 -0.001 21.584 -0.0007 21.5845
% 1774620150.6751275 robobot/cmd/ti alive 2026-03-27 15:01:41.362915
% 1774620150.67531 robobot/cmd/ti rc 0.0 0.5
1774620150.6770315 0 -0.002 -0.005 2.741 322 0.00 0.00 0.000 0.000 0 -0.001 21.590 -0.0007 21.5903
% 1774620150.6865454 robobot/cmd/ti rc 0.0 0.5
% 1774620150.697212 robobot/cmd/ti rc 0.0 0.5
% 1774620150.7076776 robobot/cmd/ti rc 0.0 0.5
% 1774620150.720218 robobot/cmd/ti rc 0.0 0.5
1774620150.7261147 0 -0.002 -0.005 2.757 323 0.00 0.00 0.000 0.000 0 -0.001 21.606 -0.0009 21.6065
% 1774620150.7309186 robobot/cmd/ti rc 0.0 0.5
% 1774620150.744524 robobot/cmd/ti rc 0.0 0.5
% 1774620150.7566068 robobot/cmd/ti rc 0.0 0.5
1774620150.766516 0 -0.001 -0.005 2.763 323 0.00 0.00 0.000 0.000 0 -0.002 21.612 -0.0016 21.6123
% 1774620150.7672489 robobot/cmd/ti rc 0.0 0.5
1774620150.7764122 0 -0.001 -0.005 2.766 323 0.00 0.00 0.000 0.000 0 -0.002 21.616 -0.0017 21.6157
% 1774620150.7783368 robobot/cmd/ti rc 0.0 0.5
% 1774620150.7890642 robobot/cmd/ti rc 0.0 0.5
% 1774620150.800496 robobot/cmd/ti rc 0.0 0.5
% 1774620150.8123865 robobot/cmd/ti rc 0.0 0.5
% 1774620150.823082 robobot/cmd/ti rc 0.0 0.5
1774620150.8256347 0 -0.002 -0.005 2.800 323 0.00 0.00 0.000 0.000 0 -0.001 21.649 -0.0011 21.6493
% 1774620150.8336372 robobot/cmd/ti rc 0.0 0.5
% 1774620150.8464475 robobot/cmd/ti rc 0.0 0.5
% 1774620150.863528 robobot/cmd/ti rc 0.0 0.5
1774620150.866377 0 -0.002 -0.005 2.822 324 0.00 0.00 0.000 0.000 0 -0.001 21.671 -0.0007 21.6712
% 1774620150.875497 robobot/cmd/ti rc 0.0 0.5
1774620150.879271 0 -0.002 -0.005 2.827 324 0.00 0.00 0.000 0.000 0 -0.001 21.677 -0.0007 21.6770
% 1774620150.887594 robobot/cmd/ti rc 0.0 0.5
% 1774620150.898148 robobot/cmd/ti rc 0.0 0.5
% 1774620150.9085977 robobot/cmd/ti rc 0.0 0.5
% 1774620150.9109397 robobot/cmd/T0 servo 1 -900 200
% 1774620150.9224944 robobot/cmd/ti rc 0.0 0.5
1774620150.9248762 0 -0.002 -0.005 2.849 324 0.00 0.00 0.000 0.000 0 -0.001 21.699 -0.0007 21.6990
% 1774620150.9330578 robobot/cmd/ti rc 0.0 0.5
% 1774620150.9435093 robobot/cmd/ti rc 0.0 0.5
% 1774620150.9549668 robobot/cmd/ti rc 0.0 0.5
% 1774620150.9658628 robobot/cmd/ti rc 0.0 0.5
1774620150.966464 0 -0.002 -0.005 2.867 324 0.00 0.00 0.000 0.000 0 -0.001 21.716 -0.0007 21.7163
1774620150.9745748 0 -0.002 -0.005 2.873 324 0.00 0.00 0.000 0.000 0 -0.001 21.722 -0.0006 21.7221
% 1774620150.976219 robobot/cmd/ti rc 0.0 0.5
% 1774620150.9883776 robobot/cmd/ti rc 0.0 0.5
% 1774620150.9988914 robobot/cmd/ti rc 0.0 0.5
% 1774620151.0114028 robobot/cmd/ti rc 0.0 0.5
% 1774620151.0234277 robobot/cmd/ti rc 0.0 0.5
1774620151.0274467 0 -0.002 -0.005 2.897 325 0.00 0.00 0.000 0.000 0 -0.001 21.746 -0.0007 21.7464
% 1774620151.0344348 robobot/cmd/ti rc 0.0 0.5
% 1774620151.0452251 robobot/cmd/ti rc 0.0 0.5
% 1774620151.0565202 robobot/cmd/ti rc 0.0 0.5
1774620151.0665123 0 -0.002 -0.005 2.914 325 0.00 0.00 0.000 0.000 0 -0.001 21.764 -0.0007 21.7637
% 1774620151.0672176 robobot/cmd/ti rc 0.0 0.5
1774620151.076961 0 -0.001 -0.005 2.915 325 0.00 0.00 0.000 0.000 0 -0.001 21.765 -0.0008 21.7649
% 1774620151.0785053 robobot/cmd/ti rc 0.0 0.5
% 1774620151.090028 robobot/cmd/ti rc 0.0 0.5
% 1774620151.1005347 robobot/cmd/ti rc 0.0 0.5
% 1774620151.1110148 robobot/cmd/ti rc 0.0 0.5
% 1774620151.1220818 robobot/cmd/ti rc 0.0 0.5
1774620151.1251266 0 -0.001 -0.005 2.923 326 0.00 0.00 0.000 0.000 0 -0.001 21.773 -0.0013 21.7730
% 1774620151.1333036 robobot/cmd/ti rc 0.0 0.5
% 1774620151.1458082 robobot/cmd/ti rc 0.0 0.5
% 1774620151.1568027 robobot/cmd/ti rc 0.0 0.5
1774620151.1665897 0 -0.001 -0.005 2.951 326 0.00 0.00 0.000 0.000 0 -0.001 21.801 -0.0011 21.8008
% 1774620151.167316 robobot/cmd/ti rc 0.0 0.5
% 1774620151.167513 robobot/cmd/T0 servo 1 -900 200
1774620151.1767697 0 -0.001 -0.005 2.958 326 0.00 0.00 0.000 0.000 0 -0.001 21.808 -0.0011 21.8077
% 1774620151.178042 robobot/cmd/ti rc 0.0 0.5
% 1774620151.1800702 robobot/cmd/ti alive 2026-03-27 15:01:41.362915
% 1774620151.1886196 robobot/cmd/ti rc 0.0 0.5
% 1774620151.1998923 robobot/cmd/ti rc 0.0 0.5
% 1774620151.21066 robobot/cmd/ti rc 0.0 0.5
% 1774620151.2212267 robobot/cmd/ti rc 0.0 0.5
1774620151.2261145 0 -0.001 -0.005 2.983 326 0.00 0.00 0.000 0.000 0 -0.001 21.833 -0.0008 21.8331
% 1774620151.2315762 robobot/cmd/ti rc 0.0 0.5
% 1774620151.2420678 robobot/cmd/ti rc 0.0 0.5
% 1774620151.254412 robobot/cmd/ti rc 0.0 0.5
% 1774620151.2656865 robobot/cmd/ti rc 0.0 0.5
1774620151.26744 0 -0.002 -0.005 3.002 327 0.00 0.00 0.000 0.000 0 -0.001 21.852 -0.0007 21.8516
1774620151.2764661 0 -0.002 -0.005 3.007 327 0.00 0.00 0.000 0.000 0 -0.001 21.856 -0.0007 21.8563
% 1774620151.278265 robobot/cmd/ti rc 0.0 0.5
% 1774620151.2896469 robobot/cmd/ti rc 0.0 0.5
% 1774620151.3001933 robobot/cmd/ti rc 0.0 0.5
% 1774620151.3107815 robobot/cmd/ti rc 0.0 0.5
% 1774620151.3243134 robobot/cmd/ti rc 0.0 0.5
1774620151.327265 0 -0.002 -0.005 3.030 327 0.00 0.00 0.000 0.000 0 -0.001 21.879 -0.0008 21.8794
% 1774620151.3347864 robobot/cmd/ti rc 0.0 0.5
% 1774620151.347723 robobot/cmd/ti rc 0.0 0.5
% 1774620151.3587303 robobot/cmd/ti rc 0.0 0.5
1774620151.3669248 0 -0.001 -0.005 3.049 327 0.00 0.00 0.000 0.000 0 -0.001 21.899 -0.0006 21.8990
% 1774620151.3692803 robobot/cmd/ti rc 0.0 0.5
1774620151.3759112 0 -0.001 -0.005 3.054 327 0.00 0.00 0.000 0.000 0 -0.001 21.904 -0.0007 21.9037
% 1774620151.3800359 robobot/cmd/ti rc 0.0 0.5
% 1774620151.3905191 robobot/cmd/ti rc 0.0 0.5
% 1774620151.4011085 robobot/cmd/ti rc 0.0 0.5
% 1774620151.413345 robobot/cmd/ti rc 0.0 0.5
% 1774620151.4243302 robobot/cmd/ti rc 0.0 0.5
% 1774620151.4245765 robobot/cmd/T0 servo 1 -900 200
1774620151.426884 0 -0.001 -0.005 3.075 328 0.00 0.00 0.000 0.000 0 -0.001 21.924 -0.0007 21.9245
% 1774620151.4362104 robobot/cmd/ti rc 0.0 0.5
% 1774620151.448639 robobot/cmd/ti rc 0.0 0.5
% 1774620151.4600565 robobot/cmd/ti rc 0.0 0.5
1774620151.4668775 0 -0.001 -0.005 3.079 328 0.00 0.00 0.000 0.000 0 -0.001 21.929 -0.0010 21.9291
% 1774620151.4711535 robobot/cmd/ti rc 0.0 0.5
1774620151.476959 0 -0.000 -0.005 3.082 328 0.00 0.00 0.000 0.000 0 -0.001 21.931 -0.0010 21.9314
% 1774620151.4848392 robobot/cmd/ti rc 0.0 0.5
% 1774620151.4998794 robobot/cmd/ti rc 0.0 0.5
% 1774620151.5103045 robobot/cmd/ti rc 0.0 0.5
% 1774620151.5232184 robobot/cmd/ti rc 0.0 0.5
1774620151.5310886 0 -0.000 -0.005 3.110 329 0.00 0.00 0.000 0.000 0 -0.002 21.959 -0.0019 21.9592
% 1774620151.5350702 robobot/cmd/ti rc 0.0 0.5
% 1774620151.5461102 robobot/cmd/ti rc 0.0 0.5
% 1774620151.5574803 robobot/cmd/ti rc 0.0 0.5
% 1774620151.5696967 robobot/cmd/ti rc 0.0 0.5
1774620151.5718064 0 -0.001 -0.005 3.136 329 0.00 0.00 0.000 0.000 0 -0.001 21.986 -0.0010 21.9858
1774620151.5773542 0 -0.001 -0.005 3.141 329 0.00 0.00 0.000 0.000 0 -0.001 21.990 -0.0008 21.9904
% 1774620151.5809002 robobot/cmd/ti rc 0.0 0.5
% 1774620151.5935476 robobot/cmd/ti rc 0.0 0.5
% 1774620151.604107 robobot/cmd/ti rc 0.0 0.5
% 1774620151.615841 robobot/cmd/ti rc 0.0 0.5
1774620151.6265342 0 -0.001 -0.005 -3.120 329 0.00 0.00 0.000 0.000 0 -0.001 22.012 -0.0005 22.0123
% 1774620151.6268487 robobot/cmd/ti rc 0.0 0.5
% 1774620151.6372802 robobot/cmd/ti rc 0.0 0.5
% 1774620151.6485736 robobot/cmd/ti rc 0.0 0.5
% 1774620151.659004 robobot/cmd/ti rc 0.0 0.5
1774620151.6670322 0 -0.001 -0.005 -3.104 329 0.00 0.00 0.000 0.000 0 -0.001 22.029 -0.0007 22.0285
% 1774620151.6694448 robobot/cmd/ti rc 0.0 0.5
1774620151.6757274 0 -0.001 -0.005 -3.097 329 0.00 0.00 0.000 0.000 0 -0.001 22.035 -0.0008 22.0354
% 1774620151.6799624 robobot/cmd/ti rc 0.0 0.5
% 1774620151.6803706 robobot/cmd/T0 servo 1 -900 200
% 1774620151.6865544 robobot/cmd/ti alive 2026-03-27 15:01:41.362915
% 1774620151.6911793 robobot/cmd/ti rc 0.0 0.5
% 1774620151.7034388 robobot/cmd/ti rc 0.0 0.5
% 1774620151.7152998 robobot/cmd/ti rc 0.0 0.5
% 1774620151.7267225 robobot/cmd/ti rc 0.0 0.5
1774620151.7274628 0 -0.001 -0.005 -3.074 330 0.00 0.00 0.000 0.000 0 -0.001 22.059 -0.0006 22.0586
% 1774620151.7372124 robobot/cmd/ti rc 0.0 0.5
% 1774620151.7476792 robobot/cmd/ti rc 0.0 0.5
% 1774620151.7586904 robobot/cmd/ti rc 0.0 0.5
1774620151.7663612 0 -0.001 -0.005 -3.054 330 0.00 0.00 0.000 0.000 0 -0.001 22.078 -0.0007 22.0782
% 1774620151.769276 robobot/cmd/ti rc 0.0 0.5
1774620151.7764878 0 -0.001 -0.005 -3.050 330 0.00 0.00 0.000 0.000 0 -0.001 22.083 -0.0007 22.0828
% 1774620151.7799733 robobot/cmd/ti rc 0.0 0.5
% 1774620151.7920556 robobot/cmd/ti rc 0.0 0.5
% 1774620151.803057 robobot/cmd/ti rc 0.0 0.5
% 1774620151.8160977 robobot/cmd/ti rc 0.0 0.5
1774620151.8252964 0 -0.000 -0.005 -3.043 330 0.00 0.00 0.000 0.000 0 -0.001 22.090 -0.0007 22.0898
% 1774620151.8264456 robobot/cmd/ti rc 0.0 0.5
% 1774620151.8367703 robobot/cmd/ti rc 0.0 0.5
% 1774620151.848971 robobot/cmd/ti rc 0.0 0.5
% 1774620151.8623333 robobot/cmd/ti rc 0.0 0.5
1774620151.8669755 0 0.001 -0.005 -3.026 331 0.00 0.00 0.000 0.000 0 -0.002 22.107 -0.0017 22.1071
% 1774620151.875153 robobot/cmd/ti rc 0.0 0.5
1774620151.8769324 0 0.000 -0.005 -3.019 331 0.00 0.00 0.000 0.000 0 -0.002 22.114 -0.0018 22.1141
% 1774620151.8873198 robobot/cmd/ti rc 0.0 0.5
% 1774620151.8980045 robobot/cmd/ti rc 0.0 0.5
% 1774620151.9096138 robobot/cmd/ti rc 0.0 0.5
% 1774620151.9230669 robobot/cmd/ti rc 0.0 0.5
1774620151.927173 0 -0.001 -0.005 -2.986 331 0.00 0.00 0.000 0.000 0 -0.001 22.146 -0.0009 22.1464
% 1774620151.936179 robobot/cmd/ti rc 0.0 0.5
% 1774620151.9364393 robobot/cmd/T0 servo 1 -900 200
% 1774620151.94776 robobot/cmd/ti rc 0.0 0.5
% 1774620151.9581547 robobot/cmd/ti rc 0.0 0.5
1774620151.9674964 0 -0.001 -0.005 -2.969 331 0.00 0.00 0.000 0.000 0 -0.000 22.164 -0.0005 22.1638
% 1774620151.9685924 robobot/cmd/ti rc 0.0 0.5
1774620151.976657 0 -0.001 -0.005 -2.964 331 0.00 0.00 0.000 0.000 0 -0.000 22.168 -0.0004 22.1684
% 1774620151.9793231 robobot/cmd/ti rc 0.0 0.5
% 1774620151.9897692 robobot/cmd/ti rc 0.0 0.5
% 1774620152.0012045 robobot/cmd/ti rc 0.0 0.5
% 1774620152.0118616 robobot/cmd/ti rc 0.0 0.5
% 1774620152.0264158 robobot/cmd/ti rc 0.0 0.5
1774620152.0280874 0 -0.000 -0.005 -2.945 332 0.00 0.00 0.000 0.000 0 -0.001 22.188 -0.0007 22.1881
% 1774620152.0402489 robobot/cmd/ti rc 0.0 0.5
% 1774620152.053125 robobot/cmd/ti rc 0.0 0.5
% 1774620152.0636644 robobot/cmd/ti rc 0.0 0.5
1774620152.0671806 0 -0.000 -0.005 -2.923 332 0.00 0.00 0.000 0.000 0 -0.001 22.210 -0.0007 22.2100
% 1774620152.124549 robobot/cmd/ti rc 0.0 0.5
1774620152.1250389 0 -0.000 -0.005 -2.918 332 0.00 0.00 0.000 0.000 0 -0.001 22.215 -0.0006 22.2147
% 1774620152.1353338 robobot/cmd/ti rc 0.0 0.5
1774620152.1364856 0 -0.000 -0.005 -2.896 332 0.00 0.00 0.000 0.000 0 -0.001 22.237 -0.0006 22.2366
% 1774620152.1457865 robobot/cmd/ti rc 0.0 0.5
% 1774620152.1570728 robobot/cmd/ti rc 0.0 0.5
% 1774620152.1674817 robobot/cmd/ti rc 0.0 0.5
1774620152.167774 0 -0.000 -0.005 -2.886 332 0.00 0.00 0.000 0.000 0 -0.000 22.247 -0.0004 22.2470
1774620152.1769812 0 0.000 -0.005 -2.882 332 0.00 0.00 0.000 0.000 0 -0.000 22.251 -0.0005 22.2505
% 1774620152.1779623 robobot/cmd/ti rc 0.0 0.5
% 1774620152.1883004 robobot/cmd/ti rc 0.0 0.5
% 1774620152.1886477 robobot/cmd/T0 servo 1 -900 200
% 1774620152.1995018 robobot/cmd/ti rc 0.0 0.5
% 1774620152.210538 robobot/cmd/ti rc 0.0 0.5
% 1774620152.223094 robobot/cmd/ti alive 2026-03-27 15:01:41.362915
% 1774620152.2233164 robobot/cmd/ti rc 0.0 0.5
1774620152.2272544 0 0.001 -0.005 -2.861 333 0.00 0.00 0.000 0.000 0 -0.002 22.271 -0.0017 22.2713
% 1774620152.2337708 robobot/cmd/ti rc 0.0 0.5
% 1774620152.2452765 robobot/cmd/ti rc 0.0 0.5
% 1774620152.256671 robobot/cmd/ti rc 0.0 0.5
1774620152.2677228 0 0.000 -0.005 -2.837 333 0.00 0.00 0.000 0.000 0 -0.001 22.296 -0.0012 22.2956
% 1774620152.2679796 robobot/cmd/ti rc 0.0 0.5
1774620152.2771444 0 0.000 -0.005 -2.833 333 0.00 0.00 0.000 0.000 0 -0.001 22.300 -0.0011 22.3002
% 1774620152.278756 robobot/cmd/ti rc 0.0 0.5
% 1774620152.2893405 robobot/cmd/ti rc 0.0 0.5
% 1774620152.2997 robobot/cmd/ti rc 0.0 0.5
% 1774620152.3113308 robobot/cmd/ti rc 0.0 0.5
% 1774620152.322259 robobot/cmd/ti rc 0.0 0.5
1774620152.3291862 0 -0.000 -0.005 -2.808 334 0.00 0.00 0.000 0.000 0 -0.001 22.325 -0.0006 22.3245
% 1774620152.3331108 robobot/cmd/ti rc 0.0 0.5
% 1774620152.3439171 robobot/cmd/ti rc 0.0 0.5
% 1774620152.3568475 robobot/cmd/ti rc 0.0 0.5
1774620152.3673406 0 0.000 -0.005 -2.790 334 0.00 0.00 0.000 0.000 0 -0.001 22.343 -0.0006 22.3430
% 1774620152.3677099 robobot/cmd/ti rc 0.0 0.5
1774620152.3762517 0 0.000 -0.005 -2.786 334 0.00 0.00 0.000 0.000 0 -0.001 22.347 -0.0007 22.3465
% 1774620152.3782213 robobot/cmd/ti rc 0.0 0.5
% 1774620152.3892353 robobot/cmd/ti rc 0.0 0.5
% 1774620152.3997264 robobot/cmd/ti rc 0.0 0.5
% 1774620152.410488 robobot/cmd/ti rc 0.0 0.5
% 1774620152.4212418 robobot/cmd/ti rc 0.0 0.5
1774620152.427129 0 0.000 -0.005 -2.758 334 0.00 0.00 0.000 0.000 0 -0.001 22.374 -0.0007 22.3743
% 1774620152.4315858 robobot/cmd/ti rc 0.0 0.5
% 1774620152.4420927 robobot/cmd/ti rc 0.0 0.5
% 1774620152.442359 robobot/cmd/T0 servo 1 -900 200
% 1774620152.453097 robobot/cmd/ti rc 0.0 0.5
% 1774620152.47189 robobot/cmd/ti rc 0.0 0.5
1774620152.4750748 0 -0.000 -0.005 -2.741 335 0.00 0.00 0.000 0.000 0 -0.001 22.392 -0.0007 22.3916
1774620152.4790287 0 -0.000 -0.005 -2.739 335 0.00 0.00 0.000 0.000 0 -0.001 22.394 -0.0006 22.3939
% 1774620152.4856713 robobot/cmd/ti rc 0.0 0.5
% 1774620152.4973261 robobot/cmd/ti rc 0.0 0.5
% 1774620152.507733 robobot/cmd/ti rc 0.0 0.5
% 1774620152.5184128 robobot/cmd/ti rc 0.0 0.5
% 1774620152.529759 robobot/cmd/ti rc 0.0 0.5
1774620152.5305192 0 0.001 -0.005 -2.721 335 0.00 0.00 0.000 0.000 0 -0.001 22.411 -0.0006 22.4113
% 1774620152.542153 robobot/cmd/ti rc 0.0 0.5
% 1774620152.5530906 robobot/cmd/ti rc 0.0 0.5
% 1774620152.5636137 robobot/cmd/ti rc 0.0 0.5
1774620152.5672903 0 0.002 -0.004 -2.711 335 0.00 0.00 0.000 0.000 0 -0.002 22.422 -0.0015 22.4217
% 1774620152.574132 robobot/cmd/ti rc 0.0 0.5
1774620152.5766654 0 0.002 -0.004 -2.708 335 0.00 0.00 0.000 0.000 0 -0.002 22.425 -0.0017 22.4251
% 1774620152.5865703 robobot/cmd/ti rc 0.0 0.5
% 1774620152.597273 robobot/cmd/ti rc 0.0 0.5
% 1774620152.6110237 robobot/cmd/ti rc 0.0 0.5
% 1774620152.621572 robobot/cmd/ti rc 0.0 0.5
1774620152.6278586 0 0.001 -0.005 -2.678 336 0.00 0.00 0.000 0.000 0 -0.001 22.455 -0.0015 22.4552
% 1774620152.633331 robobot/cmd/ti rc 0.0 0.5
% 1774620152.6437974 robobot/cmd/ti rc 0.0 0.5
% 1774620152.6543417 robobot/cmd/ti rc 0.0 0.5
% 1774620152.6648135 robobot/cmd/ti rc 0.0 0.5
1774620152.6680827 0 0.000 -0.005 -2.653 336 0.00 0.00 0.000 0.000 0 -0.001 22.480 -0.0006 22.4795
% 1774620152.6754944 robobot/cmd/ti rc 0.0 0.5
1774620152.6800199 0 0.000 -0.005 -2.647 336 0.00 0.00 0.000 0.000 0 -0.000 22.485 -0.0005 22.4853
% 1774620152.686105 robobot/cmd/ti rc 0.0 0.5
% 1774620152.6966882 robobot/cmd/ti rc 0.0 0.5
% 1774620152.6969457 robobot/cmd/T0 servo 1 -900 200
% 1774620152.7074213 robobot/cmd/ti rc 0.0 0.5
% 1774620152.7180555 robobot/cmd/ti rc 0.0 0.5
1774620152.7277377 0 0.001 -0.005 -2.627 336 0.00 0.00 0.000 0.000 0 -0.000 22.506 -0.0004 22.5061
% 1774620152.728559 robobot/cmd/ti rc 0.0 0.5
% 1774620152.7314422 robobot/cmd/ti alive 2026-03-27 15:01:41.362915
% 1774620152.743822 robobot/cmd/ti rc 0.0 0.5
% 1774620152.7541602 robobot/cmd/ti rc 0.0 0.5
% 1774620152.7655373 robobot/cmd/ti rc 0.0 0.5
1774620152.769342 0 0.001 -0.005 -2.608 337 0.00 0.00 0.000 0.000 0 -0.001 22.525 -0.0008 22.5246
% 1774620152.7768335 robobot/cmd/ti rc 0.0 0.5
1774620152.7780805 0 0.001 -0.005 -2.603 337 0.00 0.00 0.000 0.000 0 -0.001 22.529 -0.0007 22.5292
% 1774620152.7882867 robobot/cmd/ti rc 0.0 0.5
% 1774620152.7993693 robobot/cmd/ti rc 0.0 0.5
% 1774620152.8099082 robobot/cmd/ti rc 0.0 0.5
% 1774620152.8218853 robobot/cmd/ti rc 0.0 0.5
1774620152.828241 0 0.000 -0.005 -2.584 337 0.00 0.00 0.000 0.000 0 -0.001 22.549 -0.0006 22.5489
% 1774620152.8323755 robobot/cmd/ti rc 0.0 0.5
% 1774620152.8428512 robobot/cmd/ti rc 0.0 0.5
% 1774620152.8535097 robobot/cmd/ti rc 0.0 0.5
% 1774620152.863959 robobot/cmd/ti rc 0.0 0.5
1774620152.8676646 0 0.001 -0.005 -2.567 337 0.00 0.00 0.000 0.000 0 -0.000 22.566 -0.0004 22.5662
% 1774620152.8744128 robobot/cmd/ti rc 0.0 0.5
1774620152.8782334 0 0.001 -0.004 -2.562 337 0.00 0.00 0.000 0.000 0 -0.001 22.571 -0.0005 22.5708
% 1774620152.8850539 robobot/cmd/ti rc 0.0 0.5
% 1774620152.8962185 robobot/cmd/ti rc 0.0 0.5
% 1774620152.9070218 robobot/cmd/ti rc 0.0 0.5
% 1774620152.9176686 robobot/cmd/ti rc 0.0 0.5
1774620152.9273574 0 0.002 -0.004 -2.550 338 0.00 0.00 0.000 0.000 0 -0.001 22.582 -0.0015 22.5824
% 1774620152.9281723 robobot/cmd/ti rc 0.0 0.5
% 1774620152.9400256 robobot/cmd/ti rc 0.0 0.5
% 1774620152.951526 robobot/cmd/ti rc 0.0 0.5
% 1774620152.9526343 robobot/cmd/T0 servo 1 -900 200
% 1774620152.9634192 robobot/cmd/ti rc 0.0 0.5
1774620152.967871 0 0.002 -0.004 -2.531 338 0.00 0.00 0.000 0.000 0 -0.002 22.602 -0.0019 22.6021
% 1774620152.9741585 robobot/cmd/ti rc 0.0 0.5
1774620152.9791596 0 0.002 -0.004 -2.525 338 0.00 0.00 0.000 0.000 0 -0.002 22.608 -0.0018 22.6079
% 1774620152.984959 robobot/cmd/ti rc 0.0 0.5
% 1774620152.9955173 robobot/cmd/ti rc 0.0 0.5
% 1774620153.0060663 robobot/cmd/ti rc 0.0 0.5
% 1774620153.0187616 robobot/cmd/ti rc 0.0 0.5
1774620153.0272794 0 0.001 -0.004 -2.495 339 0.00 0.00 0.000 0.000 0 -0.001 22.638 -0.0007 22.6379
% 1774620153.0295763 robobot/cmd/ti rc 0.0 0.5
% 1774620153.0440545 robobot/cmd/ti rc 0.0 0.5
% 1774620153.0555925 robobot/cmd/ti rc 0.0 0.5
% 1774620153.0661094 robobot/cmd/ti rc 0.0 0.5
1774620153.0681016 0 0.001 -0.004 -2.475 339 0.00 0.00 0.000 0.000 0 -0.001 22.658 -0.0007 22.6576
% 1774620153.0767922 robobot/cmd/ti rc 0.0 0.5
1774620153.0777755 0 0.001 -0.004 -2.470 339 0.00 0.00 0.000 0.000 0 -0.001 22.662 -0.0007 22.6622
% 1774620153.0893943 robobot/cmd/ti rc 0.0 0.5
% 1774620153.100026 robobot/cmd/ti rc 0.0 0.5
% 1774620153.1113799 robobot/cmd/ti rc 0.0 0.5
% 1774620153.1232705 robobot/cmd/ti rc 0.0 0.5
1774620153.1284955 0 0.001 -0.004 -2.449 339 0.00 0.00 0.000 0.000 0 -0.001 22.684 -0.0010 22.6842
% 1774620153.1336672 robobot/cmd/ti rc 0.0 0.5
% 1774620153.1440814 robobot/cmd/ti rc 0.0 0.5
% 1774620153.1544108 robobot/cmd/ti rc 0.0 0.5
% 1774620153.1647592 robobot/cmd/ti rc 0.0 0.5
1774620153.1682627 0 0.001 -0.005 -2.435 339 0.00 0.00 0.000 0.000 0 -0.001 22.698 -0.0006 22.6981
% 1774620153.1752548 robobot/cmd/ti rc 0.0 0.5
1774620153.1779106 0 0.001 -0.005 -2.429 339 0.00 0.00 0.000 0.000 0 -0.001 22.704 -0.0006 22.7038
% 1774620153.1864514 robobot/cmd/ti rc 0.0 0.5
% 1774620153.197809 robobot/cmd/ti rc 0.0 0.5
% 1774620153.2085605 robobot/cmd/ti rc 0.0 0.5
% 1774620153.2101972 robobot/cmd/T0 servo 1 -900 200
% 1774620153.221437 robobot/cmd/ti rc 0.0 0.5
1774620153.2289839 0 0.001 -0.004 -2.403 340 0.00 0.00 0.000 0.000 0 -0.001 22.729 -0.0007 22.7293
% 1774620153.232124 robobot/cmd/ti rc 0.0 0.5
% 1774620153.235143 robobot/cmd/ti alive 2026-03-27 15:01:41.362915
% 1774620153.2432592 robobot/cmd/ti rc 0.0 0.5
% 1774620153.253846 robobot/cmd/ti rc 0.0 0.5
% 1774620153.2642343 robobot/cmd/ti rc 0.0 0.5
1774620153.2682984 0 0.002 -0.004 -2.394 340 0.00 0.00 0.000 0.000 0 -0.001 22.739 -0.0011 22.7385
% 1774620153.2747588 robobot/cmd/ti rc 0.0 0.5
1774620153.2782133 0 0.002 -0.003 -2.391 340 0.00 0.00 0.000 0.000 0 -0.001 22.742 -0.0012 22.7420
% 1774620153.2862198 robobot/cmd/ti rc 0.0 0.5
% 1774620153.2974484 robobot/cmd/ti rc 0.0 0.5
% 1774620153.307981 robobot/cmd/ti rc 0.0 0.5
% 1774620153.3196585 robobot/cmd/ti rc 0.0 0.5
1774620153.328776 0 0.002 -0.003 -2.371 341 0.00 0.00 0.000 0.000 0 -0.002 22.762 -0.0019 22.7617
% 1774620153.33157 robobot/cmd/ti rc 0.0 0.5
% 1774620153.342321 robobot/cmd/ti rc 0.0 0.5
% 1774620153.3544385 robobot/cmd/ti rc 0.0 0.5
% 1774620153.3652606 robobot/cmd/ti rc 0.0 0.5
1774620153.36781 0 0.002 -0.004 -2.348 341 0.00 0.00 0.000 0.000 0 -0.001 22.785 -0.0011 22.7848
% 1774620153.3761098 robobot/cmd/ti rc 0.0 0.5
1774620153.3787801 0 0.001 -0.004 -2.337 341 0.00 0.00 0.000 0.000 0 -0.001 22.795 -0.0009 22.7952
% 1774620153.3877597 robobot/cmd/ti rc 0.0 0.5
% 1774620153.3986738 robobot/cmd/ti rc 0.0 0.5
% 1774620153.4096484 robobot/cmd/ti rc 0.0 0.5
% 1774620153.4202278 robobot/cmd/ti rc 0.0 0.5
1774620153.428896 0 0.001 -0.004 -2.314 341 0.00 0.00 0.000 0.000 0 -0.001 22.818 -0.0007 22.8183
% 1774620153.4311645 robobot/cmd/ti rc 0.0 0.5
% 1774620153.4420996 robobot/cmd/ti rc 0.0 0.5
% 1774620153.4547238 robobot/cmd/ti rc 0.0 0.5
% 1774620153.4674351 robobot/cmd/ti rc 0.0 0.5
% 1774620153.467627 robobot/cmd/T0 servo 1 -900 200
1774620153.468977 0 0.002 -0.004 -2.299 342 0.00 0.00 0.000 0.000 0 -0.001 22.833 -0.0008 22.8334
% 1774620153.4793026 robobot/cmd/ti rc 0.0 0.5
1774620153.4811585 0 0.002 -0.004 -2.294 342 0.00 0.00 0.000 0.000 0 -0.001 22.839 -0.0009 22.8391
% 1774620153.4899018 robobot/cmd/ti rc 0.0 0.5
% 1774620153.500333 robobot/cmd/ti rc 0.0 0.5
% 1774620153.5111978 robobot/cmd/ti rc 0.0 0.5
% 1774620153.5215957 robobot/cmd/ti rc 0.0 0.5
1774620153.529026 0 0.001 -0.004 -2.273 342 0.00 0.00 0.000 0.000 0 -0.000 22.860 -0.0005 22.8600
% 1774620153.5320702 robobot/cmd/ti rc 0.0 0.5
% 1774620153.5424957 robobot/cmd/ti rc 0.0 0.5
% 1774620153.5528936 robobot/cmd/ti rc 0.0 0.5
% 1774620153.5632544 robobot/cmd/ti rc 0.0 0.5
1774620153.5674138 0 0.001 -0.004 -2.252 342 0.00 0.00 0.000 0.000 0 -0.001 22.881 -0.0007 22.8808
% 1774620153.5741837 robobot/cmd/ti rc 0.0 0.5
1774620153.5790684 0 0.001 -0.004 -2.246 342 0.00 0.00 0.000 0.000 0 -0.001 22.887 -0.0007 22.8866
% 1774620153.584927 robobot/cmd/ti rc 0.0 0.5
% 1774620153.595816 robobot/cmd/ti rc 0.0 0.5
% 1774620153.6065364 robobot/cmd/ti rc 0.0 0.5
% 1774620153.6218858 robobot/cmd/ti rc 0.0 0.5
1774620153.628908 0 0.002 -0.003 -2.231 343 0.00 0.00 0.000 0.000 0 -0.001 22.902 -0.0011 22.9016
% 1774620153.6328595 robobot/cmd/ti rc 0.0 0.5
% 1774620153.6460495 robobot/cmd/ti rc 0.0 0.5
% 1774620153.6580818 robobot/cmd/ti rc 0.0 0.5
1774620153.6676452 0 0.002 -0.003 -2.218 343 0.00 0.00 0.000 0.000 0 -0.002 22.914 -0.0017 22.9143
% 1774620153.6689954 robobot/cmd/ti rc 0.0 0.5
1774620153.679021 0 0.002 -0.003 -2.212 343 0.00 0.00 0.000 0.000 0 -0.002 22.921 -0.0017 22.9212
% 1774620153.6793733 robobot/cmd/ti rc 0.0 0.5
% 1774620153.6897082 robobot/cmd/ti rc 0.0 0.5
% 1774620153.7000716 robobot/cmd/ti rc 0.0 0.5
% 1774620153.7105556 robobot/cmd/ti rc 0.0 0.5
% 1774620153.7211268 robobot/cmd/ti rc 0.0 0.5
% 1774620153.7216828 robobot/cmd/T0 servo 1 -900 200
1774620153.7311435 0 0.002 -0.004 -2.180 344 0.00 0.00 0.000 0.000 0 -0.001 22.953 -0.0008 22.9525
% 1774620153.7320511 robobot/cmd/ti rc 0.0 0.5
% 1774620153.7375739 robobot/cmd/ti alive 2026-03-27 15:01:41.362915
% 1774620153.7434616 robobot/cmd/ti rc 0.0 0.5
% 1774620153.754335 robobot/cmd/ti rc 0.0 0.5
% 1774620153.7648525 robobot/cmd/ti rc 0.0 0.5
1774620153.767894 0 0.002 -0.004 -2.165 344 0.00 0.00 0.000 0.000 0 -0.001 22.968 -0.0008 22.9675
% 1774620153.7758496 robobot/cmd/ti rc 0.0 0.5
1774620153.779927 0 0.002 -0.004 -2.158 344 0.00 0.00 0.000 0.000 0 -0.001 22.974 -0.0009 22.9744
% 1774620153.7884362 robobot/cmd/ti rc 0.0 0.5
% 1774620153.79943 robobot/cmd/ti rc 0.0 0.5
% 1774620153.810532 robobot/cmd/ti rc 0.0 0.5
% 1774620153.8209918 robobot/cmd/ti rc 0.0 0.5
1774620153.8289232 0 0.002 -0.003 -2.136 344 0.00 0.00 0.000 0.000 0 -0.001 22.996 -0.0009 22.9964
% 1774620153.8321292 robobot/cmd/ti rc 0.0 0.5
% 1774620153.8426602 robobot/cmd/ti rc 0.0 0.5
% 1774620153.8556154 robobot/cmd/ti rc 0.0 0.5
% 1774620153.8664324 robobot/cmd/ti rc 0.0 0.5
1774620153.8728893 0 0.001 -0.004 -2.122 345 0.00 0.00 0.000 0.000 0 -0.001 23.010 -0.0006 23.0103
% 1774620153.8789837 robobot/cmd/ti rc 0.0 0.5
1774620153.8826392 0 0.002 -0.004 -2.114 345 0.00 0.00 0.000 0.000 0 -0.000 23.018 -0.0005 23.0184
% 1774620153.8926091 robobot/cmd/ti rc 0.0 0.5
% 1774620153.9041133 robobot/cmd/ti rc 0.0 0.5
% 1774620153.916029 robobot/cmd/ti rc 0.0 0.5
% 1774620153.9272027 robobot/cmd/ti rc 0.0 0.5
1774620153.9292169 0 0.002 -0.004 -2.089 345 0.00 0.00 0.000 0.000 0 -0.001 23.044 -0.0007 23.0438
% 1774620153.937709 robobot/cmd/ti rc 0.0 0.5
% 1774620153.9483905 robobot/cmd/ti rc 0.0 0.5
% 1774620153.959365 robobot/cmd/ti rc 0.0 0.5
1774620153.9680572 0 0.002 -0.003 -2.075 345 0.00 0.00 0.000 0.000 0 -0.001 23.058 -0.0009 23.0577
% 1774620153.969751 robobot/cmd/ti rc 0.0 0.5
1774620153.9800735 0 0.002 -0.003 -2.071 345 0.00 0.00 0.000 0.000 0 -0.001 23.061 -0.0010 23.0612
% 1774620153.9806564 robobot/cmd/ti rc 0.0 0.5
% 1774620153.9809165 robobot/cmd/T0 servo 1 -900 200
% 1774620153.991276 robobot/cmd/ti rc 0.0 0.5
% 1774620154.001617 robobot/cmd/ti rc 0.0 0.5
% 1774620154.0120473 robobot/cmd/ti rc 0.0 0.5
% 1774620154.0226796 robobot/cmd/ti rc 0.0 0.5
1774620154.0299883 0 0.003 -0.002 -2.059 346 0.00 0.00 0.000 0.000 0 -0.002 23.074 -0.0017 23.0739
% 1774620154.0330904 robobot/cmd/ti rc 0.0 0.5
% 1774620154.0440912 robobot/cmd/ti rc 0.0 0.5
% 1774620154.0560887 robobot/cmd/ti rc 0.0 0.5
% 1774620154.0667048 robobot/cmd/ti rc 0.0 0.5
1774620154.0678535 0 0.002 -0.003 -2.036 346 0.00 0.00 0.000 0.000 0 -0.002 23.097 -0.0015 23.0970
% 1774620154.079134 robobot/cmd/ti rc 0.0 0.5
1774620154.0806448 0 0.002 -0.003 -2.026 346 0.00 0.00 0.000 0.000 0 -0.001 23.106 -0.0013 23.1063
% 1774620154.0896413 robobot/cmd/ti rc 0.0 0.5
% 1774620154.1029267 robobot/cmd/ti rc 0.0 0.5
% 1774620154.1133974 robobot/cmd/ti rc 0.0 0.5
% 1774620154.123907 robobot/cmd/ti rc 0.0 0.5
1774620154.1298647 0 0.002 -0.003 -1.998 346 0.00 0.00 0.000 0.000 0 -0.001 23.135 -0.0007 23.1352
% 1774620154.134288 robobot/cmd/ti rc 0.0 0.5
% 1774620154.1447296 robobot/cmd/ti rc 0.0 0.5
% 1774620154.155393 robobot/cmd/ti rc 0.0 0.5
% 1774620154.1657548 robobot/cmd/ti rc 0.0 0.5
1774620154.16771 0 0.002 -0.003 -1.984 346 0.00 0.00 0.000 0.000 0 -0.001 23.149 -0.0008 23.1491
% 1774620154.1761844 robobot/cmd/ti rc 0.0 0.5
1774620154.1802251 0 0.002 -0.003 -1.979 346 0.00 0.00 0.000 0.000 0 -0.001 23.154 -0.0008 23.1537
% 1774620154.1866086 robobot/cmd/ti rc 0.0 0.5
% 1774620154.1990333 robobot/cmd/ti rc 0.0 0.5
% 1774620154.2097514 robobot/cmd/ti rc 0.0 0.5
% 1774620154.2203095 robobot/cmd/ti rc 0.0 0.5
1774620154.2297027 0 0.002 -0.003 -1.956 347 0.00 0.00 0.000 0.000 0 -0.001 23.177 -0.0005 23.1768
% 1774620154.231219 robobot/cmd/ti rc 0.0 0.5
% 1774620154.2315981 robobot/cmd/T0 servo 1 -900 200
% 1774620154.2419574 robobot/cmd/ti rc 0.0 0.5
% 1774620154.2434125 robobot/cmd/ti alive 2026-03-27 15:01:41.362915
% 1774620154.2528217 robobot/cmd/ti rc 0.0 0.5
% 1774620154.2638137 robobot/cmd/ti rc 0.0 0.5
1774620154.2679179 0 0.002 -0.003 -1.940 347 0.00 0.00 0.000 0.000 0 -0.001 23.193 -0.0007 23.1930
% 1774620154.2752082 robobot/cmd/ti rc 0.0 0.5
1774620154.2810197 0 0.002 -0.003 -1.930 347 0.00 0.00 0.000 0.000 0 -0.001 23.202 -0.0007 23.2023
% 1774620154.287196 robobot/cmd/ti rc 0.0 0.5
% 1774620154.29839 robobot/cmd/ti rc 0.0 0.5
% 1774620154.3088558 robobot/cmd/ti rc 0.0 0.5
% 1774620154.3206227 robobot/cmd/ti rc 0.0 0.5
1774620154.3364968 0 0.002 -0.003 -1.913 348 0.00 0.00 0.000 0.000 0 -0.001 23.220 -0.0008 23.2196
% 1774620154.337114 robobot/cmd/ti rc 0.0 0.5
% 1774620154.3483853 robobot/cmd/ti rc 0.0 0.5
% 1774620154.3597367 robobot/cmd/ti rc 0.0 0.5
1774620154.3685415 0 0.002 -0.002 -1.906 348 0.00 0.00 0.000 0.000 0 -0.001 23.227 -0.0013 23.2266
% 1774620154.3723671 robobot/cmd/ti rc 0.0 0.5
1774620154.3801808 0 0.003 -0.002 -1.901 348 0.00 0.00 0.000 0.000 0 -0.001 23.231 -0.0015 23.2312
% 1774620154.3829203 robobot/cmd/ti rc 0.0 0.5
% 1774620154.3932872 robobot/cmd/ti rc 0.0 0.5
% 1774620154.4039524 robobot/cmd/ti rc 0.0 0.5
% 1774620154.4149868 robobot/cmd/ti rc 0.0 0.5
% 1774620154.425593 robobot/cmd/ti rc 0.0 0.5
1774620154.4295912 0 0.002 -0.002 -1.870 348 0.00 0.00 0.000 0.000 0 -0.002 23.262 -0.0016 23.2624
% 1774620154.4359303 robobot/cmd/ti rc 0.0 0.5
% 1774620154.4464226 robobot/cmd/ti rc 0.0 0.5
% 1774620154.4567907 robobot/cmd/ti rc 0.0 0.5
% 1774620154.4671233 robobot/cmd/ti rc 0.0 0.5
1774620154.4681628 0 0.002 -0.003 -1.849 348 0.00 0.00 0.000 0.000 0 -0.001 23.283 -0.0009 23.2832
% 1774620154.4775739 robobot/cmd/ti rc 0.0 0.5
1774620154.4813209 0 0.002 -0.003 -1.841 348 0.00 0.00 0.000 0.000 0 -0.001 23.291 -0.0008 23.2913
% 1774620154.4880939 robobot/cmd/ti rc 0.0 0.5
% 1774620154.4884152 robobot/cmd/T0 servo 1 -900 200
% 1774620154.4991302 robobot/cmd/ti rc 0.0 0.5
% 1774620154.5097957 robobot/cmd/ti rc 0.0 0.5
% 1774620154.5212648 robobot/cmd/ti rc 0.0 0.5
1774620154.5312681 0 0.002 -0.003 -1.822 349 0.00 0.00 0.000 0.000 0 -0.001 23.311 -0.0007 23.3110
% 1774620154.5326774 robobot/cmd/ti rc 0.0 0.5
% 1774620154.543554 robobot/cmd/ti rc 0.0 0.5
% 1774620154.557209 robobot/cmd/ti rc 0.0 0.5
% 1774620154.5679498 robobot/cmd/ti rc 0.0 0.5
1774620154.5685894 0 0.002 -0.003 -1.807 349 0.00 0.00 0.000 0.000 0 -0.001 23.326 -0.0007 23.3260
% 1774620154.5790443 robobot/cmd/ti rc 0.0 0.5
1774620154.579722 0 0.002 -0.003 -1.799 349 0.00 0.00 0.000 0.000 0 -0.001 23.334 -0.0007 23.3341
% 1774620154.5904503 robobot/cmd/ti rc 0.0 0.5
% 1774620154.600857 robobot/cmd/ti rc 0.0 0.5
% 1774620154.6113217 robobot/cmd/ti rc 0.0 0.5
% 1774620154.6217194 robobot/cmd/ti rc 0.0 0.5
1774620154.6305275 0 0.002 -0.003 -1.774 350 0.00 0.00 0.000 0.000 0 -0.001 23.358 -0.0007 23.3584
% 1774620154.6322975 robobot/cmd/ti rc 0.0 0.5
% 1774620154.6442292 robobot/cmd/ti rc 0.0 0.5
% 1774620154.658683 robobot/cmd/ti rc 0.0 0.5
1774620154.6701338 0 0.002 -0.003 -1.758 350 0.00 0.00 0.000 0.000 0 -0.001 23.375 -0.0008 23.3746
% 1774620154.6724262 robobot/cmd/ti rc 0.0 0.5
1774620154.6826787 0 0.002 -0.002 -1.752 350 0.00 0.00 0.000 0.000 0 -0.001 23.380 -0.0007 23.3804
% 1774620154.6831641 robobot/cmd/ti rc 0.0 0.5
% 1774620154.6946743 robobot/cmd/ti rc 0.0 0.5
% 1774620154.7067688 robobot/cmd/ti rc 0.0 0.5
% 1774620154.7172499 robobot/cmd/ti rc 0.0 0.5
% 1774620154.7292774 robobot/cmd/ti rc 0.0 0.5
1774620154.7302766 0 0.003 -0.001 -1.742 350 0.00 0.00 0.000 0.000 0 -0.001 23.391 -0.0013 23.3908
% 1774620154.7400951 robobot/cmd/ti rc 0.0 0.5
% 1774620154.7413614 robobot/cmd/T0 servo 1 -900 200
% 1774620154.747238 robobot/cmd/ti alive 2026-03-27 15:01:41.362915
% 1774620154.7537994 robobot/cmd/ti rc 0.0 0.5
% 1774620154.764126 robobot/cmd/ti rc 0.0 0.5
1774620154.7681556 0 0.003 -0.001 -1.722 350 0.00 0.00 0.000 0.000 0 -0.002 23.410 -0.0017 23.4104
% 1774620154.77573 robobot/cmd/ti rc 0.0 0.5
1774620154.7810695 0 0.002 -0.002 -1.713 350 0.00 0.00 0.000 0.000 0 -0.002 23.420 -0.0015 23.4197
% 1774620154.7878287 robobot/cmd/ti rc 0.0 0.5
% 1774620154.8030863 robobot/cmd/ti rc 0.0 0.5
% 1774620154.813978 robobot/cmd/ti rc 0.0 0.5
% 1774620154.8249595 robobot/cmd/ti rc 0.0 0.5
1774620154.8303602 0 0.002 -0.002 -1.685 351 0.00 0.00 0.000 0.000 0 -0.001 23.447 -0.0008 23.4474
% 1774620154.8359246 robobot/cmd/ti rc 0.0 0.5
% 1774620154.8469317 robobot/cmd/ti rc 0.0 0.5
% 1774620154.8576179 robobot/cmd/ti rc 0.0 0.5
% 1774620154.868126 robobot/cmd/ti rc 0.0 0.5
1774620154.871471 0 0.002 -0.002 -1.671 351 0.00 0.00 0.000 0.000 0 -0.001 23.461 -0.0008 23.4613
% 1774620154.879214 robobot/cmd/ti rc 0.0 0.5
1774620154.8803396 0 0.002 -0.003 -1.668 351 0.00 0.00 0.000 0.000 0 -0.001 23.465 -0.0007 23.4648
% 1774620154.8906481 robobot/cmd/ti rc 0.0 0.5
% 1774620154.9014819 robobot/cmd/ti rc 0.0 0.5
% 1774620154.912041 robobot/cmd/ti rc 0.0 0.5
% 1774620154.9223976 robobot/cmd/ti rc 0.0 0.5
1774620154.930356 0 0.002 -0.002 -1.643 351 0.00 0.00 0.000 0.000 0 -0.001 23.490 -0.0009 23.4902
% 1774620154.9328415 robobot/cmd/ti rc 0.0 0.5
% 1774620154.943851 robobot/cmd/ti rc 0.0 0.5
% 1774620154.95449 robobot/cmd/ti rc 0.0 0.5
% 1774620154.9692812 robobot/cmd/ti rc 0.0 0.5
1774620154.9695795 0 0.002 -0.002 -1.623 352 0.00 0.00 0.000 0.000 0 -0.001 23.510 -0.0008 23.5099
% 1774620154.9800498 robobot/cmd/ti rc 0.0 0.5
1774620154.9812155 0 0.002 -0.002 -1.617 352 0.00 0.00 0.000 0.000 0 -0.001 23.516 -0.0008 23.5157
% 1774620154.990682 robobot/cmd/ti rc 0.0 0.5
% 1774620154.9930167 robobot/cmd/T0 servo 1 -900 200
% 1774620155.003708 robobot/cmd/ti rc 0.0 0.5
% 1774620155.0142064 robobot/cmd/ti rc 0.0 0.5
% 1774620155.0246537 robobot/cmd/ti rc 0.0 0.5
1774620155.0304546 0 0.002 -0.002 -1.595 352 0.00 0.00 0.000 0.000 0 -0.001 23.538 -0.0007 23.5377
% 1774620155.035395 robobot/cmd/ti rc 0.0 0.5
% 1774620155.0461807 robobot/cmd/ti rc 0.0 0.5
% 1774620155.0573642 robobot/cmd/ti rc 0.0 0.5
% 1774620155.0678306 robobot/cmd/ti rc 0.0 0.5
1774620155.0681589 0 0.002 -0.001 -1.586 352 0.00 0.00 0.000 0.000 0 -0.001 23.547 -0.0009 23.5469
% 1774620155.0783367 robobot/cmd/ti rc 0.0 0.5
1774620155.0806432 0 0.002 -0.001 -1.582 352 0.00 0.00 0.000 0.000 0 -0.001 23.550 -0.0011 23.5504
% 1774620155.0896473 robobot/cmd/ti rc 0.0 0.5
% 1774620155.1002078 robobot/cmd/ti rc 0.0 0.5
% 1774620155.1112976 robobot/cmd/ti rc 0.0 0.5
% 1774620155.1221411 robobot/cmd/ti rc 0.0 0.5
1774620155.131323 0 0.002 -0.001 -1.557 353 0.00 0.00 0.000 0.000 0 -0.002 23.576 -0.0016 23.5758
% 1774620155.1325526 robobot/cmd/ti rc 0.0 0.5
% 1774620155.145536 robobot/cmd/ti rc 0.0 0.5
% 1774620155.158174 robobot/cmd/ti rc 0.0 0.5
1774620155.1687956 0 0.002 -0.002 -1.535 353 0.00 0.00 0.000 0.000 0 -0.001 23.598 -0.0010 23.5978
% 1774620155.1691222 robobot/cmd/ti rc 0.0 0.5
% 1774620155.1797078 robobot/cmd/ti rc 0.0 0.5
1774620155.1814008 0 0.002 -0.002 -1.528 353 0.00 0.00 0.000 0.000 0 -0.001 23.605 -0.0009 23.6047
% 1774620155.190542 robobot/cmd/ti rc 0.0 0.5
% 1774620155.2011054 robobot/cmd/ti rc 0.0 0.5
% 1774620155.2123585 robobot/cmd/ti rc 0.0 0.5
% 1774620155.2235622 robobot/cmd/ti rc 0.0 0.5
1774620155.2344317 0 0.002 -0.002 -1.510 354 0.00 0.00 0.000 0.000 0 -0.001 23.623 -0.0006 23.6232
% 1774620155.2367945 robobot/cmd/ti rc 0.0 0.5
% 1774620155.2473555 robobot/cmd/ti rc 0.0 0.5
% 1774620155.2475889 robobot/cmd/T0 servo 1 -900 200
% 1774620155.2533247 robobot/cmd/ti alive 2026-03-27 15:01:41.362915
% 1774620155.2609653 robobot/cmd/ti rc 0.0 0.5
1774620155.2685516 0 0.002 -0.002 -1.491 354 0.00 0.00 0.000 0.000 0 -0.001 23.642 -0.0007 23.6417
% 1774620155.2715092 robobot/cmd/ti rc 0.0 0.5
1774620155.2861867 0 0.002 -0.002 -1.484 354 0.00 0.00 0.000 0.000 0 -0.001 23.649 -0.0009 23.6487
% 1774620155.2880404 robobot/cmd/ti rc 0.0 0.5
% 1774620155.2989066 robobot/cmd/ti rc 0.0 0.5
% 1774620155.3114152 robobot/cmd/ti rc 0.0 0.5
% 1774620155.3237417 robobot/cmd/ti rc 0.0 0.5
1774620155.3320634 0 0.002 -0.002 -1.459 354 0.00 0.00 0.000 0.000 0 -0.001 23.674 -0.0007 23.6741
% 1774620155.3351753 robobot/cmd/ti rc 0.0 0.5
% 1774620155.3478165 robobot/cmd/ti rc 0.0 0.5
% 1774620155.3596869 robobot/cmd/ti rc 0.0 0.5
1774620155.3724246 0 0.002 -0.002 -1.444 354 0.00 0.00 0.000 0.000 0 -0.001 23.689 -0.0007 23.6892
% 1774620155.3726072 robobot/cmd/ti rc 0.0 0.5
1774620155.3811579 0 0.002 -0.002 -1.435 354 0.00 0.00 0.000 0.000 0 -0.001 23.697 -0.0007 23.6973
% 1774620155.3846056 robobot/cmd/ti rc 0.0 0.5
% 1774620155.3952594 robobot/cmd/ti rc 0.0 0.5
% 1774620155.4064224 robobot/cmd/ti rc 0.0 0.5
% 1774620155.4195595 robobot/cmd/ti rc 0.0 0.5
% 1774620155.4303672 robobot/cmd/ti rc 0.0 0.5
1774620155.4314137 0 0.002 -0.001 -1.422 354 0.00 0.00 0.000 0.000 0 -0.001 23.711 -0.0009 23.7111
% 1774620155.4430416 robobot/cmd/ti rc 0.0 0.5
% 1774620155.4534318 robobot/cmd/ti rc 0.0 0.5
% 1774620155.4640026 robobot/cmd/ti rc 0.0 0.5
1774620155.4683077 0 0.002 0.000 -1.412 355 0.00 0.00 0.000 0.000 0 -0.002 23.720 -0.0018 23.7204
% 1774620155.4746113 robobot/cmd/ti rc 0.0 0.5
1774620155.4827414 0 0.002 -0.000 -1.404 355 0.00 0.00 0.000 0.000 0 -0.002 23.729 -0.0020 23.7285
% 1774620155.4853003 robobot/cmd/ti rc 0.0 0.5
% 1774620155.4958696 robobot/cmd/ti rc 0.0 0.5
% 1774620155.5079436 robobot/cmd/ti rc 0.0 0.5
% 1774620155.5082793 robobot/cmd/T0 servo 1 -900 200
% 1774620155.5203269 robobot/cmd/ti rc 0.0 0.5
% 1774620155.5317683 robobot/cmd/ti rc 0.0 0.5
1774620155.5321374 0 0.002 -0.001 -1.372 355 0.00 0.00 0.000 0.000 0 -0.001 23.761 -0.0012 23.7609
% 1774620155.5428846 robobot/cmd/ti rc 0.0 0.5
% 1774620155.5550535 robobot/cmd/ti rc 0.0 0.5
% 1774620155.5658169 robobot/cmd/ti rc 0.0 0.5
1774620155.5681267 0 0.002 -0.002 -1.360 355 0.00 0.00 0.000 0.000 0 -0.001 23.772 -0.0006 23.7724
% 1774620155.5767229 robobot/cmd/ti rc 0.0 0.5
1774620155.5830579 0 0.002 -0.002 -1.351 355 0.00 0.00 0.000 0.000 0 -0.001 23.782 -0.0005 23.7817
% 1774620155.5872712 robobot/cmd/ti rc 0.0 0.5
% 1774620155.6002893 robobot/cmd/ti rc 0.0 0.5
% 1774620155.6141627 robobot/cmd/ti rc 0.0 0.5
% 1774620155.6306477 robobot/cmd/ti rc 0.0 0.5
1774620155.631907 0 0.002 -0.001 -1.328 356 0.00 0.00 0.000 0.000 0 -0.001 23.805 -0.0008 23.8048
% 1774620155.641183 robobot/cmd/ti rc 0.0 0.5
% 1774620155.6518338 robobot/cmd/ti rc 0.0 0.5
% 1774620155.6626973 robobot/cmd/ti rc 0.0 0.5
1774620155.668599 0 0.002 -0.001 -1.308 356 0.00 0.00 0.000 0.000 0 -0.001 23.825 -0.0009 23.8245
% 1774620155.673301 robobot/cmd/ti rc 0.0 0.5
1774620155.6839523 0 0.002 -0.001 -1.302 356 0.00 0.00 0.000 0.000 0 -0.001 23.830 -0.0008 23.8303
% 1774620155.6866298 robobot/cmd/ti rc 0.0 0.5
% 1774620155.6974573 robobot/cmd/ti rc 0.0 0.5
% 1774620155.7080522 robobot/cmd/ti rc 0.0 0.5
% 1774620155.7194352 robobot/cmd/ti rc 0.0 0.5
% 1774620155.7298033 robobot/cmd/ti rc 0.0 0.5
1774620155.731439 0 0.002 -0.001 -1.280 356 0.00 0.00 0.000 0.000 0 -0.001 23.852 -0.0007 23.8522
% 1774620155.7429638 robobot/cmd/ti rc 0.0 0.5
% 1774620155.753606 robobot/cmd/ti rc 0.0 0.5
% 1774620155.7554727 robobot/cmd/ti alive 2026-03-27 15:01:41.362915
% 1774620155.7642205 robobot/cmd/ti rc 0.0 0.5
% 1774620155.76448 robobot/cmd/T0 servo 1 -900 200
1774620155.7689984 0 0.002 -0.001 -1.267 357 0.00 0.00 0.000 0.000 0 -0.001 23.866 -0.0007 23.8661
% 1774620155.7750325 robobot/cmd/ti rc 0.0 0.5
1774620155.7833848 0 0.002 -0.000 -1.262 357 0.00 0.00 0.000 0.000 0 -0.001 23.871 -0.0009 23.8707
% 1774620155.7877018 robobot/cmd/ti rc 0.0 0.5
% 1774620155.8010323 robobot/cmd/ti rc 0.0 0.5
% 1774620155.8121362 robobot/cmd/ti rc 0.0 0.5
% 1774620155.825056 robobot/cmd/ti rc 0.0 0.5
1774620155.8323805 0 0.002 0.001 -1.249 357 0.00 0.00 0.000 0.000 0 -0.002 23.884 -0.0017 23.8835
% 1774620155.8355358 robobot/cmd/ti rc 0.0 0.5
% 1774620155.846053 robobot/cmd/ti rc 0.0 0.5
% 1774620155.8582873 robobot/cmd/ti rc 0.0 0.5
1774620155.8687778 0 0.002 0.000 -1.226 357 0.00 0.00 0.000 0.000 0 -0.002 23.907 -0.0016 23.9066
% 1774620155.8690672 robobot/cmd/ti rc 0.0 0.5
% 1774620155.880042 robobot/cmd/ti rc 0.0 0.5
1774620155.8813655 0 0.002 -0.000 -1.217 357 0.00 0.00 0.000 0.000 0 -0.001 23.916 -0.0013 23.9158
% 1774620155.8904452 robobot/cmd/ti rc 0.0 0.5
% 1774620155.9007936 robobot/cmd/ti rc 0.0 0.5
% 1774620155.911676 robobot/cmd/ti rc 0.0 0.5
% 1774620155.922501 robobot/cmd/ti rc 0.0 0.5
1774620155.9325497 0 0.002 -0.001 -1.191 358 0.00 0.00 0.000 0.000 0 -0.000 23.941 -0.0004 23.9413
% 1774620155.9353282 robobot/cmd/ti rc 0.0 0.5
% 1774620155.9462852 robobot/cmd/ti rc 0.0 0.5
% 1774620155.9581678 robobot/cmd/ti rc 0.0 0.5
1774620155.9681554 0 0.002 -0.001 -1.175 358 0.00 0.00 0.000 0.000 0 -0.001 23.958 -0.0007 23.9575
% 1774620155.9685814 robobot/cmd/ti rc 0.0 0.5
% 1774620155.979164 robobot/cmd/ti rc 0.0 0.5
1774620155.983719 0 0.002 -0.000 -1.168 358 0.00 0.00 0.000 0.000 0 -0.001 23.964 -0.0007 23.9644
% 1774620155.9896905 robobot/cmd/ti rc 0.0 0.5
% 1774620156.0004458 robobot/cmd/ti rc 0.0 0.5
% 1774620156.0109916 robobot/cmd/ti rc 0.0 0.5
% 1774620156.0215936 robobot/cmd/ti rc 0.0 0.5
% 1774620156.0218878 robobot/cmd/T0 servo 1 -900 200
% 1774620156.0332012 robobot/cmd/ti rc 0.0 0.5
1774620156.0368724 0 0.002 -0.001 -1.144 358 0.00 0.00 0.000 0.000 0 -0.001 23.989 -0.0008 23.9887
% 1774620156.0438678 robobot/cmd/ti rc 0.0 0.5
% 1774620156.057512 robobot/cmd/ti rc 0.0 0.5
% 1774620156.0741582 robobot/cmd/ti rc 0.0 0.5
1774620156.0881546 0 0.002 -0.001 -1.129 359 0.00 0.00 0.000 0.000 0 -0.001 24.004 -0.0007 24.0037
1774620156.0900366 0 0.002 -0.001 -1.122 359 0.00 0.00 0.000 0.000 0 -0.001 24.011 -0.0006 24.0107
% 1774620156.1067371 robobot/cmd/ti rc 0.0 0.5
% 1774620156.1179047 robobot/cmd/ti rc 0.0 0.5
% 1774620156.1289148 robobot/cmd/ti rc 0.0 0.5
% 1774620156.151428 robobot/cmd/ti rc 0.0 0.5
1774620156.1529543 0 0.002 -0.000 -1.103 359 0.00 0.00 0.000 0.000 0 -0.001 24.029 -0.0008 24.0292
% 1774620156.163475 robobot/cmd/ti rc 0.0 0.5
% 1774620156.188991 robobot/cmd/ti rc 0.0 0.5
1774620156.1939106 0 0.002 0.001 -1.095 359 0.00 0.00 0.000 0.000 0 -0.001 24.037 -0.0014 24.0373
% 1774620156.2055864 robobot/cmd/ti rc 0.0 0.5
1774620156.2163138 0 0.001 0.001 -1.091 359 0.00 0.00 0.000 0.000 0 -0.002 24.042 -0.0015 24.0419
% 1774620156.2166805 robobot/cmd/ti rc 0.0 0.5
% 1774620156.2321157 robobot/cmd/ti rc 0.0 0.5
% 1774620156.2461782 robobot/cmd/ti rc 0.0 0.5
% 1774620156.2603953 robobot/cmd/ti rc 0.0 0.5
% 1774620156.2786624 robobot/cmd/ti rc 0.0 0.5
% 1774620156.279676 robobot/cmd/T0 servo 1 -900 200
1774620156.292728 0 0.002 0.000 -1.064 359 0.00 0.00 0.000 0.000 0 -0.002 24.069 -0.0016 24.0685
% 1774620156.294488 robobot/cmd/ti rc 0.0 0.5
% 1774620156.2946446 robobot/cmd/ti alive 2026-03-27 15:01:41.362915
% 1774620156.3052936 robobot/cmd/ti rc 0.0 0.5
% 1774620156.3160872 robobot/cmd/ti rc 0.0 0.5
1774620156.3259923 0 0.002 -0.000 -1.042 359 0.00 0.00 0.000 0.000 0 -0.001 24.091 -0.0008 24.0905
1774620156.3308783 0 0.002 -0.000 -1.035 359 0.00 0.00 0.000 0.000 0 -0.001 24.097 -0.0007 24.0974
% 1774620156.3365076 robobot/cmd/ti rc 0.0 0.5
1774620156.3505034 0 0.002 -0.000 -1.011 359 0.00 0.00 0.000 0.000 0 -0.001 24.122 -0.0009 24.1217
% 1774620156.352062 robobot/cmd/ti rc 0.0 0.5
% 1774620156.3752623 robobot/cmd/ti rc 0.0 0.5
1774620156.3811083 0 0.002 -0.000 -0.996 359 0.00 0.00 0.000 0.000 0 -0.001 24.137 -0.0011 24.1367
% 1774620156.387473 robobot/cmd/ti rc 0.0 0.5
1774620156.3889556 0 0.002 -0.000 -0.988 359 0.00 0.00 0.000 0.000 0 -0.001 24.145 -0.0010 24.1448
% 1774620156.4055066 robobot/cmd/ti rc 0.0 0.5
% 1774620156.4335325 robobot/cmd/ti rc 0.0 0.5
1774620156.440679 0 0.002 -0.000 -0.965 359 0.00 0.00 0.000 0.000 0 -0.001 24.168 -0.0007 24.1680
% 1774620156.4452312 robobot/cmd/ti rc 0.0 0.5
% 1774620156.4600801 robobot/cmd/ti rc 0.0 0.5
1774620156.475557 0 0.002 -0.000 -0.947 360 0.00 0.00 0.000 0.000 0 -0.001 24.185 -0.0008 24.1853
% 1774620156.4820743 robobot/cmd/ti rc 0.0 0.5
1774620156.4888113 0 0.002 0.000 -0.943 360 0.00 0.00 0.000 0.000 0 -0.001 24.190 -0.0009 24.1899
% 1774620156.4988744 robobot/cmd/ti rc 0.0 0.5
% 1774620156.5131686 robobot/cmd/ti rc 0.0 0.5
% 1774620156.524231 robobot/cmd/ti rc 0.0 0.5
1774620156.5378382 0 0.001 0.001 -0.927 360 0.00 0.00 0.000 0.000 0 -0.001 24.206 -0.0014 24.2061
% 1774620156.5383503 robobot/cmd/ti rc 0.0 0.5
% 1774620156.5387185 robobot/cmd/T0 servo 1 -900 200
% 1774620156.5512547 robobot/cmd/ti rc 0.0 0.5
% 1774620156.5641325 robobot/cmd/ti rc 0.0 0.5
1774620156.576587 0 0.002 0.000 -0.909 360 0.00 0.00 0.000 0.000 0 -0.001 24.224 -0.0012 24.2235
1774620156.5867312 0 0.002 -0.000 -0.902 360 0.00 0.00 0.000 0.000 0 -0.001 24.230 -0.0010 24.2304
% 1774620156.5899863 robobot/cmd/ti rc 0.0 0.5
% 1774620156.6030583 robobot/cmd/ti rc 0.0 0.5
% 1774620156.6141372 robobot/cmd/ti rc 0.0 0.5
% 1774620156.6254725 robobot/cmd/ti rc 0.0 0.5
1774620156.6332178 0 0.002 0.000 -0.877 360 0.00 0.00 0.000 0.000 0 -0.001 24.256 -0.0007 24.2559
% 1774620156.6368241 robobot/cmd/ti rc 0.0 0.5
% 1774620156.6504977 robobot/cmd/ti rc 0.0 0.5
% 1774620156.6622226 robobot/cmd/ti rc 0.0 0.5
1774620156.6716886 0 0.002 0.000 -0.861 360 0.00 0.00 0.000 0.000 0 -0.001 24.272 -0.0010 24.2720
% 1774620156.6921291 robobot/cmd/ti rc 0.0 0.5
% 1774620156.7152297 robobot/cmd/ti rc 0.0 0.5
1774620156.7236128 0 0.002 0.000 -0.851 360 0.00 0.00 0.000 0.000 0 -0.001 24.281 -0.0010 24.2813
% 1774620156.743304 robobot/cmd/ti rc 0.0 0.5
% 1774620156.7987335 robobot/cmd/ti rc 0.0 0.5
% 1774620156.8065145 robobot/cmd/T0 servo 1 -900 200
% 1774620156.817045 robobot/cmd/ti alive 2026-03-27 15:01:41.362915
% 1774620156.8240576 robobot/cmd/ti rc 0.0 0.5
1774620156.8299918 0 0.002 0.000 -0.831 360 0.00 0.00 0.000 0.000 0 -0.001 24.302 -0.0010 24.3021
% 1774620156.8432765 robobot/cmd/ti rc 0.0 0.5
1774620156.8462155 0 0.002 0.000 -0.813 361 0.00 0.00 0.000 0.000 0 -0.001 24.320 -0.0006 24.3195
% 1774620156.861492 robobot/cmd/ti rc 0.0 0.5
% 1774620156.873387 robobot/cmd/ti rc 0.0 0.5
1774620156.8741708 0 0.002 0.000 -0.805 361 0.00 0.00 0.000 0.000 0 -0.001 24.328 -0.0006 24.3276
% 1774620156.8845618 robobot/cmd/ti rc 0.0 0.5
1774620156.8985255 0 0.002 0.000 -0.784 361 0.00 0.00 0.000 0.000 0 -0.001 24.348 -0.0008 24.3484
% 1774620156.9013786 robobot/cmd/ti rc 0.0 0.5
1774620156.9074614 0 0.001 0.001 -0.775 361 0.00 0.00 0.000 0.000 0 -0.001 24.358 -0.0011 24.3576
1774620156.9094207 0 0.001 0.001 -0.770 361 0.00 0.00 0.000 0.000 0 -0.001 24.362 -0.0014 24.3622
% 1774620156.914109 robobot/cmd/ti rc 0.0 0.5
% 1774620156.924896 robobot/cmd/ti rc 0.0 0.5
1774620156.9341764 0 0.001 0.001 -0.754 361 0.00 0.00 0.000 0.000 0 -0.002 24.378 -0.0020 24.3784
% 1774620156.9360764 robobot/cmd/ti rc 0.0 0.5
% 1774620156.947315 robobot/cmd/ti rc 0.0 0.5
% 1774620156.957831 robobot/cmd/ti rc 0.0 0.5
% 1774620156.9689648 robobot/cmd/ti rc 0.0 0.5
1774620156.9712708 0 0.001 0.001 -0.728 361 0.00 0.00 0.000 0.000 0 -0.001 24.405 -0.0012 24.4050
% 1774620156.9795525 robobot/cmd/ti rc 0.0 0.5
1774620156.9835565 0 0.002 0.001 -0.718 361 0.00 0.00 0.000 0.000 0 -0.001 24.414 -0.0011 24.4143
% 1774620156.9923935 robobot/cmd/ti rc 0.0 0.5
% 1774620157.0028546 robobot/cmd/ti rc 0.0 0.5
% 1774620157.013805 robobot/cmd/ti rc 0.0 0.5
% 1774620157.0245895 robobot/cmd/ti rc 0.0 0.5
1774620157.034425 0 0.001 0.001 -0.694 362 0.00 0.00 0.000 0.000 0 -0.001 24.439 -0.0008 24.4386
% 1774620157.0362341 robobot/cmd/ti rc 0.0 0.5
% 1774620157.0477645 robobot/cmd/ti rc 0.0 0.5
% 1774620157.058428 robobot/cmd/ti rc 0.0 0.5
% 1774620157.0586116 robobot/cmd/T0 servo 1 -900 200
% 1774620157.0689595 robobot/cmd/ti rc 0.0 0.5
1774620157.069768 0 0.001 0.001 -0.681 362 0.00 0.00 0.000 0.000 0 -0.001 24.451 -0.0008 24.4513
% 1774620157.0801814 robobot/cmd/ti rc 0.0 0.5
1774620157.0853868 0 0.001 0.001 -0.676 362 0.00 0.00 0.000 0.000 0 -0.001 24.457 -0.0009 24.4571
% 1774620157.0921872 robobot/cmd/ti rc 0.0 0.5
% 1774620157.102895 robobot/cmd/ti rc 0.0 0.5
% 1774620157.1138651 robobot/cmd/ti rc 0.0 0.5
% 1774620157.124348 robobot/cmd/ti rc 0.0 0.5
1774620157.1338086 0 0.001 0.001 -0.649 362 0.00 0.00 0.000 0.000 0 -0.001 24.484 -0.0006 24.4837
% 1774620157.135333 robobot/cmd/ti rc 0.0 0.5
% 1774620157.1457548 robobot/cmd/ti rc 0.0 0.5
% 1774620157.1560807 robobot/cmd/ti rc 0.0 0.5
% 1774620157.1715484 robobot/cmd/ti rc 0.0 0.5
1774620157.1726196 0 0.001 0.001 -0.633 363 0.00 0.00 0.000 0.000 0 -0.001 24.500 -0.0008 24.4999
% 1774620157.1856256 robobot/cmd/ti rc 0.0 0.5
1774620157.188512 0 0.001 0.001 -0.626 363 0.00 0.00 0.000 0.000 0 -0.001 24.507 -0.0008 24.5068
% 1774620157.1962872 robobot/cmd/ti rc 0.0 0.5
% 1774620157.2068312 robobot/cmd/ti rc 0.0 0.5
% 1774620157.2195182 robobot/cmd/ti rc 0.0 0.5
% 1774620157.2301903 robobot/cmd/ti rc 0.0 0.5
1774620157.2336924 0 0.001 0.001 -0.611 363 0.00 0.00 0.000 0.000 0 -0.001 24.522 -0.0012 24.5218
% 1774620157.2407286 robobot/cmd/ti rc 0.0 0.5
% 1774620157.2517076 robobot/cmd/ti rc 0.0 0.5
% 1774620157.2626233 robobot/cmd/ti rc 0.0 0.5
1774620157.269419 0 0.001 0.001 -0.596 363 0.00 0.00 0.000 0.000 0 -0.001 24.537 -0.0011 24.5369
% 1774620157.273184 robobot/cmd/ti rc 0.0 0.5
% 1774620157.2857692 robobot/cmd/ti rc 0.0 0.5
1774620157.2871473 0 0.001 0.001 -0.587 364 0.00 0.00 0.000 0.000 0 -0.001 24.546 -0.0007 24.5461
% 1774620157.2984698 robobot/cmd/ti rc 0.0 0.5
% 1774620157.3120728 robobot/cmd/ti rc 0.0 0.5
% 1774620157.3126493 robobot/cmd/T0 servo 1 -900 200
% 1774620157.323386 robobot/cmd/ti rc 0.0 0.5
% 1774620157.3276527 robobot/cmd/ti alive 2026-03-27 15:01:41.362915
% 1774620157.333931 robobot/cmd/ti rc 0.0 0.5
1774620157.3343043 0 0.001 0.001 -0.559 364 0.00 0.00 0.000 0.000 0 -0.001 24.574 -0.0008 24.5739
% 1774620157.3444278 robobot/cmd/ti rc 0.0 0.5
% 1774620157.3562176 robobot/cmd/ti rc 0.0 0.5
% 1774620157.3674304 robobot/cmd/ti rc 0.0 0.5
1774620157.3705988 0 0.001 0.001 -0.547 364 0.00 0.00 0.000 0.000 0 -0.001 24.585 -0.0010 24.5854
% 1774620157.3781085 robobot/cmd/ti rc 0.0 0.5
1774620157.3842018 0 0.001 0.001 -0.541 364 0.00 0.00 0.000 0.000 0 -0.001 24.591 -0.0011 24.5912
% 1774620157.3886194 robobot/cmd/ti rc 0.0 0.5
% 1774620157.399098 robobot/cmd/ti rc 0.0 0.5
% 1774620157.4099882 robobot/cmd/ti rc 0.0 0.5
% 1774620157.420318 robobot/cmd/ti rc 0.0 0.5
% 1774620157.430771 robobot/cmd/ti rc 0.0 0.5
1774620157.4342816 0 0.001 0.001 -0.518 365 0.00 0.00 0.000 0.000 0 -0.001 24.614 -0.0009 24.6144
% 1774620157.4418824 robobot/cmd/ti rc 0.0 0.5
% 1774620157.4538047 robobot/cmd/ti rc 0.0 0.5
% 1774620157.4645035 robobot/cmd/ti rc 0.0 0.5
1774620157.4702177 0 0.001 0.001 -0.497 365 0.00 0.00 0.000 0.000 0 -0.001 24.635 -0.0007 24.6352
% 1774620157.4750288 robobot/cmd/ti rc 0.0 0.5
1774620157.4865863 0 0.001 0.001 -0.491 365 0.00 0.00 0.000 0.000 0 -0.001 24.642 -0.0007 24.6421
% 1774620157.488082 robobot/cmd/ti rc 0.0 0.5
% 1774620157.4986484 robobot/cmd/ti rc 0.0 0.5
% 1774620157.5090227 robobot/cmd/ti rc 0.0 0.5
% 1774620157.5197773 robobot/cmd/ti rc 0.0 0.5
% 1774620157.5304556 robobot/cmd/ti rc 0.0 0.5
1774620157.5344546 0 0.001 0.001 -0.468 365 0.00 0.00 0.000 0.000 0 -0.001 24.665 -0.0008 24.6652
% 1774620157.5408502 robobot/cmd/ti rc 0.0 0.5
% 1774620157.5515313 robobot/cmd/ti rc 0.0 0.5
% 1774620157.5631132 robobot/cmd/ti rc 0.0 0.5
% 1774620157.5662227 robobot/cmd/T0 servo 1 -900 200
1774620157.57351 0 0.001 0.001 -0.456 366 0.00 0.00 0.000 0.000 0 -0.001 24.677 -0.0009 24.6768
% 1774620157.5774088 robobot/cmd/ti rc 0.0 0.5
1774620157.5844288 0 0.000 0.001 -0.454 366 0.00 0.00 0.000 0.000 0 -0.001 24.679 -0.0010 24.6791
% 1774620157.5880737 robobot/cmd/ti rc 0.0 0.5
% 1774620157.5995781 robobot/cmd/ti rc 0.0 0.5
% 1774620157.6116812 robobot/cmd/ti rc 0.0 0.5
% 1774620157.622901 robobot/cmd/ti rc 0.0 0.5
1774620157.6345894 0 -0.001 0.002 -0.441 366 0.00 0.00 0.000 0.000 0 -0.002 24.692 % 1774620157.6349783 robobot/cmd/ti rc 0.0 0.5
-0.0017 24.6918
% 1774620157.6477585 robobot/cmd/ti rc 0.0 0.5
% 1774620157.6593354 robobot/cmd/ti rc 0.0 0.5
1774620157.669111 0 0.000 0.001 -0.417 366 0.00 0.00 0.000 0.000 0 -0.002 24.716 -0.0017 24.7161
% 1774620157.670521 robobot/cmd/ti rc 0.0 0.5
% 1774620157.6819165 robobot/cmd/ti rc 0.0 0.5
1774620157.6858854 0 0.000 0.001 -0.406 366 0.00 0.00 0.000 0.000 0 -0.001 24.727 -0.0013 24.7265
% 1774620157.692415 robobot/cmd/ti rc 0.0 0.5
% 1774620157.7029476 robobot/cmd/ti rc 0.0 0.5
% 1774620157.7151394 robobot/cmd/ti rc 0.0 0.5
% 1774620157.7254832 robobot/cmd/ti rc 0.0 0.5
1774620157.7361917 0 0.001 0.001 -0.380 367 0.00 0.00 0.000 0.000 0 -0.001 24.753 -0.0008 24.7531
% 1774620157.7377467 robobot/cmd/ti rc 0.0 0.5
% 1774620157.7485964 robobot/cmd/ti rc 0.0 0.5
% 1774620157.7603743 robobot/cmd/ti rc 0.0 0.5
1774620157.7692935 0 0.001 0.001 -0.367 367 0.00 0.00 0.000 0.000 0 -0.001 24.766 -0.0006 24.7659
% 1774620157.7726386 robobot/cmd/ti rc 0.0 0.5
% 1774620157.7843866 robobot/cmd/ti rc 0.0 0.5
1774620157.7880366 0 0.000 0.001 -0.360 367 0.00 0.00 0.000 0.000 0 -0.001 24.773 -0.0006 24.7728
% 1774620157.7970474 robobot/cmd/ti rc 0.0 0.5
% 1774620157.8089595 robobot/cmd/ti rc 0.0 0.5
% 1774620157.8217888 robobot/cmd/ti rc 0.0 0.5
% 1774620157.822522 robobot/cmd/T0 servo 1 -900 200
% 1774620157.8307498 robobot/cmd/ti alive 2026-03-27 15:01:41.362915
% 1774620157.833913 robobot/cmd/ti rc 0.0 0.5
1774620157.8369617 0 0.000 0.001 -0.335 367 0.00 0.00 0.000 0.000 0 -0.001 24.798 -0.0009 24.7982
% 1774620157.8457367 robobot/cmd/ti rc 0.0 0.5
% 1774620157.8564103 robobot/cmd/ti rc 0.0 0.5
% 1774620157.8667786 robobot/cmd/ti rc 0.0 0.5
1774620157.8690782 0 0.001 0.001 -0.322 367 0.00 0.00 0.000 0.000 0 -0.001 24.811 -0.0007 24.8110
% 1774620157.877271 robobot/cmd/ti rc 0.0 0.5
1774620157.8850768 0 0.000 0.001 -0.311 368 0.00 0.00 0.000 0.000 0 -0.001 24.821 -0.0007 24.8214
% 1774620157.8921883 robobot/cmd/ti rc 0.0 0.5
% 1774620157.9039881 robobot/cmd/ti rc 0.0 0.5
% 1774620157.9147916 robobot/cmd/ti rc 0.0 0.5
% 1774620157.9259486 robobot/cmd/ti rc 0.0 0.5
1774620157.9351716 0 0.000 0.001 -0.296 368 0.00 0.00 0.000 0.000 0 -0.001 24.836 -0.0008 24.8364
% 1774620157.9380636 robobot/cmd/ti rc 0.0 0.5
% 1774620157.9496508 robobot/cmd/ti rc 0.0 0.5
% 1774620157.9603589 robobot/cmd/ti rc 0.0 0.5
1774620157.9701807 0 -0.001 0.002 -0.290 368 0.00 0.00 0.000 0.000 0 -0.001 24.842 -0.0011 24.8422
% 1774620157.9718492 robobot/cmd/ti rc 0.0 0.5
% 1774620157.982581 robobot/cmd/ti rc 0.0 0.5
1774620157.9850688 0 -0.001 0.002 -0.284 368 0.00 0.00 0.000 0.000 0 -0.002 24.849 -0.0016 24.8491
% 1774620157.9929452 robobot/cmd/ti rc 0.0 0.5
% 1774620158.0041523 robobot/cmd/ti rc 0.0 0.5
% 1774620158.0171397 robobot/cmd/ti rc 0.0 0.5
% 1774620158.0290391 robobot/cmd/ti rc 0.0 0.5
1774620158.0354962 0 -0.001 0.002 -0.256 369 0.00 0.00 0.000 0.000 0 -0.002 24.877 -0.0022 24.8769
% 1774620158.041588 robobot/cmd/ti rc 0.0 0.5
% 1774620158.0522058 robobot/cmd/ti rc 0.0 0.5
% 1774620158.0639486 robobot/cmd/ti rc 0.0 0.5
1774620158.070902 0 -0.000 0.002 -0.236 369 0.00 0.00 0.000 0.000 0 -0.001 24.897 -0.0014 24.8965
% 1774620158.074636 robobot/cmd/ti rc 0.0 0.5
% 1774620158.0754387 robobot/cmd/T0 servo 1 -900 200
1774620158.085192 0 -0.000 0.001 -0.225 369 0.00 0.00 0.000 0.000 0 -0.001 24.908 -0.0010 24.9081
% 1774620158.0879755 robobot/cmd/ti rc 0.0 0.5
% 1774620158.0985508 robobot/cmd/ti rc 0.0 0.5
% 1774620158.109112 robobot/cmd/ti rc 0.0 0.5
% 1774620158.122376 robobot/cmd/ti rc 0.0 0.5
% 1774620158.1327748 robobot/cmd/ti rc 0.0 0.5
1774620158.1353421 0 0.000 0.001 -0.202 369 0.00 0.00 0.000 0.000 0 -0.001 24.931 -0.0005 24.9312
% 1774620158.1435945 robobot/cmd/ti rc 0.0 0.5
% 1774620158.154517 robobot/cmd/ti rc 0.0 0.5
% 1774620158.1648788 robobot/cmd/ti rc 0.0 0.5
1774620158.1699858 0 -0.000 0.002 -0.189 369 0.00 0.00 0.000 0.000 0 -0.001 24.944 -0.0009 24.9440
% 1774620158.1755931 robobot/cmd/ti rc 0.0 0.5
1774620158.1866424 0 -0.000 0.001 -0.177 370 0.00 0.00 0.000 0.000 0 -0.001 24.956 -0.0008 24.9555
% 1774620158.18688 robobot/cmd/ti rc 0.0 0.5
% 1774620158.1988285 robobot/cmd/ti rc 0.0 0.5
% 1774620158.2093904 robobot/cmd/ti rc 0.0 0.5
% 1774620158.2236128 robobot/cmd/ti rc 0.0 0.5
% 1774620158.234124 robobot/cmd/ti rc 0.0 0.5
1774620158.23528 0 -0.000 0.001 -0.155 370 0.00 0.00 0.000 0.000 0 -0.001 24.978 -0.0008 24.9775
% 1774620158.2446067 robobot/cmd/ti rc 0.0 0.5
% 1774620158.2566001 robobot/cmd/ti rc 0.0 0.5
% 1774620158.2671697 robobot/cmd/ti rc 0.0 0.5
1774620158.2698355 0 -0.000 0.001 -0.142 370 0.00 0.00 0.000 0.000 0 -0.001 24.990 -0.0008 24.9902
% 1774620158.277633 robobot/cmd/ti rc 0.0 0.5
1774620158.2874599 0 0.000 0.001 -0.138 370 0.00 0.00 0.000 0.000 0 -0.001 24.995 -0.0007 24.9948
% 1774620158.2879663 robobot/cmd/ti rc 0.0 0.5
% 1774620158.2984917 robobot/cmd/ti rc 0.0 0.5
% 1774620158.3089693 robobot/cmd/ti rc 0.0 0.5
% 1774620158.3194733 robobot/cmd/ti rc 0.0 0.5
% 1774620158.3303926 robobot/cmd/ti rc 0.0 0.5
% 1774620158.3312628 robobot/cmd/T0 servo 1 -900 200
% 1774620158.334829 robobot/cmd/ti alive 2026-03-27 15:01:41.362915
1774620158.3357904 0 -0.001 0.002 -0.118 370 0.00 0.00 0.000 0.000 0 -0.001 25.015 -0.0012 25.0145
% 1774620158.3422887 robobot/cmd/ti rc 0.0 0.5
% 1774620158.353049 robobot/cmd/ti rc 0.0 0.5
% 1774620158.3650184 robobot/cmd/ti rc 0.0 0.5
1774620158.373012 0 -0.001 0.002 -0.100 371 0.00 0.00 0.000 0.000 0 -0.001 25.033 -0.0011 25.0330
% 1774620158.3762035 robobot/cmd/ti rc 0.0 0.5
1774620158.3858476 0 -0.001 0.002 -0.090 371 0.00 0.00 0.000 0.000 0 -0.001 25.042 -0.0010 25.0423
% 1774620158.3870103 robobot/cmd/ti rc 0.0 0.5
% 1774620158.3974543 robobot/cmd/ti rc 0.0 0.5
% 1774620158.4079187 robobot/cmd/ti rc 0.0 0.5
% 1774620158.418712 robobot/cmd/ti rc 0.0 0.5
% 1774620158.4291646 robobot/cmd/ti rc 0.0 0.5
1774620158.4353297 0 -0.001 0.002 -0.069 371 0.00 0.00 0.000 0.000 0 -0.001 25.064 -0.0007 25.0642
% 1774620158.440055 robobot/cmd/ti rc 0.0 0.5
% 1774620158.4512646 robobot/cmd/ti rc 0.0 0.5
% 1774620158.461625 robobot/cmd/ti rc 0.0 0.5
1774620158.4697824 0 -0.001 0.002 -0.057 371 0.00 0.00 0.000 0.000 0 -0.001 25.076 -0.0009 25.0758
% 1774620158.47202 robobot/cmd/ti rc 0.0 0.5
% 1774620158.4861047 robobot/cmd/ti rc 0.0 0.5
1774620158.4878943 0 -0.001 0.002 -0.046 372 0.00 0.00 0.000 0.000 0 -0.001 25.086 -0.0009 25.0862
% 1774620158.497084 robobot/cmd/ti rc 0.0 0.5
% 1774620158.509596 robobot/cmd/ti rc 0.0 0.5
% 1774620158.520329 robobot/cmd/ti rc 0.0 0.5
% 1774620158.5312207 robobot/cmd/ti rc 0.0 0.5
1774620158.5360715 0 -0.001 0.002 -0.021 372 0.00 0.00 0.000 0.000 0 -0.001 25.112 -0.0010 25.1116
% 1774620158.542365 robobot/cmd/ti rc 0.0 0.5
% 1774620158.5543869 robobot/cmd/ti rc 0.0 0.5
% 1774620158.565038 robobot/cmd/ti rc 0.0 0.5
1774620158.5700974 0 -0.001 0.002 -0.006 372 0.00 0.00 0.000 0.000 0 -0.001 25.127 -0.0007 25.1267
% 1774620158.57546 robobot/cmd/ti rc 0.0 0.5
% 1774620158.5867505 robobot/cmd/ti rc 0.0 0.5
% 1774620158.5871134 robobot/cmd/T0 servo 1 -900 200
1774620158.5879197 0 -0.001 0.002 0.003 372 0.00 0.00 0.000 0.000 0 -0.001 25.136 -0.0007 25.1359
% 1774620158.59744 robobot/cmd/ti rc 0.0 0.5
% 1774620158.6078687 robobot/cmd/ti rc 0.0 0.5
% 1774620158.618309 robobot/cmd/ti rc 0.0 0.5
% 1774620158.6298113 robobot/cmd/ti rc 0.0 0.5
1774620158.637169 0 -0.000 0.002 0.021 373 0.00 0.00 0.000 0.000 0 -0.001 25.153 -0.0005 25.1533
% 1774620158.6409986 robobot/cmd/ti rc 0.0 0.5
% 1774620158.6522577 robobot/cmd/ti rc 0.0 0.5
% 1774620158.6630704 robobot/cmd/ti rc 0.0 0.5
1774620158.670218 0 -0.001 0.002 0.030 373 0.00 0.00 0.000 0.000 0 -0.001 25.163 -0.0008 25.1625
% 1774620158.6747255 robobot/cmd/ti rc 0.0 0.5
% 1774620158.6861253 robobot/cmd/ti rc 0.0 0.5
1774620158.687001 0 -0.002 0.002 0.036 373 0.00 0.00 0.000 0.000 0 -0.001 25.168 -0.0013 25.1683
% 1774620158.6971493 robobot/cmd/ti rc 0.0 0.5
% 1774620158.7105956 robobot/cmd/ti rc 0.0 0.5
% 1774620158.7215638 robobot/cmd/ti rc 0.0 0.5
% 1774620158.7323816 robobot/cmd/ti rc 0.0 0.5
1774620158.738558 0 -0.003 0.001 0.052 373 0.00 0.00 0.000 0.000 0 -0.002 25.185 -0.0023 25.1845
% 1774620158.7428508 robobot/cmd/ti rc 0.0 0.5
% 1774620158.756565 robobot/cmd/ti rc 0.0 0.5
% 1774620158.766976 robobot/cmd/ti rc 0.0 0.5
1774620158.7705064 0 -0.002 0.002 0.073 373 0.00 0.00 0.000 0.000 0 -0.002 25.205 -0.0017 25.2053
% 1774620158.7775924 robobot/cmd/ti rc 0.0 0.5
1774620158.7875886 0 -0.001 0.002 0.084 374 0.00 0.00 0.000 0.000 0 -0.001 25.217 -0.0014 25.2169
% 1774620158.7880075 robobot/cmd/ti rc 0.0 0.5
% 1774620158.79945 robobot/cmd/ti rc 0.0 0.5
% 1774620158.814361 robobot/cmd/ti rc 0.0 0.5
% 1774620158.8281476 robobot/cmd/ti rc 0.0 0.5
1774620158.8368442 0 -0.001 0.002 0.113 374 0.00 0.00 0.000 0.000 0 -0.001 25.246 -0.0007 25.2458
% 1774620158.8387413 robobot/cmd/ti alive 2026-03-27 15:01:41.362915
% 1774620158.8409045 robobot/cmd/ti rc 0.0 0.5
% 1774620158.841923 robobot/cmd/T0 servo 1 -900 200
% 1774620158.8535287 robobot/cmd/ti rc 0.0 0.5
% 1774620158.8640506 robobot/cmd/ti rc 0.0 0.5
1774620158.8716097 0 -0.001 0.002 0.126 374 0.00 0.00 0.000 0.000 0 -0.001 25.259 -0.0008 25.2585
% 1774620158.8746233 robobot/cmd/ti rc 0.0 0.5
% 1774620158.8854947 robobot/cmd/ti rc 0.0 0.5
1774620158.8867934 0 -0.002 0.002 0.132 374 0.00 0.00 0.000 0.000 0 -0.001 25.264 -0.0009 25.2643
% 1774620158.8961344 robobot/cmd/ti rc 0.0 0.5
% 1774620158.9066386 robobot/cmd/ti rc 0.0 0.5
% 1774620158.9180992 robobot/cmd/ti rc 0.0 0.5
% 1774620158.928471 robobot/cmd/ti rc 0.0 0.5
1774620158.9369793 0 -0.001 0.002 0.159 374 0.00 0.00 0.000 0.000 0 -0.001 25.292 -0.0008 25.2921
% 1774620158.9390419 robobot/cmd/ti rc 0.0 0.5
% 1774620158.9507422 robobot/cmd/ti rc 0.0 0.5
% 1774620158.9623 robobot/cmd/ti rc 0.0 0.5
1774620158.971759 0 -0.001 0.002 0.169 375 0.00 0.00 0.000 0.000 0 -0.001 25.301 -0.0006 25.3013
% 1774620158.9742255 robobot/cmd/ti rc 0.0 0.5
% 1774620158.9851875 robobot/cmd/ti rc 0.0 0.5
1774620158.9915483 0 -0.001 0.002 0.177 375 0.00 0.00 0.000 0.000 0 -0.000 25.309 -0.0004 25.3094
% 1774620158.9956284 robobot/cmd/ti rc 0.0 0.5
% 1774620159.0075862 robobot/cmd/ti rc 0.0 0.5
% 1774620159.021825 robobot/cmd/ti rc 0.0 0.5
% 1774620159.0326443 robobot/cmd/ti rc 0.0 0.5
1774620159.0379093 0 -0.002 0.001 0.195 375 0.00 0.00 0.000 0.000 0 -0.001 25.328 -0.0010 25.3279
% 1774620159.046462 robobot/cmd/ti rc 0.0 0.5
% 1774620159.0597255 robobot/cmd/ti rc 0.0 0.5
% 1774620159.0702286 robobot/cmd/ti rc 0.0 0.5
1774620159.0706248 0 -0.002 0.001 0.209 375 0.00 0.00 0.000 0.000 0 -0.001 25.342 -0.0015 25.3418
% 1774620159.080682 robobot/cmd/ti rc 0.0 0.5
1774620159.0866053 0 -0.002 0.001 0.222 376 0.00 0.00 0.000 0.000 0 -0.001 25.355 -0.0013 25.3545
% 1774620159.0913012 robobot/cmd/ti rc 0.0 0.5
% 1774620159.0915585 robobot/cmd/T0 servo 1 -900 200
% 1774620159.102215 robobot/cmd/ti rc 0.0 0.5
% 1774620159.1138616 robobot/cmd/ti rc 0.0 0.5
% 1774620159.1246672 robobot/cmd/ti rc 0.0 0.5
% 1774620159.135674 robobot/cmd/ti rc 0.0 0.5
1774620159.137516 0 -0.001 0.002 0.247 376 0.00 0.00 0.000 0.000 0 -0.001 25.380 -0.0007 25.3800
% 1774620159.1481552 robobot/cmd/ti rc 0.0 0.5
% 1774620159.158529 robobot/cmd/ti rc 0.0 0.5
% 1774620159.1691663 robobot/cmd/ti rc 0.0 0.5
1774620159.1725066 0 -0.002 0.001 0.258 376 0.00 0.00 0.000 0.000 0 -0.001 25.390 -0.0006 25.3904
% 1774620159.1803074 robobot/cmd/ti rc 0.0 0.5
1774620159.1889794 0 -0.002 0.001 0.267 376 0.00 0.00 0.000 0.000 0 -0.001 25.400 -0.0009 25.3996
% 1774620159.1907754 robobot/cmd/ti rc 0.0 0.5
% 1774620159.2011719 robobot/cmd/ti rc 0.0 0.5
% 1774620159.2119997 robobot/cmd/ti rc 0.0 0.5
% 1774620159.2223318 robobot/cmd/ti rc 0.0 0.5
% 1774620159.2352576 robobot/cmd/ti rc 0.0 0.5
1774620159.2393305 0 -0.002 0.001 0.290 377 0.00 0.00 0.000 0.000 0 -0.001 25.423 -0.0009 25.4227
% 1774620159.2459323 robobot/cmd/ti rc 0.0 0.5
% 1774620159.2565181 robobot/cmd/ti rc 0.0 0.5
% 1774620159.2673705 robobot/cmd/ti rc 0.0 0.5
1774620159.2696517 0 -0.002 0.001 0.305 377 0.00 0.00 0.000 0.000 0 -0.001 25.438 -0.0009 25.4378
% 1774620159.2780788 robobot/cmd/ti rc 0.0 0.5
1774620159.2875535 0 -0.002 0.002 0.317 377 0.00 0.00 0.000 0.000 0 -0.001 25.449 -0.0008 25.4493
% 1774620159.2903712 robobot/cmd/ti rc 0.0 0.5
% 1774620159.3010893 robobot/cmd/ti rc 0.0 0.5
% 1774620159.3121953 robobot/cmd/ti rc 0.0 0.5
% 1774620159.3235323 robobot/cmd/ti rc 0.0 0.5
% 1774620159.3339016 robobot/cmd/ti rc 0.0 0.5
1774620159.3372946 0 -0.001 0.002 0.336 377 0.00 0.00 0.000 0.000 0 -0.000 25.469 -0.0003 25.4690
% 1774620159.342079 robobot/cmd/ti alive 2026-03-27 15:01:41.362915
% 1774620159.3443043 robobot/cmd/ti rc 0.0 0.5
% 1774620159.3447926 robobot/cmd/T0 servo 1 -900 200
% 1774620159.3572268 robobot/cmd/ti rc 0.0 0.5
% 1774620159.368717 robobot/cmd/ti rc 0.0 0.5
1774620159.3722303 0 -0.002 0.001 0.349 378 0.00 0.00 0.000 0.000 0 -0.001 25.482 -0.0007 25.4817
% 1774620159.3793457 robobot/cmd/ti rc 0.0 0.5
1774620159.3926997 0 -0.002 0.001 0.355 378 0.00 0.00 0.000 0.000 0 -0.001 25.488 -0.0009 25.4875
% 1774620159.407478 robobot/cmd/ti rc 0.0 0.5
% 1774620159.417993 robobot/cmd/ti rc 0.0 0.5
% 1774620159.4296832 robobot/cmd/ti rc 0.0 0.5
1774620159.4376748 0 -0.003 0.001 0.366 378 0.00 0.00 0.000 0.000 0 -0.002 25.499 -0.0019 25.4991
% 1774620159.4409506 robobot/cmd/ti rc 0.0 0.5
% 1774620159.454614 robobot/cmd/ti rc 0.0 0.5
% 1774620159.4671035 robobot/cmd/ti rc 0.0 0.5
1774620159.4698272 0 -0.003 0.001 0.380 378 0.00 0.00 0.000 0.000 0 -0.002 25.513 -0.0023 25.5130
% 1774620159.4777408 robobot/cmd/ti rc 0.0 0.5
1774620159.488281 0 -0.003 0.001 0.394 379 0.00 0.00 0.000 0.000 0 -0.002 25.527 -0.0019 25.5268
% 1774620159.488754 robobot/cmd/ti rc 0.0 0.5
% 1774620159.4993534 robobot/cmd/ti rc 0.0 0.5
% 1774620159.5099077 robobot/cmd/ti rc 0.0 0.5
% 1774620159.520592 robobot/cmd/ti rc 0.0 0.5
% 1774620159.533475 robobot/cmd/ti rc 0.0 0.5
1774620159.5376039 0 -0.002 0.001 0.426 379 0.00 0.00 0.000 0.000 0 -0.001 25.559 -0.0009 25.5592
% 1774620159.5455823 robobot/cmd/ti rc 0.0 0.5
% 1774620159.5575628 robobot/cmd/ti rc 0.0 0.5
% 1774620159.5682373 robobot/cmd/ti rc 0.0 0.5
1774620159.5699835 0 -0.002 0.001 0.440 379 0.00 0.00 0.000 0.000 0 -0.001 25.573 -0.0007 25.5731
% 1774620159.5816991 robobot/cmd/ti rc 0.0 0.5
1774620159.5885112 0 -0.002 0.001 0.450 379 0.00 0.00 0.000 0.000 0 -0.001 25.582 -0.0007 25.5823
% 1774620159.5929146 robobot/cmd/ti rc 0.0 0.5
% 1774620159.604268 robobot/cmd/ti rc 0.0 0.5
% 1774620159.604657 robobot/cmd/T0 servo 1 -900 200
% 1774620159.615264 robobot/cmd/ti rc 0.0 0.5
% 1774620159.6256738 robobot/cmd/ti rc 0.0 0.5
% 1774620159.6382964 robobot/cmd/ti rc 0.0 0.5
1774620159.639367 0 -0.002 0.001 0.470 379 0.00 0.00 0.000 0.000 0 -0.001 25.603 -0.0009 25.6032
% 1774620159.6512933 robobot/cmd/ti rc 0.0 0.5
% 1774620159.662233 robobot/cmd/ti rc 0.0 0.5
% 1774620159.6730554 robobot/cmd/ti rc 0.0 0.5
1774620159.6741 0 -0.002 0.001 0.482 380 0.00 0.00 0.000 0.000 0 -0.000 25.615 -0.0004 25.6147
% 1774620159.6839383 robobot/cmd/ti rc 0.0 0.5
1774620159.687955 0 -0.002 0.001 0.494 380 0.00 0.00 0.000 0.000 0 -0.001 25.626 -0.0005 25.6263
% 1774620159.6950932 robobot/cmd/ti rc 0.0 0.5
% 1774620159.7061057 robobot/cmd/ti rc 0.0 0.5
% 1774620159.7173913 robobot/cmd/ti rc 0.0 0.5
% 1774620159.727769 robobot/cmd/ti rc 0.0 0.5
% 1774620159.7382975 robobot/cmd/ti rc 0.0 0.5
1774620159.7387304 0 -0.003 0.001 0.516 380 0.00 0.00 0.000 0.000 0 -0.001 25.648 -0.0007 25.6483
% 1774620159.7501452 robobot/cmd/ti rc 0.0 0.5
% 1774620159.7608895 robobot/cmd/ti rc 0.0 0.5
1774620159.7702665 0 -0.003 0.001 0.522 380 0.00 0.00 0.000 0.000 0 -0.001 25.655 -0.0012 25.6552
% 1774620159.7712667 robobot/cmd/ti rc 0.0 0.5
% 1774620159.781745 robobot/cmd/ti rc 0.0 0.5
1774620159.7902122 0 -0.003 0.001 0.531 380 0.00 0.00 0.000 0.000 0 -0.001 25.663 -0.0015 25.6633
% 1774620159.7921388 robobot/cmd/ti rc 0.0 0.5
% 1774620159.8049536 robobot/cmd/ti rc 0.0 0.5
% 1774620159.81631 robobot/cmd/ti rc 0.0 0.5
% 1774620159.8302677 robobot/cmd/ti rc 0.0 0.5
1774620159.8374493 0 -0.003 0.001 0.559 381 0.00 0.00 0.000 0.000 0 -0.001 25.692 -0.0009 25.6922
% 1774620159.8414133 robobot/cmd/ti rc 0.0 0.5
% 1774620159.8541255 robobot/cmd/ti rc 0.0 0.5
% 1774620159.855196 robobot/cmd/T0 servo 1 -900 200
% 1774620159.8590372 robobot/cmd/ti alive 2026-03-27 15:01:41.362915
% 1774620159.8661845 robobot/cmd/ti rc 0.0 0.5
1774620159.8704164 0 -0.003 0.001 0.576 381 0.00 0.00 0.000 0.000 0 -0.001 25.708 -0.0006 25.7084
% 1774620159.877803 robobot/cmd/ti rc 0.0 0.5
% 1774620159.8886187 robobot/cmd/ti rc 0.0 0.5
1774620159.8911378 0 -0.003 0.001 0.583 381 0.00 0.00 0.000 0.000 0 -0.001 25.715 -0.0007 25.7153
% 1774620159.8998497 robobot/cmd/ti rc 0.0 0.5
% 1774620159.910499 robobot/cmd/ti rc 0.0 0.5
% 1774620159.9209418 robobot/cmd/ti rc 0.0 0.5
% 1774620159.9359922 robobot/cmd/ti rc 0.0 0.5
1774620159.9395864 0 -0.003 0.001 0.607 382 0.00 0.00 0.000 0.000 0 -0.001 25.740 -0.0008 25.7396
% 1774620159.947078 robobot/cmd/ti rc 0.0 0.5
% 1774620159.9604158 robobot/cmd/ti rc 0.0 0.5
1774620159.9705048 0 -0.003 0.001 0.619 382 0.00 0.00 0.000 0.000 0 -0.001 25.751 -0.0009 25.7512
% 1774620159.970964 robobot/cmd/ti rc 0.0 0.5
% 1774620159.9815462 robobot/cmd/ti rc 0.0 0.5
1774620159.9908874 0 -0.002 0.001 0.625 382 0.00 0.00 0.000 0.000 0 -0.001 25.758 -0.0008 25.7581
% 1774620159.9919767 robobot/cmd/ti rc 0.0 0.5
% 1774620160.0029793 robobot/cmd/ti rc 0.0 0.5
% 1774620160.0154479 robobot/cmd/ti rc 0.0 0.5
% 1774620160.0258906 robobot/cmd/ti rc 0.0 0.5
% 1774620160.0371063 robobot/cmd/ti rc 0.0 0.5
1774620160.0390806 0 -0.002 0.001 0.653 382 0.00 0.00 0.000 0.000 0 -0.000 25.786 -0.0004 25.7859
% 1774620160.0476155 robobot/cmd/ti rc 0.0 0.5
% 1774620160.0584393 robobot/cmd/ti rc 0.0 0.5
% 1774620160.0689838 robobot/cmd/ti rc 0.0 0.5
1774620160.070118 0 -0.003 0.001 0.667 382 0.00 0.00 0.000 0.000 0 -0.001 25.800 -0.0006 25.7998
% 1774620160.080551 robobot/cmd/ti rc 0.0 0.5
1774620160.0896695 0 -0.003 0.001 0.673 383 0.00 0.00 0.000 0.000 0 -0.001 25.806 -0.0007 25.8055
% 1774620160.0946743 robobot/cmd/ti rc 0.0 0.5
% 1774620160.106207 robobot/cmd/ti rc 0.0 0.5
% 1774620160.1075451 robobot/cmd/T0 servo 1 -900 200
% 1774620160.1199496 robobot/cmd/ti rc 0.0 0.5
% 1774620160.1304162 robobot/cmd/ti rc 0.0 0.5
1774620160.1388319 0 -0.004 0.000 0.684 383 0.00 0.00 0.000 0.000 0 -0.001 25.817 -0.0014 25.8171
% 1774620160.1414275 robobot/cmd/ti rc 0.0 0.5
% 1774620160.151951 robobot/cmd/ti rc 0.0 0.5
% 1774620160.1624045 robobot/cmd/ti rc 0.0 0.5
1774620160.1704173 0 -0.004 -0.000 0.691 383 0.00 0.00 0.000 0.000 0 -0.002 25.824 -0.0020 25.8240
% 1774620160.1729298 robobot/cmd/ti rc 0.0 0.5
% 1774620160.1841533 robobot/cmd/ti rc 0.0 0.5
1774620160.1904776 0 -0.004 -0.000 0.702 383 0.00 0.00 0.000 0.000 0 -0.002 25.835 -0.0023 25.8345
% 1774620160.194687 robobot/cmd/ti rc 0.0 0.5
% 1774620160.2055862 robobot/cmd/ti rc 0.0 0.5
% 1774620160.2180843 robobot/cmd/ti rc 0.0 0.5
% 1774620160.229897 robobot/cmd/ti rc 0.0 0.5
1774620160.2411165 0 -0.003 0.001 0.736 384 0.00 0.00 0.000 0.000 0 -0.001 25.869 -0.0013 25.8691
% 1774620160.242405 robobot/cmd/ti rc 0.0 0.5
% 1774620160.2530675 robobot/cmd/ti rc 0.0 0.5
% 1774620160.2635934 robobot/cmd/ti rc 0.0 0.5
1774620160.2706769 0 -0.003 0.001 0.755 384 0.00 0.00 0.000 0.000 0 -0.001 25.888 -0.0007 25.8877
% 1774620160.2753856 robobot/cmd/ti rc 0.0 0.5
% 1774620160.286765 robobot/cmd/ti rc 0.0 0.5
1774620160.2888153 0 -0.003 0.001 0.765 384 0.00 0.00 0.000 0.000 0 -0.001 25.898 -0.0006 25.8981
% 1774620160.2982273 robobot/cmd/ti rc 0.0 0.5
% 1774620160.3088958 robobot/cmd/ti rc 0.0 0.5
% 1774620160.3212838 robobot/cmd/ti rc 0.0 0.5
% 1774620160.3330703 robobot/cmd/ti rc 0.0 0.5
1774620160.339118 0 -0.003 0.001 0.777 384 0.00 0.00 0.000 0.000 0 -0.001 25.910 -0.0007 25.9096
% 1774620160.3438923 robobot/cmd/ti rc 0.0 0.5
% 1774620160.3544939 robobot/cmd/ti rc 0.0 0.5
% 1774620160.3610904 robobot/cmd/ti alive 2026-03-27 15:01:41.362915
% 1774620160.364817 robobot/cmd/ti rc 0.0 0.5
% 1774620160.3651881 robobot/cmd/T0 servo 1 -900 200
1774620160.3709571 0 -0.003 0.001 0.795 384 0.00 0.00 0.000 0.000 0 -0.000 25.928 -0.0005 25.9281
% 1774620160.3755758 robobot/cmd/ti rc 0.0 0.5
% 1774620160.3863502 robobot/cmd/ti rc 0.0 0.5
1774620160.3882394 0 -0.003 0.001 0.806 385 0.00 0.00 0.000 0.000 0 -0.001 25.939 -0.0005 25.9385
% 1774620160.39828 robobot/cmd/ti rc 0.0 0.5
% 1774620160.4094472 robobot/cmd/ti rc 0.0 0.5
% 1774620160.4202442 robobot/cmd/ti rc 0.0 0.5
% 1774620160.4321294 robobot/cmd/ti rc 0.0 0.5
1774620160.4394743 0 -0.003 0.001 0.831 385 0.00 0.00 0.000 0.000 0 -0.001 25.964 -0.0008 25.9640
% 1774620160.443223 robobot/cmd/ti rc 0.0 0.5
% 1774620160.4539115 robobot/cmd/ti rc 0.0 0.5
% 1774620160.464664 robobot/cmd/ti rc 0.0 0.5
1774620160.4705734 0 -0.003 0.001 0.839 385 0.00 0.00 0.000 0.000 0 -0.001 25.972 -0.0009 25.9721
% 1774620160.4760754 robobot/cmd/ti rc 0.0 0.5
% 1774620160.4866157 robobot/cmd/ti rc 0.0 0.5
1774620160.4888456 0 -0.004 0.000 0.844 385 0.00 0.00 0.000 0.000 0 -0.001 25.977 -0.0010 25.9767
% 1774620160.4970036 robobot/cmd/ti rc 0.0 0.5
% 1774620160.5076864 robobot/cmd/ti rc 0.0 0.5
% 1774620160.5198517 robobot/cmd/ti rc 0.0 0.5
% 1774620160.5302942 robobot/cmd/ti rc 0.0 0.5
1774620160.5386465 0 -0.004 -0.000 0.861 385 0.00 0.00 0.000 0.000 0 -0.002 25.994 -0.0019 25.9940
% 1774620160.5419207 robobot/cmd/ti rc 0.0 0.5
% 1774620160.5528119 robobot/cmd/ti rc 0.0 0.5
% 1774620160.563381 robobot/cmd/ti rc 0.0 0.5
1774620160.5707572 0 -0.004 0.000 0.881 386 0.00 0.00 0.000 0.000 0 -0.001 26.014 -0.0014 26.0137
% 1774620160.5758004 robobot/cmd/ti rc 0.0 0.5
% 1774620160.5866222 robobot/cmd/ti rc 0.0 0.5
1774620160.5899374 0 -0.004 0.000 0.893 386 0.00 0.00 0.000 0.000 0 -0.001 26.025 -0.0011 26.0253
% 1774620160.5971835 robobot/cmd/ti rc 0.0 0.5
% 1774620160.6077216 robobot/cmd/ti rc 0.0 0.5
% 1774620160.619485 robobot/cmd/ti rc 0.0 0.5
% 1774620160.6197317 robobot/cmd/T0 servo 1 -900 200
% 1774620160.6306531 robobot/cmd/ti rc 0.0 0.5
1774620160.6389735 0 -0.003 0.000 0.919 386 0.00 0.00 0.000 0.000 0 -0.001 26.052 -0.0007 26.0519
% 1774620160.641182 robobot/cmd/ti rc 0.0 0.5
% 1774620160.6536036 robobot/cmd/ti rc 0.0 0.5
% 1774620160.6645086 robobot/cmd/ti rc 0.0 0.5
1774620160.670687 0 -0.003 0.001 0.930 386 0.00 0.00 0.000 0.000 0 -0.001 26.062 -0.0007 26.0623
% 1774620160.6751065 robobot/cmd/ti rc 0.0 0.5
% 1774620160.6861398 robobot/cmd/ti rc 0.0 0.5
1774620160.688582 0 -0.003 0.001 0.933 386 0.00 0.00 0.000 0.000 0 -0.001 26.066 -0.0006 26.0657
% 1774620160.696481 robobot/cmd/ti rc 0.0 0.5
% 1774620160.707019 robobot/cmd/ti rc 0.0 0.5
% 1774620160.7190013 robobot/cmd/ti rc 0.0 0.5
% 1774620160.729936 robobot/cmd/ti rc 0.0 0.5
1774620160.7395835 0 -0.003 0.001 0.963 387 0.00 0.00 0.000 0.000 0 -0.001 26.096 -0.0006 26.0958
% 1774620160.745136 robobot/cmd/ti rc 0.0 0.5
% 1774620160.7562108 robobot/cmd/ti rc 0.0 0.5
% 1774620160.7667892 robobot/cmd/ti rc 0.0 0.5
1774620160.7713492 0 -0.003 0.001 0.978 387 0.00 0.00 0.000 0.000 0 -0.001 26.111 -0.0007 26.1108
% 1774620160.778743 robobot/cmd/ti rc 0.0 0.5
% 1774620160.7894194 robobot/cmd/ti rc 0.0 0.5
1774620160.7899413 0 -0.003 0.001 0.987 387 0.00 0.00 0.000 0.000 0 -0.001 26.120 -0.0007 26.1201
% 1774620160.8018725 robobot/cmd/ti rc 0.0 0.5
% 1774620160.815688 robobot/cmd/ti rc 0.0 0.5
% 1774620160.8274536 robobot/cmd/ti rc 0.0 0.5
% 1774620160.8379607 robobot/cmd/ti rc 0.0 0.5
1774620160.8394125 0 -0.004 -0.000 1.002 387 0.00 0.00 0.000 0.000 0 -0.001 26.135 -0.0008 26.1351
% 1774620160.8485274 robobot/cmd/ti rc 0.0 0.5
% 1774620160.8629196 robobot/cmd/ti rc 0.0 0.5
% 1774620160.8728032 robobot/cmd/ti alive 2026-03-27 15:01:41.362915
1774620160.8759458 0 -0.004 -0.001 1.009 388 0.00 0.00 0.000 0.000 0 -0.001 26.142 -0.0013 26.1421
% 1774620160.8784823 robobot/cmd/ti rc 0.0 0.5
% 1774620160.8788798 robobot/cmd/T0 servo 1 -900 200
% 1774620160.8897114 robobot/cmd/ti rc 0.0 0.5
1774620160.8975742 0 -0.004 -0.001 1.015 388 0.00 0.00 0.000 0.000 0 -0.002 26.148 -0.0016 26.1479
% 1774620160.9006562 robobot/cmd/ti rc 0.0 0.5
% 1774620160.9114287 robobot/cmd/ti rc 0.0 0.5
% 1774620160.923642 robobot/cmd/ti rc 0.0 0.5
% 1774620160.93517 robobot/cmd/ti rc 0.0 0.5
1774620160.9403543 0 -0.004 -0.000 1.049 388 0.00 0.00 0.000 0.000 0 -0.001 26.181 -0.0014 26.1814
% 1774620160.9473689 robobot/cmd/ti rc 0.0 0.5
% 1774620160.9583354 robobot/cmd/ti rc 0.0 0.5
% 1774620160.9700365 robobot/cmd/ti rc 0.0 0.5
1774620160.9706836 0 -0.004 0.000 1.066 388 0.00 0.00 0.000 0.000 0 -0.001 26.199 -0.0008 26.1987
% 1774620160.9819481 robobot/cmd/ti rc 0.0 0.5
1774620160.9905314 0 -0.004 0.000 1.077 388 0.00 0.00 0.000 0.000 0 -0.001 26.209 -0.0007 26.2092
% 1774620160.9928286 robobot/cmd/ti rc 0.0 0.5
% 1774620161.003997 robobot/cmd/ti rc 0.0 0.5
% 1774620161.016421 robobot/cmd/ti rc 0.0 0.5
% 1774620161.0314493 robobot/cmd/ti rc 0.0 0.5
1774620161.040819 0 -0.004 0.000 1.093 389 0.00 0.00 0.000 0.000 0 -0.000 26.225 -0.0004 26.2253
% 1774620161.046202 robobot/cmd/ti rc 0.0 0.5
% 1774620161.0574486 robobot/cmd/ti rc 0.0 0.5
% 1774620161.0702724 robobot/cmd/ti rc 0.0 0.5
1774620161.0709715 0 -0.004 -0.000 1.109 389 0.00 0.00 0.000 0.000 0 -0.001 26.242 -0.0007 26.2415
% 1774620161.0812654 robobot/cmd/ti rc 0.0 0.5
1774620161.0895715 0 -0.004 0.000 1.120 389 0.00 0.00 0.000 0.000 0 -0.001 26.253 -0.0008 26.2531
% 1774620161.0916858 robobot/cmd/ti rc 0.0 0.5
% 1774620161.1023266 robobot/cmd/ti rc 0.0 0.5
% 1774620161.1133127 robobot/cmd/ti rc 0.0 0.5
% 1774620161.1244695 robobot/cmd/ti rc 0.0 0.5
% 1774620161.135243 robobot/cmd/ti rc 0.0 0.5
% 1774620161.135896 robobot/cmd/T0 servo 1 -900 200
1774620161.139968 0 -0.004 0.000 1.145 389 0.00 0.00 0.000 0.000 0 -0.001 26.277 -0.0007 26.2774
% 1774620161.1465414 robobot/cmd/ti rc 0.0 0.5
% 1774620161.1570787 robobot/cmd/ti rc 0.0 0.5
% 1774620161.1712365 robobot/cmd/ti rc 0.0 0.5
1774620161.1766112 0 -0.004 0.000 1.156 390 0.00 0.00 0.000 0.000 0 -0.001 26.289 -0.0006 26.2890
% 1774620161.1835814 robobot/cmd/ti rc 0.0 0.5
1774620161.1911702 0 -0.004 -0.000 1.161 390 0.00 0.00 0.000 0.000 0 -0.001 26.294 -0.0007 26.2936
% 1774620161.1951544 robobot/cmd/ti rc 0.0 0.5
% 1774620161.2058053 robobot/cmd/ti rc 0.0 0.5
% 1774620161.2205362 robobot/cmd/ti rc 0.0 0.5
% 1774620161.2317274 robobot/cmd/ti rc 0.0 0.5
1774620161.2407684 0 -0.004 -0.002 1.175 390 0.00 0.00 0.000 0.000 0 -0.001 26.308 -0.0013 26.3075
% 1774620161.245747 robobot/cmd/ti rc 0.0 0.5
% 1774620161.2560997 robobot/cmd/ti rc 0.0 0.5
% 1774620161.2666435 robobot/cmd/ti rc 0.0 0.5
1774620161.2716513 0 -0.004 -0.002 1.189 390 0.00 0.00 0.000 0.000 0 -0.002 26.321 -0.0020 26.3213
% 1774620161.2771528 robobot/cmd/ti rc 0.0 0.5
% 1774620161.287526 robobot/cmd/ti rc 0.0 0.5
1774620161.292078 0 -0.004 -0.001 1.200 391 0.00 0.00 0.000 0.000 0 -0.002 26.333 -0.0018 26.3329
% 1774620161.3007407 robobot/cmd/ti rc 0.0 0.5
% 1774620161.3116097 robobot/cmd/ti rc 0.0 0.5
% 1774620161.3222544 robobot/cmd/ti rc 0.0 0.5
% 1774620161.3327804 robobot/cmd/ti rc 0.0 0.5
1774620161.3404722 0 -0.004 -0.000 1.231 391 0.00 0.00 0.000 0.000 0 -0.001 26.364 -0.0008 26.3641
% 1774620161.3433082 robobot/cmd/ti rc 0.0 0.5
% 1774620161.355346 robobot/cmd/ti rc 0.0 0.5
% 1774620161.3659256 robobot/cmd/ti rc 0.0 0.5
1774620161.3717196 0 -0.004 0.000 1.242 391 0.00 0.00 0.000 0.000 0 -0.000 26.375 -0.0004 26.3745
% 1774620161.3782547 robobot/cmd/ti alive 2026-03-27 15:01:41.362915
% 1774620161.3792372 robobot/cmd/ti rc 0.0 0.5
% 1774620161.3913622 robobot/cmd/ti rc 0.0 0.5
% 1774620161.3920994 robobot/cmd/T0 servo 1 -900 200
1774620161.3924491 0 -0.004 -0.000 1.251 391 0.00 0.00 0.000 0.000 0 -0.000 26.384 -0.0003 26.3838
% 1774620161.4024901 robobot/cmd/ti rc 0.0 0.5
% 1774620161.413149 robobot/cmd/ti rc 0.0 0.5
% 1774620161.4234753 robobot/cmd/ti rc 0.0 0.5
1774620161.4419277 0 -0.004 -0.000 1.275 392 0.00 0.00 0.000 0.000 0 -0.001 26.408 -0.0010 26.4081
% 1774620161.442878 robobot/cmd/ti rc 0.0 0.5
% 1774620161.45473 robobot/cmd/ti rc 0.0 0.5
% 1774620161.469272 robobot/cmd/ti rc 0.0 0.5
1774620161.4733596 0 -0.004 -0.000 1.290 392 0.00 0.00 0.000 0.000 0 -0.001 26.423 -0.0007 26.4231
% 1774620161.4826493 robobot/cmd/ti rc 0.0 0.5
1774620161.4932568 0 -0.004 -0.000 1.298 392 0.00 0.00 0.000 0.000 0 -0.001 26.431 -0.0007 26.4312
% 1774620161.4950156 robobot/cmd/ti rc 0.0 0.5
% 1774620161.5085092 robobot/cmd/ti rc 0.0 0.5
% 1774620161.5225036 robobot/cmd/ti rc 0.0 0.5
% 1774620161.53302 robobot/cmd/ti rc 0.0 0.5
1774620161.5411057 0 -0.004 -0.000 1.321 392 0.00 0.00 0.000 0.000 0 -0.001 26.453 -0.0007 26.4532
% 1774620161.5435278 robobot/cmd/ti rc 0.0 0.5
% 1774620161.554292 robobot/cmd/ti rc 0.0 0.5
% 1774620161.565053 robobot/cmd/ti rc 0.0 0.5
1774620161.5736375 0 -0.004 -0.001 1.327 392 0.00 0.00 0.000 0.000 0 -0.001 26.460 -0.0008 26.4601
% 1774620161.576687 robobot/cmd/ti rc 0.0 0.5
% 1774620161.587624 robobot/cmd/ti rc 0.0 0.5
1774620161.5898824 0 -0.004 -0.002 1.334 393 0.00 0.00 0.000 0.000 0 -0.001 26.467 -0.0011 26.4671
% 1774620161.5994217 robobot/cmd/ti rc 0.0 0.5
% 1774620161.611774 robobot/cmd/ti rc 0.0 0.5
% 1774620161.62255 robobot/cmd/ti rc 0.0 0.5
% 1774620161.6331704 robobot/cmd/ti rc 0.0 0.5
1774620161.6406558 0 -0.004 -0.001 1.363 393 0.00 0.00 0.000 0.000 0 -0.001 26.496 -0.0011 26.4960
% 1774620161.6438558 robobot/cmd/ti rc 0.0 0.5
% 1774620161.6439936 robobot/cmd/T0 servo 1 -900 200
% 1774620161.655289 robobot/cmd/ti rc 0.0 0.5
% 1774620161.665779 robobot/cmd/ti rc 0.0 0.5
1774620161.672159 0 -0.004 -0.001 1.381 393 0.00 0.00 0.000 0.000 0 -0.001 26.513 -0.0008 26.5133
% 1774620161.6774826 robobot/cmd/ti rc 0.0 0.5
% 1774620161.68823 robobot/cmd/ti rc 0.0 0.5
1774620161.693399 0 -0.004 -0.001 1.386 393 0.00 0.00 0.000 0.000 0 -0.001 26.519 -0.0007 26.5191
% 1774620161.6992984 robobot/cmd/ti rc 0.0 0.5
% 1774620161.7101517 robobot/cmd/ti rc 0.0 0.5
% 1774620161.720556 robobot/cmd/ti rc 0.0 0.5
% 1774620161.7345817 robobot/cmd/ti rc 0.0 0.5
1774620161.74154 0 -0.004 -0.001 1.406 394 0.00 0.00 0.000 0.000 0 -0.000 26.539 -0.0005 26.5388
% 1774620161.7458704 robobot/cmd/ti rc 0.0 0.5
% 1774620161.7567008 robobot/cmd/ti rc 0.0 0.5
% 1774620161.7687836 robobot/cmd/ti rc 0.0 0.5
1774620161.7725515 0 -0.004 -0.001 1.421 394 0.00 0.00 0.000 0.000 0 -0.001 26.554 -0.0008 26.5538
% 1774620161.7799659 robobot/cmd/ti rc 0.0 0.5
% 1774620161.7911394 robobot/cmd/ti rc 0.0 0.5
1774620161.791679 0 -0.004 -0.001 1.431 394 0.00 0.00 0.000 0.000 0 -0.001 26.564 -0.0009 26.5642
% 1774620161.8016798 robobot/cmd/ti rc 0.0 0.5
% 1774620161.8121557 robobot/cmd/ti rc 0.0 0.5
% 1774620161.8236778 robobot/cmd/ti rc 0.0 0.5
% 1774620161.8341975 robobot/cmd/ti rc 0.0 0.5
% 1774620161.845095 robobot/cmd/ti rc 0.0 0.5
% 1774620161.8555439 robobot/cmd/ti rc 0.0 0.0
1774620161.8671594 0 -0.004 -0.001 1.456 394 0.00 0.00 0.000 0.000 0 -0.001 26.589 -0.0006 26.5885
% 1774620161.8673053 robobot/cmd/ti rc 0.0 0.0
1774620161.87244 0 -0.004 -0.001 1.467 394 0.00 0.00 0.000 0.000 0 -0.001 26.600 -0.0006 26.6001
% 1774620161.8833494 robobot/cmd/ti alive 2026-03-27 15:01:41.362915
1774620161.8953917 0 -0.004 -0.001 1.468 395 0.00 0.00 0.000 0.000 0 -0.001 26.601 -0.0006 26.6012
1774620161.9411008 0 -0.004 -0.001 1.468 395 0.00 0.00 0.000 0.000 0 -0.001 26.601 -0.0005 26.6012
1774620161.9727402 0 -0.004 -0.001 1.468 395 0.00 0.00 0.000 0.000 0 -0.000 26.601 -0.0005 26.6012
% 1774620161.983988 robobot/cmd/T0 servo 1 -900 200
1774620161.9910178 0 -0.004 -0.001 1.468 395 0.00 0.00 0.000 0.000 0 -0.000 26.601 -0.0005 26.6012
1774620162.0410583 0 -0.004 -0.001 1.468 396 0.00 0.00 0.000 0.000 0 -0.000 26.601 -0.0005 26.6012
1774620162.0720026 0 -0.004 -0.001 1.468 396 0.00 0.00 0.000 0.000 0 -0.000 26.601 -0.0005 26.6012
1774620162.0912662 0 -0.004 -0.001 1.468 396 0.00 0.00 0.000 0.000 0 -0.000 26.601 -0.0005 26.6012
% 1774620162.13095 robobot/cmd/ti rc 0.171 -0.003830487804878049
1774620162.1420667 0 -0.004 -0.001 1.468 396 0.00 0.00 0.000 0.000 0 -0.000 26.601 -0.0005 26.6012
% 1774620162.1630147 robobot/cmd/ti rc 0.171 -0.003830487804878049
1774620162.179556 0 -0.004 0.001 1.465 397 0.00 0.00 0.000 0.000 0 0.000 26.598 0.0002 26.5977
% 1774620162.1938531 robobot/cmd/ti rc 0.171 -0.003830487804878049
1774620162.1988826 0 -0.004 0.004 1.463 397 0.00 0.00 0.000 0.000 0 0.002 26.595 0.0019 26.5954
% 1774620162.2245715 robobot/cmd/ti rc 0.171 -0.003830487804878049
% 1774620162.2349124 robobot/cmd/T0 servo 1 -900 200
1774620162.2413313 0 -0.003 0.011 1.463 397 0.00 0.00 0.000 0.000 0 0.008 26.595 0.0082 26.5954
% 1774620162.2553043 robobot/cmd/ti rc 0.171 -0.003830487804878049
1774620162.271649 0 -0.002 0.015 1.464 397 0.00 0.00 0.000 0.000 0 0.013 26.597 0.0130 26.5966
% 1774620162.28689 robobot/cmd/ti rc 0.168 -0.01340670731707317
1774620162.291537 0 -0.002 0.018 1.464 398 0.00 0.00 0.000 0.000 0 0.015 26.597 0.0154 26.5966
% 1774620162.3197317 robobot/cmd/ti rc 0.168 -0.01340670731707317
1774620162.3438315 0 -0.001 0.026 1.464 398 0.00 0.00 0.000 0.000 0 0.024 26.597 0.0242 26.5966
% 1774620162.3609312 robobot/cmd/ti rc 0.168 -0.01340670731707317
1774620162.3772578 0 -0.001 0.031 1.463 398 0.00 0.00 0.000 0.000 0 0.030 26.595 0.0297 26.5954
1774620162.392482 0 -0.000 0.034 1.464 398 0.00 0.00 0.000 0.000 0 0.032 26.597 0.0321 26.5966
% 1774620162.3953001 robobot/cmd/ti rc 0.168 -0.01340670731707317
% 1774620162.3958697 robobot/cmd/ti alive 2026-03-27 15:01:41.362915
% 1774620162.4277368 robobot/cmd/ti rc 0.168 -0.01340670731707317
1774620162.441737 0 0.001 0.042 1.463 399 0.00 0.00 0.000 0.000 0 0.040 26.595 0.0400 26.5954
% 1774620162.4634838 robobot/cmd/ti rc 0.168 -0.01340670731707317
1774620162.4722664 0 0.001 0.047 1.463 399 0.00 0.00 0.000 0.000 0 0.045 26.595 0.0453 26.5954
% 1774620162.4872675 robobot/cmd/T0 servo 1 -900 200
1774620162.4916196 0 0.001 0.051 1.462 399 0.00 0.00 0.000 0.000 0 0.048 26.594 0.0479 26.5943
% 1774620162.4948478 robobot/cmd/ti rc 0.168 -0.01340670731707317
% 1774620162.526718 robobot/cmd/ti rc 0.168 -0.01340670731707317
1774620162.5413165 0 0.002 0.059 1.460 399 0.00 0.00 0.000 0.000 0 0.057 26.593 0.0574 26.5931
% 1774620162.5575297 robobot/cmd/ti rc 0.168 -0.01340670731707317
1774620162.572801 0 0.003 0.064 1.462 399 0.00 0.00 0.000 0.000 0 0.063 26.594 0.0627 26.5943
% 1774620162.5967107 robobot/cmd/ti rc 0.168 -0.01340670731707317
1774620162.59831 0 0.003 0.067 1.460 400 0.00 0.00 0.000 0.000 0 0.065 26.593 0.0655 26.5931
% 1774620162.6313097 robobot/cmd/ti rc 0.168 -0.01340670731707317
1774620162.6436756 0 0.004 0.076 1.459 400 0.00 0.00 0.000 0.000 0 0.074 26.592 0.0736 26.5920
% 1774620162.6634243 robobot/cmd/ti rc 0.168 -0.01340670731707317
1774620162.671685 0 0.005 0.080 1.459 400 0.00 0.00 0.000 0.000 0 0.079 26.592 0.0788 26.5920
1774620162.6929018 0 0.005 0.084 1.459 400 0.00 0.00 0.000 0.000 0 0.083 26.592 0.0830 26.5920
% 1774620162.6947734 robobot/cmd/ti rc 0.168 -0.01340670731707317
% 1774620162.725343 robobot/cmd/ti rc 0.168 -0.01340670731707317
% 1774620162.741473 robobot/cmd/T0 servo 1 -900 200
1774620162.7419405 0 0.006 0.092 1.458 400 0.00 0.00 0.000 0.000 0 0.091 26.591 0.0909 26.5908
% 1774620162.7562394 robobot/cmd/ti rc 0.168 -0.01340670731707317
1774620162.7725182 0 0.007 0.097 1.458 401 0.00 0.00 0.000 0.000 0 0.096 26.591 0.0963 26.5908
% 1774620162.789087 robobot/cmd/ti rc 0.168 -0.01340670731707317
1774620162.79592 0 0.007 0.101 1.457 401 0.00 0.00 0.000 0.000 0 0.099 26.590 0.0992 26.5896
% 1774620162.8247647 robobot/cmd/ti rc 0.168 -0.01340670731707317
1774620162.8470025 0 0.008 0.109 1.457 401 0.00 0.00 0.000 0.000 0 0.107 26.590 0.1071 26.5896
% 1774620162.8651698 robobot/cmd/ti rc 0.168 -0.01340670731707317
1774620162.8730786 0 0.008 0.113 1.457 401 0.00 0.00 0.000 0.000 0 0.113 26.590 0.1125 26.5896
1774620162.8924484 0 0.009 0.117 1.457 401 0.00 0.00 0.000 0.000 0 0.117 26.590 0.1166 26.5896
% 1774620162.896835 robobot/cmd/ti rc 0.168 -0.01340670731707317
% 1774620162.9005218 robobot/cmd/ti alive 2026-03-27 15:01:41.362915
% 1774620162.928586 robobot/cmd/ti rc 0.168 -0.01340670731707317
1774620162.9481058 0 0.010 0.126 1.456 402 0.00 0.00 0.000 0.000 0 0.126 26.589 0.1259 26.5885
% 1774620162.9603708 robobot/cmd/ti rc 0.168 -0.01340670731707317
1774620162.9728136 0 0.010 0.130 1.456 402 0.00 0.00 0.000 0.000 0 0.130 26.589 0.1301 26.5885
% 1774620162.9911358 robobot/cmd/ti rc 0.168 -0.01340670731707317
1774620162.99252 0 0.011 0.134 1.456 402 0.00 0.00 0.000 0.000 0 0.133 26.589 0.1327 26.5885
% 1774620162.999951 robobot/cmd/T0 servo 1 -900 200
% 1774620163.0238159 robobot/cmd/ti rc 0.168 -0.01340670731707317
1774620163.0452292 0 0.012 0.142 1.455 402 0.00 0.00 0.000 0.000 0 0.141 26.587 0.1408 26.5873
% 1774620163.058649 robobot/cmd/ti rc 0.1665 -0.0019152439024390244
1774620163.0716438 0 0.012 0.147 1.454 402 0.00 0.00 0.000 0.000 0 0.146 26.586 0.1462 26.5862
% 1774620163.0899158 robobot/cmd/ti rc 0.1665 -0.0019152439024390244
1774620163.09347 0 0.013 0.151 1.454 403 0.00 0.00 0.000 0.000 0 0.150 26.586 0.1501 26.5862
% 1774620163.127673 robobot/cmd/ti rc 0.1665 -0.0019152439024390244
1774620163.1443403 0 0.014 0.159 1.454 403 0.00 0.00 0.000 0.000 0 0.158 26.586 0.1581 26.5862
% 1774620163.1582804 robobot/cmd/ti rc 0.1665 -0.0019152439024390244
1774620163.1725397 0 0.014 0.163 1.454 403 0.00 0.00 0.000 0.000 0 0.164 26.586 0.1636 26.5862
% 1774620163.189597 robobot/cmd/ti rc 0.1665 -0.0019152439024390244
1774620163.1918297 0 0.015 0.167 1.455 403 0.00 0.00 0.000 0.000 0 0.166 26.587 0.1662 26.5873
% 1774620163.2201676 robobot/cmd/ti rc 0.1665 -0.0019152439024390244
1774620163.2425587 0 0.016 0.176 1.454 403 0.00 0.00 0.000 0.000 0 0.174 26.586 0.1741 26.5862
% 1774620163.2519834 robobot/cmd/ti rc 0.1665 -0.0019152439024390244
% 1774620163.263057 robobot/cmd/T0 servo 1 -900 200
1774620163.272353 0 0.016 0.180 1.455 404 0.00 0.00 0.000 0.000 0 0.179 26.587 0.1795 26.5873
% 1774620163.2853715 robobot/cmd/ti rc 0.1665 -0.0019152439024390244
1774620163.29437 0 0.017 0.184 1.454 404 0.00 0.00 0.000 0.000 0 0.184 26.586 0.1835 26.5862
% 1774620163.3171663 robobot/cmd/ti rc 0.1665 -0.0019152439024390244
1774620163.3471603 0 0.018 0.192 1.454 404 0.00 0.00 0.000 0.000 0 0.191 26.586 0.1914 26.5862
% 1774620163.3499308 robobot/cmd/ti rc 0.1665 -0.0019152439024390244
1774620163.3727663 0 0.018 0.196 1.454 404 0.00 0.00 0.000 0.000 0 0.197 26.586 0.1968 26.5862
% 1774620163.38234 robobot/cmd/ti rc 0.1785 0.024898170731707317
1774620163.393386 0 0.019 0.201 1.452 404 0.00 0.00 0.000 0.000 0 0.200 26.585 0.1996 26.5850
% 1774620163.4082818 robobot/cmd/ti alive 2026-03-27 15:01:41.362915
% 1774620163.414638 robobot/cmd/ti rc 0.1785 0.024898170731707317
1774620163.443753 0 0.020 0.209 1.454 405 0.00 0.00 0.000 0.000 0 0.208 26.586 0.2080 26.5862
% 1774620163.4470685 robobot/cmd/ti rc 0.1785 0.024898170731707317
1774620163.4758816 0 0.020 0.213 1.455 405 0.00 0.00 0.000 0.000 0 0.213 26.587 0.2133 26.5873
% 1774620163.478063 robobot/cmd/ti rc 0.1785 0.024898170731707317
1774620163.4935958 0 0.021 0.218 1.455 405 0.00 0.00 0.000 0.000 0 0.218 26.587 0.2178 26.5873
% 1774620163.5086937 robobot/cmd/ti rc 0.1785 0.024898170731707317
% 1774620163.5140238 robobot/cmd/T0 servo 1 -900 200
% 1774620163.5395856 robobot/cmd/ti rc 0.1845 0.005745731707317073
1774620163.5429878 0 0.022 0.227 1.456 405 0.00 0.00 0.000 0.000 0 0.226 26.589 0.2263 26.5885
% 1774620163.570338 robobot/cmd/ti rc 0.1845 0.005745731707317073
1774620163.5733967 0 0.022 0.231 1.457 405 0.00 0.00 0.000 0.000 0 0.232 26.590 0.2319 26.5896
1774620163.5955503 0 0.023 0.236 1.456 406 0.00 0.00 0.000 0.000 0 0.235 26.589 0.2349 26.5885
% 1774620163.6036983 robobot/cmd/ti rc 0.1845 0.005745731707317073
% 1774620163.634466 robobot/cmd/ti rc 0.1845 0.005745731707317073
1774620163.6442857 0 0.024 0.245 1.457 406 0.00 0.00 0.000 0.000 0 0.244 26.590 0.2439 26.5896
% 1774620163.6650484 robobot/cmd/ti rc 0.1845 0.005745731707317073
1774620163.672331 0 0.024 0.249 1.457 406 0.00 0.00 0.000 0.000 0 0.250 26.590 0.2496 26.5896
1774620163.6940303 0 0.025 0.254 1.456 406 0.00 0.00 0.000 0.000 0 0.254 26.589 0.2541 26.5885
% 1774620163.6958132 robobot/cmd/ti rc 0.183 -0.13789756097560976
% 1774620163.7271948 robobot/cmd/ti rc 0.183 -0.13789756097560976
1774620163.7482927 0 0.026 0.263 1.455 407 0.00 0.00 0.000 0.000 0 0.263 26.587 0.2630 26.5873
% 1774620163.7586517 robobot/cmd/ti rc 0.183 -0.13789756097560976
1774620163.7737827 0 0.026 0.268 1.451 407 0.00 0.00 0.000 0.000 0 0.269 26.584 0.2687 26.5839
% 1774620163.775808 robobot/cmd/T0 servo 1 -900 200
% 1774620163.7940066 robobot/cmd/ti rc 0.183 -0.13789756097560976
1774620163.8030555 0 0.027 0.273 1.449 407 0.00 0.00 0.000 0.000 0 0.272 26.582 0.2716 26.5816
% 1774620163.8248527 robobot/cmd/ti rc 0.183 -0.13789756097560976
1774620163.8440158 0 0.028 0.281 1.442 407 0.00 0.00 0.000 0.000 0 0.281 26.575 0.2805 26.5746
% 1774620163.855291 robobot/cmd/ti rc 0.2025 -0.2643036585365854
1774620163.871636 0 0.029 0.286 1.438 407 0.00 0.00 0.000 0.000 0 0.286 26.571 0.2862 26.5711
% 1774620163.8899372 robobot/cmd/ti rc 0.2025 -0.2643036585365854
1774620163.8954794 0 0.029 0.291 1.435 408 0.00 0.00 0.000 0.000 0 0.291 26.568 0.2910 26.5677
% 1774620163.9160497 robobot/cmd/ti alive 2026-03-27 15:01:41.362915
% 1774620163.9213407 robobot/cmd/ti rc 0.2025 -0.2643036585365854
1774620163.9443102 0 0.031 0.301 1.422 408 0.00 0.00 0.000 0.000 0 0.300 26.555 0.3005 26.5549
% 1774620163.9521663 robobot/cmd/ti rc 0.2025 -0.2643036585365854
1774620163.9726093 0 0.032 0.305 1.417 408 0.00 0.00 0.000 0.000 0 0.307 26.549 0.3070 26.5492
% 1774620163.9829698 robobot/cmd/ti rc 0.2025 -0.2643036585365854
1774620163.9961634 0 0.032 0.311 1.409 408 0.00 0.00 0.000 0.000 0 0.310 26.542 0.3100 26.5422
% 1774620164.0141716 robobot/cmd/ti rc 0.231 -0.3753878048780488
% 1774620164.026206 robobot/cmd/T0 servo 1 -900 200
1774620164.0444052 0 0.034 0.321 1.397 408 0.00 0.00 0.000 0.000 0 0.320 26.530 0.3200 26.5295
% 1774620164.044977 robobot/cmd/ti rc 0.231 -0.3753878048780488
1774620164.0728476 0 0.035 0.327 1.388 409 0.00 0.00 0.000 0.000 0 0.327 26.520 0.3271 26.5203
% 1774620164.080781 robobot/cmd/ti rc 0.231 -0.3753878048780488
1774620164.0952394 0 0.036 0.332 1.381 409 0.00 0.00 0.000 0.000 0 0.332 26.513 0.3324 26.5133
% 1774620164.1136203 robobot/cmd/ti rc 0.231 -0.3753878048780488
1774620164.1460035 0 0.038 0.343 1.362 409 0.00 0.00 0.000 0.000 0 0.343 26.495 0.3434 26.4948
% 1774620164.14989 robobot/cmd/ti rc 0.231 -0.3753878048780488
1774620164.1721554 0 0.040 0.349 1.353 409 0.00 0.00 0.000 0.000 0 0.351 26.486 0.3506 26.4856
% 1774620164.1818848 robobot/cmd/ti rc 0.24 -0.4
1774620164.1940362 0 0.041 0.354 1.346 409 0.00 0.00 0.000 0.000 0 0.354 26.479 0.3544 26.4786
% 1774620164.2161613 robobot/cmd/ti rc 0.24 -0.4
1774620164.2450278 0 0.044 0.366 1.326 410 0.00 0.00 0.000 0.000 0 0.368 26.459 0.3678 26.4590
% 1774620164.2507882 robobot/cmd/ti rc 0.24 -0.4
1774620164.2724361 0 0.045 0.372 1.317 410 0.00 0.00 0.000 0.000 0 0.373 26.450 0.3733 26.4497
% 1774620164.2834046 robobot/cmd/ti rc 0.24 -0.4
% 1774620164.2846007 robobot/cmd/T0 servo 1 -900 200
1774620164.2947214 0 0.047 0.378 1.308 410 0.00 0.00 0.000 0.000 0 0.379 26.441 0.3790 26.4405
% 1774620164.318446 robobot/cmd/ti rc 0.24 -0.4
1774620164.3447585 0 0.050 0.389 1.288 410 0.00 0.00 0.000 0.000 0 0.391 26.421 0.3907 26.4208
% 1774620164.3537366 robobot/cmd/ti rc 0.2445 -0.4
1774620164.37386 0 0.052 0.395 1.279 411 0.00 0.00 0.000 0.000 0 0.398 26.412 0.3984 26.4115
% 1774620164.3844094 robobot/cmd/ti rc 0.2445 -0.4
1774620164.3956811 0 0.053 0.401 1.271 411 0.00 0.00 0.000 0.000 0 0.402 26.403 0.4022 26.4034
% 1774620164.4177523 robobot/cmd/ti rc 0.2445 -0.4
% 1774620164.4194071 robobot/cmd/ti alive 2026-03-27 15:01:41.362915
1774620164.444694 0 0.057 0.412 1.250 411 0.00 0.00 0.000 0.000 0 0.416 26.383 0.4157 26.3826
% 1774620164.4486182 robobot/cmd/ti rc 0.2445 -0.4
1774620164.4732094 0 0.059 0.418 1.241 411 0.00 0.00 0.000 0.000 0 0.422 26.373 0.4216 26.3734
% 1774620164.4802585 robobot/cmd/ti rc 0.2445 -0.4
1774620164.4982033 0 0.061 0.424 1.231 412 0.00 0.00 0.000 0.000 0 0.428 26.364 0.4276 26.3641
% 1774620164.5140877 robobot/cmd/ti rc 0.2445 -0.4
% 1774620164.5374098 robobot/cmd/T0 servo 1 -900 200
1774620164.5440712 0 0.065 0.435 1.212 412 0.00 0.00 0.000 0.000 0 0.439 26.345 0.4392 26.3445
% 1774620164.5473979 robobot/cmd/ti rc 0.2445 -0.4
1774620164.5730152 0 0.067 0.441 1.202 412 0.00 0.00 0.000 0.000 0 0.447 26.335 0.4471 26.3352
% 1774620164.578555 robobot/cmd/ti rc 0.2445 -0.4
1774620164.5947661 0 0.070 0.447 1.193 412 0.00 0.00 0.000 0.000 0 0.451 26.326 0.4509 26.3260
% 1774620164.6102026 robobot/cmd/ti rc 0.2445 -0.4
% 1774620164.6413805 robobot/cmd/ti rc 0.2445 -0.4
1774620164.6449847 0 0.074 0.458 1.175 412 0.00 0.00 0.000 0.000 0 0.465 26.308 0.4646 26.3075
% 1774620164.674228 robobot/cmd/ti rc 0.2445 -0.4
1774620164.6775658 0 0.077 0.464 1.163 413 0.00 0.00 0.000 0.000 0 0.471 26.296 0.4705 26.2959
1774620164.6955392 0 0.079 0.470 1.154 413 0.00 0.00 0.000 0.000 0 0.477 26.287 0.4765 26.2866
% 1774620164.7073495 robobot/cmd/ti rc 0.2445 -0.4
% 1774620164.7410402 robobot/cmd/ti rc 0.2445 -0.4
1774620164.7453885 0 0.084 0.481 1.135 413 0.00 0.00 0.000 0.000 0 0.488 26.268 0.4881 26.2681
1774620164.7727363 0 0.087 0.486 1.126 413 0.00 0.00 0.000 0.000 0 0.496 26.259 0.4959 26.2589
% 1774620164.773247 robobot/cmd/ti rc 0.246 -0.4
1774620164.7949452 0 0.090 0.492 1.116 413 0.00 0.00 0.000 0.000 0 0.500 26.249 0.5000 26.2485
% 1774620164.7956355 robobot/cmd/T0 servo 1 -900 200
% 1774620164.804556 robobot/cmd/ti rc 0.246 -0.4
% 1774620164.8376617 robobot/cmd/ti rc 0.246 -0.4
1774620164.8474648 0 0.095 0.503 1.096 414 0.00 0.00 0.000 0.000 0 0.514 26.229 0.5139 26.2288
% 1774620164.8688796 robobot/cmd/ti rc 0.246 -0.4
1774620164.872006 0 0.098 0.508 1.087 414 0.00 0.00 0.000 0.000 0 0.520 26.220 0.5195 26.2196
1774620164.8957682 0 0.101 0.514 1.078 414 0.00 0.00 0.000 0.000 0 0.525 26.210 0.5253 26.2103
% 1774620164.900171 robobot/cmd/ti rc 0.246 -0.4
% 1774620164.9255795 robobot/cmd/ti alive 2026-03-27 15:01:41.362915
% 1774620164.9307816 robobot/cmd/ti rc 0.2415 -0.3543201219512195
1774620164.945856 0 0.107 0.524 1.058 414 0.00 0.00 0.000 0.000 0 0.537 26.191 0.5373 26.1906
% 1774620164.9629178 robobot/cmd/ti rc 0.2415 -0.3543201219512195
1774620164.9742732 0 0.110 0.529 1.050 415 0.00 0.00 0.000 0.000 0 0.545 26.183 0.5450 26.1825
1774620164.9966764 0 0.113 0.535 1.041 415 0.00 0.00 0.000 0.000 0 0.549 26.173 0.5490 26.1733
% 1774620164.9968753 robobot/cmd/ti rc 0.2415 -0.3543201219512195
% 1774620165.0300221 robobot/cmd/ti rc 0.2415 -0.3543201219512195
1774620165.0470457 0 0.119 0.545 1.023 415 0.00 0.00 0.000 0.000 0 0.562 26.156 0.5624 26.1559
% 1774620165.0475938 robobot/cmd/T0 servo 1 -900 200
% 1774620165.0616045 robobot/cmd/ti rc 0.2415 -0.3543201219512195
1774620165.0728402 0 0.122 0.550 1.015 415 0.00 0.00 0.000 0.000 0 0.568 26.148 0.5683 26.1478
1774620165.0959294 0 0.125 0.555 1.007 416 0.00 0.00 0.000 0.000 0 0.574 26.140 0.5742 26.1398
% 1774620165.0972745 robobot/cmd/ti rc 0.2415 -0.3543201219512195
% 1774620165.128139 robobot/cmd/ti rc 0.2415 -0.3543201219512195
% 1774620165.1597648 robobot/cmd/ti rc 0.2415 -0.3543201219512195
1774620165.1739874 0 0.132 0.566 0.990 416 0.00 0.00 0.000 0.000 0 0.586 26.122 0.5856 26.1224
1774620165.177138 0 0.135 0.570 0.982 416 0.00 0.00 0.000 0.000 0 0.593 26.114 0.5934 26.1143
1774620165.1958082 0 0.139 0.576 0.972 416 0.00 0.00 0.000 0.000 0 0.597 26.105 0.5973 26.1051
1774620165.2478037 0 0.145 0.586 0.955 417 0.00 0.00 0.000 0.000 0 0.611 26.088 0.6108 26.0877
1774620165.2755427 0 0.149 0.590 0.947 417 0.00 0.00 0.000 0.000 0 0.617 26.080 0.6165 26.0796
1774620165.296275 0 0.152 0.595 0.939 417 0.00 0.00 0.000 0.000 0 0.622 26.072 0.6223 26.0715
% 1774620165.3040922 robobot/cmd/T0 servo 1 -900 200
% 1774620165.342938 robobot/cmd/ti rc 0.246 0.12832134146341462
1774620165.3460188 0 0.160 0.605 0.921 417 0.00 0.00 0.000 0.000 0 0.634 26.054 0.6340 26.0542
1774620165.3775795 0 0.164 0.610 0.917 418 0.00 0.00 0.000 0.000 0 0.642 26.050 0.6420 26.0495
% 1774620165.378355 robobot/cmd/ti rc 0.246 0.12832134146341462
1774620165.3958807 0 0.167 0.615 0.916 418 0.00 0.00 0.000 0.000 0 0.646 26.048 0.6457 26.0484
% 1774620165.410222 robobot/cmd/ti rc 0.246 0.12832134146341462
% 1774620165.430714 robobot/cmd/ti alive 2026-03-27 15:01:41.362915
1774620165.4473119 0 0.175 0.625 0.920 418 0.00 0.00 0.000 0.000 0 0.659 26.053 0.6595 26.0530
% 1774620165.4479356 robobot/cmd/ti rc 0.246 0.12832134146341462
1774620165.472236 0 0.179 0.630 0.923 418 0.00 0.00 0.000 0.000 0 0.665 26.055 0.6654 26.0553
% 1774620165.4785936 robobot/cmd/ti rc 0.25 0.2528121951219512
1774620165.497139 0 0.182 0.634 0.925 419 0.00 0.00 0.000 0.000 0 0.671 26.058 0.6714 26.0576
% 1774620165.5114138 robobot/cmd/ti rc 0.25 0.2528121951219512
% 1774620165.5442188 robobot/cmd/ti rc 0.25 0.2528121951219512
1774620165.5471184 0 0.190 0.644 0.934 419 0.00 0.00 0.000 0.000 0 0.683 26.067 0.6831 26.0669
% 1774620165.5569913 robobot/cmd/T0 servo 1 -900 200
1774620165.5730171 0 0.193 0.649 0.941 419 0.00 0.00 0.000 0.000 0 0.691 26.074 0.6911 26.0738
% 1774620165.5748403 robobot/cmd/ti rc 0.25 0.2528121951219512
1774620165.5963113 0 0.197 0.654 0.947 419 0.00 0.00 0.000 0.000 0 0.695 26.080 0.6951 26.0796
% 1774620165.6068387 robobot/cmd/ti rc 0.25 0.3524048780487805
% 1774620165.6392908 robobot/cmd/ti rc 0.25 0.3524048780487805
1774620165.6465945 0 0.204 0.664 0.959 419 0.00 0.00 0.000 0.000 0 0.709 26.091 0.7092 26.0912
% 1774620165.672262 robobot/cmd/ti rc 0.25 0.3524048780487805
1774620165.6746354 0 0.208 0.670 0.967 420 0.00 0.00 0.000 0.000 0 0.715 26.099 0.7151 26.0993
1774620165.6964974 0 0.211 0.675 0.975 420 0.00 0.00 0.000 0.000 0 0.721 26.107 0.7211 26.1074
% 1774620165.7064447 robobot/cmd/ti rc 0.25 0.3524048780487805
% 1774620165.7375548 robobot/cmd/ti rc 0.25 0.3524048780487805
1774620165.7469463 0 0.218 0.685 0.991 420 0.00 0.00 0.000 0.000 0 0.733 26.124 0.7330 26.1236
% 1774620165.7681417 robobot/cmd/ti rc 0.25 0.39645548780487805
1774620165.7727258 0 0.222 0.691 1.000 420 0.00 0.00 0.000 0.000 0 0.741 26.133 0.7411 26.1328
1774620165.797245 0 0.225 0.696 1.008 421 0.00 0.00 0.000 0.000 0 0.746 26.141 0.7458 26.1409
% 1774620165.7993755 robobot/cmd/ti rc 0.25 0.39645548780487805
% 1774620165.8205788 robobot/cmd/T0 servo 1 -900 200
% 1774620165.831839 robobot/cmd/ti rc 0.25 0.39645548780487805
1774620165.8463817 0 0.231 0.706 1.028 421 0.00 0.00 0.000 0.000 0 0.759 26.161 0.7592 26.1606
% 1774620165.8635 robobot/cmd/ti rc 0.25 0.39645548780487805
1774620165.872829 0 0.235 0.712 1.036 421 0.00 0.00 0.000 0.000 0 0.765 26.169 0.7653 26.1687
% 1774620165.8944583 robobot/cmd/ti rc 0.25 0.39645548780487805
1774620165.8960156 0 0.238 0.717 1.046 421 0.00 0.00 0.000 0.000 0 0.771 26.179 0.7711 26.1791
% 1774620165.9263515 robobot/cmd/ti rc 0.25 0.39645548780487805
% 1774620165.9356048 robobot/cmd/ti alive 2026-03-27 15:01:41.362915
1774620165.9478104 0 0.244 0.728 1.065 422 0.00 0.00 0.000 0.000 0 0.783 26.198 0.7832 26.1976
% 1774620165.9575715 robobot/cmd/ti rc 0.25 0.39645548780487805
1774620165.9737144 0 0.247 0.734 1.074 422 0.00 0.00 0.000 0.000 0 0.790 26.207 0.7895 26.2068
% 1774620165.9902825 robobot/cmd/ti rc 0.25 0.39645548780487805
1774620165.9964151 0 0.250 0.739 1.083 422 0.00 0.00 0.000 0.000 0 0.795 26.216 0.7952 26.2161
% 1774620166.0217896 robobot/cmd/ti rc 0.25 0.39645548780487805
1774620166.0463262 0 0.256 0.750 1.102 422 0.00 0.00 0.000 0.000 0 0.810 26.235 0.8095 26.2346
% 1774620166.053952 robobot/cmd/ti rc 0.25 0.39837073170731707
1774620166.073036 0 0.259 0.756 1.112 422 0.00 0.00 0.000 0.000 0 0.815 26.245 0.8153 26.2450
% 1774620166.0751271 robobot/cmd/T0 servo 1 -900 200
% 1774620166.084516 robobot/cmd/ti rc 0.25 0.39837073170731707
1774620166.099736 0 0.261 0.762 1.123 423 0.00 0.00 0.000 0.000 0 0.821 26.255 0.8215 26.2554
% 1774620166.116587 robobot/cmd/ti rc 0.25 0.39837073170731707
1774620166.1491797 0 0.267 0.773 1.141 423 0.00 0.00 0.000 0.000 0 0.833 26.274 0.8333 26.2739
% 1774620166.1543875 robobot/cmd/ti rc 0.25 0.39837073170731707
1774620166.1763525 0 0.269 0.779 1.152 423 0.00 0.00 0.000 0.000 0 0.839 26.284 0.8393 26.2843
% 1774620166.18765 robobot/cmd/ti rc 0.25 0.3830487804878049
1774620166.197877 0 0.272 0.784 1.161 423 0.00 0.00 0.000 0.000 0 0.845 26.294 0.8455 26.2936
% 1774620166.2187033 robobot/cmd/ti rc 0.25 0.3830487804878049
1774620166.2476215 0 0.277 0.796 1.178 424 0.00 0.00 0.000 0.000 0 0.859 26.311 0.8594 26.3109
% 1774620166.2526286 robobot/cmd/ti rc 0.25 0.3830487804878049
1774620166.2735486 0 0.279 0.802 1.188 424 0.00 0.00 0.000 0.000 0 0.865 26.320 0.8655 26.3202
% 1774620166.2843258 robobot/cmd/ti rc 0.25 0.3830487804878049
1774620166.2977107 0 0.281 0.808 1.197 424 0.00 0.00 0.000 0.000 0 0.872 26.329 0.8716 26.3294
% 1774620166.3155446 robobot/cmd/ti rc 0.25 0.3830487804878049
% 1774620166.3270028 robobot/cmd/T0 servo 1 -900 200
% 1774620166.3477275 robobot/cmd/ti rc 0.25 0.3830487804878049
1774620166.3504345 0 0.286 0.819 1.215 424 0.00 0.00 0.000 0.000 0 0.883 26.348 0.8834 26.3479
1774620166.374007 0 0.288 0.825 1.226 424 0.00 0.00 0.000 0.000 0 0.889 26.358 0.8895 26.3583
% 1774620166.3794901 robobot/cmd/ti rc 0.25 0.3830487804878049
1774620166.3977737 0 0.290 0.831 1.234 425 0.00 0.00 0.000 0.000 0 0.896 26.366 0.8955 26.3664
% 1774620166.411071 robobot/cmd/ti rc 0.25 0.3830487804878049
% 1774620166.4399958 robobot/cmd/ti alive 2026-03-27 15:01:41.362915
% 1774620166.4434888 robobot/cmd/ti rc 0.25 0.3830487804878049
1774620166.450771 0 0.294 0.843 1.252 425 0.00 0.00 0.000 0.000 0 0.909 26.385 0.9094 26.3849
% 1774620166.4767473 robobot/cmd/ti rc 0.25 0.3830487804878049
1774620166.4786615 0 0.296 0.849 1.262 425 0.00 0.00 0.000 0.000 0 0.915 26.394 0.9153 26.3942
1774620166.498138 0 0.298 0.855 1.271 425 0.00 0.00 0.000 0.000 0 0.921 26.403 0.9215 26.4034
% 1774620166.5110676 robobot/cmd/ti rc 0.25 0.2719646341463415
% 1774620166.544755 robobot/cmd/ti rc 0.25 0.2719646341463415
1774620166.548664 0 0.302 0.867 1.287 426 0.00 0.00 0.000 0.000 0 0.933 26.420 0.9334 26.4196
% 1774620166.58035 robobot/cmd/ti rc 0.25 0.2719646341463415
1774620166.5810912 0 0.303 0.873 1.294 426 0.00 0.00 0.000 0.000 0 0.940 26.427 0.9398 26.4266
% 1774620166.583208 robobot/cmd/T0 servo 1 -900 200
1774620166.6001716 0 0.305 0.879 1.301 426 0.00 0.00 0.000 0.000 0 0.946 26.434 0.9456 26.4335
% 1774620166.6149135 robobot/cmd/ti rc 0.25 0.2719646341463415
1774620166.649674 0 0.308 0.891 1.315 426 0.00 0.00 0.000 0.000 0 0.959 26.447 0.9594 26.4474
% 1774620166.650787 robobot/cmd/ti rc 0.25 0.2719646341463415
1774620166.673772 0 0.310 0.897 1.321 426 0.00 0.00 0.000 0.000 0 0.965 26.453 0.9654 26.4532
% 1774620166.6837754 robobot/cmd/ti rc 0.25 0.13023658536585367
1774620166.6975136 0 0.311 0.903 1.329 426 0.00 0.00 0.000 0.000 0 0.972 26.461 0.9715 26.4613
% 1774620166.716892 robobot/cmd/ti rc 0.25 0.13023658536585367
1774620166.7491226 0 0.314 0.915 1.335 427 0.00 0.00 0.000 0.000 0 0.983 26.468 0.9834 26.4682
% 1774620166.7518585 robobot/cmd/ti rc 0.25 0.13023658536585367
1774620166.773929 0 0.316 0.921 1.339 427 0.00 0.00 0.000 0.000 0 0.990 26.472 0.9895 26.4717
% 1774620166.785986 robobot/cmd/ti rc 0.25 0.13023658536585367
1774620166.7985678 0 0.317 0.927 1.342 427 0.00 0.00 0.000 0.000 0 0.997 26.475 0.9974 26.4751
% 1774620166.8206167 robobot/cmd/ti rc 0.25 0.13023658536585367
% 1774620166.837117 robobot/cmd/T0 servo 1 -900 200
1774620166.8501139 0 0.320 0.939 1.349 427 0.00 0.00 0.000 0.000 0 1.009 26.482 1.0094 26.4821
% 1774620166.8520262 robobot/cmd/ti rc 0.231 -0.05171158536585366
1774620166.8732834 0 0.321 0.946 1.352 427 0.00 0.00 0.000 0.000 0 1.016 26.484 1.0156 26.4844
% 1774620166.8855517 robobot/cmd/ti rc 0.231 -0.05171158536585366
1774620166.8990014 0 0.322 0.951 1.353 428 0.00 0.00 0.000 0.000 0 1.021 26.486 1.0212 26.4856
% 1774620166.9203205 robobot/cmd/ti rc 0.231 -0.05171158536585366
% 1774620166.946892 robobot/cmd/ti alive 2026-03-27 15:01:41.362915
1774620166.9496264 0 0.325 0.963 1.352 428 0.00 0.00 0.000 0.000 0 1.032 26.484 1.0325 26.4844
% 1774620166.9514537 robobot/cmd/ti rc 0.231 -0.05171158536585366
1774620166.974235 0 0.326 0.969 1.349 428 0.00 0.00 0.000 0.000 0 1.038 26.482 1.0381 26.4821
% 1774620166.9821212 robobot/cmd/ti rc 0.231 -0.05171158536585366
1774620166.999362 0 0.328 0.974 1.349 428 0.00 0.00 0.000 0.000 0 1.045 26.482 1.0455 26.4821
% 1774620167.013596 robobot/cmd/ti rc 0.2265 -0.11682987804878049
% 1774620167.0442832 robobot/cmd/ti rc 0.2265 -0.11682987804878049
1774620167.0512176 0 0.330 0.985 1.346 428 0.00 0.00 0.000 0.000 0 1.056 26.479 1.0563 26.4786
1774620167.0775495 0 0.331 0.991 1.344 429 0.00 0.00 0.000 0.000 0 1.062 26.476 1.0623 26.4763
% 1774620167.0778327 robobot/cmd/ti rc 0.2265 -0.11682987804878049
% 1774620167.0922608 robobot/cmd/T0 servo 1 -900 200
1774620167.0988777 0 0.333 0.996 1.341 429 0.00 0.00 0.000 0.000 0 1.067 26.474 1.0675 26.4740
% 1774620167.1121767 robobot/cmd/ti rc 0.2265 -0.11682987804878049
% 1774620167.1428704 robobot/cmd/ti rc 0.2265 -0.11108414634146342
1774620167.1483579 0 0.335 1.007 1.337 429 0.00 0.00 0.000 0.000 0 1.078 26.469 1.0782 26.4694
% 1774620167.1735077 robobot/cmd/ti rc 0.2265 -0.11108414634146342
1774620167.1759036 0 0.337 1.013 1.334 429 0.00 0.00 0.000 0.000 0 1.084 26.467 1.0837 26.4670
1774620167.199848 0 0.338 1.018 1.331 430 0.00 0.00 0.000 0.000 0 1.091 26.464 1.0909 26.4636
% 1774620167.2052455 robobot/cmd/ti rc 0.2265 -0.11108414634146342
% 1774620167.2370737 robobot/cmd/ti rc 0.2265 -0.11108414634146342
1774620167.248473 0 0.341 1.029 1.325 430 0.00 0.00 0.000 0.000 0 1.102 26.458 1.1017 26.4578
% 1774620167.2680883 robobot/cmd/ti rc 0.2265 -0.11108414634146342
1774620167.2746599 0 0.342 1.035 1.323 430 0.00 0.00 0.000 0.000 0 1.107 26.456 1.1073 26.4555
1774620167.2995453 0 0.343 1.040 1.321 430 0.00 0.00 0.000 0.000 0 1.113 26.453 1.1127 26.4532
% 1774620167.299808 robobot/cmd/ti rc 0.228 -0.10150792682926829
% 1774620167.330254 robobot/cmd/ti rc 0.228 -0.10150792682926829
1774620167.3497753 0 0.346 1.051 1.315 430 0.00 0.00 0.000 0.000 0 1.124 26.447 1.1236 26.4474
% 1774620167.3515437 robobot/cmd/T0 servo 1 -900 200
% 1774620167.3633747 robobot/cmd/ti rc 0.228 -0.10150792682926829
1774620167.3779836 0 0.348 1.057 1.312 431 0.00 0.00 0.000 0.000 0 1.129 26.445 1.1291 26.4451
% 1774620167.3977625 robobot/cmd/ti rc 0.228 -0.10150792682926829
1774620167.4035845 0 0.349 1.063 1.310 431 0.00 0.00 0.000 0.000 0 1.136 26.443 1.1362 26.4428
% 1774620167.4300857 robobot/cmd/ti rc 0.228 -0.10150792682926829
1774620167.4486132 0 0.352 1.074 1.305 431 0.00 0.00 0.000 0.000 0 1.147 26.438 1.1473 26.4381
% 1774620167.455312 robobot/cmd/ti alive 2026-03-27 15:01:41.362915
% 1774620167.461342 robobot/cmd/ti rc 0.2295 -0.08810121951219513
1774620167.47574 0 0.353 1.078 1.303 431 0.00 0.00 0.000 0.000 0 1.153 26.436 1.1527 26.4358
% 1774620167.4921558 robobot/cmd/ti rc 0.2295 -0.08810121951219513
1774620167.5043952 0 0.355 1.085 1.301 432 0.00 0.00 0.000 0.000 0 1.158 26.434 1.1582 26.4335
% 1774620167.5256662 robobot/cmd/ti rc 0.2295 -0.08810121951219513
1774620167.551966 0 0.358 1.096 1.296 432 0.00 0.00 0.000 0.000 0 1.169 26.429 1.1692 26.4289
% 1774620167.5575054 robobot/cmd/ti rc 0.2295 -0.08810121951219513
1774620167.575261 0 0.360 1.100 1.295 432 0.00 0.00 0.000 0.000 0 1.175 26.428 1.1749 26.4277
% 1774620167.5921474 robobot/cmd/ti rc 0.231 -0.05362682926829268
1774620167.599184 0 0.362 1.107 1.293 432 0.00 0.00 0.000 0.000 0 1.182 26.425 1.1821 26.4254
% 1774620167.6086287 robobot/cmd/T0 servo 1 -900 200
% 1774620167.6233752 robobot/cmd/ti rc 0.231 -0.05362682926829268
1774620167.6498632 0 0.365 1.118 1.289 433 0.00 0.00 0.000 0.000 0 1.194 26.422 1.1935 26.4219
% 1774620167.6567771 robobot/cmd/ti rc 0.231 -0.05362682926829268
1774620167.674757 0 0.366 1.122 1.287 433 0.00 0.00 0.000 0.000 0 1.199 26.420 1.1990 26.4196
% 1774620167.6897662 robobot/cmd/ti rc 0.231 -0.05362682926829268
1774620167.6997623 0 0.368 1.129 1.287 433 0.00 0.00 0.000 0.000 0 1.204 26.420 1.2043 26.4196
% 1774620167.7211804 robobot/cmd/ti rc 0.2265 0.015321951219512195
1774620167.7501533 0 0.371 1.140 1.284 434 0.00 0.00 0.000 0.000 0 1.215 26.416 1.2153 26.4162
% 1774620167.7518158 robobot/cmd/ti rc 0.2265 0.015321951219512195
1774620167.7744734 0 0.372 1.144 1.284 434 0.00 0.00 0.000 0.000 0 1.221 26.416 1.2210 26.4162
% 1774620167.7837338 robobot/cmd/ti rc 0.2265 0.015321951219512195
1774620167.7996528 0 0.374 1.151 1.284 434 0.00 0.00 0.000 0.000 0 1.228 26.416 1.2282 26.4162
% 1774620167.8155377 robobot/cmd/ti rc 0.2265 0.015321951219512195
% 1774620167.8531935 robobot/cmd/ti rc 0.2265 0.015321951219512195
1774620167.854431 0 0.378 1.162 1.285 434 0.00 0.00 0.000 0.000 0 1.239 26.417 1.2389 26.4173
% 1774620167.86551 robobot/cmd/T0 servo 1 -900 200
1774620167.8734894 0 0.379 1.166 1.285 434 0.00 0.00 0.000 0.000 0 1.244 26.417 1.2443 26.4173
% 1774620167.885956 robobot/cmd/ti rc 0.2235 0.06511829268292683
1774620167.899742 0 0.381 1.173 1.286 435 0.00 0.00 0.000 0.000 0 1.250 26.419 1.2503 26.4185
% 1774620167.9175084 robobot/cmd/ti rc 0.2235 0.06511829268292683
% 1774620167.9509335 robobot/cmd/ti rc 0.2235 0.06511829268292683
1774620167.9517884 0 0.384 1.183 1.288 435 0.00 0.00 0.000 0.000 0 1.261 26.421 1.2607 26.4208
% 1774620167.959173 robobot/cmd/ti alive 2026-03-27 15:01:41.362915
1774620167.9739974 0 0.385 1.188 1.288 435 0.00 0.00 0.000 0.000 0 1.266 26.421 1.2660 26.4208
% 1774620167.981532 robobot/cmd/ti rc 0.2235 0.06511829268292683
1774620167.9987848 0 0.387 1.194 1.289 435 0.00 0.00 0.000 0.000 0 1.273 26.422 1.2732 26.4219
% 1774620168.0125217 robobot/cmd/ti rc 0.2235 0.06511829268292683
% 1774620168.04538 robobot/cmd/ti rc 0.2235 0.06511829268292683
1774620168.0496793 0 0.390 1.205 1.294 436 0.00 0.00 0.000 0.000 0 1.284 26.427 1.2839 26.4266
1774620168.0750408 0 0.391 1.209 1.294 436 0.00 0.00 0.000 0.000 0 1.289 26.427 1.2895 26.4266
% 1774620168.076266 robobot/cmd/ti rc 0.2235 0.06511829268292683
1774620168.099936 0 0.393 1.216 1.296 436 0.00 0.00 0.000 0.000 0 1.295 26.429 1.2947 26.4289
% 1774620168.1085093 robobot/cmd/ti rc 0.2235 0.06511829268292683
% 1774620168.1215367 robobot/cmd/T0 servo 1 -900 200
% 1774620168.139491 robobot/cmd/ti rc 0.2295 0.06894878048780488
1774620168.151336 0 0.396 1.227 1.298 436 0.00 0.00 0.000 0.000 0 1.307 26.431 1.3071 26.4312
% 1774620168.173694 robobot/cmd/ti rc 0.2295 0.06894878048780488
1774620168.176939 0 0.397 1.231 1.300 437 0.00 0.00 0.000 0.000 0 1.311 26.432 1.3109 26.4324
1774620168.1999793 0 0.399 1.237 1.302 437 0.00 0.00 0.000 0.000 0 1.318 26.435 1.3180 26.4347
% 1774620168.205545 robobot/cmd/ti rc 0.2295 0.06894878048780488
% 1774620168.2375908 robobot/cmd/ti rc 0.2295 0.06894878048780488
1774620168.250015 0 0.402 1.249 1.305 437 0.00 0.00 0.000 0.000 0 1.329 26.438 1.3292 26.4381
% 1774620168.2698197 robobot/cmd/ti rc 0.2115 0.03447439024390244
1774620168.2735498 0 0.403 1.253 1.307 437 0.00 0.00 0.000 0.000 0 1.335 26.439 1.3346 26.4393
% 1774620168.3005004 robobot/cmd/ti rc 0.2115 0.03447439024390244
1774620168.3012528 0 0.405 1.260 1.308 438 0.00 0.00 0.000 0.000 0 1.340 26.440 1.3402 26.4404
% 1774620168.3333654 robobot/cmd/ti rc 0.2115 0.03447439024390244
1774620168.3510056 0 0.408 1.270 1.310 438 0.00 0.00 0.000 0.000 0 1.352 26.443 1.3521 26.4428
% 1774620168.3647234 robobot/cmd/ti rc 0.2115 0.03447439024390244
% 1774620168.3726394 robobot/cmd/T0 servo 1 -900 200
1774620168.3739364 0 0.409 1.274 1.312 438 0.00 0.00 0.000 0.000 0 1.356 26.445 1.3557 26.4451
% 1774620168.3953564 robobot/cmd/ti rc 0.2115 0.03447439024390244
1774620168.4017994 0 0.411 1.280 1.312 438 0.00 0.00 0.000 0.000 0 1.363 26.445 1.3626 26.4451
% 1774620168.4261456 robobot/cmd/ti rc 0.1515 0.003830487804878049
1774620168.4519393 0 0.413 1.290 1.315 438 0.00 0.00 0.000 0.000 0 1.373 26.447 1.3726 26.4474
% 1774620168.4567225 robobot/cmd/ti rc 0.1515 0.003830487804878049
% 1774620168.4698253 robobot/cmd/ti alive 2026-03-27 15:01:41.362915
1774620168.4781907 0 0.414 1.294 1.315 439 0.00 0.00 0.000 0.000 0 1.377 26.447 1.3771 26.4474
% 1774620168.4914 robobot/cmd/ti rc 0.1515 0.003830487804878049
1774620168.501224 0 0.416 1.299 1.316 439 0.00 0.00 0.000 0.000 0 1.381 26.449 1.3812 26.4485
% 1774620168.5234184 robobot/cmd/ti rc 0.1515 0.003830487804878049
1774620168.5528336 0 0.418 1.306 1.317 439 0.00 0.00 0.000 0.000 0 1.390 26.450 1.3898 26.4497
% 1774620168.5560534 robobot/cmd/ti rc 0.10350000000000001 -0.042135365853658534
1774620168.5733998 0 0.418 1.309 1.315 439 0.00 0.00 0.000 0.000 0 1.392 26.447 1.3921 26.4474
% 1774620168.588855 robobot/cmd/ti rc 0.10350000000000001 -0.042135365853658534
1774620168.6004894 0 0.419 1.313 1.315 440 0.00 0.00 0.000 0.000 0 1.396 26.447 1.3965 26.4474
% 1774620168.6235366 robobot/cmd/ti rc 0.10350000000000001 -0.042135365853658534
% 1774620168.632014 robobot/cmd/T0 servo 1 -900 200
1774620168.653318 0 0.421 1.318 1.312 440 0.00 0.00 0.000 0.000 0 1.402 26.445 1.4016 26.4451
% 1774620168.656307 robobot/cmd/ti rc 0.10350000000000001 -0.042135365853658534
1774620168.67464 0 0.421 1.320 1.311 440 0.00 0.00 0.000 0.000 0 1.404 26.444 1.4043 26.4439
% 1774620168.6884239 robobot/cmd/ti rc 0.10350000000000001 -0.042135365853658534
1774620168.7009103 0 0.422 1.323 1.310 440 0.00 0.00 0.000 0.000 0 1.407 26.443 1.4066 26.4428
% 1774620168.7197413 robobot/cmd/ti rc 0.0765 -0.059372560975609764
1774620168.7515771 0 0.423 1.328 1.305 441 0.00 0.00 0.000 0.000 0 1.412 26.438 1.4124 26.4381
% 1774620168.7518635 robobot/cmd/ti rc 0.0765 -0.059372560975609764
1774620168.7739375 0 0.424 1.329 1.305 441 0.00 0.00 0.000 0.000 0 1.414 26.438 1.4140 26.4381
% 1774620168.7844121 robobot/cmd/ti rc 0.0765 -0.059372560975609764
1774620168.8008788 0 0.424 1.331 1.304 441 0.00 0.00 0.000 0.000 0 1.416 26.437 1.4163 26.4370
% 1774620168.818903 robobot/cmd/ti rc 0.0765 -0.059372560975609764
% 1774620168.8521311 robobot/cmd/ti rc 0.0765 -0.059372560975609764
1774620168.8528953 0 0.425 1.335 1.300 441 0.00 0.00 0.000 0.000 0 1.420 26.432 1.4201 26.4324
1774620168.8749864 0 0.426 1.336 1.298 441 0.00 0.00 0.000 0.000 0 1.422 26.431 1.4219 26.4312
% 1774620168.8841667 robobot/cmd/T0 servo 1 -900 200
% 1774620168.8849857 robobot/cmd/ti rc 0.0495 -0.05362682926829268
1774620168.9014432 0 0.426 1.339 1.297 441 0.00 0.00 0.000 0.000 0 1.424 26.430 1.4237 26.4300
% 1774620168.9181232 robobot/cmd/ti rc 0.0495 -0.05362682926829268
% 1774620168.949601 robobot/cmd/ti rc 0.0495 -0.05362682926829268
1774620168.9538934 0 0.427 1.341 1.297 442 0.00 0.00 0.000 0.000 0 1.427 26.430 1.4274 26.4300
1774620168.9747133 0 0.427 1.342 1.293 442 0.00 0.00 0.000 0.000 0 1.428 26.425 1.4283 26.4254
% 1774620168.976372 robobot/cmd/ti alive 2026-03-27 15:01:41.362915
% 1774620168.980961 robobot/cmd/ti rc 0.0495 -0.05362682926829268
1774620169.0047305 0 0.428 1.344 1.293 442 0.00 0.00 0.000 0.000 0 1.430 26.425 1.4299 26.4254
% 1774620169.0130386 robobot/cmd/ti rc 0.0495 -0.05362682926829268
% 1774620169.0449708 robobot/cmd/ti rc 0.009000000000000001 -0.021067682926829267
1774620169.051975 0 0.428 1.346 1.288 442 0.00 0.00 0.000 0.000 0 1.432 26.421 1.4321 26.4208
1774620169.0758252 0 0.428 1.346 1.284 443 0.00 0.00 0.000 0.000 0 1.433 26.416 1.4331 26.4162
% 1774620169.0774128 robobot/cmd/ti rc 0.009000000000000001 -0.021067682926829267
1774620169.102272 0 0.428 1.346 1.281 443 0.00 0.00 0.000 0.000 0 1.434 26.414 1.4337 26.4138
% 1774620169.1088717 robobot/cmd/ti rc 0.009000000000000001 -0.021067682926829267
% 1774620169.13955 robobot/cmd/ti rc 0.009000000000000001 -0.021067682926829267
% 1774620169.142159 robobot/cmd/T0 servo 1 -900 200
1774620169.153198 0 0.428 1.346 1.279 443 0.00 0.00 0.000 0.000 0 1.435 26.412 1.4346 26.4115
1774620169.1742275 0 0.428 1.346 1.279 443 0.00 0.00 0.000 0.000 0 1.435 26.412 1.4348 26.4115
1774620169.2024274 0 0.428 1.346 1.279 443 0.00 0.00 0.000 0.000 0 1.435 26.412 1.4351 26.4115
1774620169.251295 0 0.428 1.346 1.279 444 0.00 0.00 0.000 0.000 0 1.435 26.412 1.4355 26.4115
1774620169.2744327 0 0.428 1.346 1.279 444 0.00 0.00 0.000 0.000 0 1.436 26.412 1.4356 26.4115
1774620169.3017383 0 0.428 1.346 1.279 444 0.00 0.00 0.000 0.000 0 1.436 26.412 1.4357 26.4115
1774620169.351952 0 0.428 1.346 1.279 445 0.00 0.00 0.000 0.000 0 1.436 26.412 1.4358 26.4115
1774620169.374367 0 0.428 1.346 1.279 445 0.00 0.00 0.000 0.000 0 1.436 26.412 1.4359 26.4115
% 1774620169.394391 robobot/cmd/T0 servo 1 -900 200
1774620169.4028957 0 0.428 1.346 1.279 445 0.00 0.00 0.000 0.000 0 1.436 26.412 1.4359 26.4115
1774620169.4521658 0 0.428 1.346 1.279 445 0.00 0.00 0.000 0.000 0 1.436 26.412 1.4361 26.4115
1774620169.474463 0 0.428 1.346 1.279 445 0.00 0.00 0.000 0.000 0 1.436 26.412 1.4361 26.4115
% 1774620169.4830546 robobot/cmd/ti alive 2026-03-27 15:01:41.362915
1774620169.5033119 0 0.428 1.346 1.279 446 0.00 0.00 0.000 0.000 0 1.436 26.412 1.4361 26.4115
1774620169.5539637 0 0.428 1.346 1.279 446 0.00 0.00 0.000 0.000 0 1.436 26.412 1.4362 26.4115
1774620169.574566 0 0.428 1.346 1.279 446 0.00 0.00 0.000 0.000 0 1.436 26.412 1.4362 26.4115
1774620169.602739 0 0.428 1.346 1.279 446 0.00 0.00 0.000 0.000 0 1.436 26.412 1.4362 26.4115
% 1774620169.6510515 robobot/cmd/T0 servo 1 -900 200
1774620169.6523504 0 0.428 1.346 1.279 447 0.00 0.00 0.000 0.000 0 1.436 26.412 1.4363 26.4115
1774620169.673746 0 0.428 1.346 1.279 447 0.00 0.00 0.000 0.000 0 1.436 26.412 1.4363 26.4115
1774620169.7033772 0 0.428 1.346 1.278 447 0.00 0.00 0.000 0.000 0 1.436 26.410 1.4363 26.4104
1774620169.7534976 0 0.429 1.348 1.267 447 0.00 0.00 0.000 0.000 0 1.437 26.400 1.4366 26.4000
1774620169.774266 0 0.429 1.348 1.262 447 0.00 0.00 0.000 0.000 0 1.437 26.394 1.4373 26.3942
1774620169.804847 0 0.429 1.349 1.258 448 0.00 0.00 0.000 0.000 0 1.438 26.391 1.4382 26.3907
1774620169.8538725 0 0.429 1.349 1.256 448 0.00 0.00 0.000 0.000 0 1.439 26.388 1.4389 26.3884
1774620169.8758552 0 0.429 1.349 1.256 448 0.00 0.00 0.000 0.000 0 1.439 26.388 1.4391 26.3884
1774620169.9033916 0 0.429 1.349 1.256 448 0.00 0.00 0.000 0.000 0 1.439 26.388 1.4392 26.3884
% 1774620169.907114 robobot/cmd/T0 servo 1 -900 200
1774620169.953832 0 0.429 1.349 1.256 449 0.00 0.00 0.000 0.000 0 1.439 26.388 1.4395 26.3884
1774620169.9754848 0 0.429 1.349 1.257 449 0.00 0.00 0.000 0.000 0 1.440 26.390 1.4395 26.3896
% 1774620169.9893305 robobot/cmd/ti alive 2026-03-27 15:01:41.362915
1774620170.002228 0 0.429 1.349 1.257 449 0.00 0.00 0.000 0.000 0 1.440 26.390 1.4396 26.3896
1774620170.0526109 0 0.429 1.349 1.257 449 0.00 0.00 0.000 0.000 0 1.440 26.390 1.4397 26.3896
1774620170.0736632 0 0.429 1.349 1.257 449 0.00 0.00 0.000 0.000 0 1.440 26.390 1.4398 26.3896
1774620170.1036339 0 0.429 1.349 1.258 450 0.00 0.00 0.000 0.000 0 1.440 26.391 1.4398 26.3907
1774620170.1534739 0 0.430 1.351 1.276 450 0.00 0.00 0.000 0.000 0 1.441 26.409 1.4413 26.4092
% 1774620170.1637137 robobot/cmd/T0 servo 1 -900 200
1774620170.175061 0 0.430 1.352 1.284 450 0.00 0.00 0.000 0.000 0 1.442 26.416 1.4420 26.4162
1774620170.2030027 0 0.430 1.353 1.289 450 0.00 0.00 0.000 0.000 0 1.443 26.422 1.4432 26.4219
1774620170.2534652 0 0.430 1.353 1.289 451 0.00 0.00 0.000 0.000 0 1.444 26.422 1.4440 26.4219
1774620170.2770028 0 0.430 1.353 1.288 451 0.00 0.00 0.000 0.000 0 1.444 26.421 1.4442 26.4208
1774620170.3042424 0 0.430 1.353 1.288 451 0.00 0.00 0.000 0.000 0 1.444 26.421 1.4443 26.4208
1774620170.355091 0 0.431 1.353 1.284 451 0.00 0.00 0.000 0.000 0 1.445 26.416 1.4446 26.4162
1774620170.3742955 0 0.431 1.354 1.278 451 0.00 0.00 0.000 0.000 0 1.445 26.410 1.4450 26.4104
1774620170.4045982 0 0.431 1.354 1.272 451 0.00 0.00 0.000 0.000 0 1.446 26.405 1.4460 26.4046
% 1774620170.416513 robobot/cmd/T0 servo 1 -900 200
1774620170.4544857 0 0.431 1.355 1.271 452 0.00 0.00 0.000 0.000 0 1.447 26.403 1.4470 26.4034
1774620170.4746397 0 0.431 1.355 1.270 452 0.00 0.00 0.000 0.000 0 1.447 26.402 1.4473 26.4023
% 1774620170.493647 robobot/cmd/ti alive 2026-03-27 15:01:41.362915
1774620170.5036445 0 0.431 1.355 1.266 452 0.00 0.00 0.000 0.000 0 1.447 26.399 1.4475 26.3988
1774620170.5530815 0 0.431 1.355 1.264 453 0.00 0.00 0.000 0.000 0 1.448 26.397 1.4481 26.3965
1774620170.575892 0 0.431 1.355 1.264 453 0.00 0.00 0.000 0.000 0 1.448 26.397 1.4483 26.3965
1774620170.605456 0 0.431 1.355 1.264 453 0.00 0.00 0.000 0.000 0 1.449 26.397 1.4485 26.3965
1774620170.6536298 0 0.431 1.355 1.264 453 0.00 0.00 0.000 0.000 0 1.449 26.397 1.4488 26.3965
% 1774620170.6703281 robobot/cmd/ti rc 0.0 0.0
% 1774620170.6723168 robobot/cmd/T0 servo 1 -900 200
1774620170.6741211 0 0.431 1.355 1.264 453 0.00 0.00 0.000 0.000 0 1.449 26.397 1.4489 26.3965
% 1774620170.6850388 robobot/cmd/ti rc 0.0 0.0
1774620170.7039018 0 0.431 1.355 1.264 453 0.00 0.00 0.000 0.000 0 1.449 26.397 1.4490 26.3965
1774620170.757065 0 0.431 1.355 1.263 454 0.00 0.00 0.000 0.000 0 1.449 26.395 1.4490 26.3953
1774620170.774574 0 0.431 1.355 1.263 454 0.00 0.00 0.000 0.000 0 1.449 26.395 1.4490 26.3953
1774620170.8037786 0 0.431 1.355 1.263 454 0.00 0.00 0.000 0.000 0 1.449 26.395 1.4490 26.3953
% 1774620170.8317268 % Objective end Search_And_Navigate_To_Golf_Ball
% 1774620170.831768 % Objective start arm_down
% 1774620170.8320374 robobot/cmd/T0 servo 1 120 200
1774620170.853946 0 0.431 1.355 1.263 454 0.00 0.00 0.000 0.000 0 1.449 26.395 1.4490 26.3953
1774620170.8753269 0 0.431 1.355 1.263 454 0.00 0.00 0.000 0.000 0 1.449 26.395 1.4490 26.3953
1774620170.9045622 0 0.431 1.355 1.263 454 0.00 0.00 0.000 0.000 0 1.449 26.395 1.4490 26.3953
% 1774620170.925802 robobot/cmd/T0 servo 1 120 200
1774620170.953901 0 0.431 1.355 1.263 454 0.00 0.00 0.000 0.000 0 1.449 26.395 1.4490 26.3953
1774620170.9754007 0 0.431 1.355 1.263 454 0.00 0.00 0.000 0.000 0 1.449 26.395 1.4490 26.3953
% 1774620170.9956975 robobot/cmd/ti alive 2026-03-27 15:01:41.362915
1774620171.0040069 0 0.431 1.355 1.263 454 0.00 0.00 0.000 0.000 0 1.449 26.395 1.4490 26.3953
1774620171.054588 0 0.431 1.355 1.263 454 0.00 0.00 0.000 0.000 0 1.449 26.395 1.4489 26.3953
1774620171.0753746 0 0.431 1.355 1.263 454 0.00 0.00 0.000 0.000 0 1.449 26.395 1.4489 26.3953
1774620171.1044757 0 0.431 1.355 1.263 454 0.00 0.00 0.000 0.000 0 1.449 26.395 1.4489 26.3953
1774620171.1541653 0 0.431 1.355 1.263 454 0.00 0.00 0.000 0.000 0 1.449 26.395 1.4488 26.3953
1774620171.1757011 0 0.431 1.355 1.263 454 0.00 0.00 0.000 0.000 0 1.449 26.395 1.4488 26.3953
% 1774620171.181545 robobot/cmd/T0 servo 1 120 200
1774620171.204664 0 0.431 1.355 1.263 454 0.00 0.00 0.000 0.000 0 1.449 26.395 1.4488 26.3953
1774620171.2542691 0 0.431 1.355 1.263 454 0.00 0.00 0.000 0.000 0 1.449 26.395 1.4488 26.3953
1774620171.2752273 0 0.431 1.355 1.263 454 0.00 0.00 0.000 0.000 0 1.449 26.395 1.4488 26.3953
1774620171.308001 0 0.431 1.355 1.263 454 0.00 0.00 0.000 0.000 0 1.449 26.395 1.4488 26.3953
1774620171.3547602 0 0.431 1.355 1.263 454 0.00 0.00 0.000 0.000 0 1.449 26.395 1.4488 26.3953
1774620171.3760433 0 0.431 1.355 1.263 454 0.00 0.00 0.000 0.000 0 1.449 26.395 1.4488 26.3953
1774620171.4042816 0 0.431 1.355 1.263 454 0.00 0.00 0.000 0.000 0 1.449 26.395 1.4488 26.3953
% 1774620171.4403148 robobot/cmd/T0 servo 1 120 200
1774620171.4548702 0 0.431 1.355 1.263 454 0.00 0.00 0.000 0.000 0 1.449 26.395 1.4488 26.3953
1774620171.4754138 0 0.431 1.355 1.263 454 0.00 0.00 0.000 0.000 0 1.449 26.395 1.4488 26.3953
% 1774620171.499175 robobot/cmd/ti alive 2026-03-27 15:01:41.362915
1774620171.5063381 0 0.431 1.355 1.263 454 0.00 0.00 0.000 0.000 0 1.449 26.395 1.4488 26.3953
1774620171.555441 0 0.431 1.355 1.263 454 0.00 0.00 0.000 0.000 0 1.449 26.395 1.4488 26.3953
1774620171.5772047 0 0.431 1.355 1.263 454 0.00 0.00 0.000 0.000 0 1.449 26.395 1.4488 26.3953
1774620171.6058784 0 0.431 1.355 1.263 454 0.00 0.00 0.000 0.000 0 1.449 26.395 1.4488 26.3953
1774620171.6558418 0 0.431 1.355 1.263 454 0.00 0.00 0.000 0.000 0 1.449 26.395 1.4488 26.3953
1774620171.675983 0 0.431 1.355 1.263 454 0.00 0.00 0.000 0.000 0 1.449 26.395 1.4488 26.3953
% 1774620171.6985319 robobot/cmd/T0 servo 1 120 200
1774620171.7052789 0 0.431 1.355 1.263 454 0.00 0.00 0.000 0.000 0 1.449 26.395 1.4488 26.3953
1774620171.7553573 0 0.431 1.355 1.263 454 0.00 0.00 0.000 0.000 0 1.449 26.395 1.4488 26.3953
1774620171.7775996 0 0.431 1.355 1.263 454 0.00 0.00 0.000 0.000 0 1.449 26.395 1.4488 26.3953
1774620171.804968 0 0.431 1.355 1.263 454 0.00 0.00 0.000 0.000 0 1.449 26.395 1.4488 26.3953
1774620171.8553536 0 0.431 1.355 1.263 454 0.00 0.00 0.000 0.000 0 1.449 26.395 1.4488 26.3953
1774620171.8756583 0 0.431 1.355 1.263 454 0.00 0.00 0.000 0.000 0 1.449 26.395 1.4488 26.3953
1774620171.905585 0 0.431 1.355 1.263 454 0.00 0.00 0.000 0.000 0 1.449 26.395 1.4488 26.3953
1774620171.955042 0 0.431 1.355 1.263 454 0.00 0.00 0.000 0.000 0 1.449 26.395 1.4488 26.3953
% 1774620171.956054 robobot/cmd/T0 servo 1 120 200
1774620171.9755042 0 0.431 1.355 1.263 454 0.00 0.00 0.000 0.000 0 1.449 26.395 1.4488 26.3953
% 1774620172.0027413 robobot/cmd/ti alive 2026-03-27 15:01:41.362915
1774620172.0086844 0 0.431 1.355 1.263 454 0.00 0.00 0.000 0.000 0 1.449 26.395 1.4488 26.3953
1774620172.0555413 0 0.431 1.355 1.263 454 0.00 0.00 0.000 0.000 0 1.449 26.395 1.4488 26.3953
1774620172.0761197 0 0.431 1.355 1.263 454 0.00 0.00 0.000 0.000 0 1.449 26.395 1.4488 26.3953
1774620172.1067462 0 0.431 1.355 1.263 454 0.00 0.00 0.000 0.000 0 1.449 26.395 1.4488 26.3953
1774620172.1555188 0 0.431 1.355 1.263 454 0.00 0.00 0.000 0.000 0 1.449 26.395 1.4488 26.3953
1774620172.1762888 0 0.431 1.355 1.263 454 0.00 0.00 0.000 0.000 0 1.449 26.395 1.4488 26.3953
1774620172.2059393 0 0.431 1.355 1.263 454 0.00 0.00 0.000 0.000 0 1.449 26.395 1.4488 26.3953
% 1774620172.2113662 robobot/cmd/T0 servo 1 120 200
1774620172.2563143 0 0.431 1.355 1.263 454 0.00 0.00 0.000 0.000 0 1.449 26.395 1.4488 26.3953
1774620172.2788768 0 0.431 1.355 1.263 454 0.00 0.00 0.000 0.000 0 1.449 26.395 1.4488 26.3953
1774620172.3066592 0 0.431 1.355 1.263 454 0.00 0.00 0.000 0.000 0 1.449 26.395 1.4488 26.3953
1774620172.356169 0 0.431 1.355 1.263 454 0.00 0.00 0.000 0.000 0 1.449 26.395 1.4488 26.3953
1774620172.3759885 0 0.431 1.355 1.263 454 0.00 0.00 0.000 0.000 0 1.449 26.395 1.4488 26.3953
1774620172.4067225 0 0.431 1.355 1.263 454 0.00 0.00 0.000 0.000 0 1.449 26.395 1.4488 26.3953
1774620172.4558096 0 0.431 1.355 1.263 454 0.00 0.00 0.000 0.000 0 1.449 26.395 1.4488 26.3953
% 1774620172.4690602 robobot/cmd/T0 servo 1 120 200
1774620172.4763331 0 0.431 1.355 1.263 454 0.00 0.00 0.000 0.000 0 1.449 26.395 1.4488 26.3953
% 1774620172.5056226 robobot/cmd/ti alive 2026-03-27 15:01:41.362915
1774620172.5068479 0 0.431 1.355 1.263 454 0.00 0.00 0.000 0.000 0 1.449 26.395 1.4488 26.3953
1774620172.5556738 0 0.431 1.355 1.263 454 0.00 0.00 0.000 0.000 0 1.449 26.395 1.4488 26.3953
1774620172.5760179 0 0.431 1.355 1.263 454 0.00 0.00 0.000 0.000 0 1.449 26.395 1.4488 26.3953
1774620172.6069434 0 0.431 1.355 1.263 454 0.00 0.00 0.000 0.000 0 1.449 26.395 1.4488 26.3953
1774620172.6560254 0 0.431 1.355 1.263 454 0.00 0.00 0.000 0.000 0 1.449 26.395 1.4488 26.3953
1774620172.6768134 0 0.431 1.355 1.263 454 0.00 0.00 0.000 0.000 0 1.449 26.395 1.4488 26.3953
1774620172.7066908 0 0.431 1.355 1.263 454 0.00 0.00 0.000 0.000 0 1.449 26.395 1.4488 26.3953
% 1774620172.7265239 robobot/cmd/T0 servo 1 120 200
1774620172.756054 0 0.431 1.355 1.263 454 0.00 0.00 0.000 0.000 0 1.449 26.395 1.4488 26.3953
1774620172.7762923 0 0.431 1.355 1.263 454 0.00 0.00 0.000 0.000 0 1.449 26.395 1.4488 26.3953
1774620172.8070295 0 0.431 1.355 1.263 454 0.00 0.00 0.000 0.000 0 1.449 26.395 1.4488 26.3953
1774620172.8563285 0 0.431 1.355 1.263 454 0.00 0.00 0.000 0.000 0 1.449 26.395 1.4488 26.3953
1774620172.8757274 0 0.431 1.355 1.263 454 0.00 0.00 0.000 0.000 0 1.449 26.395 1.4488 26.3953
% 1774620172.8891842 % Objective end arm_down
% 1774620172.889216 % Objective start arm_up
% 1774620172.8894508 robobot/cmd/T0 servo 1 -900 200
% 1774620172.8894799 % Objective end arm_up
1774620172.9076076 0 0.431 1.355 1.263 454 0.00 0.00 0.000 0.000 0 1.449 26.395 1.4488 26.3953
% 1774620172.911071 robobot/cmd/ti rc 0 0
% 1774620172.9321094 robobot/cmd/T0 stop
% 1774620172.9324327 robobot/cmd/T0 leds 14 0 0 0
% 1774620172.9447286 robobot/cmd/T0 leds 15 0 0 0
% 1774620172.9463332 robobot/cmd/T0 leds 16 0 0 0
1774620172.9572973 0 0.431 1.355 1.263 454 0.00 0.00 0.000 0.000 0 1.449 26.395 1.4488 26.3953
% 1774620172.957579 robobot/cmd/ti log 0
