% Edge
% 1 	Time (sec)
% 2-10 	sensor notmalized value (0..1000), sensor 0 is left, 0 is no reflection, 1000 is calibrated white
1777025564.748 96 90 83 85 85 86 87 20
1777025564.755 101 86 75 79 84 89 91 28
1777025564.764 93 79 73 75 81 84 90 30
1777025564.774 103 90 87 84 74 80 87 15
1777025564.784 95 91 80 85 78 96 102 30
1777025564.794 91 85 75 84 84 86 96 28
1777025564.804 95 88 85 93 85 88 94 27
1777025564.814 101 86 83 79 75 80 82 27
1777025564.824 97 89 86 90 82 87 91 19
1777025564.834 92 98 83 92 82 89 93 17
1777025564.844 91 82 69 83 77 84 86 16
1777025564.854 103 97 95 87 90 92 94 13
1777025564.864 89 88 90 85 86 88 95 27
1777025564.874 109 86 80 83 76 85 83 21
1777025564.884 94 102 85 89 84 86 88 23
1777025564.895 79 100 81 76 85 91 76 7
1777025564.904 90 95 84 94 92 101 95 26
1777025564.914 104 91 81 85 85 93 93 27
1777025564.924 89 85 82 87 83 95 84 15
1777025564.934 104 82 77 77 79 80 92 17
1777025564.944 91 85 75 79 76 90 84 25
1777025564.954 113 90 81 85 73 75 93 16
1777025564.964 98 84 89 95 86 94 110 39
1777025564.974 97 92 90 82 83 83 88 21
1777025564.984 79 82 81 86 90 90 93 29
1777025564.994 88 88 80 84 79 78 85 14
1777025565.004 107 94 84 93 89 93 82 25
1777025565.015 102 94 80 84 95 86 80 23
1777025565.024 106 96 85 88 87 95 93 14
1777025565.034 90 81 73 92 82 85 90 11
1777025565.044 81 92 82 80 79 86 85 27
1777025565.055 98 99 83 78 74 80 75 7
1777025565.064 114 94 85 89 85 89 93 19
1777025565.074 112 103 94 75 72 77 92 11
1777025565.085 97 101 101 98 88 94 96 33
1777025565.094 80 87 82 76 71 84 86 17
1777025565.104 94 103 90 81 87 89 82 17
1777025565.114 104 92 89 87 76 80 87 16
1777025565.124 102 97 92 86 74 81 96 36
1777025565.134 106 97 81 90 85 76 70 20
1777025565.144 81 93 77 85 93 93 108 36
1777025565.154 97 91 84 90 88 81 84 16
1777025565.164 89 78 85 81 90 90 84 19
1777025565.174 118 77 68 82 80 76 72 13
1777025565.185 92 95 88 98 88 93 91 26
1777025565.194 85 79 79 73 73 82 83 16
1777025565.204 94 89 96 97 87 91 90 26
1777025565.214 88 77 76 85 84 91 80 26
1777025565.224 96 85 83 88 83 90 89 21
1777025565.234 102 92 87 89 71 73 84 14
1777025565.245 92 97 75 88 81 85 100 25
1777025565.254 112 80 85 104 82 72 89 29
1777025565.264 117 92 91 98 87 83 98 36
1777025565.275 93 80 70 72 66 71 88 19
1777025565.284 91 87 85 81 89 99 105 28
1777025565.294 99 79 78 80 73 84 89 17
1777025565.305 100 98 83 96 82 94 87 22
1777025565.314 83 98 85 74 78 91 74 20
1777025565.324 85 85 91 87 86 90 85 22
1777025565.334 78 82 80 83 90 89 89 5
1777025565.344 83 76 76 85 100 102 103 26
1777025565.354 97 83 82 83 78 85 85 23
1777025565.365 89 88 81 90 92 92 101 30
1777025565.374 94 90 74 87 83 85 91 26
1777025565.384 94 106 93 94 96 94 84 11
1777025565.395 81 85 69 77 86 83 90 22
1777025565.404 90 91 82 85 82 79 92 22
1777025565.414 93 76 75 82 82 77 87 28
1777025565.424 90 92 76 87 75 78 85 28
1777025565.434 95 101 86 83 88 85 67 15
1777025565.444 71 79 90 89 91 91 84 16
1777025565.454 91 80 86 78 79 85 90 20
1777025565.465 100 88 92 94 86 90 101 35
1777025565.475 80 89 81 77 70 79 92 22
1777025565.484 82 91 87 89 83 86 97 13
1777025565.494 104 76 98 86 82 85 97 20
1777025565.505 114 112 100 86 88 92 83 13
1777025565.514 88 92 98 85 88 91 88 26
1777025565.524 91 91 88 84 91 89 78 17
1777025565.534 97 86 80 77 82 80 83 10
1777025565.545 97 88 92 89 82 82 89 15
1777025565.554 107 96 62 87 89 74 67 15
1777025565.565 115 106 84 91 92 90 89 20
1777025565.574 95 77 65 75 79 84 91 27
1777025565.584 91 82 81 81 79 86 91 25
1777025565.594 89 85 76 77 72 70 86 23
1777025565.605 104 101 92 88 80 92 77 22
1777025565.615 85 96 89 78 76 81 86 21
1777025565.624 96 89 85 80 91 89 99 17
1777025565.634 76 87 77 76 83 86 97 16
1777025565.645 80 82 92 92 88 96 99 23
1777025565.655 89 77 83 77 77 79 80 17
1777025565.664 104 103 98 97 81 83 91 10
1777025565.674 117 94 86 91 92 68 93 22
1777025565.684 121 108 83 82 86 86 83 20
1777025565.694 80 83 72 88 82 90 86 25
1777025565.705 109 89 83 81 81 85 84 22
1777025565.715 102 92 78 85 88 83 88 19
1777025565.724 81 86 82 87 96 85 84 20
1777025565.734 95 88 72 73 85 65 81 8
1777025565.745 97 90 81 81 90 93 95 38
1777025565.754 79 82 78 77 87 80 90 21
1777025565.765 89 88 76 79 88 77 80 20
1777025565.775 82 83 71 81 87 78 80 27
1777025565.784 100 98 97 86 89 82 86 17
1777025565.795 89 73 74 93 85 78 94 19
1777025565.804 103 91 81 87 90 78 92 17
1777025565.814 103 93 83 92 88 96 95 29
1777025565.824 90 91 83 94 89 88 88 20
1777025565.834 89 72 78 81 80 78 80 28
1777025565.845 87 86 90 94 87 87 97 17
1777025565.855 89 85 72 79 83 79 84 17
1777025565.865 98 98 86 87 91 91 97 21
1777025565.874 72 67 70 77 78 86 94 34
1777025565.884 96 90 88 77 76 78 79 14
1777025565.894 96 85 75 84 84 86 83 28
1777025565.904 98 90 85 86 75 94 93 19
1777025565.914 86 87 99 76 73 81 94 13
1777025565.924 93 79 75 77 74 86 100 26
1777025565.935 80 82 72 80 72 76 85 29
1777025565.945 87 86 83 84 77 85 89 22
1777025565.955 95 85 74 73 78 90 84 17
1777025565.965 102 94 82 83 83 92 81 14
1777025565.974 91 85 75 90 88 83 83 30
1777025565.984 101 89 80 85 96 91 88 22
1777025565.994 80 76 79 84 97 98 93 29
1777025566.004 93 82 76 79 87 86 80 9
1777025566.015 111 100 80 84 80 83 86 23
1777025566.025 100 98 90 88 88 91 103 25
1777025566.034 87 77 89 78 72 80 88 11
1777025566.044 91 88 87 87 79 82 88 35
1777025566.055 75 84 79 79 84 85 98 27
1777025566.064 95 93 91 79 78 80 88 13
1777025566.075 104 95 85 78 84 94 98 39
1777025566.086 103 96 93 84 80 81 82 25
1777025566.094 90 95 87 96 85 81 99 19
1777025566.105 84 94 90 87 82 81 90 21
1777025566.114 93 93 89 89 88 90 91 28
1777025566.124 97 103 87 82 80 87 88 20
1777025566.134 73 86 76 81 78 90 84 27
1777025566.144 97 103 91 87 82 92 82 20
1777025566.155 75 87 91 83 78 92 91 25
1777025566.165 95 100 93 87 86 77 85 11
1777025566.174 96 83 84 83 95 98 100 30
1777025566.184 101 84 72 79 87 80 84 15
1777025566.195 113 99 85 87 91 90 85 19
1777025566.204 92 92 84 82 88 80 79 22
1777025566.215 105 95 84 86 80 84 88 28
1777025566.225 100 94 82 87 86 86 84 21
1777025566.234 97 92 71 73 84 82 86 32
1777025566.244 101 82 72 79 77 83 91 21
1777025566.255 80 78 71 76 79 90 92 32
1777025566.265 114 104 93 85 83 81 90 20
1777025566.274 82 95 89 78 85 80 87 30
1777025566.284 98 85 91 79 72 80 85 15
1777025566.294 92 92 89 88 76 90 94 33
1777025566.304 95 85 81 82 78 86 89 17
1777025566.315 101 92 82 84 88 84 93 29
1777025566.325 78 85 84 86 91 92 90 13
1777025566.335 77 78 85 86 83 84 97 23
1777025566.344 97 89 83 86 83 86 80 11
1777025566.355 89 73 75 82 89 83 91 13
1777025566.365 117 93 84 87 80 81 83 10
1777025566.374 93 90 87 97 86 85 90 17
1777025566.384 92 88 74 87 78 81 76 13
1777025566.394 100 106 80 72 78 76 75 13
1777025566.404 95 93 86 79 82 80 91 29
1777025566.414 86 87 84 90 86 81 84 20
1777025566.424 93 84 76 87 85 88 87 21
1777025566.434 80 79 80 87 82 81 82 26
1777025566.444 108 95 92 91 91 95 94 28
1777025566.455 90 85 95 77 84 101 99 28
1777025566.464 102 80 89 86 81 87 92 21
1777025566.474 86 80 80 89 94 86 91 38
1777025566.484 89 83 80 86 75 73 77 14
1777025566.495 103 98 82 93 83 80 95 22
1777025566.504 102 97 94 92 86 88 83 20
1777025566.515 104 92 77 98 84 76 86 21
1777025566.525 100 93 85 94 90 88 85 25
1777025566.535 83 86 83 84 86 80 100 35
1777025566.545 107 95 85 81 78 78 76 3
1777025566.555 95 92 87 90 78 82 80 23
1777025566.564 103 89 89 79 83 89 79 10
1777025566.574 85 95 94 85 89 95 83 22
1777025566.586 79 82 74 73 75 76 89 33
1777025566.594 77 85 83 84 84 84 96 19
1777025566.604 84 83 81 81 77 82 90 23
1777025566.615 102 98 85 80 83 85 84 19
1777025566.625 98 96 89 88 84 83 84 14
1777025566.635 87 69 71 93 86 80 97 29
1777025566.644 96 83 77 86 81 81 86 22
1777025566.655 87 94 78 90 91 94 94 29
1777025566.664 96 95 80 84 81 72 71 19
1777025566.675 109 90 90 90 89 92 95 19
1777025566.685 97 94 80 83 93 86 92 28
1777025566.694 87 101 84 81 86 80 83 13
1777025566.704 80 92 79 83 85 89 95 26
1777025566.715 105 86 83 83 92 95 101 25
1777025566.724 103 79 74 78 78 80 88 30
1777025566.735 88 88 82 87 78 83 82 22
1777025566.745 100 93 87 90 74 85 99 23
1777025566.755 98 73 89 86 71 91 103 25
1777025566.765 87 86 75 83 82 81 91 14
1777025566.775 89 86 87 88 78 83 92 20
1777025566.785 86 74 74 78 80 88 86 25
1777025566.795 89 93 89 76 81 78 86 15
1777025566.804 90 88 91 93 102 84 81 25
1777025566.814 98 89 81 78 100 84 72 28
1777025566.824 97 90 88 87 79 87 86 29
1777025566.834 94 86 83 83 85 99 89 29
1777025566.845 91 82 78 82 79 73 74 5
1777025566.855 110 97 90 96 91 90 96 19
1777025566.864 93 95 94 95 87 90 91 33
1777025566.874 105 98 93 104 96 94 97 20
1777025566.886 82 76 73 85 75 83 100 35
1777025566.894 98 82 88 91 79 85 81 14
1777025566.906 89 90 88 84 83 80 85 21
1777025566.915 107 90 82 91 86 93 93 21
1777025566.925 93 85 84 98 88 76 73 23
1777025566.934 96 95 79 91 97 92 82 36
1777025566.945 79 76 69 69 73 72 75 14
1777025566.955 88 84 73 80 80 86 92 14
1777025566.964 94 83 79 79 77 75 90 15
1777025566.974 98 94 90 98 89 85 93 20
1777025566.985 97 90 85 81 87 110 102 15
1777025566.994 93 83 72 78 87 90 81 14
1777025567.004 86 87 79 84 93 86 86 22
1777025567.015 102 93 93 85 87 91 95 26
1777025567.025 101 94 85 87 76 90 89 23
1777025567.035 104 95 89 79 97 94 94 21
1777025567.044 90 81 83 83 81 73 77 23
1777025567.055 106 100 84 82 84 75 80 22
1777025567.065 91 97 70 78 77 78 78 30
1777025567.075 109 96 90 81 78 75 75 19
1777025567.084 89 86 86 86 73 72 83 30
1777025567.095 96 92 85 84 87 90 79 15
1777025567.105 102 100 87 84 88 90 88 17
1777025567.115 96 100 94 85 82 91 96 33
1777025567.125 107 89 85 80 77 93 91 21
1777025567.134 96 87 91 92 82 100 96 50
1777025567.145 86 75 76 83 79 72 81 26
1777025567.155 108 87 92 90 94 86 88 15
1777025567.165 86 78 81 89 86 86 80 19
1777025567.174 110 96 76 92 86 85 92 20
1777025567.184 80 83 74 79 76 85 98 33
1777025567.195 93 86 89 80 81 87 87 20
1777025567.205 97 87 87 73 79 90 93 23
1777025567.214 106 91 75 88 87 87 89 23
1777025567.225 98 75 75 73 83 85 85 8
1777025567.235 80 101 85 79 90 98 105 26
1777025567.244 70 89 75 68 85 86 90 13
1777025567.255 104 102 86 89 89 88 92 26
1777025567.264 95 91 84 77 79 77 84 11
1777025567.274 101 106 84 90 90 81 79 7
1777025567.284 87 92 87 97 85 96 102 23
1777025567.295 107 73 75 88 82 81 91 19
1777025567.305 97 85 80 95 90 90 86 30
1777025567.314 95 87 87 92 90 85 91 32
1777025567.325 98 83 71 78 82 83 87 13
1777025567.335 97 92 86 98 87 82 95 34
1777025567.345 88 87 82 86 81 85 88 27
1777025567.355 87 93 78 92 102 84 90 22
1777025567.365 80 83 80 92 87 98 95 25
1777025567.374 101 98 89 84 83 88 83 22
1777025567.384 83 87 84 87 81 87 81 21
1777025567.395 98 81 78 86 92 78 83 19
1777025567.405 88 86 97 88 80 99 94 13
1777025567.415 85 90 113 96 72 94 104 22
1777025567.425 82 87 81 85 81 91 78 20
1777025567.435 88 92 89 83 81 84 89 22
1777025567.444 81 90 79 70 76 78 73 14
1777025567.455 97 99 91 88 86 92 78 16
1777025567.464 88 88 82 85 92 84 97 30
1777025567.475 86 88 72 76 92 86 85 27
1777025567.485 93 86 86 87 95 98 98 33
1777025567.495 108 83 78 93 83 86 75 25
1777025567.504 95 85 87 89 87 86 80 17
1777025567.514 109 98 95 94 96 94 91 16
1777025567.525 100 97 95 88 88 92 83 16
1777025567.535 96 89 103 96 83 94 93 10
1777025567.544 76 62 74 82 83 84 102 35
1777025567.555 111 97 89 82 78 83 99 13
1777025567.565 94 97 80 91 89 84 87 10
1777025567.576 102 100 87 85 79 86 90 11
1777025567.585 90 88 86 88 80 91 100 25
1777025567.595 92 77 76 73 79 81 99 19
1777025567.604 92 88 83 86 85 86 80 20
1777025567.615 97 86 85 81 82 88 87 19
1777025567.625 88 83 88 90 82 85 81 15
1777025567.635 108 103 98 94 86 88 99 13
1777025567.645 88 85 84 87 89 106 93 26
1777025567.655 83 89 80 70 85 92 84 19
1777025567.664 84 83 81 88 93 90 85 19
1777025567.675 103 96 80 84 82 88 78 19
1777025567.685 102 88 87 97 88 97 91 28
1777025567.695 88 87 86 85 83 85 95 28
1777025567.705 97 97 93 91 90 96 91 32
1777025567.714 110 81 91 85 91 97 105 23
1777025567.725 112 93 90 82 89 83 92 29
1777025567.735 101 95 84 83 71 76 88 26
1777025567.745 81 93 82 82 83 84 78 23
1777025567.755 104 94 88 84 73 74 82 14
1777025567.765 98 92 88 89 90 93 95 42
1777025567.775 84 92 80 70 86 94 90 27
1777025567.784 85 91 84 87 89 85 92 26
1777025567.795 74 76 74 81 67 75 86 14
1777025567.805 91 86 84 85 82 84 87 8
1777025567.815 99 89 87 86 85 87 88 14
1777025567.825 86 88 84 87 84 96 90 34
1777025567.835 86 83 97 85 84 89 91 15
1777025567.845 98 90 82 88 89 88 85 17
1777025567.854 119 82 89 85 78 83 75 14
1777025567.865 90 98 84 101 97 97 96 32
1777025567.875 100 90 91 92 83 86 97 22
1777025567.885 95 86 82 93 91 89 88 14
1777025567.895 99 78 63 79 80 77 90 36
1777025567.904 94 92 85 88 84 86 77 36
1777025567.915 101 97 89 84 86 89 80 9
1777025567.925 93 85 85 81 81 80 93 23
1777025567.935 107 101 85 87 88 75 77 13
1777025567.945 75 90 79 98 100 98 98 19
1777025567.955 73 73 74 71 74 80 81 23
1777025567.965 100 95 84 89 88 84 83 20
1777025567.975 104 86 84 81 77 80 90 21
1777025567.985 94 89 89 89 87 86 96 16
1777025567.995 80 79 76 84 82 85 92 35
1777025568.005 107 97 90 86 85 80 99 33
1777025568.015 98 82 77 86 84 90 95 13
1777025568.025 79 89 77 78 85 88 103 35
1777025568.035 100 98 85 83 84 90 72 15
1777025568.044 86 100 85 89 87 93 95 23
1777025568.055 84 83 80 80 73 74 79 10
1777025568.065 100 104 90 86 96 100 93 28
1777025568.075 91 95 70 81 89 90 86 34
1777025568.086 100 85 82 77 79 86 97 32
1777025568.095 92 81 74 83 78 81 84 21
1777025568.105 96 95 88 86 86 85 94 22
1777025568.115 103 94 94 83 88 81 80 13
1777025568.125 84 92 92 105 93 94 97 28
1777025568.135 93 82 75 86 83 87 89 27
1777025568.145 100 82 77 94 88 92 98 26
1777025568.155 89 73 70 87 78 80 85 27
1777025568.164 107 99 95 92 91 88 87 16
1777025568.175 93 87 78 79 82 85 91 20
1777025568.185 99 99 86 93 94 91 95 33
1777025568.195 89 99 78 83 83 82 83 11
1777025568.205 92 95 84 84 81 83 95 16
1777025568.215 109 96 83 78 73 77 80 19
1777025568.225 103 87 85 88 82 84 87 17
1777025568.235 100 87 74 76 81 78 86 11
1777025568.245 96 101 91 90 91 97 101 27
1777025568.255 80 86 77 76 70 77 82 13
1777025568.265 98 91 92 88 84 85 85 30
1777025568.275 79 85 74 72 90 85 94 25
1777025568.285 96 100 87 85 91 80 82 17
1777025568.295 96 90 83 80 84 86 81 27
1777025568.306 95 88 87 83 96 92 100 35
1777025568.315 95 88 82 93 95 77 85 30
1777025568.325 92 86 81 94 90 93 93 33
1777025568.335 91 85 74 74 86 83 83 14
1777025568.345 108 98 95 99 90 82 93 21
1777025568.355 102 92 89 87 88 86 89 25
1777025568.365 101 99 98 92 87 92 91 22
1777025568.374 77 80 80 82 79 82 97 25
1777025568.385 95 99 74 75 75 82 83 14
1777025568.395 97 83 89 83 78 80 87 26
1777025568.405 108 95 90 97 91 86 93 14
1777025568.415 108 102 94 79 78 85 97 14
1777025568.425 102 92 92 87 88 89 110 34
1777025568.435 77 76 72 84 76 82 83 11
1777025568.445 92 90 78 74 85 87 90 27
1777025568.455 67 84 75 72 76 82 81 22
1777025568.465 102 102 91 87 92 94 91 16
1777025568.475 90 91 81 87 85 87 87 27
1777025568.486 95 92 82 81 82 90 81 11
1777025568.495 93 96 79 84 82 83 94 22
1777025568.505 92 83 84 91 94 86 84 21
1777025568.515 108 85 73 82 85 89 85 15
1777025568.525 135 98 83 91 97 94 93 19
1777025568.535 92 94 83 88 88 83 99 23
1777025568.545 96 101 88 103 90 89 94 13
1777025568.555 86 88 77 84 81 85 100 28
1777025568.565 108 94 88 88 82 81 82 10
1777025568.575 102 97 92 93 89 79 79 19
1777025568.586 98 89 85 78 79 80 91 19
1777025568.595 83 86 90 86 84 86 95 29
1777025568.605 97 92 89 87 83 81 82 23
1777025568.615 85 104 74 86 82 85 88 22
1777025568.625 91 90 84 83 89 93 97 26
1777025568.635 84 81 83 77 81 83 84 23
1777025568.645 104 98 87 77 85 87 81 10
1777025568.655 86 82 71 76 85 92 93 17
1777025568.665 96 85 87 88 90 92 89 25
1777025568.675 91 86 96 97 91 92 97 28
1777025568.685 84 85 87 83 76 86 86 11
1777025568.695 97 89 89 85 84 92 84 21
1777025568.705 93 93 76 87 93 95 89 19
1777025568.715 108 92 77 82 90 93 96 20
1777025568.725 98 101 93 92 95 89 95 20
1777025568.735 86 97 69 84 82 82 85 10
1777025568.745 109 98 91 86 76 72 77 8
1777025568.755 94 85 86 82 90 89 91 27
1777025568.765 106 92 95 90 89 85 88 14
1777025568.775 95 87 80 90 93 88 84 14
1777025568.786 94 75 89 82 73 86 88 17
1777025568.795 105 77 85 89 65 78 84 13
1777025568.805 94 94 82 86 84 88 82 25
1777025568.815 87 87 84 87 85 90 85 26
1777025568.825 110 104 86 94 98 93 91 21
1777025568.835 91 78 72 69 82 83 95 32
1777025568.845 91 84 83 75 88 80 91 19
1777025568.856 83 79 76 83 72 78 101 35
1777025568.865 106 100 94 96 87 87 75 14
1777025568.876 97 98 90 92 85 85 94 23
1777025568.885 99 95 83 86 83 88 91 26
1777025568.895 88 87 88 85 82 88 92 20
1777025568.905 87 91 96 91 78 87 89 15
1777025568.915 83 91 88 70 70 83 84 5
1777025568.925 105 103 92 102 96 92 75 4
1777025568.935 78 85 78 84 83 85 80 25
1777025568.945 98 95 92 89 83 77 83 16
1777025568.955 82 79 72 82 90 85 94 23
1777025568.965 108 86 78 80 87 87 89 22
1777025568.975 92 74 72 88 92 89 97 32
1777025568.985 94 76 69 81 82 83 78 13
1777025568.995 98 92 85 81 82 84 88 27
1777025569.005 97 94 81 95 86 89 92 33
1777025569.015 99 81 81 79 85 87 84 17
1777025569.026 108 101 92 98 94 91 91 28
1777025569.035 80 93 80 76 79 81 85 25
1777025569.045 99 96 80 87 75 79 82 32
1777025569.055 87 88 74 80 82 81 94 32
1777025569.065 110 92 88 79 79 77 77 21
1777025569.075 94 88 85 92 90 93 96 23
1777025569.085 82 86 83 87 74 89 101 25
1777025569.095 90 69 68 74 84 70 89 19
1777025569.105 96 83 77 74 74 86 84 22
1777025569.116 95 91 82 82 82 94 89 20
1777025569.125 102 86 90 92 86 91 93 4
1777025569.135 76 80 76 87 78 92 95 29
1777025569.145 91 88 78 76 83 82 74 7
1777025569.156 83 83 65 75 91 102 91 20
1777025569.166 105 89 80 86 82 77 89 20
1777025569.176 104 86 84 83 100 103 97 26
1777025569.186 94 94 79 86 88 86 86 23
1777025569.196 98 95 82 83 90 90 84 26
1777025569.206 95 83 76 78 77 92 97 21
1777025569.216 93 74 69 88 84 79 93 28
1777025569.225 84 89 85 86 87 83 86 17
1777025569.236 86 88 82 84 82 84 85 14
1777025569.246 109 101 89 90 82 75 77 10
1777025569.256 92 86 80 95 93 91 91 29
1777025569.266 84 94 85 90 77 80 67 19
1777025569.276 92 84 77 76 85 92 82 26
1777025569.286 90 77 71 73 75 70 71 16
1777025569.296 94 89 95 96 88 87 82 15
1777025569.306 93 76 88 85 84 90 93 21
1777025569.316 100 91 89 88 83 82 94 16
1777025569.326 97 79 83 85 69 83 98 16
1777025569.336 83 66 81 75 81 96 99 20
1777025569.346 92 100 88 76 70 78 83 15
1777025569.356 103 100 86 80 83 93 92 34
1777025569.366 100 96 80 85 86 88 91 22
1777025569.376 92 102 83 84 93 102 93 15
1777025569.386 73 96 72 62 75 78 81 33
1777025569.396 93 107 83 85 84 81 81 22
1777025569.406 80 84 83 88 88 87 89 15
1777025569.416 99 90 88 89 85 86 93 21
1777025569.426 90 104 99 91 84 84 79 11
1777025569.436 77 86 79 86 82 98 96 34
1777025569.446 93 88 78 84 75 78 72 5
1777025569.456 85 82 89 76 77 85 96 27
1777025569.466 105 94 73 73 79 71 74 1
1777025569.476 105 96 82 88 88 89 88 17
1777025569.486 80 79 77 79 84 85 91 27
1777025569.496 90 82 86 76 75 90 86 26
1777025569.506 96 82 70 79 89 92 81 23
1777025569.515 95 88 80 89 89 77 86 30
1777025569.526 97 87 80 88 77 79 80 23
1777025569.536 80 87 87 88 82 93 99 23
1777025569.546 88 90 84 87 92 80 83 20
1777025569.556 82 99 87 94 88 94 96 26
1777025569.566 88 80 84 74 72 86 87 19
1777025569.576 98 87 85 87 77 78 89 22
1777025569.586 100 89 83 86 80 81 81 22
1777025569.596 104 100 84 88 90 84 94 25
1777025569.607 88 86 90 89 85 86 90 23
1777025569.617 108 94 86 84 82 91 86 20
1777025569.626 107 100 80 72 77 79 83 21
1777025569.636 105 94 94 81 81 84 83 5
1777025569.646 108 96 82 86 85 84 73 14
1777025569.656 91 94 92 92 89 97 95 19
1777025569.666 88 79 73 80 81 89 96 34
1777025569.676 92 88 81 88 86 86 86 22
1777025569.686 95 70 81 78 73 85 99 30
1777025569.696 105 76 68 76 70 77 93 19
1777025569.707 104 89 87 86 78 77 86 22
1777025569.717 103 96 86 87 91 88 92 22
1777025569.726 100 90 86 83 85 89 95 22
1777025569.736 86 90 96 89 83 93 102 33
1777025569.746 91 79 77 88 77 73 83 28
1777025569.756 101 103 83 85 82 83 83 16
1777025569.766 87 96 86 80 82 80 77 29
1777025569.776 104 102 101 98 93 86 85 16
1777025569.786 76 77 83 83 84 89 91 17
1777025569.797 88 88 75 78 81 89 80 21
1777025569.807 84 99 89 67 81 85 89 9
1777025569.816 74 88 92 83 88 96 94 17
1777025569.827 87 92 83 69 78 84 84 30
1777025569.836 88 101 88 87 94 93 89 26
1777025569.846 89 90 73 80 77 79 85 5
1777025569.856 96 97 90 89 81 75 90 13
1777025569.866 87 91 74 84 81 87 95 34
1777025569.876 81 83 66 84 82 81 82 16
1777025569.886 81 88 88 91 92 79 93 21
1777025569.896 92 90 86 89 86 81 86 17
1777025569.906 95 88 92 87 93 85 89 29
1777025569.916 80 95 94 98 86 92 90 33
1777025569.926 76 81 85 83 75 86 94 11
1777025569.936 89 91 96 83 80 85 91 16
1777025569.947 74 75 77 79 83 77 86 17
1777025569.956 108 94 93 86 90 89 97 22
1777025569.968 81 79 84 97 90 92 96 23
1777025569.976 94 84 85 90 90 78 87 13
1777025569.986 79 81 79 78 78 83 93 25
1777025569.997 92 94 74 84 75 77 81 14
1777025570.006 90 90 90 89 86 85 87 15
1777025570.016 89 92 90 89 90 90 92 22
1777025570.026 101 88 84 77 89 88 89 22
1777025570.036 104 97 86 90 93 89 92 21
1777025570.046 94 86 77 73 79 88 81 20
1777025570.056 106 84 76 86 80 81 77 9
1777025570.066 95 87 82 84 91 89 95 19
1777025570.076 111 103 84 89 84 93 71 9
1777025570.086 78 76 92 91 89 82 77 16
1777025570.096 83 80 77 91 88 75 78 22
1777025570.106 85 80 79 90 86 77 79 21
1777025570.116 101 90 80 93 93 77 88 20
1777025570.126 98 82 71 64 71 82 81 25
1777025570.136 109 92 84 81 90 96 93 25
1777025570.146 85 77 77 74 72 82 90 21
1777025570.156 92 83 84 84 77 87 89 22
1777025570.166 77 89 90 71 81 96 90 22
1777025570.176 71 92 88 82 82 77 73 2
1777025570.186 80 82 87 90 81 90 96 32
1777025570.196 79 90 82 90 79 84 86 33
1777025570.207 89 93 91 95 89 88 93 25
1777025570.217 97 93 88 92 89 91 98 29
1777025570.226 83 83 89 85 82 72 83 19
1777025570.236 89 91 90 90 88 84 92 20
1777025570.246 89 85 85 86 85 83 89 27
1777025570.256 100 99 96 94 83 84 85 14
1777025570.266 89 89 81 89 82 89 100 23
1777025570.276 89 98 80 75 69 89 87 15
1777025570.286 96 96 72 80 88 85 79 7
1777025570.297 100 92 75 76 88 84 71 4
1777025570.306 97 92 90 86 88 94 78 11
1777025570.316 97 101 89 92 82 94 93 27
1777025570.326 75 84 80 76 78 81 98 20
1777025570.337 97 89 85 82 83 75 90 26
1777025570.346 82 85 81 70 71 86 85 15
1777025570.356 109 86 91 78 68 80 90 13
1777025570.366 101 84 96 104 93 89 94 34
1777025570.376 103 93 88 86 81 80 90 14
1777025570.386 77 83 85 92 93 90 83 26
1777025570.396 91 82 88 89 84 81 81 22
1777025570.407 100 87 82 86 86 76 88 32
1777025570.417 104 97 80 94 97 85 100 17
1777025570.426 100 88 82 82 82 83 85 20
1777025570.437 99 83 87 86 87 88 97 35
1777025570.446 80 78 71 75 80 90 92 35
1777025570.456 99 89 76 78 85 83 85 9
1777025570.466 87 87 84 90 83 94 88 13
1777025570.476 79 84 84 72 76 89 80 9
1777025570.486 100 88 89 89 85 89 92 20
1777025570.496 100 96 82 81 83 84 101 23
1777025570.506 91 84 76 87 88 76 88 22
1777025570.517 98 95 86 88 88 89 87 17
1777025570.526 98 77 77 78 86 81 99 45
1777025570.536 92 88 90 84 88 80 82 17
1777025570.546 77 82 84 83 98 97 97 36
1777025570.557 97 83 84 81 85 87 91 23
1777025570.566 99 90 90 89 95 87 102 27
1777025570.576 94 87 82 71 82 80 82 23
1777025570.586 98 105 100 85 88 95 73 -1
1777025570.596 77 92 92 85 83 98 88 17
1777025570.607 90 83 85 82 85 92 91 29
1777025570.617 105 88 82 91 88 89 89 20
1777025570.626 97 83 92 89 93 83 93 23
1777025570.636 99 94 86 78 79 90 78 8
1777025570.646 88 83 85 92 94 93 79 17
1777025570.657 106 79 83 90 82 80 97 15
1777025570.666 91 80 77 95 94 99 100 30
1777025570.677 84 83 80 79 81 88 80 22
1777025570.686 84 73 80 75 79 90 84 13
1777025570.696 91 86 76 73 82 81 81 25
1777025570.706 89 92 91 97 92 90 92 25
1777025570.717 91 94 92 90 92 87 86 38
1777025570.726 95 90 94 97 101 88 95 28
1777025570.736 95 78 80 83 78 77 84 11
1777025570.746 90 80 87 91 89 91 93 30
1777025570.757 106 88 71 77 74 72 77 21
1777025570.767 109 98 100 106 86 93 89 20
1777025570.777 89 84 77 80 79 88 79 25
1777025570.786 106 96 97 94 94 90 78 9
1777025570.796 80 82 80 86 79 82 87 19
1777025570.807 85 92 78 81 74 78 92 20
1777025570.817 111 95 90 77 79 84 81 23
1777025570.826 93 91 80 85 97 86 100 45
1777025570.836 93 86 78 86 91 95 89 22
1777025570.847 88 99 92 100 100 96 98 27
1777025570.857 79 84 83 80 81 78 90 23
1777025570.866 83 92 94 95 94 94 98 32
1777025570.876 86 88 85 77 75 78 81 26
1777025570.887 83 89 103 81 81 87 81 16
1777025570.897 83 85 82 79 79 76 83 19
1777025570.906 91 96 76 81 90 83 87 22
1777025570.916 104 88 85 93 79 73 84 16
1777025570.926 88 82 91 95 84 90 85 32
1777025570.936 92 88 81 78 77 81 76 20
1777025570.946 104 88 80 91 88 87 99 22
1777025570.957 105 88 77 97 88 86 85 9
1777025570.966 127 97 100 107 98 98 92 19
1777025570.976 85 79 75 76 84 93 92 22
1777025570.987 99 86 91 79 80 85 82 22
1777025570.996 86 82 79 76 82 83 83 33
1777025571.006 94 90 76 75 92 91 81 21
1777025571.016 111 96 87 77 78 80 79 19
1777025571.026 99 85 100 80 82 102 102 28
1777025571.036 85 84 81 84 83 79 91 15
1777025571.047 85 88 83 86 81 90 97 23
1777025571.057 83 81 87 74 89 75 85 25
1777025571.066 110 100 96 97 90 96 89 16
1777025571.076 105 90 82 85 76 81 84 21
1777025571.087 104 99 87 90 84 86 87 16
1777025571.096 88 88 80 80 82 84 92 15
1777025571.106 94 94 72 84 81 85 89 22
1777025571.116 93 88 76 75 80 84 73 20
1777025571.126 98 80 86 83 83 77 80 28
1777025571.136 97 79 80 84 87 86 92 20
1777025571.147 107 97 88 85 89 90 90 26
1777025571.156 88 80 72 71 81 80 87 30
1777025571.166 95 92 86 82 79 94 89 23
1777025571.176 94 78 81 85 79 82 87 20
1777025571.187 100 87 90 85 70 79 88 13
1777025571.196 91 84 81 91 74 86 95 19
1777025571.206 91 81 81 92 86 88 99 22
1777025571.216 112 98 91 91 85 94 90 28
1777025571.227 91 88 94 93 102 99 93 28
1777025571.236 88 86 84 75 77 88 86 16
1777025571.247 107 102 93 88 89 74 80 14
1777025571.257 105 88 73 81 87 79 91 21
1777025571.266 126 110 87 88 89 88 90 13
1777025571.276 85 93 85 84 86 92 93 15
1777025571.287 87 88 73 75 79 76 84 8
1777025571.297 107 94 81 79 86 89 92 21
1777025571.306 88 85 89 73 90 92 85 23
1777025571.316 92 88 85 78 88 93 91 25
1777025571.326 105 98 88 85 95 99 90 21
1777025571.337 92 86 72 78 80 84 87 30
1777025571.346 91 91 92 80 82 93 93 20
1777025571.356 101 72 82 73 82 86 90 23
1777025571.366 106 97 97 97 87 81 88 21
1777025571.377 90 91 94 96 87 95 101 29
1777025571.387 75 79 85 88 83 86 91 17
1777025571.396 87 89 88 98 99 81 86 26
1777025571.406 93 84 89 98 80 87 91 25
1777025571.416 88 88 84 82 80 80 95 17
1777025571.427 100 100 102 88 96 99 82 11
1777025571.437 77 82 87 77 87 85 85 15
1777025571.447 83 96 94 95 91 90 83 11
1777025571.456 81 76 74 84 87 80 87 26
1777025571.466 106 83 80 84 84 76 91 19
1777025571.477 104 88 81 80 85 75 88 15
1777025571.487 97 80 75 71 85 85 92 21
1777025571.497 99 70 85 84 75 83 88 22
1777025571.506 99 85 86 89 83 87 93 17
1777025571.517 98 92 91 86 77 86 86 22
1777025571.526 79 85 85 83 85 79 98 17
1777025571.536 73 79 72 77 80 82 98 19
1777025571.547 114 109 81 77 89 82 78 15
1777025571.557 87 99 90 89 97 99 98 32
1777025571.566 92 85 87 85 87 86 95 23
1777025571.577 76 83 76 90 93 91 81 28
1777025571.587 86 82 67 80 89 85 78 16
1777025571.597 98 92 82 87 89 84 86 23
1777025571.606 99 98 100 87 80 84 96 26
1777025571.617 100 95 93 87 82 83 89 29
1777025571.626 105 90 87 94 95 92 90 25
1777025571.636 82 73 76 80 81 77 86 23
1777025571.647 110 98 91 84 82 81 76 1
1777025571.657 88 88 94 83 95 94 95 29
1777025571.667 117 103 81 81 89 96 76 25
1777025571.678 97 101 93 90 86 89 93 21
1777025571.686 77 91 83 77 78 86 86 16
1777025571.696 105 93 77 82 81 87 102 32
1777025571.707 99 101 89 82 83 87 84 26
1777025571.721 85 89 94 86 82 83 83 27
1777025571.726 90 113 99 88 95 101 83 2
1777025571.736 95 103 95 89 97 95 97 33
1777025571.747 89 93 86 91 82 82 74 19
1777025571.757 89 84 79 88 88 87 89 21
1777025571.766 99 87 74 80 75 93 79 10
1777025571.776 115 104 83 92 83 91 97 27
1777025571.787 114 87 74 89 76 70 71 23
1777025571.797 101 82 67 81 85 86 80 36
1777025571.807 105 92 84 78 85 89 95 35
1777025571.816 97 87 80 77 78 88 95 27
1777025571.826 109 92 83 80 84 89 83 8
1777025571.836 77 69 66 79 77 84 90 25
1777025571.847 105 104 98 78 71 77 77 7
1777025571.857 87 88 101 98 93 92 95 34
1777025571.866 101 93 83 84 85 85 86 23
1777025571.877 94 92 87 93 82 85 91 22
1777025571.886 85 79 81 91 81 80 87 10
1777025571.899 89 89 89 81 74 84 89 15
1777025571.907 102 89 83 94 95 82 92 19
1777025571.916 99 97 89 92 84 89 93 23
1777025571.927 111 104 90 79 90 88 88 11
1777025571.936 77 75 81 82 85 98 91 16
1777025571.946 89 90 81 80 80 75 77 15
1777025571.956 109 87 88 81 80 78 79 15
1777025571.966 96 100 85 81 88 85 84 13
1777025571.977 89 96 93 93 87 95 97 25
1777025571.988 89 93 71 84 89 83 89 25
1777025571.997 90 85 76 76 80 75 87 21
1777025572.007 85 89 77 83 75 77 87 21
1777025572.016 88 90 75 86 78 88 96 27
1777025572.028 115 91 84 99 83 68 88 16
1777025572.037 95 82 89 89 83 91 98 20
1777025572.046 91 83 71 76 72 69 78 19
1777025572.057 100 81 78 96 88 90 94 21
1777025572.067 104 89 80 97 77 83 92 26
1777025572.077 94 92 96 85 86 94 87 19
1777025572.087 76 88 83 74 87 83 85 22
1777025572.096 87 93 103 94 86 83 84 19
1777025572.107 89 92 92 85 87 85 93 17
1777025572.116 93 97 84 80 82 93 99 26
1777025572.127 89 90 83 79 77 87 82 15
1777025572.137 85 78 81 83 84 88 95 14
1777025572.147 120 97 89 85 79 76 83 14
1777025572.157 112 109 92 91 88 98 97 25
1777025572.167 89 88 72 75 76 85 89 21
1777025572.176 77 83 78 82 83 82 86 17
1777025572.187 85 77 75 82 76 94 84 17
1777025572.196 98 80 80 86 85 90 99 27
1777025572.207 122 87 81 100 96 88 69 17
1777025572.217 97 81 79 98 98 99 100 28
1777025572.226 96 93 81 84 85 91 85 33
1777025572.237 94 83 83 85 83 87 89 34
1777025572.247 90 80 74 79 78 74 73 20
1777025572.257 101 101 94 94 93 94 91 19
1777025572.266 105 99 97 98 87 88 90 7
1777025572.277 105 104 87 91 88 98 99 21
1777025572.286 86 93 80 80 79 89 92 25
1777025572.299 95 96 80 84 81 89 92 20
1777025572.309 88 101 79 84 76 72 85 11
1777025572.317 89 95 88 84 93 79 92 28
1777025572.327 99 93 78 84 79 72 85 27
1777025572.337 110 109 96 91 90 91 108 32
1777025572.347 79 85 78 76 72 89 88 21
1777025572.363 92 92 79 80 80 87 90 26
1777025572.367 92 94 87 75 77 77 88 30
1777025572.377 88 98 86 80 84 84 83 8
1777025572.386 80 87 78 88 90 93 79 9
1777025572.397 81 89 88 86 84 84 86 22
1777025572.406 90 80 75 83 86 87 81 16
1777025572.417 102 84 80 86 97 100 109 38
1777025572.427 106 86 83 83 80 80 76 8
1777025572.437 97 98 92 84 84 100 93 22
1777025572.447 98 90 81 82 75 77 93 26
1777025572.457 108 102 89 93 88 96 94 28
1777025572.467 94 89 74 84 83 91 94 16
1777025572.477 98 94 85 87 82 79 90 15
1777025572.488 89 83 82 83 82 77 82 15
1777025572.498 104 82 84 80 79 85 92 23
1777025572.506 106 89 77 82 75 82 91 19
1777025572.517 96 78 76 84 89 92 91 29
1777025572.527 83 79 75 75 73 76 79 17
1777025572.538 98 87 83 81 82 82 84 23
1777025572.547 74 73 85 88 74 73 77 10
1777025572.557 94 95 89 92 90 86 86 21
1777025572.567 91 80 84 87 78 86 95 19
1777025572.578 90 93 89 87 83 88 87 22
1777025572.586 65 93 83 82 84 89 80 15
1777025572.597 91 93 86 77 80 89 82 9
1777025572.607 98 78 80 81 86 86 87 7
1777025572.617 111 102 89 85 95 98 99 33
1777025572.626 92 79 75 72 85 80 91 19
1777025572.636 100 102 88 83 100 98 91 15
1777025572.647 100 68 64 72 76 91 90 17
1777025572.657 105 95 93 88 93 70 78 19
1777025572.666 104 90 87 88 95 83 88 21
1777025572.681 110 94 86 92 89 83 86 14
1777025572.686 83 90 82 81 81 88 73 4
1777025572.696 95 90 85 84 84 81 88 13
1777025572.707 87 76 76 80 71 77 85 8
1777025572.716 108 89 94 97 97 92 98 36
1777025572.726 101 82 87 87 87 72 78 11
1777025572.736 87 95 97 99 100 84 79 23
1777025572.747 80 79 72 78 80 81 83 28
1777025572.757 100 97 99 87 87 89 93 9
1777025572.767 73 89 86 79 78 82 95 38
1777025572.777 94 98 88 80 77 83 84 20
1777025572.787 89 83 74 87 87 85 94 25
1777025572.797 102 74 88 84 93 90 97 11
1777025572.806 108 90 89 59 74 72 66 7
1777025572.817 98 102 95 85 92 99 100 27
1777025572.827 89 101 73 69 81 85 88 26
1777025572.837 103 94 85 82 88 85 89 15
1777025572.847 85 86 73 80 83 85 83 19
1777025572.857 106 100 95 88 95 85 88 13
1777025572.867 99 75 83 82 92 77 88 16
1777025572.876 94 81 81 92 86 87 92 28
1777025572.886 78 88 71 88 96 86 92 28
1777025572.898 94 88 78 94 90 84 90 26
1777025572.909 94 81 71 80 85 85 84 9
1777025572.917 117 98 86 96 92 101 97 33
1777025572.928 99 88 77 85 81 70 83 28
1777025572.937 100 108 88 86 88 88 89 20
1777025572.947 69 62 73 75 75 78 83 19
1777025572.956 100 96 88 91 85 82 89 13
1777025572.969 111 95 95 89 91 84 93 21
1777025572.977 99 97 85 81 87 82 89 15
1777025572.987 83 86 93 78 80 94 79 14
1777025572.997 77 79 87 78 76 90 84 22
1777025573.007 70 84 84 68 67 71 76 13
1777025573.017 91 86 87 82 90 82 88 21
1777025573.027 95 79 75 78 76 71 77 19
1777025573.038 96 90 94 95 92 91 89 29
1777025573.047 99 86 88 89 93 86 95 19
1777025573.057 84 95 83 88 86 92 83 21
1777025573.067 92 81 82 88 79 90 95 23
1777025573.076 98 96 80 80 83 92 90 10
1777025573.087 100 94 81 84 92 83 88 22
1777025573.096 91 92 95 92 92 101 90 26
1777025573.107 94 95 82 77 85 93 79 21
1777025573.117 103 92 80 82 86 88 92 32
1777025573.127 96 77 57 65 82 79 88 36
1777025573.137 101 96 93 85 81 81 86 9
1777025573.147 93 83 83 82 87 87 88 14
1777025573.156 101 92 94 96 85 82 90 11
1777025573.167 107 93 93 91 77 76 75 19
1777025573.177 88 83 86 86 79 75 76 20
1777025573.187 84 80 83 82 82 80 86 19
1777025573.198 92 90 86 84 75 83 88 21
1777025573.207 87 82 81 81 83 84 88 13
1777025573.216 101 81 80 97 92 92 86 22
1777025573.227 65 83 80 71 85 93 98 40
1777025573.237 88 80 89 93 89 84 87 20
1777025573.247 56 64 79 91 86 92 89 25
1777025573.256 94 87 85 82 80 84 81 9
1777025573.267 107 92 94 83 90 94 97 25
1777025573.277 111 92 96 86 86 90 87 9
1777025573.287 88 80 80 81 78 95 83 20
1777025573.296 83 88 81 82 76 93 88 16
1777025573.307 89 75 80 74 85 79 88 21
1777025573.317 114 106 100 89 88 72 83 15
1777025573.327 90 84 76 83 82 84 81 26
1777025573.337 83 79 87 88 89 86 73 15
1777025573.347 77 84 85 90 88 74 84 28
1777025573.357 101 90 84 85 78 80 89 19
1777025573.367 99 87 89 80 89 90 87 33
1777025573.377 101 88 83 87 87 85 80 11
1777025573.387 93 87 73 84 78 92 85 8
1777025573.397 92 93 82 85 89 93 87 23
1777025573.407 77 82 81 71 74 90 89 30
1777025573.417 96 87 76 83 95 91 98 30
1777025573.427 75 78 69 79 80 93 101 36
1777025573.436 95 85 83 82 88 85 88 13
1777025573.447 98 104 90 91 89 93 92 25
1777025573.457 86 86 89 94 87 86 93 28
1777025573.467 116 89 84 86 77 81 92 26
1777025573.477 98 88 85 83 83 79 91 15
1777025573.487 88 85 80 92 80 85 94 21
1777025573.496 100 92 89 87 78 85 81 21
1777025573.507 95 84 80 95 88 85 90 34
1777025573.517 116 108 96 94 98 93 80 22
1777025573.527 77 73 76 89 99 91 88 39
1777025573.537 88 75 68 76 72 68 82 14
1777025573.547 97 92 90 90 92 82 85 15
1777025573.557 105 83 76 83 88 69 78 19
1777025573.566 87 93 90 86 89 84 94 23
1777025573.577 76 85 96 87 85 89 97 15
1777025573.587 67 71 83 85 76 94 90 15
1777025573.596 89 81 86 80 79 86 88 20
1777025573.607 86 79 80 77 80 86 90 26
1777025573.617 112 95 94 77 85 88 79 13
1777025573.627 88 93 96 92 91 92 96 27
1777025573.637 88 79 71 86 77 76 78 4
1777025573.647 102 93 84 86 85 90 95 26
1777025573.657 88 88 78 77 81 93 87 22
1777025573.667 99 96 97 89 94 91 89 29
1777025573.677 82 83 75 78 85 84 89 27
1777025573.687 95 87 79 85 85 84 83 23
1777025573.697 87 104 95 87 84 88 74 11
1777025573.707 73 84 93 78 84 98 89 38
1777025573.717 99 87 93 96 87 91 79 11
1777025573.726 81 81 75 89 93 91 94 40
1777025573.737 105 84 71 74 77 81 86 14
1777025573.747 108 91 84 94 91 85 100 25
1777025573.757 82 77 83 87 79 82 100 11
1777025573.766 111 85 94 88 84 80 93 21
1777025573.777 106 85 77 88 82 78 88 23
1777025573.787 100 84 77 89 88 89 85 22
1777025573.797 94 90 83 79 79 84 81 10
1777025573.807 94 89 79 84 74 88 80 28
1777025573.817 109 106 91 80 79 83 93 20
1777025573.827 75 100 79 87 94 90 81 23
1777025573.837 75 78 82 77 79 78 83 17
1777025573.847 100 84 76 85 83 84 80 17
1777025573.858 94 85 76 80 78 78 87 16
1777025573.867 104 94 91 93 83 80 91 15
1777025573.877 91 85 88 88 89 86 86 22
1777025573.887 86 74 72 78 90 93 79 22
1777025573.897 101 82 79 80 77 84 78 11
1777025573.907 77 87 91 83 93 92 86 22
1777025573.917 98 93 86 81 79 83 71 14
1777025573.928 102 94 87 96 80 88 89 17
1777025573.938 94 98 74 87 80 76 93 13
1777025573.947 107 87 84 84 91 80 96 21
1777025573.957 97 75 83 87 92 88 99 33
1777025573.968 111 99 88 90 83 93 87 19
1777025573.978 95 95 85 85 83 88 87 20
1777025573.987 88 88 76 77 83 77 87 17
1777025573.997 98 91 87 89 84 83 96 21
1777025574.007 88 90 85 81 88 89 83 14
1777025574.017 84 82 85 85 74 77 86 15
1777025574.027 100 89 85 80 80 86 83 22
1777025574.037 86 82 82 78 71 79 78 23
1777025574.048 89 86 94 89 83 83 82 20
1777025574.057 89 96 89 91 94 90 91 13
1777025574.068 100 88 81 87 84 83 102 32
1777025574.077 82 87 76 86 83 85 97 22
1777025574.087 86 89 77 78 86 84 76 17
1777025574.097 95 88 74 86 84 86 86 11
1777025574.107 102 92 85 91 84 94 91 25
1777025574.117 98 98 96 92 96 95 84 14
1777025574.127 95 89 85 85 93 94 90 34
1777025574.137 81 79 68 82 75 82 80 19
1777025574.148 106 102 87 86 86 76 75 8
1777025574.158 87 81 78 79 82 81 87 25
1777025574.168 107 93 84 89 88 84 77 15
1777025574.178 98 85 100 98 87 82 88 21
1777025574.187 85 61 81 80 83 76 90 14
1777025574.198 92 83 88 87 85 81 89 25
1777025574.208 107 92 87 88 87 82 82 21
1777025574.218 89 83 78 82 83 78 75 25
1777025574.228 99 87 86 92 92 88 95 22
1777025574.238 83 74 76 83 91 99 99 36
1777025574.248 85 82 68 85 89 92 92 27
1777025574.258 77 79 68 74 94 105 112 47
1777025574.268 99 99 83 81 83 88 93 21
1777025574.278 103 96 93 85 88 93 104 33
1777025574.288 86 85 83 83 90 89 84 21
1777025574.298 90 96 95 88 90 99 85 20
1777025574.308 96 100 95 86 85 89 95 26
1777025574.318 89 82 81 81 77 94 89 25
1777025574.328 114 102 96 82 83 83 85 0
1777025574.338 100 88 82 86 86 80 94 10
1777025574.348 106 98 78 81 86 79 89 27
1777025574.358 94 82 98 94 77 105 101 42
1777025574.367 86 78 81 90 85 87 95 33
1777025574.377 86 88 94 90 86 83 88 25
1777025574.388 87 88 82 81 81 74 90 20
1777025574.397 94 93 96 97 85 85 89 19
1777025574.408 94 96 92 96 95 86 85 17
1777025574.418 85 79 83 88 86 93 91 16
1777025574.428 92 103 82 80 85 89 85 14
1777025574.439 80 80 72 78 81 81 97 27
1777025574.448 108 97 82 87 85 78 87 13
1777025574.459 111 101 88 80 89 97 98 23
1777025574.468 96 95 80 75 88 89 86 26
1777025574.478 93 94 89 90 87 92 94 21
1777025574.488 69 60 72 84 77 82 90 28
1777025574.498 105 95 88 90 86 91 93 26
1777025574.508 113 95 101 90 93 79 88 13
1777025574.518 87 88 92 81 82 80 88 33
1777025574.528 97 88 89 81 81 83 91 16
1777025574.538 85 94 76 94 88 81 96 36
1777025574.548 83 77 68 87 81 78 81 22
1777025574.558 95 91 94 91 85 93 97 26
1777025574.569 97 85 76 86 83 77 84 23
1777025574.578 98 84 87 96 90 85 94 19
1777025574.588 75 76 75 81 85 79 84 15
1777025574.598 84 83 90 87 83 85 83 16
1777025574.608 90 82 81 85 80 88 97 23
1777025574.618 93 86 76 89 80 84 99 29
1777025574.628 95 88 84 85 74 82 84 17
1777025574.639 88 73 76 83 73 90 91 26
1777025574.648 99 90 88 81 76 91 84 13
1777025574.658 97 92 99 90 89 83 100 29
1777025574.668 102 92 81 78 74 73 83 32
1777025574.678 105 103 91 95 89 86 88 23
1777025574.689 90 86 78 75 79 86 92 21
1777025574.698 87 97 87 80 84 85 83 14
1777025574.708 98 103 88 86 78 75 71 13
1777025574.718 89 88 77 79 87 81 81 28
1777025574.728 88 94 87 81 88 85 85 11
1777025574.738 83 77 77 79 84 91 105 36
1777025574.748 98 92 76 76 79 78 81 19
1777025574.759 102 97 77 94 97 92 95 23
1777025574.768 93 88 74 85 84 83 85 23
1777025574.778 86 76 92 99 88 94 92 25
1777025574.788 65 71 66 85 89 86 91 22
1777025574.798 97 87 83 88 83 92 88 34
1777025574.809 100 88 90 85 73 73 81 22
1777025574.818 99 93 81 83 79 86 88 19
1777025574.828 89 85 89 88 83 80 85 10
1777025574.838 86 86 88 88 90 74 97 39
1777025574.848 101 104 83 83 89 86 85 22
1777025574.858 102 107 96 92 87 84 89 29
1777025574.868 86 76 92 81 81 80 83 20
1777025574.878 99 98 96 92 87 88 87 16
1777025574.888 82 84 81 87 84 88 87 8
1777025574.898 104 97 83 79 80 98 96 16
1777025574.909 84 78 83 88 85 87 96 25
1777025574.919 92 88 80 84 84 96 108 34
1777025574.928 107 78 81 77 72 82 88 15
1777025574.938 97 98 85 81 89 92 97 21
1777025574.948 94 90 89 86 89 81 90 21
1777025574.959 110 102 89 105 95 91 104 34
1777025574.969 95 79 72 94 93 80 93 27
1777025574.979 108 101 93 91 88 84 87 20
1777025574.989 92 92 82 79 80 80 84 27
1777025574.998 98 89 85 86 81 87 89 14
1777025575.008 87 89 83 87 83 79 87 15
1777025575.018 89 88 94 92 94 89 83 22
1777025575.028 112 91 87 89 76 77 76 9
1777025575.038 98 91 89 86 79 80 79 17
1777025575.049 80 82 78 83 69 83 87 22
1777025575.059 99 99 96 86 98 85 94 30
1777025575.068 88 80 79 89 94 90 102 26
1777025575.078 98 92 81 85 73 81 95 16
1777025575.088 73 78 76 84 91 90 98 28
1777025575.099 98 90 90 85 87 90 85 20
1777025575.108 98 90 91 84 75 82 83 25
1777025575.118 99 105 90 92 90 96 95 30
1777025575.128 87 92 85 89 86 83 95 19
1777025575.138 82 90 94 96 100 89 94 29
1777025575.149 105 97 81 90 91 90 92 25
1777025575.158 112 101 86 81 85 90 87 19
1777025575.168 96 83 77 87 84 93 91 21
1777025575.178 107 92 87 92 91 93 86 22
1777025575.189 88 87 81 84 95 85 87 21
1777025575.199 89 92 90 80 83 95 99 33
1777025575.208 101 73 83 86 87 89 97 26
1777025575.218 80 88 87 89 82 86 91 30
1777025575.228 91 74 73 78 79 78 79 20
1777025575.239 92 82 93 90 96 92 88 26
1777025575.249 62 82 84 89 83 89 103 35
1777025575.258 85 86 85 87 83 85 98 21
1777025575.268 110 103 91 90 87 85 86 19
1777025575.279 101 107 97 95 83 88 85 13
1777025575.289 95 91 88 80 77 82 87 16
1777025575.298 88 86 85 81 91 90 94 28
1777025575.308 98 98 82 82 88 84 94 26
1777025575.318 94 101 94 76 90 97 92 22
1777025575.328 92 98 91 82 82 88 94 32
1777025575.338 101 91 81 82 89 81 79 17
1777025575.348 98 87 90 87 84 92 82 27
1777025575.358 108 101 90 86 80 83 82 14
1777025575.369 93 84 84 93 89 94 95 27
1777025575.378 100 79 72 78 75 88 95 21
1777025575.388 104 83 79 96 83 95 83 11
1777025575.398 110 84 87 90 91 93 89 25
1777025575.408 93 96 66 80 78 81 86 15
1777025575.418 110 99 84 97 90 94 93 17
1777025575.429 89 79 74 74 78 80 84 29
1777025575.439 99 97 80 75 93 84 76 19
1777025575.448 86 90 98 85 98 93 97 32
1777025575.461 98 89 93 83 85 81 96 21
1777025575.468 101 100 93 93 87 96 89 17
1777025575.478 106 98 94 91 83 87 85 5
1777025575.488 83 93 84 90 83 77 86 13
1777025575.499 83 76 79 77 80 90 100 28
1777025575.509 86 77 78 76 78 82 92 19
1777025575.518 107 102 88 79 78 89 85 17
1777025575.528 91 79 62 71 75 76 83 13
1777025575.538 96 100 89 81 80 77 88 21
1777025575.549 88 83 76 76 82 88 87 26
1777025575.559 107 86 87 91 91 75 92 32
1777025575.569 104 95 74 83 87 90 94 19
1777025575.579 102 101 83 78 85 85 81 16
1777025575.588 101 93 81 87 87 86 84 16
1777025575.599 88 97 79 80 80 87 88 20
1777025575.608 107 80 73 89 80 78 89 22
1777025575.621 106 91 81 84 92 83 86 19
1777025575.628 90 91 85 83 88 89 92 32
1777025575.639 108 95 85 81 72 81 79 20
1777025575.648 90 88 79 81 88 84 86 10
1777025575.658 106 93 93 89 82 80 75 14
1777025575.668 89 84 89 91 90 97 106 35
1777025575.678 85 64 82 90 81 79 108 35
1777025575.689 84 81 81 86 83 86 93 16
1777025575.698 93 91 84 79 77 80 84 26
1777025575.709 100 87 86 78 83 79 88 26
1777025575.719 109 99 95 80 84 79 89 15
1777025575.729 89 82 84 74 84 97 89 28
1777025575.739 98 101 77 84 86 77 70 23
1777025575.749 101 102 78 84 84 96 89 23
1777025575.759 102 86 77 73 85 80 77 11
1777025575.768 103 91 84 86 93 88 101 19
1777025575.779 102 98 84 86 83 83 89 17
1777025575.789 95 91 82 86 91 97 95 21
1777025575.799 91 91 85 93 91 97 91 16
1777025575.809 89 81 86 93 82 91 90 32
1777025575.818 100 91 90 87 87 88 79 17
1777025575.829 92 86 85 83 87 83 88 23
1777025575.839 110 101 79 86 77 69 79 15
1777025575.848 80 77 76 89 85 86 93 30
1777025575.858 94 80 71 90 72 70 94 21
1777025575.868 97 98 78 92 86 78 91 23
1777025575.878 95 85 78 78 74 81 82 13
1777025575.889 92 73 81 82 85 99 80 16
1777025575.898 76 89 90 89 91 97 83 13
1777025575.909 86 81 85 81 81 90 94 33
1777025575.919 82 93 82 74 85 94 68 10
1777025575.929 64 75 81 82 87 98 88 25
1777025575.939 98 82 80 80 83 81 85 2
1777025575.948 100 88 79 90 94 92 94 19
1777025575.959 88 87 87 84 88 85 88 25
1777025575.968 96 91 88 90 97 98 95 19
1777025575.979 97 75 71 84 83 91 97 27
1777025575.988 112 89 80 76 83 78 87 13
1777025575.999 105 90 89 90 86 76 85 3
1777025576.008 97 88 91 86 83 84 96 28
1777025576.019 110 98 98 92 86 81 83 23
1777025576.028 82 84 82 84 90 87 104 41
1777025576.039 64 76 73 79 82 76 83 14
1777025576.049 70 78 81 92 79 83 88 21
1777025576.058 95 81 92 87 78 80 67 10
1777025576.068 95 91 89 93 90 94 97 17
1777025576.079 99 75 78 83 82 88 97 27
1777025576.088 85 93 80 85 85 99 94 22
1777025576.099 77 99 85 80 76 88 91 8
1777025576.109 89 89 90 87 82 93 100 33
1777025576.118 103 92 87 75 75 82 81 19
1777025576.129 101 99 89 89 90 97 91 26
1777025576.138 92 85 81 77 85 89 89 20
1777025576.149 78 95 91 88 91 96 96 40
1777025576.159 104 88 67 72 71 82 88 22
1777025576.169 109 104 89 89 90 87 84 5
1777025576.179 106 93 88 89 94 84 79 7
1777025576.189 92 86 81 86 97 79 90 7
1777025576.199 97 91 83 91 92 86 85 7
1777025576.208 85 82 81 84 92 103 92 23
1777025576.224 88 77 89 75 81 77 71 4
1777025576.228 95 86 91 82 78 80 79 9
1777025576.238 101 79 72 80 68 76 79 13
1777025576.251 104 97 90 101 87 92 99 20
1777025576.259 83 73 78 91 88 83 106 27
1777025576.268 97 87 80 99 79 78 89 26
1777025576.279 105 73 75 83 86 86 81 19
1777025576.289 88 83 77 76 90 88 80 9
1777025576.299 103 90 86 74 77 78 74 11
1777025576.309 98 91 104 88 93 89 101 26
1777025576.319 88 88 76 80 75 89 88 26
1777025576.328 95 101 92 93 86 89 98 34
1777025576.339 71 92 69 77 85 91 77 8
1777025576.348 101 102 87 88 94 90 81 15
1777025576.359 98 91 85 84 87 79 88 20
1777025576.369 102 101 94 85 85 92 83 25
1777025576.378 93 90 82 85 80 82 85 19
1777025576.389 81 92 88 83 77 80 84 13
1777025576.399 84 61 60 70 73 78 80 17
1777025576.408 96 81 81 94 91 88 86 30
1777025576.418 102 82 69 81 86 77 72 7
1777025576.429 101 84 77 92 104 91 86 29
1777025576.439 91 73 69 77 81 80 93 20
1777025576.449 103 86 91 89 89 89 90 26
1777025576.458 92 96 77 79 83 80 95 32
1777025576.468 109 91 93 91 88 91 83 10
1777025576.479 95 99 86 92 80 89 90 9
1777025576.488 92 93 86 87 88 91 94 13
1777025576.499 98 96 74 78 71 81 86 10
1777025576.508 94 79 81 85 75 97 103 34
1777025576.518 82 85 81 71 73 80 81 21
1777025576.529 89 87 69 85 88 92 91 40
1777025576.539 84 76 65 69 74 82 90 16
1777025576.549 101 85 85 84 87 87 88 20
1777025576.558 101 69 73 83 94 91 89 16
1777025576.568 100 76 80 89 89 85 95 26
1777025576.578 112 87 89 93 95 82 91 41
1777025576.589 95 89 81 79 86 89 86 32
1777025576.598 91 85 75 77 81 77 88 13
1777025576.608 108 102 94 92 96 94 97 17
1777025576.619 111 85 85 93 98 97 96 16
1777025576.628 109 93 87 92 89 83 93 22
1777025576.639 85 81 61 72 75 79 84 19
1777025576.649 109 99 84 75 72 74 86 11
1777025576.658 91 85 89 87 78 90 79 23
1777025576.669 105 91 85 83 81 88 85 19
1777025576.678 91 90 87 89 83 83 95 23
1777025576.688 90 87 86 79 84 91 99 28
1777025576.699 91 61 76 76 82 83 83 4
1777025576.709 107 97 102 94 90 88 79 17
1777025576.718 94 84 74 76 70 87 79 15
1777025576.729 107 96 97 91 88 98 93 5
1777025576.739 74 64 81 81 84 92 93 19
1777025576.748 80 86 78 90 84 81 78 19
1777025576.759 110 102 87 86 84 79 91 19
1777025576.768 107 97 77 82 82 78 87 14
1777025576.778 97 92 84 92 86 83 85 15
1777025576.789 95 93 89 96 87 93 85 19
1777025576.799 91 84 82 90 88 93 88 16
1777025576.809 110 94 101 90 95 99 91 23
1777025576.819 80 75 75 78 75 81 102 20
1777025576.828 105 101 81 84 78 80 91 20
1777025576.838 94 92 84 87 75 81 85 20
1777025576.849 110 100 89 93 86 85 76 28
1777025576.858 99 92 85 96 89 94 96 36
1777025576.868 98 82 83 89 77 80 101 21
1777025576.878 107 83 86 84 81 74 93 30
1777025576.889 94 85 79 75 81 72 76 23
1777025576.898 86 84 76 80 73 80 86 14
1777025576.909 107 102 91 88 95 94 93 27
1777025576.918 80 75 73 80 85 93 98 26
1777025576.929 100 88 80 78 83 83 88 7
1777025576.939 64 85 64 67 72 75 74 11
1777025576.949 97 86 76 75 76 74 78 21
1777025576.958 98 100 87 86 89 86 93 26
1777025576.968 108 96 91 86 90 89 92 19
1777025576.978 97 95 90 81 86 89 95 22
1777025576.989 85 94 91 84 84 87 90 36
1777025576.999 87 82 81 80 84 80 95 25
1777025577.009 105 92 84 86 89 77 79 22
1777025577.019 103 92 85 87 82 84 92 19
1777025577.028 103 98 92 87 81 78 95 22
1777025577.038 82 85 84 88 87 80 89 35
1777025577.048 97 97 75 86 85 64 79 16
1777025577.059 107 103 81 86 95 76 84 20
1777025577.069 98 88 83 92 83 82 82 17
1777025577.078 104 85 83 89 79 83 85 19
1777025577.089 91 82 83 90 84 91 83 19
1777025577.098 79 83 80 79 88 86 94 25
1777025577.109 112 92 82 75 88 91 87 28
1777025577.119 60 76 77 75 86 88 101 30
1777025577.128 98 98 95 82 79 80 91 11
1777025577.139 85 83 85 85 81 95 106 26
1777025577.148 95 82 87 86 91 89 92 20
1777025577.159 94 102 101 87 95 93 90 29
1777025577.169 102 87 87 87 88 84 89 30
1777025577.179 95 90 83 88 93 79 88 27
1777025577.188 94 95 90 86 86 83 71 7
1777025577.198 82 88 85 91 89 82 91 21
1777025577.208 99 104 97 96 95 91 87 17
1777025577.218 85 87 87 85 83 86 96 17
1777025577.228 98 95 81 79 77 73 80 15
1777025577.239 73 85 74 78 89 90 89 5
1777025577.249 97 79 67 77 81 86 87 17
1777025577.259 116 96 84 97 90 92 92 26
1777025577.269 96 89 81 85 86 90 98 30
1777025577.278 86 95 78 84 85 91 93 32
1777025577.288 97 84 89 84 88 88 96 19
1777025577.299 87 74 77 79 76 89 102 28
1777025577.308 108 98 91 92 78 76 69 15
1777025577.319 90 97 85 93 86 89 100 34
1777025577.329 104 92 92 78 79 84 80 15
1777025577.339 84 75 85 82 83 89 100 29
1777025577.349 91 76 75 84 76 78 91 26
1777025577.358 88 74 70 83 90 81 86 28
1777025577.369 93 79 82 71 80 84 85 22
1777025577.379 95 96 88 89 90 97 87 23
1777025577.388 83 79 81 93 87 88 79 7
1777025577.399 85 75 67 85 92 91 88 26
1777025577.413 90 108 96 87 84 85 81 16
1777025577.419 85 82 84 86 90 88 92 17
1777025577.428 95 91 78 80 81 85 84 21
1777025577.439 98 89 77 86 92 88 83 20
1777025577.451 98 82 80 88 82 88 85 16
1777025577.458 112 92 90 99 91 105 89 17
1777025577.469 108 79 81 87 80 85 101 34
1777025577.478 94 80 72 87 80 75 100 30
1777025577.489 84 78 74 88 78 86 78 16
1777025577.498 89 87 83 83 80 92 82 15
1777025577.509 103 86 88 78 76 83 85 11
1777025577.519 91 96 90 90 86 91 95 26
1777025577.528 91 105 79 72 85 81 78 23
1777025577.540 101 93 90 84 81 70 84 9
1777025577.549 98 97 83 82 81 79 82 21
1777025577.558 101 103 83 82 85 90 89 9
1777025577.568 92 82 88 83 100 92 93 22
1777025577.579 97 87 83 85 85 87 94 19
1777025577.589 85 86 84 89 82 84 93 11
1777025577.599 85 72 79 92 79 80 97 15
1777025577.609 84 92 81 79 79 85 83 27
1777025577.619 110 94 87 96 91 89 101 39
1777025577.629 89 82 81 85 85 85 97 21
1777025577.639 95 101 92 91 93 97 97 14
1777025577.649 90 83 72 81 84 88 100 41
1777025577.659 103 92 83 92 85 79 93 21
1777025577.669 106 91 81 93 85 83 82 15
1777025577.679 101 91 77 88 80 88 91 17
1777025577.688 102 85 84 82 71 72 81 13
1777025577.699 92 79 92 91 85 96 95 23
1777025577.709 85 80 85 81 79 86 88 21
1777025577.719 84 85 98 87 75 82 85 7
1777025577.729 94 95 90 87 78 83 83 15
1777025577.739 105 107 89 94 87 84 93 7
1777025577.748 87 82 74 79 80 92 99 25
1777025577.759 107 85 76 88 84 86 86 16
1777025577.769 103 87 76 93 95 94 100 33
1777025577.779 94 89 86 86 83 93 97 23
1777025577.789 91 88 78 63 74 72 73 9
1777025577.798 99 99 92 88 93 86 86 22
1777025577.808 93 88 87 85 90 93 82 21
1777025577.819 100 108 85 86 95 100 97 29
1777025577.829 85 82 78 87 86 89 83 32
1777025577.839 90 102 68 71 73 75 71 8
1777025577.849 96 95 91 83 85 85 82 29
1777025577.859 100 95 81 87 91 87 87 13
1777025577.868 87 87 85 90 91 89 89 26
1777025577.879 103 91 89 97 91 90 83 28
1777025577.889 90 76 67 95 82 75 76 20
1777025577.899 90 80 88 90 84 86 83 21
1777025577.909 105 87 79 78 76 77 79 19
1777025577.919 109 99 93 90 91 94 96 25
1777025577.929 87 75 75 82 78 85 94 27
1777025577.939 85 84 80 78 72 82 83 16
1777025577.949 86 81 76 77 88 102 91 25
1777025577.959 83 96 87 89 83 88 80 15
1777025577.969 86 83 83 85 88 82 86 16
1777025577.979 104 98 84 83 83 83 87 19
1777025577.989 102 81 81 78 81 81 84 20
1777025577.998 101 94 97 92 90 97 97 22
1777025578.008 98 94 82 76 82 94 90 17
1777025578.019 112 87 87 90 85 87 87 27
1777025578.029 91 86 86 89 85 94 92 25
1777025578.039 101 101 85 85 81 83 82 8
1777025578.049 92 80 91 92 81 85 91 19
1777025578.059 92 75 80 84 85 82 83 20
1777025578.069 112 95 76 85 90 75 85 27
1777025578.079 105 89 71 85 83 69 77 19
1777025578.089 92 90 67 78 77 82 72 23
1777025578.099 106 98 90 98 91 95 89 14
1777025578.109 81 76 72 81 87 78 92 33
1777025578.119 95 93 84 81 91 86 84 16
1777025578.129 96 77 84 85 83 87 102 33
1777025578.139 101 90 69 68 77 72 84 17
1777025578.148 102 94 105 98 91 97 98 26
1777025578.159 98 86 80 82 81 85 97 25
1777025578.169 105 103 87 81 85 89 94 30
1777025578.179 98 88 87 87 83 89 91 34
1777025578.189 81 78 82 75 75 71 86 9
1777025578.198 105 83 77 84 82 87 80 16
1777025578.209 93 92 87 82 86 82 92 30
1777025578.218 94 101 86 93 83 84 83 3
1777025578.229 81 79 67 77 95 94 93 26
1777025578.239 88 82 82 78 93 82 80 13
1777025578.249 75 87 85 84 87 92 89 22
1777025578.259 98 86 67 91 83 72 75 17
1777025578.269 102 90 80 84 93 87 91 17
1777025578.279 90 84 77 85 94 90 91 15
1777025578.289 70 60 74 79 70 79 88 19
1777025578.299 89 90 83 91 88 95 90 20
1777025578.309 92 77 77 82 83 90 84 19
1777025578.319 99 101 95 79 71 82 76 -1
1777025578.329 99 80 91 80 82 99 107 27
1777025578.339 87 89 83 81 82 84 85 14
1777025578.348 94 99 88 86 88 78 98 25
1777025578.359 83 86 82 76 77 81 93 32
1777025578.369 91 89 82 83 84 79 87 27
1777025578.379 91 97 81 84 80 83 81 22
1777025578.389 87 90 83 74 72 76 88 21
1777025578.399 91 108 91 92 91 86 90 13
1777025578.409 81 82 90 88 89 91 96 27
1777025578.419 106 82 93 86 88 89 91 16
1777025578.429 77 90 91 86 91 101 87 13
1777025578.439 69 88 73 63 73 85 75 21
1777025578.449 104 90 75 82 91 90 100 35
1777025578.458 108 98 91 88 92 90 95 23
1777025578.469 112 98 89 92 92 90 90 30
1777025578.479 97 89 77 89 83 88 90 21
1777025578.489 94 80 82 77 73 83 78 21
1777025578.499 98 75 87 84 78 86 93 20
1777025578.509 89 89 84 96 97 93 100 23
1777025578.519 96 96 86 81 82 80 91 16
1777025578.529 88 81 84 94 93 102 102 39
1777025578.539 91 81 71 78 77 76 80 20
1777025578.549 104 97 88 88 91 76 74 28
1777025578.559 92 97 92 77 74 77 79 21
1777025578.569 93 91 95 93 87 84 87 14
1777025578.579 95 90 89 85 79 94 90 8
1777025578.589 76 80 77 75 83 97 103 22
1777025578.599 107 96 88 78 79 86 93 11
1777025578.610 82 98 83 84 87 101 71 20
1777025578.619 86 95 77 79 79 93 88 14
1777025578.629 108 103 102 102 98 93 97 29
1777025578.639 96 88 83 86 83 88 88 26
1777025578.649 96 88 81 94 98 88 89 26
1777025578.659 96 85 80 90 88 85 94 23
1777025578.669 100 92 76 90 90 88 86 36
1777025578.679 105 98 75 93 95 85 89 23
1777025578.689 90 85 78 84 87 89 97 27
1777025578.700 112 98 84 86 86 82 83 15
1777025578.709 93 88 85 94 97 95 97 41
1777025578.719 86 78 78 84 83 76 81 22
1777025578.729 85 91 81 86 91 90 83 22
1777025578.739 71 89 72 68 70 81 76 5
1777025578.749 119 100 84 105 87 83 89 23
1777025578.759 96 82 76 86 83 94 94 23
1777025578.769 70 90 82 77 91 83 90 25
1777025578.779 80 81 81 84 89 87 91 15
1777025578.789 79 68 76 72 70 79 99 14
1777025578.799 91 82 83 70 72 76 83 7
1777025578.809 100 114 94 92 105 101 90 32
1777025578.819 108 89 86 88 93 89 91 13
1777025578.829 98 98 95 89 96 92 95 29
1777025578.839 82 85 81 80 80 76 90 19
1777025578.850 99 109 85 86 93 81 71 14
1777025578.860 83 105 96 93 83 88 84 25
1777025578.869 106 112 98 84 86 92 77 28
1777025578.880 89 94 71 86 84 87 83 21
1777025578.890 67 79 80 83 79 85 81 14
1777025578.900 85 80 66 80 79 82 85 9
1777025578.910 76 75 85 81 76 81 89 10
1777025578.920 100 76 73 87 75 83 84 21
1777025578.930 115 96 91 96 88 88 100 27
1777025578.939 80 62 72 82 83 85 94 32
1777025578.950 91 83 85 83 77 79 86 20
1777025578.960 109 84 77 87 81 94 106 33
1777025578.969 114 89 79 88 76 80 96 34
1777025578.979 103 105 78 82 85 96 87 27
1777025578.990 85 86 84 88 84 93 91 20
1777025579.000 89 80 77 88 88 88 89 27
1777025579.009 101 93 97 93 93 102 106 33
1777025579.020 84 82 87 76 82 88 81 19
1777025579.030 98 107 91 80 85 83 79 13
1777025579.040 88 92 80 86 89 83 69 9
1777025579.050 112 107 99 94 87 83 93 8
1777025579.060 97 93 83 85 94 89 98 25
1777025579.070 104 89 85 82 84 80 79 15
1777025579.079 96 93 79 85 83 83 100 15
1777025579.090 77 83 79 91 81 80 97 29
1777025579.100 111 94 84 93 79 81 90 25
1777025579.110 116 107 98 102 96 96 93 30
1777025579.120 72 82 67 76 80 83 90 32
1777025579.131 105 95 79 85 77 84 91 26
1777025579.140 67 83 73 82 74 76 86 45
1777025579.150 88 92 78 81 76 74 80 26
1777025579.160 90 95 87 86 81 83 85 32
1777025579.171 107 94 89 85 78 80 90 17
1777025579.180 91 93 88 94 79 83 97 29
1777025579.190 91 86 84 85 80 83 95 32
1777025579.200 80 76 70 73 76 80 83 19
1777025579.210 86 104 109 76 80 96 90 28
1777025579.220 96 94 85 82 74 75 82 8
1777025579.230 108 105 103 97 90 93 91 13
1777025579.240 83 79 88 80 90 91 87 23
1777025579.250 97 88 85 91 86 85 84 21
1777025579.260 98 92 83 97 93 94 94 28
1777025579.271 100 80 72 71 81 82 71 16
1777025579.280 94 95 78 78 82 86 91 15
1777025579.290 92 75 80 86 89 96 93 15
1777025579.300 77 73 78 80 81 90 86 21
1777025579.311 103 100 90 94 89 99 89 27
1777025579.320 84 80 77 77 84 89 86 23
1777025579.331 91 101 91 80 83 90 76 15
1777025579.340 82 93 86 82 81 76 77 20
1777025579.350 109 99 82 85 80 78 78 19
1777025579.360 101 95 87 87 88 90 95 29
1777025579.371 97 88 83 82 81 78 82 13
1777025579.380 94 79 77 76 73 80 91 10
1777025579.391 86 82 84 76 77 81 80 13
1777025579.400 82 76 85 84 85 89 92 25
1777025579.410 100 101 96 95 86 87 91 15
1777025579.420 94 79 80 81 82 94 97 23
1777025579.431 94 90 91 88 85 94 83 8
1777025579.440 71 76 76 82 87 93 84 16
1777025579.450 102 90 66 71 77 93 90 29
1777025579.460 114 100 85 81 88 102 95 30
1777025579.470 102 101 89 82 87 93 85 26
1777025579.480 96 102 86 86 87 88 90 25
1777025579.490 94 92 73 83 82 88 84 21
1777025579.500 88 81 70 86 84 84 86 25
1777025579.511 110 102 94 88 94 86 66 9
1777025579.520 99 87 86 86 89 82 85 17
1777025579.530 110 114 96 96 91 85 80 13
1777025579.540 76 89 85 88 86 80 83 28
1777025579.550 92 83 81 78 80 81 85 16
1777025579.560 97 86 93 87 87 89 106 28
1777025579.570 97 81 89 85 78 69 89 28
1777025579.580 104 88 84 94 84 91 88 28
1777025579.590 91 86 76 89 83 91 87 22
1777025579.600 86 80 82 84 85 83 97 29
1777025579.610 95 79 92 82 86 86 91 17
1777025579.620 92 86 80 82 87 86 93 29
1777025579.631 113 101 81 79 83 82 75 20
1777025579.641 90 91 94 93 86 98 91 22
1777025579.651 92 82 89 85 75 81 89 26
1777025579.661 93 98 99 93 80 94 99 34
1777025579.670 101 97 87 81 78 83 81 26
1777025579.680 100 98 87 86 74 78 90 27
1777025579.690 88 79 94 84 79 81 70 13
1777025579.700 102 98 93 92 83 78 85 25
1777025579.710 105 102 96 93 92 83 78 13
1777025579.720 84 82 78 95 102 93 95 36
1777025579.730 98 77 78 82 81 75 81 19
1777025579.740 96 79 82 80 80 88 87 21
1777025579.750 109 86 62 77 84 87 93 21
1777025579.760 101 89 80 90 90 90 93 20
1777025579.770 93 89 81 90 86 90 85 14
1777025579.780 99 94 87 78 85 83 80 13
1777025579.790 91 76 72 85 77 80 79 23
1777025579.800 86 83 86 81 87 88 89 32
1777025579.810 110 104 100 89 75 89 87 13
1777025579.820 107 94 90 88 85 96 93 22
1777025579.830 109 91 86 79 84 86 87 19
1777025579.840 86 85 88 89 83 88 93 22
1777025579.851 88 89 84 88 75 84 86 25
1777025579.860 109 110 107 92 89 88 80 22
1777025579.870 95 85 94 82 78 91 91 15
1777025579.880 102 88 90 89 90 94 90 26
1777025579.891 92 93 84 80 85 82 87 13
1777025579.900 85 95 78 84 89 91 93 26
1777025579.910 99 88 83 84 81 79 73 10
1777025579.920 110 100 88 98 93 79 93 17
1777025579.931 111 111 70 86 83 86 91 36
1777025579.941 107 99 89 90 92 97 88 29
1777025579.950 94 82 70 85 88 86 95 27
1777025579.960 111 81 79 88 92 87 91 22
1777025579.970 89 83 74 84 83 97 86 25
1777025579.980 98 94 91 87 90 93 93 15
1777025579.990 91 103 89 82 91 87 85 10
1777025580.000 98 88 94 93 93 98 100 39
1777025580.011 104 88 83 80 85 77 86 17
1777025580.020 92 86 81 87 101 88 95 32
1777025580.030 92 80 82 76 77 77 82 20
1777025580.040 93 98 89 93 78 89 102 14
1777025580.050 94 83 83 88 80 76 88 9
1777025580.060 96 95 94 89 89 86 102 25
1777025580.070 84 82 85 87 82 86 93 29
1777025580.080 98 85 76 87 92 90 93 19
1777025580.090 85 84 73 75 83 77 85 15
1777025580.101 100 96 79 78 91 95 105 33
1777025580.110 97 109 95 79 83 81 86 17
1777025580.120 101 106 103 93 90 99 104 29
1777025580.130 92 92 71 81 74 89 93 21
1777025580.140 97 93 80 90 91 88 97 29
1777025580.150 91 72 74 84 90 85 84 16
1777025580.160 110 103 92 92 87 94 87 17
1777025580.170 82 76 94 90 75 81 89 25
1777025580.180 109 85 92 85 88 81 93 26
1777025580.190 86 94 88 82 77 79 77 11
1777025580.200 85 79 85 80 87 91 97 27
1777025580.211 87 79 84 85 81 88 90 25
1777025580.220 91 92 96 93 93 92 91 35
1777025580.230 86 79 71 78 81 77 91 29
1777025580.240 81 82 72 85 88 85 81 20
1777025580.250 88 74 81 85 85 88 95 26
1777025580.260 116 91 85 86 85 88 98 25
1777025580.271 86 83 84 86 94 86 96 25
1777025580.281 91 95 84 76 84 97 92 25
1777025580.290 89 88 68 65 73 87 76 10
1777025580.300 85 89 88 89 82 94 102 29
1777025580.310 87 89 83 81 86 87 93 27
1777025580.320 98 95 87 89 96 91 91 26
1777025580.330 86 87 76 79 79 79 85 23
1777025580.340 100 97 86 83 75 72 77 7
1777025580.350 98 85 85 96 82 82 85 26
1777025580.360 106 96 92 90 86 88 89 20
1777025580.370 102 90 91 96 89 89 84 15
1777025580.380 97 88 89 89 88 80 83 19
1777025580.390 87 78 75 80 77 78 76 23
1777025580.400 92 95 82 85 92 89 85 16
1777025580.411 91 88 82 80 80 86 93 39
1777025580.420 112 91 98 100 89 96 84 27
1777025580.430 93 86 85 90 84 86 98 30
1777025580.440 93 88 86 81 75 86 89 20
1777025580.451 93 85 82 83 87 86 90 30
1777025580.461 93 89 100 84 86 103 96 10
1777025580.470 102 85 101 89 74 94 101 22
1777025580.480 85 79 101 93 90 92 86 28
1777025580.490 76 77 88 79 82 81 82 21
1777025580.501 94 87 85 90 92 93 104 22
1777025580.510 96 91 78 74 80 81 85 15
1777025580.520 116 101 95 89 80 82 94 26
1777025580.530 105 88 85 85 88 84 83 33
1777025580.540 107 112 98 91 82 80 65 8
1777025580.550 96 81 86 87 85 90 90 46
1777025580.560 104 81 84 80 81 90 90 26
1777025580.570 98 82 85 87 87 81 91 19
1777025580.580 95 81 90 81 75 89 89 9
1777025580.591 69 77 81 71 83 85 83 21
1777025580.601 102 95 97 95 96 97 99 9
1777025580.611 79 88 85 83 80 90 98 25
1777025580.620 95 97 80 85 83 87 82 26
1777025580.630 85 81 79 82 83 98 87 22
1777025580.640 88 82 93 76 72 92 89 13
1777025580.651 91 92 87 80 82 91 90 28
1777025580.660 98 84 89 87 84 86 95 23
1777025580.670 102 89 93 86 82 86 100 28
1777025580.681 92 91 75 84 89 91 86 25
1777025580.691 73 86 82 84 86 88 90 15
1777025580.701 108 110 94 92 95 76 76 16
1777025580.710 92 99 72 82 87 72 82 22
1777025580.720 120 104 91 89 90 83 79 8
1777025580.730 89 87 85 80 82 98 95 46
1777025580.740 90 81 77 78 81 80 75 16
1777025580.750 89 91 85 86 85 84 79 21
1777025580.760 95 93 102 86 80 83 83 10
1777025580.770 108 99 92 100 89 86 81 13
1777025580.781 91 93 85 90 91 88 89 14
1777025580.791 80 80 75 87 76 74 93 25
1777025580.800 83 88 85 85 91 88 86 10
1777025580.810 72 75 86 79 84 87 97 26
1777025580.820 101 86 80 77 85 73 92 8
1777025580.830 108 76 69 81 88 77 84 23
1777025580.840 88 92 76 86 88 90 91 13
1777025580.850 85 95 87 89 82 91 95 33
1777025580.860 98 89 77 79 85 84 85 20
1777025580.870 97 95 85 95 86 89 86 25
1777025580.881 94 85 92 90 96 92 81 14
1777025580.891 80 80 66 78 81 88 93 22
1777025580.900 103 108 97 88 86 75 73 0
1777025580.910 85 88 87 87 96 91 95 28
1777025580.920 96 81 73 85 84 72 79 14
1777025580.930 103 90 83 90 93 89 92 25
1777025580.940 85 85 74 85 77 80 78 10
1777025580.951 109 82 74 83 75 75 88 22
1777025580.961 94 86 88 84 90 86 90 21
1777025580.971 96 88 85 81 81 83 89 27
1777025580.981 96 89 78 87 86 87 96 10
1777025580.990 85 75 73 74 78 78 95 23
1777025581.000 104 94 90 91 85 80 88 32
1777025581.010 84 95 105 96 95 88 87 28
1777025581.020 99 90 92 81 88 85 87 15
1777025581.030 92 99 93 99 89 88 91 36
1777025581.041 88 89 87 81 72 80 79 20
1777025581.051 106 100 95 93 86 86 80 16
1777025581.061 92 90 90 91 87 85 91 13
1777025581.071 88 80 89 87 87 87 89 14
1777025581.081 83 87 87 89 90 91 83 10
1777025581.091 81 88 78 86 85 94 97 27
1777025581.101 93 98 92 89 80 81 82 8
1777025581.111 90 90 67 85 83 88 103 30
1777025581.120 101 98 81 80 81 80 81 9
1777025581.130 92 93 84 89 81 75 87 22
1777025581.140 83 75 66 74 88 84 91 14
1777025581.151 107 95 86 90 91 82 97 22
1777025581.161 101 94 81 84 89 89 91 19
1777025581.171 103 94 90 86 86 86 91 22
1777025581.181 89 102 88 87 89 79 66 5
1777025581.191 80 80 84 77 73 77 80 30
1777025581.201 108 95 87 88 86 81 82 22
1777025581.210 81 80 87 94 97 94 95 33
1777025581.221 92 86 74 82 76 74 83 15
1777025581.230 100 95 84 92 87 89 84 27
1777025581.240 107 88 65 78 68 69 80 17
1777025581.250 100 79 86 89 80 82 91 23
1777025581.260 86 75 83 80 83 91 94 27
1777025581.270 105 83 81 83 78 87 89 36
1777025581.281 82 85 79 83 82 83 87 20
1777025581.291 82 88 72 75 80 77 98 33
1777025581.301 95 85 80 82 86 69 91 27
1777025581.310 99 88 69 92 91 91 90 20
1777025581.320 96 92 80 88 86 87 91 15
1777025581.331 105 98 87 87 85 109 100 30
1777025581.341 76 90 74 80 82 84 93 17
1777025581.350 92 101 85 89 79 90 75 16
1777025581.360 93 103 85 79 82 82 80 20
1777025581.370 96 91 90 75 73 82 89 19
1777025581.381 96 93 85 82 82 70 78 15
1777025581.391 82 79 89 92 87 93 81 23
1777025581.401 85 87 84 82 81 76 79 15
1777025581.410 104 94 88 89 85 95 88 27
1777025581.420 97 90 97 91 64 65 87 23
1777025581.431 101 79 89 95 92 90 92 25
1777025581.441 83 78 80 81 76 86 100 22
1777025581.451 100 88 83 82 86 88 89 19
1777025581.460 87 78 78 87 87 85 97 28
1777025581.470 91 85 77 79 84 92 104 32
1777025581.481 100 100 84 74 79 74 68 14
1777025581.491 91 90 79 83 87 82 85 14
1777025581.501 86 92 90 86 90 92 91 16
1777025581.510 90 110 95 89 87 100 98 35
1777025581.521 81 86 77 71 77 88 89 20
1777025581.530 102 104 86 94 92 82 91 19
1777025581.540 89 93 82 76 77 91 95 11
1777025581.550 104 96 92 86 86 95 87 14
1777025581.560 94 85 85 86 94 96 93 20
1777025581.571 88 83 82 82 87 85 88 34
1777025581.581 92 80 72 77 73 84 83 23
1777025581.590 86 85 76 76 85 86 90 19
1777025581.600 95 77 73 84 79 78 91 10
1777025581.611 102 83 77 87 87 82 93 23
1777025581.621 84 81 82 90 79 94 91 27
1777025581.630 98 91 89 89 81 99 88 33
1777025581.640 87 76 73 76 74 82 92 33
1777025581.651 86 95 82 79 77 85 95 30
1777025581.661 80 103 94 90 93 83 69 11
1777025581.670 92 106 91 86 88 91 88 23
1777025581.681 95 92 83 85 83 81 82 30
1777025581.691 85 95 92 95 84 86 89 28
1777025581.701 68 85 83 79 73 81 95 20
1777025581.710 101 100 100 94 93 96 99 11
1777025581.720 100 100 96 90 85 89 97 8
1777025581.731 89 83 89 86 89 97 106 26
1777025581.740 68 80 76 82 82 88 92 25
1777025581.751 105 88 90 80 75 84 80 25
1777025581.761 100 87 83 88 79 86 91 19
1777025581.770 99 89 77 85 91 86 95 27
1777025581.781 112 97 78 80 95 76 84 34
1777025581.790 97 96 91 90 96 93 94 22
1777025581.801 94 93 77 88 80 80 85 23
1777025581.810 93 101 78 82 81 88 92 34
1777025581.821 76 72 78 82 83 84 93 29
1777025581.830 104 84 85 85 86 80 79 20
1777025581.840 86 87 95 92 86 91 88 22
1777025581.851 84 95 90 87 83 93 87 21
1777025581.860 82 98 81 97 79 72 83 33
1777025581.870 108 84 89 85 85 83 96 38
1777025581.880 80 80 80 79 74 82 80 16
1777025581.891 101 99 100 92 95 86 93 19
1777025581.900 81 84 89 85 74 83 98 20
1777025581.911 100 94 105 102 87 93 91 20
1777025581.920 82 80 75 73 87 94 94 22
1777025581.931 100 91 85 82 85 85 81 19
1777025581.940 85 84 85 75 80 89 83 23
1777025581.950 104 99 85 74 78 80 87 19
1777025581.961 120 97 81 82 90 82 76 21
1777025581.971 109 108 82 90 88 92 87 17
1777025581.980 95 88 78 84 89 82 91 26
1777025581.991 97 91 77 91 95 84 102 30
1777025582.001 97 81 74 81 81 85 91 29
1777025582.010 123 104 98 90 92 83 99 23
1777025582.021 77 76 85 83 82 84 106 25
1777025582.031 92 85 91 83 78 85 104 35
1777025582.040 86 85 83 88 87 92 100 20
1777025582.051 82 93 83 91 71 79 87 9
1777025582.060 97 90 81 85 87 96 92 25
1777025582.071 97 90 83 88 84 81 93 25
1777025582.080 96 68 69 83 78 75 97 20
1777025582.091 90 92 76 81 80 75 71 8
1777025582.101 81 79 77 83 82 94 97 32
1777025582.110 108 99 86 84 92 90 94 29
1777025582.121 80 85 81 84 94 96 92 23
1777025582.130 92 96 88 88 82 85 78 11
1777025582.141 80 85 88 85 89 95 94 26
1777025582.150 90 88 77 90 95 93 86 20
1777025582.160 101 97 88 94 91 96 93 19
1777025582.171 88 82 74 79 88 91 100 25
1777025582.181 82 82 77 81 92 89 91 21
1777025582.191 95 95 81 88 76 79 82 15
1777025582.200 99 82 85 83 83 81 98 22
1777025582.211 105 92 87 90 84 76 87 23
1777025582.220 83 88 84 90 86 88 97 47
1777025582.231 80 83 77 84 77 80 85 28
1777025582.240 86 87 78 79 79 85 84 16
1777025582.251 87 89 78 79 79 77 74 21
1777025582.261 80 76 78 85 82 84 80 21
1777025582.271 95 94 94 90 94 94 95 14
1777025582.281 88 92 83 91 81 99 102 14
1777025582.290 87 79 79 83 80 81 82 16
1777025582.301 72 71 80 84 84 83 102 33
1777025582.310 107 97 86 89 75 90 87 16
1777025582.321 79 86 90 79 80 101 84 25
1777025582.330 87 96 83 84 84 89 84 27
1777025582.341 92 94 85 86 85 96 90 23
1777025582.351 100 87 80 75 83 81 98 39
1777025582.360 88 91 89 89 85 90 97 27
1777025582.371 96 98 89 89 84 86 86 17
1777025582.382 86 87 84 86 80 81 87 8
1777025582.391 80 77 84 82 76 82 85 15
1777025582.401 81 90 82 95 86 95 96 28
1777025582.411 88 78 73 89 82 76 90 28
1777025582.421 98 89 79 84 82 81 83 17
1777025582.431 92 84 78 86 85 76 81 32
1777025582.441 108 94 80 80 81 70 75 8
1777025582.451 92 93 81 89 87 83 97 25
1777025582.460 88 84 88 83 84 82 94 25
1777025582.471 93 85 88 90 87 86 91 22
1777025582.481 85 81 78 91 87 92 101 26
1777025582.490 101 88 75 82 76 80 76 3
1777025582.501 95 96 93 78 81 96 94 19
1777025582.511 88 88 96 86 90 89 88 21
1777025582.521 90 86 90 93 86 100 93 29
1777025582.531 90 82 81 82 86 82 80 16
1777025582.541 84 90 94 89 85 81 78 15
1777025582.551 79 92 84 90 84 79 91 27
1777025582.561 116 85 74 90 79 71 87 21
1777025582.571 99 85 85 92 84 83 90 17
1777025582.581 95 91 94 107 100 89 98 22
1777025582.590 94 81 76 73 76 66 76 13
1777025582.601 96 94 84 85 87 87 90 27
1777025582.611 97 91 82 82 86 77 86 28
1777025582.620 101 89 85 90 98 92 93 26
1777025582.631 80 83 79 81 79 82 95 30
1777025582.641 68 84 78 84 80 85 91 19
1777025582.651 78 77 81 84 85 97 96 16
1777025582.661 91 88 84 85 89 89 102 22
1777025582.671 102 92 99 77 81 81 75 9
1777025582.682 71 98 112 94 93 90 92 10
1777025582.691 89 82 89 84 82 88 91 22
1777025582.701 91 86 98 92 88 94 96 30
1777025582.710 92 80 79 81 87 75 76 17
1777025582.721 105 94 90 93 91 90 77 13
1777025582.730 100 88 86 91 88 95 86 27
1777025582.741 117 99 90 86 76 76 81 5
1777025582.751 89 86 92 79 97 101 85 16
1777025582.761 94 89 87 90 92 97 89 32
1777025582.772 100 84 76 80 91 77 83 28
1777025582.781 107 84 85 88 96 94 99 29
1777025582.791 106 92 72 74 84 91 81 16
1777025582.801 104 97 82 87 97 95 87 21
1777025582.811 94 88 77 77 79 91 101 36
1777025582.821 106 94 85 92 89 86 102 28
1777025582.831 91 76 79 82 86 82 95 27
1777025582.841 104 96 90 84 77 77 90 21
1777025582.853 86 108 96 93 88 83 94 29
1777025582.861 88 83 87 95 87 84 96 21
1777025582.871 84 91 88 82 79 87 83 17
1777025582.881 97 90 88 91 90 101 105 21
1777025582.891 97 79 69 73 67 73 85 10
1777025582.901 91 95 89 102 91 91 88 25
1777025582.910 95 90 79 80 75 83 87 20
1777025582.921 86 97 91 88 83 76 76 -1
1777025582.931 67 76 84 81 93 88 95 29
1777025582.941 93 83 84 91 85 81 76 7
1777025582.951 88 70 86 86 90 89 95 20
1777025582.961 101 91 98 86 100 92 98 14
1777025582.971 103 95 85 85 89 90 91 17
1777025582.981 92 98 86 82 76 105 92 14
1777025582.991 85 83 73 69 72 84 81 22
1777025583.001 101 103 87 86 93 86 96 29
1777025583.011 79 85 73 76 82 75 85 10
1777025583.021 101 100 90 84 82 90 76 15
1777025583.031 91 88 85 87 90 89 96 26
1777025583.041 91 66 69 78 77 86 83 7
1777025583.051 100 92 81 96 94 90 97 17
1777025583.062 106 88 88 92 91 85 91 27
1777025583.070 92 78 81 84 84 82 80 27
1777025583.081 96 94 83 82 83 93 80 25
1777025583.091 97 88 82 87 82 71 72 10
1777025583.101 86 95 84 74 84 86 90 26
1777025583.111 85 87 76 80 77 89 104 23
1777025583.121 95 85 81 79 77 85 89 20
1777025583.131 88 82 70 78 82 90 91 20
1777025583.140 94 87 80 84 82 85 89 20
1777025583.151 84 100 95 94 84 82 84 15
1777025583.161 87 79 96 91 86 94 95 23
1777025583.171 107 91 77 87 83 86 93 28
1777025583.181 119 102 92 86 91 93 104 41
1777025583.191 83 79 76 74 69 77 78 16
1777025583.201 98 96 94 86 84 89 81 14
1777025583.211 97 92 89 93 81 88 92 32
1777025583.221 109 97 86 91 88 82 79 13
1777025583.231 86 86 70 74 92 100 98 34
1777025583.241 95 82 75 80 81 87 82 19
1777025583.251 101 79 84 85 82 86 83 13
1777025583.261 101 100 85 85 82 91 83 13
1777025583.271 92 86 81 76 79 90 82 25
1777025583.281 101 81 89 75 86 89 85 23
1777025583.292 75 74 70 80 83 95 83 21
1777025583.301 94 84 79 79 87 83 83 16
1777025583.312 83 76 71 85 80 79 89 29
1777025583.321 100 93 96 93 83 79 83 21
1777025583.332 95 89 100 95 77 85 102 23
1777025583.342 105 93 86 93 80 84 87 27
1777025583.351 98 91 94 89 85 96 98 36
1777025583.362 93 96 92 82 86 83 89 14
1777025583.372 85 90 89 85 88 85 89 22
1777025583.381 95 94 92 88 91 83 89 11
1777025583.392 96 96 93 82 80 89 88 27
1777025583.402 112 110 99 93 93 83 91 11
1777025583.412 86 78 83 74 84 91 101 36
1777025583.422 104 107 80 79 79 90 90 10
1777025583.432 86 97 88 89 85 85 92 26
1777025583.442 92 92 77 84 82 81 83 15
1777025583.452 109 88 86 86 86 93 91 29
1777025583.462 98 71 80 93 86 93 97 27
1777025583.472 89 85 82 89 86 86 90 34
1777025583.481 81 85 86 74 77 82 85 20
1777025583.492 94 71 74 79 90 81 89 32
1777025583.502 92 107 81 82 93 84 81 20
1777025583.511 91 100 85 96 96 83 99 36
1777025583.522 78 92 85 87 85 80 97 30
1777025583.532 75 81 82 89 86 88 100 32
1777025583.541 86 79 82 86 78 73 75 17
1777025583.552 105 93 91 93 84 77 88 13
1777025583.562 101 89 87 85 89 84 89 21
1777025583.572 85 91 94 90 96 96 83 14
1777025583.582 74 91 83 75 83 97 91 19
1777025583.592 92 93 86 81 83 96 100 33
1777025583.602 109 85 80 80 87 88 85 9
1777025583.612 100 91 80 80 84 82 91 19
1777025583.622 99 94 75 83 82 89 76 13
1777025583.632 95 103 93 95 96 88 96 25
1777025583.642 89 87 90 90 86 86 89 27
1777025583.652 90 87 91 83 81 83 95 15
1777025583.662 95 81 83 82 75 87 97 32
1777025583.672 92 98 87 93 78 87 94 25
1777025583.681 98 97 89 81 80 69 76 21
1777025583.692 89 87 84 85 88 89 82 34
1777025583.702 93 85 84 77 80 78 78 5
1777025583.712 77 86 72 82 96 95 98 44
1777025583.722 101 84 77 85 84 74 87 10
1777025583.732 99 94 87 91 85 99 98 28
1777025583.742 75 73 79 78 81 85 83 11
1777025583.752 96 88 93 93 84 92 110 17
1777025583.762 98 93 94 89 82 92 103 17
1777025583.772 93 104 90 87 88 92 97 21
1777025583.782 90 82 87 82 80 80 96 17
1777025583.792 84 89 80 84 84 90 97 32
1777025583.802 120 93 91 80 78 82 82 8
1777025583.812 108 98 88 101 99 86 95 38
1777025583.822 98 98 81 85 92 82 93 27
1777025583.832 118 114 92 84 90 91 105 28
1777025583.842 86 83 77 76 83 81 77 7
1777025583.852 110 92 92 85 87 85 85 19
1777025583.861 91 93 85 88 90 87 85 28
1777025583.872 110 91 85 90 89 93 87 23
1777025583.882 93 94 89 85 89 80 78 15
1777025583.892 90 80 84 88 85 82 84 29
1777025583.902 94 82 77 80 81 73 72 10
1777025583.912 86 93 94 103 96 89 93 16
1777025583.922 95 73 73 86 81 74 76 9
1777025583.932 121 83 103 107 87 75 93 33
1777025583.942 86 77 78 91 78 83 87 21
1777025583.952 101 96 88 91 83 82 89 14
1777025583.962 85 90 75 86 82 88 95 35
1777025583.972 94 88 80 81 80 102 100 21
1777025583.982 96 84 91 84 81 81 78 3
1777025583.992 80 86 85 81 83 85 95 29
1777025584.002 102 90 84 84 96 92 94 30
1777025584.012 98 99 99 100 93 102 107 36
1777025584.023 84 81 76 83 81 82 83 14
1777025584.032 87 91 95 96 87 87 76 19
1777025584.042 91 83 88 81 81 84 76 26
1777025584.052 104 101 103 79 72 85 74 15
1777025584.062 102 96 97 94 91 90 92 26
1777025584.073 92 90 99 85 89 90 75 20
1777025584.082 87 79 69 72 86 84 91 13
1777025584.092 84 91 83 84 80 86 87 29
1777025584.102 97 87 75 83 76 77 65 10
1777025584.112 91 86 85 90 88 86 88 25
1777025584.122 84 78 76 83 86 84 102 30
1777025584.132 98 85 87 94 89 79 88 21
1777025584.142 80 83 78 81 79 82 93 25
1777025584.152 112 97 83 81 77 85 83 30
1777025584.162 101 100 90 89 83 95 98 16
1777025584.172 100 101 87 83 94 93 89 15
1777025584.182 88 89 84 80 77 91 89 16
1777025584.193 92 83 88 85 83 93 99 30
1777025584.202 93 85 72 70 77 77 89 20
1777025584.212 105 100 90 94 91 89 95 19
1777025584.222 97 85 85 89 78 85 88 20
1777025584.232 97 98 102 88 80 92 81 3
1777025584.242 92 99 93 82 83 90 77 13
1777025584.252 110 98 83 76 78 88 79 14
1777025584.262 91 100 87 80 83 90 87 21
1777025584.272 94 84 82 91 84 80 85 21
1777025584.282 92 87 77 81 73 76 85 13
1777025584.292 107 92 80 98 101 85 91 15
1777025584.302 89 76 78 90 83 82 93 30
1777025584.312 104 92 85 87 94 88 85 21
1777025584.322 98 79 71 87 89 88 92 21
1777025584.332 93 91 85 89 84 79 91 20
1777025584.342 95 84 89 91 76 82 89 26
1777025584.352 94 90 74 83 80 88 90 20
1777025584.362 88 93 91 89 89 87 101 33
1777025584.372 85 89 85 95 86 77 93 17
1777025584.382 82 85 80 79 82 86 85 15
1777025584.392 91 99 91 84 85 83 89 21
1777025584.402 102 94 82 78 83 89 93 19
1777025584.412 97 88 90 96 79 92 96 11
1777025584.422 86 73 84 83 87 96 86 22
1777025584.432 102 92 90 80 73 90 73 11
1777025584.442 93 85 82 82 79 88 87 19
1777025584.452 102 104 85 78 86 80 84 8
1777025584.462 88 93 91 83 82 94 91 28
1777025584.473 98 92 76 100 103 86 82 20
1777025584.482 71 81 74 91 92 87 91 23
1777025584.493 91 77 79 85 86 87 95 17
1777025584.502 91 79 69 72 76 81 91 29
1777025584.512 111 94 80 85 93 73 81 21
1777025584.522 90 86 85 91 92 95 96 27
1777025584.532 91 87 98 75 94 94 92 23
1777025584.542 76 93 87 86 93 80 95 32
1777025584.552 80 84 81 88 81 75 89 22
1777025584.562 87 89 84 93 88 88 91 28
1777025584.572 94 91 96 96 83 84 86 10
1777025584.582 100 86 87 89 83 91 96 26
1777025584.593 89 84 98 91 71 80 103 13
1777025584.602 98 98 87 84 89 89 106 15
1777025584.613 114 101 89 84 94 87 85 3
1777025584.623 98 90 81 74 85 84 96 25
1777025584.633 94 84 81 72 76 89 99 11
1777025584.643 97 85 83 87 93 95 85 14
1777025584.652 98 86 84 89 89 82 86 30
1777025584.662 97 107 82 75 83 82 91 33
1777025584.672 103 97 86 83 87 86 92 35
1777025584.682 84 80 74 82 78 87 91 33
1777025584.692 95 100 86 91 92 91 77 9
1777025584.702 77 91 85 95 95 99 92 41
1777025584.713 83 101 94 78 74 97 88 19
1777025584.722 86 98 92 99 86 77 91 23
1777025584.732 84 79 76 82 78 73 87 14
1777025584.742 92 81 80 88 83 79 83 8
1777025584.753 100 78 77 93 80 71 94 10
1777025584.762 102 85 90 96 90 87 100 39
1777025584.772 96 86 86 92 79 87 85 20
1777025584.783 76 83 76 88 84 93 98 29
1777025584.793 77 81 78 79 86 83 86 14
1777025584.802 86 77 79 84 82 86 91 23
1777025584.812 108 90 94 87 86 86 93 9
1777025584.822 102 100 92 81 91 96 111 34
1777025584.833 91 111 78 72 87 80 77 22
1777025584.842 72 89 82 85 90 91 97 8
1777025584.852 89 90 84 89 89 86 90 17
1777025584.862 104 96 88 93 90 90 89 25
1777025584.872 95 89 88 98 92 88 80 21
1777025584.883 89 92 92 97 86 83 86 17
1777025584.893 94 88 93 74 80 81 88 25
1777025584.902 84 86 80 88 90 92 105 29
1777025584.913 101 84 74 80 82 87 78 17
1777025584.922 91 95 88 82 80 89 90 23
1777025584.932 85 78 78 87 86 77 81 22
1777025584.942 81 85 82 95 86 83 99 35
1777025584.952 95 76 88 98 94 82 94 30
1777025584.962 87 92 88 90 84 88 97 36
1777025584.973 101 80 76 80 82 88 96 23
1777025584.983 94 89 88 86 78 85 99 27
1777025584.992 102 95 80 80 74 78 84 5
1777025585.002 104 95 81 88 89 85 103 23
1777025585.012 80 80 89 80 91 81 94 32
1777025585.023 103 94 98 96 95 97 85 14
1777025585.032 87 78 75 76 75 80 85 14
1777025585.043 87 92 86 94 82 84 78 8
1777025585.052 91 99 91 87 89 85 76 16
1777025585.063 104 102 105 89 94 93 99 32
1777025585.072 93 92 107 80 76 89 78 3
1777025585.083 102 88 91 85 84 94 91 26
1777025585.092 98 73 77 77 78 83 76 3
1777025585.103 97 84 85 83 84 89 89 22
1777025585.112 111 90 87 77 82 85 85 16
1777025585.123 111 98 87 94 91 87 97 21
1777025585.132 91 60 62 86 81 81 91 23
1777025585.142 88 88 75 78 80 85 85 23
1777025585.152 96 87 80 86 81 81 89 25
1777025585.162 94 105 96 89 79 88 88 21
1777025585.173 93 93 91 89 83 81 83 17
1777025585.182 95 91 91 90 98 100 101 36
1777025585.193 80 88 74 85 84 78 84 22
1777025585.202 95 93 98 96 92 77 85 21
1777025585.212 95 79 83 82 77 80 86 20
1777025585.223 100 88 89 87 95 87 87 17
1777025585.232 106 90 95 93 94 92 87 22
1777025585.242 89 97 102 89 89 100 87 3
1777025585.252 88 97 87 85 91 94 93 13
1777025585.263 80 79 75 87 84 89 97 19
1777025585.272 84 94 78 77 77 89 81 5
1777025585.282 89 90 86 83 79 84 86 20
1777025585.293 97 84 70 78 76 78 74 7
1777025585.302 109 90 89 95 92 84 98 14
1777025585.312 87 74 76 82 96 79 99 39
1777025585.323 91 80 76 87 82 85 85 16
1777025585.332 92 79 76 84 76 81 85 30
1777025585.342 100 92 80 79 78 81 87 30
1777025585.353 95 91 85 85 82 86 102 21
1777025585.363 98 88 89 93 89 101 98 26
1777025585.372 99 94 83 79 85 89 81 29
1777025585.382 93 96 102 92 89 90 90 38
1777025585.393 77 79 74 77 77 76 81 23
1777025585.402 94 102 89 92 96 84 78 17
1777025585.413 96 94 84 85 86 81 83 26
1777025585.423 100 104 90 97 96 90 93 7
1777025585.432 108 82 100 106 91 88 102 20
1777025585.442 78 75 78 86 78 78 77 16
1777025585.453 92 79 87 87 81 76 76 17
1777025585.462 92 80 90 88 85 81 83 15
1777025585.473 89 84 81 84 76 75 86 21
1777025585.485 111 89 87 94 92 92 93 33
1777025585.492 95 75 66 80 78 79 88 25
1777025585.502 95 85 85 85 86 88 89 13
1777025585.514 85 87 74 81 82 90 95 36
1777025585.522 104 96 90 88 75 84 79 19
1777025585.533 91 92 97 97 86 93 94 17
1777025585.542 101 102 94 83 93 90 78 8
1777025585.552 82 97 98 78 81 91 85 17
1777025585.562 88 89 87 85 82 96 86 23
1777025585.572 86 67 79 77 85 84 81 16
1777025585.583 109 105 94 101 89 89 83 15
1777025585.592 92 83 83 86 79 74 78 22
1777025585.602 113 108 96 97 86 78 81 7
1777025585.613 103 89 86 85 84 95 91 13
1777025585.622 107 83 75 81 76 77 86 14
1777025585.633 99 86 76 94 93 81 95 29
1777025585.642 92 80 74 79 82 84 75 5
1777025585.652 102 95 84 80 88 90 96 20
1777025585.662 106 101 87 86 94 87 98 38
1777025585.672 94 77 69 74 84 83 80 23
1777025585.683 102 88 87 95 88 89 91 26
1777025585.692 86 79 77 78 75 77 78 29
1777025585.703 108 92 90 86 73 86 86 13
1777025585.712 94 88 88 89 84 93 95 34
1777025585.723 89 87 83 83 76 76 86 17
1777025585.732 79 91 103 95 89 100 102 28
1777025585.742 85 73 77 77 75 82 83 25
1777025585.752 78 85 90 90 86 82 88 19
1777025585.763 86 97 87 89 81 80 97 21
1777025585.772 72 79 80 81 80 79 86 11
1777025585.782 111 95 104 90 84 79 89 11
1777025585.792 88 76 77 81 76 83 94 19
1777025585.802 105 85 82 84 82 83 98 22
1777025585.812 89 92 87 82 88 93 97 32
1777025585.822 108 99 86 78 78 82 88 16
1777025585.833 102 98 85 86 90 93 94 34
1777025585.842 92 96 85 80 79 81 83 20
1777025585.852 108 116 93 80 97 86 86 15
1777025585.863 103 89 79 96 91 94 88 16
1777025585.872 88 86 79 82 79 85 87 16
1777025585.883 111 101 84 87 89 84 82 7
1777025585.892 83 77 91 86 90 83 92 17
1777025585.903 102 90 94 81 81 73 85 10
1777025585.913 98 99 101 91 92 105 119 54
1777025585.923 84 86 80 79 82 81 91 21
1777025585.932 90 90 87 80 82 84 98 30
1777025585.943 79 83 83 85 67 77 84 25
1777025585.953 89 85 88 90 88 92 80 23
1777025585.962 86 88 94 88 92 99 96 17
1777025585.973 84 76 70 80 93 80 97 26
1777025585.983 91 89 84 89 96 92 86 19
1777025585.992 79 70 76 76 81 89 88 26
1777025586.002 95 82 83 79 77 76 90 22
1777025586.013 97 104 85 86 94 94 84 33
1777025586.025 104 92 86 87 91 88 79 32
1777025586.033 100 97 92 88 87 98 97 28
1777025586.042 78 84 83 82 72 79 77 17
1777025586.052 92 94 90 85 87 78 83 20
1777025586.062 101 95 94 89 89 92 77 16
1777025586.072 88 88 80 86 90 80 86 26
1777025586.083 110 106 93 86 88 89 81 15
1777025586.092 77 72 83 78 79 87 83 17
1777025586.102 96 87 78 75 74 72 71 9
1777025586.112 100 94 82 88 92 91 97 28
1777025586.123 100 82 74 76 73 72 81 15
1777025586.132 108 92 86 84 93 91 86 17
1777025586.143 106 76 74 89 77 69 82 20
1777025586.152 95 82 74 88 86 90 90 26
1777025586.162 104 98 84 84 84 86 95 19
1777025586.173 81 85 80 78 80 88 90 25
1777025586.182 118 98 89 95 80 85 80 29
1777025586.192 86 84 78 80 77 86 83 20
1777025586.203 102 92 76 90 85 87 90 22
1777025586.214 124 107 94 102 98 102 104 41
1777025586.223 94 84 76 76 70 80 90 9
1777025586.232 101 92 82 85 80 84 100 17
1777025586.242 100 92 80 90 88 83 87 16
1777025586.253 114 97 84 83 80 88 89 15
1777025586.263 95 90 91 87 73 89 94 9
1777025586.272 73 76 78 75 86 91 107 25
1777025586.283 107 88 84 76 78 86 78 9
1777025586.292 92 85 78 77 77 89 85 8
1777025586.303 97 88 78 76 79 91 78 10
1777025586.313 104 98 87 88 87 105 93 22
1777025586.323 101 89 74 85 68 66 100 30
1777025586.332 86 92 75 89 82 80 88 20
1777025586.342 105 90 76 79 78 85 80 9
1777025586.352 90 90 77 85 84 85 97 21
1777025586.363 107 97 82 91 82 81 85 21
1777025586.373 78 89 86 90 85 86 89 38
1777025586.383 103 95 85 80 85 85 76 25
1777025586.393 97 83 80 78 81 87 96 26
1777025586.402 87 79 65 83 71 75 73 17
1777025586.413 107 94 90 96 89 86 87 21
1777025586.423 100 93 86 84 78 89 90 17
1777025586.432 101 104 91 91 90 85 95 26
1777025586.443 93 77 94 83 71 91 95 7
1777025586.452 92 74 83 80 82 83 92 19
1777025586.462 93 90 74 80 77 87 94 22
1777025586.473 97 95 85 89 93 104 97 23
1777025586.483 97 93 78 83 76 79 67 7
1777025586.492 100 100 87 77 89 96 90 27
1777025586.503 105 95 78 77 70 72 88 29
1777025586.512 125 106 90 89 89 82 84 33
1777025586.523 95 82 72 73 73 83 80 13
1777025586.533 109 88 86 92 92 83 84 16
1777025586.543 93 87 87 89 88 79 91 19
1777025586.553 89 88 82 82 93 81 93 22
1777025586.563 98 94 81 80 84 68 78 14
1777025586.572 91 85 82 88 80 80 79 25
1777025586.583 106 84 72 79 71 75 74 10
1777025586.592 105 85 88 95 89 87 89 29
1777025586.603 90 85 79 80 79 82 83 19
1777025586.613 99 86 84 90 85 93 91 23
1777025586.622 84 83 81 84 74 88 88 11
1777025586.632 85 90 92 86 84 89 94 11
1777025586.642 77 85 85 85 79 88 89 13
1777025586.653 97 85 79 87 87 88 86 23
1777025586.662 111 79 78 76 83 80 86 19
1777025586.673 91 93 90 84 97 92 105 23
1777025586.682 104 82 83 87 73 67 91 34
1777025586.693 102 107 109 102 96 91 88 27
1777025586.703 91 72 72 78 70 79 78 15
1777025586.713 109 97 94 94 91 86 81 20
1777025586.723 93 92 84 81 78 85 86 20
1777025586.732 105 104 86 82 92 89 86 16
1777025586.742 88 102 87 88 89 87 76 11
1777025586.753 94 85 81 84 84 84 77 25
1777025586.762 98 78 78 72 82 86 88 17
1777025586.773 94 82 85 78 88 93 81 14
1777025586.783 79 71 69 73 74 75 67 8
1777025586.792 97 92 94 97 83 93 94 21
1777025586.803 85 71 72 87 75 86 99 19
1777025586.813 90 84 88 91 89 84 93 27
1777025586.823 77 79 85 94 84 91 97 20
1777025586.833 85 86 88 88 82 81 86 15
1777025586.843 98 94 91 90 84 90 90 15
1777025586.853 102 92 88 89 91 86 92 23
1777025586.863 116 103 92 83 88 85 85 23
1777025586.872 91 96 95 88 82 81 81 21
1777025586.883 77 93 81 74 72 68 78 4
1777025586.893 91 97 90 91 85 91 83 3
1777025586.903 91 94 86 86 87 84 88 19
1777025586.913 108 107 96 89 82 99 84 11
1777025586.922 97 95 94 77 83 98 79 3
1777025586.932 81 87 81 76 81 80 85 9
1777025586.943 93 92 75 84 80 79 86 14
1777025586.953 100 91 80 81 76 77 83 10
1777025586.963 95 82 75 81 75 82 83 20
1777025586.972 99 93 92 100 91 86 106 39
1777025586.983 100 70 81 86 82 91 100 22
1777025586.993 93 84 88 94 84 82 83 19
1777025587.002 76 71 76 73 82 83 88 30
1777025587.013 107 88 86 80 88 79 91 33
1777025587.023 80 94 94 92 87 90 93 19
1777025587.032 95 90 79 90 86 89 96 28
1777025587.042 80 89 70 85 75 77 76 25
1777025587.053 107 92 80 81 78 86 83 19
1777025587.062 93 90 81 80 74 85 85 14
1777025587.072 80 94 91 86 89 94 90 16
1777025587.083 83 89 89 84 87 84 83 20
1777025587.093 82 100 98 88 82 87 84 10
1777025587.103 78 88 78 82 91 97 106 33
1777025587.113 113 97 85 83 82 85 83 20
1777025587.123 99 99 80 83 86 88 82 14
1777025587.133 104 94 86 85 83 81 78 16
1777025587.143 94 89 91 88 76 78 95 26
1777025587.153 96 85 87 85 81 85 84 19
1777025587.162 81 72 77 78 66 85 95 34
1777025587.173 98 90 81 87 87 88 94 20
1777025587.183 91 84 76 81 75 85 85 19
1777025587.193 99 92 86 85 82 87 83 15
1777025587.202 94 85 82 91 88 89 93 21
1777025587.213 100 93 87 89 79 92 104 32
1777025587.223 92 76 73 72 87 89 100 28
1777025587.232 89 72 73 74 75 75 81 22
1777025587.243 99 88 86 86 92 89 81 19
1777025587.253 87 89 90 87 89 89 87 13
1777025587.263 95 92 82 84 77 83 90 25
1777025587.273 116 102 98 90 94 93 95 16
1777025587.283 54 82 71 68 75 100 90 17
1777025587.292 92 107 88 75 79 87 83 -1
1777025587.302 87 91 78 76 78 80 82 22
1777025587.313 93 96 82 78 80 79 83 15
1777025587.323 92 97 89 95 85 89 81 16
1777025587.332 82 88 74 72 81 77 86 27
1777025587.342 70 74 74 78 66 82 82 22
1777025587.353 87 86 74 82 73 82 91 16
1777025587.363 86 82 84 78 81 84 87 9
1777025587.373 110 105 94 89 77 90 77 11
1777025587.383 91 86 84 98 89 87 85 27
1777025587.393 84 84 79 88 83 79 75 17
1777025587.403 89 78 63 88 89 70 77 33
1777025587.413 102 85 81 85 89 86 85 15
1777025587.423 92 90 96 89 84 87 84 17
1777025587.433 88 82 78 82 84 86 83 20
1777025587.442 81 82 76 87 83 90 88 17
1777025587.453 87 83 77 86 92 77 94 34
1777025587.463 75 80 78 80 87 83 91 39
1777025587.473 100 83 80 76 78 71 76 20
1777025587.483 94 84 82 79 88 91 96 36
1777025587.493 99 98 86 81 73 78 83 25
1777025587.503 89 85 94 96 84 94 104 30
1777025587.513 114 90 94 78 80 89 88 14
1777025587.523 86 83 89 84 88 96 84 7
1777025587.533 75 77 83 83 85 90 84 20
1777025587.543 94 87 91 86 80 84 80 17
1777025587.553 95 84 89 88 84 89 88 22
1777025587.563 91 80 84 84 89 94 88 36
1777025587.573 119 93 88 79 90 88 83 22
1777025587.583 97 76 78 78 89 82 87 13
1777025587.593 97 78 69 75 78 81 75 8
1777025587.603 87 78 82 92 90 86 90 23
1777025587.613 88 78 65 79 82 89 86 9
1777025587.623 101 92 80 94 92 96 85 14
1777025587.633 96 88 81 76 91 91 87 26
1777025587.643 69 100 78 68 77 79 87 28
1777025587.653 91 79 87 74 86 89 89 27
1777025587.663 95 80 85 85 88 81 98 35
1777025587.673 117 92 80 85 80 73 89 20
1777025587.683 87 87 88 91 82 86 100 26
1777025587.693 95 88 87 76 76 82 83 10
1777025587.703 83 77 86 87 76 91 86 8
1777025587.713 78 75 83 84 74 81 91 25
1777025587.723 88 95 96 94 80 85 86 21
1777025587.733 97 95 83 84 82 79 83 19
1777025587.743 93 102 88 86 86 81 93 21
1777025587.753 100 95 82 96 92 89 103 26
1777025587.763 94 85 73 89 86 89 105 27
1777025587.773 123 93 81 89 79 87 84 10
1777025587.783 101 96 84 87 81 92 85 23
1777025587.793 92 87 78 68 73 75 71 10
1777025587.803 111 90 83 82 81 93 95 30
1777025587.813 86 81 67 85 90 97 81 25
1777025587.823 89 79 79 77 83 90 80 9
1777025587.833 76 78 75 82 78 86 83 20
1777025587.843 101 82 80 82 79 82 80 28
1777025587.853 94 85 88 85 90 84 81 22
1777025587.863 97 92 96 98 89 88 98 34
1777025587.873 102 95 92 85 83 86 88 19
1777025587.883 83 74 88 79 83 82 94 21
1777025587.893 93 78 78 78 74 71 83 10
1777025587.903 101 93 89 98 86 94 91 15
1777025587.913 90 95 90 93 91 86 91 22
1777025587.923 88 94 88 92 85 83 89 20
1777025587.933 92 76 85 90 85 85 81 23
1777025587.943 94 71 76 79 83 87 92 30
1777025587.953 97 88 81 78 79 88 84 23
1777025587.963 97 96 92 90 92 88 92 22
1777025587.973 104 97 88 81 80 92 83 10
1777025587.983 81 92 95 92 90 99 100 32
1777025587.993 71 85 81 63 80 81 72 13
1777025588.004 91 99 83 85 87 85 79 25
1777025588.013 75 76 71 71 80 84 90 19
1777025588.023 99 102 91 88 82 94 81 9
1777025588.033 105 93 78 86 92 89 74 23
1777025588.043 86 84 77 73 86 88 83 27
1777025588.053 98 92 95 86 73 95 87 17
1777025588.063 74 83 82 94 87 95 85 16
1777025588.073 105 83 57 74 79 83 88 16
1777025588.083 104 98 83 101 94 99 89 23
1777025588.093 86 91 83 85 87 84 86 13
1777025588.103 96 90 87 88 90 85 94 23
1777025588.113 113 77 69 77 83 78 94 46
1777025588.123 104 95 82 89 78 88 87 26
1777025588.133 89 89 77 86 80 83 85 21
1777025588.144 91 86 85 84 84 86 90 26
1777025588.153 108 94 83 86 83 73 93 14
1777025588.163 103 101 103 89 77 86 95 32
1777025588.174 97 86 71 64 79 69 70 11
1777025588.183 93 87 66 69 75 87 82 9
1777025588.193 82 78 80 74 69 75 84 15
1777025588.203 103 92 95 86 90 90 85 26
1777025588.213 91 90 85 90 90 89 92 34
1777025588.224 97 89 81 100 86 91 73 22
1777025588.233 80 85 78 81 84 92 83 17
1777025588.243 89 85 85 88 90 83 93 7
1777025588.253 109 100 87 92 88 85 88 22
1777025588.263 105 109 86 88 91 89 92 27
1777025588.273 101 90 82 82 86 95 87 17
1777025588.283 110 102 85 87 96 96 96 27
1777025588.294 102 68 65 87 74 77 80 29
1777025588.304 94 92 81 85 72 80 81 21
1777025588.313 96 98 89 90 84 89 97 30
1777025588.323 110 90 92 79 79 89 88 22
1777025588.333 91 82 88 98 82 85 95 30
1777025588.344 82 86 83 93 85 81 80 16
1777025588.353 76 102 84 87 83 89 80 25
1777025588.363 86 95 94 89 81 84 89 21
1777025588.374 80 73 77 85 76 83 83 20
1777025588.385 110 95 91 85 88 88 91 21
1777025588.394 92 88 80 74 81 84 90 28
1777025588.404 100 95 88 89 88 97 85 9
1777025588.414 57 71 86 78 82 102 89 22
1777025588.424 80 79 79 76 85 82 88 25
1777025588.434 94 96 83 83 82 93 91 16
1777025588.445 100 88 89 80 89 80 75 15
1777025588.454 100 94 86 81 86 103 85 22
1777025588.465 95 93 92 86 89 95 102 34
1777025588.474 89 82 80 80 77 77 78 32
1777025588.484 107 99 90 86 83 78 83 15
1777025588.494 83 69 77 80 79 79 75 25
1777025588.505 108 101 81 84 84 78 83 20
1777025588.514 88 88 85 99 93 98 105 29
1777025588.524 82 76 78 87 80 74 90 19
1777025588.534 80 91 75 75 86 90 83 25
1777025588.545 88 79 73 77 82 83 91 19
1777025588.555 97 85 85 76 80 89 89 13
1777025588.564 94 91 89 90 86 88 79 17
1777025588.574 92 82 82 74 84 87 83 17
1777025588.584 99 92 92 88 85 87 94 26
1777025588.594 57 72 67 73 82 90 93 23
1777025588.603 87 93 82 73 83 84 77 11
1777025588.614 102 89 86 77 86 84 79 11
1777025588.624 93 93 90 72 79 84 83 5
1777025588.634 91 91 85 78 89 89 88 21
1777025588.645 90 84 82 76 82 87 95 21
1777025588.654 91 73 76 79 77 70 91 17
1777025588.664 101 84 78 76 78 77 96 32
1777025588.674 88 80 76 74 74 81 83 28
1777025588.684 90 97 83 89 75 81 80 11
1777025588.694 76 88 79 84 91 97 103 27
1777025588.704 87 77 80 90 83 77 95 19
1777025588.714 85 86 80 84 91 88 90 26
1777025588.724 94 92 83 89 83 82 82 13
1777025588.734 95 93 84 86 90 84 85 23
1777025588.744 97 87 87 86 91 91 89 10
1777025588.754 95 90 90 92 87 89 102 36
1777025588.764 104 100 92 91 87 88 93 29
1777025588.774 70 86 81 78 83 83 85 26
1777025588.784 85 85 81 82 75 89 88 14
1777025588.794 91 93 90 84 82 84 89 23
1777025588.804 108 93 92 83 73 80 88 17
1777025588.814 101 84 89 91 93 98 99 39
1777025588.824 88 88 89 80 62 77 81 14
1777025588.834 82 81 89 76 77 78 86 13
1777025588.845 88 79 76 75 76 83 84 15
1777025588.854 95 85 92 84 75 80 77 10
1777025588.864 105 108 87 82 89 87 86 14
1777025588.875 83 85 78 77 85 96 100 33
1777025588.884 98 88 80 89 87 88 91 32
1777025588.894 98 72 81 85 83 80 81 26
1777025588.904 110 85 86 84 79 79 79 11
1777025588.914 111 96 84 89 87 91 90 21
1777025588.924 91 91 84 89 81 92 81 26
1777025588.934 105 98 90 86 92 94 83 25
1777025588.944 90 89 81 81 82 84 79 25
1777025588.954 90 101 85 89 87 82 87 28
1777025588.964 97 98 92 86 76 80 79 15
1777025588.974 98 89 89 84 84 85 87 25
1777025588.985 102 102 100 85 82 81 84 22
1777025588.994 93 91 89 94 92 88 100 29
1777025589.004 82 79 87 91 79 86 92 3
1777025589.014 88 79 103 86 82 84 96 20
1777025589.024 71 82 83 80 74 83 79 17
1777025589.034 85 88 86 84 92 93 91 15
1777025589.045 87 87 78 80 85 86 85 7
1777025589.054 95 90 91 87 89 90 82 13
1777025589.064 92 87 78 88 86 94 100 15
1777025589.074 94 85 86 91 87 89 100 21
1777025589.084 88 88 80 70 78 77 74 9
1777025589.094 97 94 91 93 91 88 85 13
1777025589.104 92 84 85 89 83 83 82 21
1777025589.114 96 92 87 91 104 105 91 33
1777025589.124 88 91 69 78 88 105 95 23
1777025589.135 63 81 84 75 78 87 90 9
1777025589.144 95 84 83 82 77 75 93 20
1777025589.154 109 97 86 89 86 82 82 19
1777025589.164 107 92 88 86 77 78 88 23
1777025589.174 90 82 90 91 95 90 101 40
1777025589.184 104 94 90 77 85 75 81 16
1777025589.194 100 86 87 86 89 87 94 16
1777025589.204 93 86 84 89 82 81 82 23
1777025589.214 109 91 96 93 88 85 97 19
1777025589.224 80 82 82 86 87 88 97 21
1777025589.234 79 85 76 90 81 90 88 13
1777025589.245 86 69 75 87 85 96 86 22
1777025589.254 90 79 73 83 91 87 97 34
1777025589.264 103 84 86 80 85 81 82 11
1777025589.274 97 98 86 93 91 97 104 32
1777025589.284 91 88 79 73 70 83 101 15
1777025589.294 95 95 94 90 89 97 104 32
1777025589.304 96 90 78 84 79 85 85 20
1777025589.314 101 82 78 76 83 81 67 19
1777025589.324 98 93 82 79 81 82 75 23
1777025589.335 96 96 89 89 92 78 83 17
1777025589.344 95 85 86 96 99 83 83 26
1777025589.354 96 88 92 94 86 78 91 33
1777025589.364 99 89 82 90 80 76 80 13
1777025589.374 99 90 92 81 75 87 93 26
1777025589.384 107 87 80 81 70 75 74 7
1777025589.394 98 95 80 92 86 88 85 26
1777025589.404 75 74 78 93 83 85 96 16
1777025589.414 100 95 95 96 86 86 103 26
1777025589.424 88 84 75 88 81 88 105 33
1777025589.434 93 81 75 81 73 77 85 21
1777025589.445 92 91 80 81 81 87 91 19
1777025589.454 98 89 77 81 86 96 95 33
1777025589.464 92 84 77 82 80 89 87 17
1777025589.475 97 99 102 92 97 96 100 27
1777025589.484 97 86 78 69 79 76 81 21
1777025589.495 93 85 72 74 81 80 83 14
1777025589.505 87 80 64 67 71 83 86 26
1777025589.514 104 93 88 84 83 93 97 25
1777025589.524 86 79 79 90 90 90 89 22
1777025589.534 91 87 83 84 89 88 90 9
1777025589.545 85 77 83 82 95 87 85 13
1777025589.554 77 76 80 94 97 98 93 21
1777025589.564 101 86 78 84 89 84 87 15
1777025589.575 109 97 89 94 101 94 93 19
1777025589.584 98 84 81 87 87 87 87 16
1777025589.594 103 90 82 90 87 88 97 15
1777025589.604 93 74 76 85 80 87 95 27
1777025589.614 113 87 83 88 81 84 87 20
1777025589.624 107 100 87 93 67 80 84 17
1777025589.634 99 97 85 88 85 85 80 10
1777025589.644 105 91 93 89 84 86 85 21
1777025589.654 97 92 92 85 85 88 99 21
1777025589.664 97 97 78 87 84 73 88 28
1777025589.674 115 90 81 82 86 82 88 19
1777025589.684 92 85 82 71 73 70 81 16
1777025589.694 109 99 89 85 82 82 79 8
1777025589.704 89 90 85 81 84 97 87 26
1777025589.714 106 95 94 87 78 85 98 28
1777025589.724 76 95 94 86 90 98 94 20
1777025589.734 76 85 84 79 84 81 78 14
1777025589.745 99 86 72 91 84 86 91 15
1777025589.754 96 93 79 85 86 87 92 26
1777025589.764 97 95 84 90 83 85 77 27
1777025589.774 102 85 89 92 92 103 85 16
1777025589.784 91 78 74 88 72 78 97 22
1777025589.794 97 77 72 80 75 79 80 16
1777025589.804 88 89 83 83 84 82 85 9
1777025589.814 119 100 97 94 87 77 82 16
1777025589.824 85 86 83 84 85 86 93 26
1777025589.834 91 90 82 80 76 82 82 23
1777025589.845 88 77 72 87 86 75 71 14
1777025589.854 102 88 84 90 81 81 85 27
1777025589.864 82 85 76 89 85 73 84 16
1777025589.875 95 97 95 95 92 90 98 16
1777025589.884 74 79 78 85 85 96 100 20
1777025589.894 102 86 90 81 88 89 91 25
1777025589.905 76 82 82 66 79 107 101 16
1777025589.914 94 92 89 73 77 94 81 13
1777025589.925 109 91 85 76 88 90 94 25
1777025589.935 87 95 86 80 83 86 89 23
1777025589.945 86 91 86 82 84 88 91 26
1777025589.954 91 90 74 77 77 91 95 33
1777025589.965 96 76 90 93 81 71 88 29
1777025589.974 106 100 94 89 90 80 87 22
1777025589.984 91 87 92 80 83 79 87 20
1777025589.995 111 94 83 81 87 83 75 5
1777025590.004 94 94 85 106 87 92 96 33
1777025590.014 107 93 82 82 82 82 84 19
1777025590.024 83 90 75 77 88 81 80 23
1777025590.035 82 88 78 83 84 83 87 25
1777025590.045 97 90 82 91 74 86 93 22
1777025590.054 95 84 85 101 82 92 93 38
1777025590.064 97 85 84 79 83 90 93 27
1777025590.074 104 87 85 87 89 99 101 28
1777025590.085 73 87 80 75 90 99 96 21
1777025590.094 86 93 86 84 78 85 77 10
1777025590.104 91 95 92 90 91 97 93 21
1777025590.114 95 94 90 80 91 91 88 27
1777025590.124 92 89 90 83 84 92 100 28
1777025590.134 88 86 87 91 84 90 92 14
1777025590.145 116 86 80 86 76 77 91 26
1777025590.155 101 92 89 90 82 83 71 9
1777025590.164 89 92 82 90 81 84 85 25
1777025590.174 106 104 90 85 88 89 80 16
1777025590.184 89 74 80 84 89 89 91 27
1777025590.195 95 82 74 77 90 78 75 20
1777025590.204 94 92 99 85 96 89 84 33
1777025590.214 87 82 83 85 89 79 75 21
1777025590.224 110 96 86 89 87 86 94 16
1777025590.235 96 85 74 86 82 82 101 29
1777025590.244 90 83 80 82 82 85 93 33
1777025590.255 99 84 82 93 88 91 87 16
1777025590.265 94 94 83 61 80 94 97 32
1777025590.274 72 94 91 89 83 83 84 17
1777025590.285 88 97 98 101 92 93 98 32
1777025590.294 99 89 75 79 80 81 79 23
1777025590.305 88 85 92 91 83 98 100 15
1777025590.315 82 82 98 88 80 81 86 19
1777025590.325 105 92 102 87 85 74 88 22
1777025590.335 89 103 91 74 71 74 87 11
1777025590.345 89 91 81 88 86 85 88 17
