% Pose and velocity (log_20260424_121244.183/log_t0_encoder_velocity.txt) for Teensy 0
% 1 	Time (sec)
% 2-3 	Velocity motor 1..2 (m/s or rad/s) m/s if use Teensy, else rad/sec motor vel, see robot.ini
% 4-5 	Update number (encoder, velocity) - mostly debug
1777025564.7513 -0.0000 0.0000 0 1
1777025564.7632 0.0000 0.0000 0 2
1777025564.7670 0.0000 0.0000 0 3
1777025564.7748 0.0000 0.0000 0 4
1777025564.7827 0.0000 0.0000 0 5
1777025564.7909 0.0000 0.0000 0 6
1777025564.7988 0.0000 0.0000 0 7
1777025564.8068 0.0000 0.0000 0 8
1777025564.8146 0.0000 0.0000 0 9
1777025564.8225 0.0000 0.0000 0 10
1777025564.8305 0.0000 0.0000 0 11
1777025564.8383 0.0000 0.0000 0 12
1777025564.8468 0.0000 0.0000 0 13
1777025564.8549 0.0000 0.0000 0 14
1777025564.8627 0.0000 0.0000 0 15
1777025564.8706 0.0000 0.0000 0 16
1777025564.8786 0.0000 0.0000 0 17
1777025564.8872 0.0000 0.0000 0 18
1777025564.8950 0.0000 0.0000 0 19
1777025564.9029 0.0000 0.0000 0 20
1777025564.9109 0.0000 0.0000 0 21
1777025564.9187 0.0000 0.0000 0 22
1777025564.9266 0.0000 0.0000 0 23
1777025564.9343 0.0000 0.0000 0 24
1777025564.9432 0.0000 0.0000 0 25
1777025564.9512 0.0000 0.0000 0 26
1777025564.9593 0.0000 0.0000 0 27
1777025564.9673 0.0000 0.0000 0 28
1777025564.9752 0.0000 0.0000 0 29
1777025564.9830 0.0000 0.0000 0 30
1777025564.9912 0.0000 0.0000 0 31
1777025564.9991 0.0000 0.0000 0 32
1777025565.0072 0.0000 0.0000 0 33
1777025565.0156 0.0000 0.0000 0 34
1777025565.0230 0.0000 0.0000 0 35
1777025565.0308 0.0000 0.0000 0 36
1777025565.0386 0.0000 0.0000 0 37
1777025565.0470 0.0000 0.0000 0 38
1777025565.0553 0.0000 0.0000 0 39
1777025565.0624 0.0000 0.0000 0 40
1777025565.0713 0.0000 0.0000 0 41
1777025565.0793 0.0000 0.0000 0 42
1777025565.0864 0.0000 0.0000 0 43
1777025565.0946 0.0000 0.0000 0 44
1777025565.1024 0.0000 0.0000 0 45
1777025565.1114 0.0000 0.0000 0 46
1777025565.1199 0.0000 0.0000 0 47
1777025565.1267 0.0000 0.0000 0 48
1777025565.1344 0.0000 0.0000 0 49
1777025565.1424 0.0000 0.0000 0 50
1777025565.1504 0.0000 0.0000 0 51
1777025565.1592 0.0000 0.0000 0 52
1777025565.1672 0.0000 0.0000 0 53
1777025565.1750 0.0000 0.0000 0 54
1777025565.1827 0.0000 0.0000 0 55
1777025565.1912 0.0000 0.0000 0 56
1777025565.1990 0.0000 0.0000 0 57
1777025565.2070 0.0000 0.0000 0 58
1777025565.2148 0.0000 0.0000 0 59
1777025565.2225 0.0000 0.0000 0 60
1777025565.2314 0.0000 0.0000 0 61
1777025565.2394 0.0000 0.0000 0 62
1777025565.2464 0.0000 0.0000 0 63
1777025565.2546 0.0000 0.0000 0 64
1777025565.2626 0.0000 0.0000 0 65
1777025565.2707 0.0000 0.0000 0 66
1777025565.2784 0.0000 0.0000 0 67
1777025565.2872 0.0000 0.0000 0 68
1777025565.2950 0.0000 0.0000 0 69
1777025565.3028 0.0000 0.0000 0 70
1777025565.3108 0.0000 0.0000 0 71
1777025565.3191 0.0000 0.0000 0 72
1777025565.3270 0.0000 0.0000 0 73
1777025565.3349 0.0000 0.0000 0 74
1777025565.3430 0.0000 0.0000 0 75
1777025565.3509 0.0000 0.0000 0 76
1777025565.3584 0.0000 0.0000 0 77
1777025565.3674 0.0000 0.0000 0 78
1777025565.3753 0.0000 0.0000 0 79
1777025565.3832 0.0000 0.0000 0 80
1777025565.3906 0.0000 0.0000 0 81
1777025565.3988 0.0000 0.0000 0 82
1777025565.4069 0.0000 0.0000 0 83
1777025565.4146 0.0000 0.0000 0 84
1777025565.4226 0.0000 0.0000 0 85
1777025565.4306 0.0000 0.0000 0 86
1777025565.4385 0.0000 0.0000 0 87
1777025565.4467 0.0000 0.0000 0 88
1777025565.4550 0.0000 0.0000 0 89
1777025565.4627 0.0000 0.0000 0 90
1777025565.4708 0.0000 0.0000 0 91
1777025565.4786 0.0000 0.0000 0 92
1777025565.4871 0.0000 0.0000 0 93
1777025565.4950 0.0000 0.0000 0 94
1777025565.5029 0.0000 0.0000 0 95
1777025565.5108 0.0000 0.0000 0 96
1777025565.5191 0.0000 0.0000 0 97
1777025565.5271 0.0000 0.0000 0 98
1777025565.5350 0.0000 0.0000 0 99
1777025565.5429 0.0000 0.0000 0 100
1777025565.5510 0.0000 0.0000 0 101
1777025565.5594 0.0000 0.0000 0 102
1777025565.5674 0.0000 0.0000 0 103
1777025565.5754 0.0000 0.0000 0 104
1777025565.5834 0.0000 0.0000 0 105
1777025565.5916 0.0000 0.0000 0 106
1777025565.5994 0.0000 0.0000 0 107
1777025565.6074 0.0000 0.0000 0 108
1777025565.6152 0.0000 0.0000 0 109
1777025565.6235 0.0000 0.0000 0 110
1777025565.6315 0.0000 0.0000 0 111
1777025565.6393 0.0000 0.0000 0 112
1777025565.6474 0.0000 0.0000 0 113
1777025565.6553 0.0000 0.0000 0 114
1777025565.6632 0.0000 0.0000 0 115
1777025565.6713 0.0000 0.0000 0 116
1777025565.6791 0.0000 0.0000 0 117
1777025565.6871 0.0000 0.0000 0 118
1777025565.6950 0.0000 0.0000 0 119
1777025565.7028 0.0000 0.0000 0 120
1777025565.7107 0.0000 0.0000 0 121
1777025565.7188 0.0000 0.0000 0 122
1777025565.7271 0.0000 0.0000 0 123
1777025565.7349 0.0000 0.0000 0 124
1777025565.7428 0.0000 0.0000 0 125
1777025565.7509 0.0000 0.0000 0 126
1777025565.7591 0.0000 0.0000 0 127
1777025565.7676 0.0000 0.0000 0 128
1777025565.7754 0.0000 0.0000 0 129
1777025565.7833 0.0000 0.0000 0 130
1777025565.7907 0.0000 0.0000 0 131
1777025565.7986 0.0000 0.0000 0 132
1777025565.8076 0.0000 0.0000 0 133
1777025565.8156 0.0000 0.0000 0 134
1777025565.8236 0.0000 0.0000 0 135
1777025565.8314 0.0000 0.0000 0 136
1777025565.8394 0.0000 0.0000 0 137
1777025565.8474 0.0000 0.0000 0 138
1777025565.8552 0.0000 0.0000 0 139
1777025565.8636 0.0000 0.0000 0 140
1777025565.8709 0.0000 0.0000 0 141
1777025565.8793 0.0000 0.0000 0 142
1777025565.8874 0.0000 0.0000 0 143
1777025565.8947 0.0000 0.0000 0 144
1777025565.9032 0.0000 0.0000 0 145
1777025565.9106 0.0000 0.0000 0 146
1777025565.9194 0.0000 0.0000 0 147
1777025565.9267 0.0000 0.0000 0 148
1777025565.9351 0.0000 0.0000 0 149
1777025565.9435 0.0000 0.0000 0 150
1777025565.9508 0.0000 0.0000 0 151
1777025565.9591 0.0000 0.0000 0 152
1777025565.9676 0.0000 0.0000 0 153
1777025565.9747 0.0000 0.0000 0 154
1777025565.9832 0.0000 0.0000 0 155
1777025565.9910 0.0000 0.0000 0 156
1777025565.9994 0.0000 0.0000 0 157
1777025566.0071 0.0000 0.0000 0 158
1777025566.0154 0.0000 0.0000 0 159
1777025566.0227 0.0000 0.0000 0 160
1777025566.0314 0.0000 0.0000 0 161
1777025566.0392 0.0000 0.0000 0 162
1777025566.0470 0.0000 0.0000 0 163
1777025566.0555 0.0000 0.0000 0 164
1777025566.0630 0.0000 0.0000 0 165
1777025566.0714 0.0000 0.0000 0 166
1777025566.0793 0.0000 0.0000 0 167
1777025566.0868 0.0000 0.0000 0 168
1777025566.0947 0.0000 0.0000 0 169
1777025566.1037 0.0000 0.0000 0 170
1777025566.1111 0.0000 0.0000 0 171
1777025566.1192 0.0000 0.0000 0 172
1777025566.1268 0.0000 0.0000 0 173
1777025566.1350 0.0000 0.0000 0 174
1777025566.1434 0.0000 0.0000 0 175
1777025566.1508 0.0000 0.0000 0 176
1777025566.1591 0.0000 0.0000 0 177
1777025566.1674 0.0000 0.0000 0 178
1777025566.1747 0.0000 0.0000 0 179
1777025566.1829 0.0000 0.0000 0 180
1777025566.1917 0.0000 0.0000 0 181
1777025566.1990 0.0000 0.0000 0 182
1777025566.2073 0.0000 0.0000 0 183
1777025566.2154 0.0000 0.0000 0 184
1777025566.2230 0.0000 0.0000 0 185
1777025566.2312 0.0000 0.0000 0 186
1777025566.2393 0.0000 0.0000 0 187
1777025566.2469 0.0000 0.0000 0 188
1777025566.2553 0.0000 0.0000 0 189
1777025566.2628 0.0000 0.0000 0 190
1777025566.2713 0.0000 0.0000 0 191
1777025566.2797 0.0000 0.0000 0 192
1777025566.2873 0.0000 0.0000 0 193
1777025566.2948 0.0000 0.0000 0 194
1777025566.3030 0.0000 0.0000 0 195
1777025566.3114 0.0000 0.0000 0 196
1777025566.3192 0.0000 0.0000 0 197
1777025566.3270 0.0000 0.0000 0 198
1777025566.3352 0.0000 0.0000 0 199
1777025566.3429 0.0000 0.0000 0 200
1777025566.3516 0.0000 0.0000 0 201
1777025566.3597 0.0000 0.0000 0 202
1777025566.3677 0.0000 0.0000 0 203
1777025566.3758 0.0000 0.0000 0 204
1777025566.3832 0.0000 0.0000 0 205
1777025566.3910 0.0000 0.0000 0 206
1777025566.3997 0.0000 0.0000 0 207
1777025566.4077 0.0000 0.0000 0 208
1777025566.4156 0.0000 0.0000 0 209
1777025566.4232 0.0000 0.0000 0 210
1777025566.4309 0.0000 0.0000 0 211
1777025566.4396 0.0000 0.0000 0 212
1777025566.4475 0.0000 0.0000 0 213
1777025566.4552 0.0000 0.0000 0 214
1777025566.4636 0.0000 0.0000 0 215
1777025566.4709 0.0000 0.0000 0 216
1777025566.4797 0.0000 0.0000 0 217
1777025566.4873 0.0000 0.0000 0 218
1777025566.4957 0.0000 0.0000 0 219
1777025566.5030 0.0000 0.0000 0 220
1777025566.5115 0.0000 0.0000 0 221
1777025566.5193 0.0000 0.0000 0 222
1777025566.5271 0.0000 0.0000 0 223
1777025566.5355 0.0000 0.0000 0 224
1777025566.5438 0.0000 0.0000 0 225
1777025566.5510 0.0000 0.0000 0 226
1777025566.5591 0.0000 0.0000 0 227
1777025566.5673 0.0000 0.0000 0 228
1777025566.5757 0.0000 0.0000 0 229
1777025566.5830 0.0000 0.0000 0 230
1777025566.5912 0.0000 0.0000 0 231
1777025566.5996 0.0000 0.0000 0 232
1777025566.6070 0.0000 0.0000 0 233
1777025566.6153 0.0000 0.0000 0 234
1777025566.6229 0.0000 0.0000 0 235
1777025566.6315 0.0000 0.0000 0 236
1777025566.6398 0.0000 0.0000 0 237
1777025566.6472 0.0000 0.0000 0 238
1777025566.6553 0.0000 0.0000 0 239
1777025566.6629 0.0000 0.0000 0 240
1777025566.6716 0.0000 0.0000 0 241
1777025566.6794 0.0000 0.0000 0 242
1777025566.6872 0.0000 0.0000 0 243
1777025566.6949 0.0000 0.0000 0 244
1777025566.7033 0.0000 0.0000 0 245
1777025566.7118 0.0000 0.0000 0 246
1777025566.7194 0.0000 0.0000 0 247
1777025566.7271 0.0000 0.0000 0 248
1777025566.7354 0.0000 0.0000 0 249
1777025566.7438 0.0000 0.0000 0 250
1777025566.7514 0.0000 0.0000 0 251
1777025566.7598 0.0000 0.0000 0 252
1777025566.7675 0.0000 0.0000 0 253
1777025566.7752 0.0000 0.0000 0 254
1777025566.7835 0.0000 0.0000 0 255
1777025566.7918 0.0000 0.0000 0 256
1777025566.7998 0.0000 0.0000 0 257
1777025566.8073 0.0000 0.0000 0 258
1777025566.8159 0.0000 0.0000 0 259
1777025566.8234 0.0000 0.0000 0 260
1777025566.8310 0.0000 0.0000 0 261
1777025566.8396 0.0000 0.0000 0 262
1777025566.8479 0.0000 0.0000 0 263
1777025566.8558 0.0000 0.0000 0 264
1777025566.8631 0.0000 0.0000 0 265
1777025566.8717 0.0000 0.0000 0 266
1777025566.8794 0.0000 0.0000 0 267
1777025566.8878 0.0000 0.0000 0 268
1777025566.8951 0.0000 0.0000 0 269
1777025566.9059 0.0000 0.0000 0 270
1777025566.9112 0.0000 0.0000 0 271
1777025566.9191 0.0000 0.0000 0 272
1777025566.9296 0.0000 0.0000 0 273
1777025566.9358 0.0000 0.0000 0 274
1777025566.9437 0.0000 0.0000 0 275
1777025566.9513 0.0000 0.0000 0 276
1777025566.9598 0.0000 0.0000 0 277
1777025566.9679 0.0000 0.0000 0 278
1777025566.9750 0.0000 0.0000 0 279
1777025566.9840 0.0000 0.0000 0 280
1777025566.9914 0.0000 0.0000 0 281
1777025566.9993 0.0000 0.0000 0 282
1777025567.0071 0.0000 0.0000 0 283
1777025567.0151 0.0000 0.0000 0 284
1777025567.0229 0.0000 0.0000 0 285
1777025567.0318 0.0000 0.0000 0 286
1777025567.0399 0.0000 0.0000 0 287
1777025567.0470 0.0000 0.0000 0 288
1777025567.0550 0.0000 0.0000 0 289
1777025567.0630 0.0000 0.0000 0 290
1777025567.0715 0.0000 0.0000 0 291
1777025567.0797 0.0000 0.0000 0 292
1777025567.0873 0.0000 0.0000 0 293
1777025567.0956 0.0000 0.0000 0 294
1777025567.1037 0.0000 0.0000 0 295
1777025567.1119 0.0000 0.0000 0 296
1777025567.1205 0.0000 0.0000 0 297
1777025567.1277 0.0000 0.0000 0 298
1777025567.1359 0.0000 0.0000 0 299
1777025567.1438 0.0000 0.0000 0 300
1777025567.1517 0.0000 0.0000 0 301
1777025567.1598 0.0000 0.0000 0 302
1777025567.1677 0.0000 0.0000 0 303
1777025567.1758 0.0000 0.0000 0 304
1777025567.1837 0.0000 0.0000 0 305
1777025567.1917 0.0000 0.0000 0 306
1777025567.1996 0.0000 0.0000 0 307
1777025567.2078 0.0000 0.0000 0 308
1777025567.2158 0.0000 0.0000 0 309
1777025567.2241 0.0000 0.0000 0 310
1777025567.2311 0.0000 0.0000 0 311
1777025567.2401 0.0000 0.0000 0 312
1777025567.2479 0.0000 0.0000 0 313
1777025567.2554 0.0000 0.0000 0 314
1777025567.2633 0.0000 0.0000 0 315
1777025567.2712 0.0000 0.0000 0 316
1777025567.2793 0.0000 0.0000 0 317
1777025567.2873 0.0000 0.0000 0 318
1777025567.2953 0.0000 0.0000 0 319
1777025567.3033 0.0000 0.0000 0 320
1777025567.3112 0.0000 0.0000 0 321
1777025567.3194 0.0000 0.0000 0 322
1777025567.3276 0.0000 0.0000 0 323
1777025567.3365 0.0000 0.0000 0 324
1777025567.3444 0.0000 0.0000 0 325
1777025567.3523 0.0000 0.0000 0 326
1777025567.3598 0.0000 0.0000 0 327
1777025567.3677 0.0000 0.0000 0 328
1777025567.3757 0.0000 0.0000 0 329
1777025567.3847 0.0000 0.0000 0 330
1777025567.3927 0.0000 0.0000 0 331
1777025567.4007 0.0000 0.0000 0 332
1777025567.4085 0.0000 0.0000 0 333
1777025567.4165 0.0000 0.0000 0 334
1777025567.4241 0.0000 0.0000 0 335
1777025567.4320 0.0000 0.0000 0 336
1777025567.4399 0.0000 0.0000 0 337
1777025567.4479 0.0000 0.0000 0 338
1777025567.4566 0.0000 0.0000 0 339
1777025567.4645 0.0000 0.0000 0 340
1777025567.4726 0.0000 0.0000 0 341
1777025567.4805 0.0000 0.0000 0 342
1777025567.4884 0.0000 0.0000 0 343
1777025567.4965 0.0000 0.0000 0 344
1777025567.5045 0.0000 0.0000 0 345
1777025567.5122 0.0000 0.0000 0 346
1777025567.5205 0.0000 0.0000 0 347
1777025567.5283 0.0000 0.0000 0 348
1777025567.5362 0.0000 0.0000 0 349
1777025567.5447 0.0000 0.0000 0 350
1777025567.5527 0.0000 0.0000 0 351
1777025567.5606 0.0000 0.0000 0 352
1777025567.5687 0.0000 0.0000 0 353
1777025567.5761 0.0000 0.0000 0 354
1777025567.5843 0.0000 0.0000 0 355
1777025567.5919 0.0000 0.0000 0 356
1777025567.6001 0.0000 0.0000 0 357
1777025567.6081 0.0000 0.0000 0 358
1777025567.6161 0.0000 0.0000 0 359
1777025567.6242 0.0000 0.0000 0 360
1777025567.6320 0.0000 0.0000 0 361
1777025567.6400 0.0000 0.0000 0 362
1777025567.6480 0.0000 0.0000 0 363
1777025567.6567 0.0000 0.0000 0 364
1777025567.6648 0.0000 0.0000 0 365
1777025567.6726 0.0000 0.0000 0 366
1777025567.6805 0.0000 0.0000 0 367
1777025567.6885 0.0000 0.0000 0 368
1777025567.6965 0.0000 0.0000 0 369
1777025567.7044 0.0000 0.0000 0 370
1777025567.7124 0.0000 0.0000 0 371
1777025567.7201 0.0000 0.0000 0 372
1777025567.7280 0.0000 0.0000 0 373
1777025567.7360 0.0000 0.0000 0 374
1777025567.7448 0.0000 0.0000 0 375
1777025567.7526 0.0000 0.0000 0 376
1777025567.7609 0.0000 0.0000 0 377
1777025567.7688 0.0000 0.0000 0 378
1777025567.7768 0.0000 0.0000 0 379
1777025567.7847 0.0000 0.0000 0 380
1777025567.7920 0.0000 0.0000 0 381
1777025567.8000 0.0000 0.0000 0 382
1777025567.8079 0.0000 0.0000 0 383
1777025567.8169 0.0000 0.0000 0 384
1777025567.8242 0.0000 0.0000 0 385
1777025567.8323 0.0000 0.0000 0 386
1777025567.8402 0.0000 0.0000 0 387
1777025567.8483 0.0000 0.0000 0 388
1777025567.8561 0.0000 0.0000 0 389
1777025567.8640 0.0000 0.0000 0 390
1777025567.8728 0.0000 0.0000 0 391
1777025567.8808 0.0000 0.0000 0 392
1777025567.8889 0.0000 0.0000 0 393
1777025567.8969 0.0000 0.0000 0 394
1777025567.9048 0.0000 0.0000 0 395
1777025567.9126 0.0000 0.0000 0 396
1777025567.9207 0.0000 0.0000 0 397
1777025567.9287 0.0000 0.0000 0 398
1777025567.9366 0.0000 0.0000 0 399
1777025567.9445 0.0000 0.0000 0 400
1777025567.9529 0.0000 0.0000 0 401
1777025567.9609 0.0000 0.0000 0 402
1777025567.9687 0.0000 0.0000 0 403
1777025567.9769 0.0000 0.0000 0 404
1777025567.9849 0.0000 0.0000 0 405
1777025567.9930 0.0000 0.0000 0 406
1777025568.0009 0.0000 0.0000 0 407
1777025568.0088 0.0000 0.0000 0 408
1777025568.0168 0.0000 0.0000 0 409
1777025568.0240 0.0000 0.0000 0 410
1777025568.0330 0.0000 0.0000 0 411
1777025568.0409 0.0000 0.0000 0 412
1777025568.0480 0.0000 0.0000 0 413
1777025568.0561 0.0000 0.0000 0 414
1777025568.0641 0.0000 0.0000 0 415
1777025568.0730 0.0000 0.0000 0 416
1777025568.0810 0.0000 0.0000 0 417
1777025568.0884 0.0000 0.0000 0 418
1777025568.0965 0.0000 0.0000 0 419
1777025568.1043 0.0000 0.0000 0 420
1777025568.1122 0.0000 0.0000 0 421
1777025568.1204 0.0000 0.0000 0 422
1777025568.1288 0.0000 0.0000 0 423
1777025568.1368 0.0000 0.0000 0 424
1777025568.1449 0.0000 0.0000 0 425
1777025568.1523 0.0000 0.0000 0 426
1777025568.1602 0.0000 0.0000 0 427
1777025568.1683 0.0000 0.0000 0 428
1777025568.1762 0.0000 0.0000 0 429
1777025568.1841 0.0000 0.0000 0 430
1777025568.1922 0.0000 0.0000 0 431
1777025568.2001 0.0000 0.0000 0 432
1777025568.2081 0.0000 0.0000 0 433
1777025568.2162 0.0000 0.0000 0 434
1777025568.2250 0.0000 0.0000 0 435
1777025568.2327 0.0000 0.0000 0 436
1777025568.2407 0.0000 0.0000 0 437
1777025568.2486 0.0000 0.0000 0 438
1777025568.2568 0.0000 0.0000 0 439
1777025568.2649 0.0000 0.0000 0 440
1777025568.2727 0.0000 0.0000 0 441
1777025568.2806 0.0000 0.0000 0 442
1777025568.2886 0.0000 0.0000 0 443
1777025568.2966 0.0000 0.0000 0 444
1777025568.3047 0.0000 0.0000 0 445
1777025568.3126 0.0000 0.0000 0 446
1777025568.3206 0.0000 0.0000 0 447
1777025568.3284 0.0000 0.0000 0 448
1777025568.3363 0.0000 0.0000 0 449
1777025568.3443 0.0000 0.0000 0 450
1777025568.3531 0.0000 0.0000 0 451
1777025568.3602 0.0000 0.0000 0 452
1777025568.3681 0.0000 0.0000 0 453
1777025568.3770 0.0000 0.0000 0 454
1777025568.3849 0.0000 0.0000 0 455
1777025568.3930 0.0000 0.0000 0 456
1777025568.4009 0.0000 0.0000 0 457
1777025568.4091 0.0000 0.0000 0 458
1777025568.4169 0.0000 0.0000 0 459
1777025568.4249 0.0000 0.0000 0 460
1777025568.4328 0.0000 0.0000 0 461
1777025568.4407 0.0000 0.0000 0 462
1777025568.4486 0.0000 0.0000 0 463
1777025568.4563 0.0000 0.0000 0 464
1777025568.4651 0.0000 0.0000 0 465
1777025568.4730 0.0000 0.0000 0 466
1777025568.4809 0.0000 0.0000 0 467
1777025568.4888 0.0000 0.0000 0 468
1777025568.4969 0.0000 0.0000 0 469
1777025568.5049 0.0000 0.0000 0 470
1777025568.5128 0.0000 0.0000 0 471
1777025568.5208 0.0000 0.0000 0 472
1777025568.5287 0.0000 0.0000 0 473
1777025568.5366 0.0000 0.0000 0 474
1777025568.5444 0.0000 0.0000 0 475
1777025568.5527 0.0000 0.0000 0 476
1777025568.5606 0.0000 0.0000 0 477
1777025568.5684 0.0000 0.0000 0 478
1777025568.5765 0.0000 0.0000 0 479
1777025568.5846 0.0000 0.0000 0 480
1777025568.5931 0.0000 0.0000 0 481
1777025568.6011 0.0000 0.0000 0 482
1777025568.6089 0.0000 0.0000 0 483
1777025568.6168 0.0000 0.0000 0 484
1777025568.6251 0.0000 0.0000 0 485
1777025568.6330 0.0000 0.0000 0 486
1777025568.6409 0.0000 0.0000 0 487
1777025568.6490 0.0000 0.0000 0 488
1777025568.6562 0.0000 0.0000 0 489
1777025568.6650 0.0000 0.0000 0 490
1777025568.6730 0.0000 0.0000 0 491
1777025568.6808 0.0000 0.0000 0 492
1777025568.6890 0.0000 0.0000 0 493
1777025568.6963 0.0000 0.0000 0 494
1777025568.7051 0.0000 0.0000 0 495
1777025568.7130 0.0000 0.0000 0 496
1777025568.7212 0.0000 0.0000 0 497
1777025568.7290 0.0000 0.0000 0 498
1777025568.7370 0.0000 0.0000 0 499
1777025568.7449 0.0000 0.0000 0 500
1777025568.7531 0.0000 0.0000 0 501
1777025568.7610 0.0000 0.0000 0 502
1777025568.7684 0.0000 0.0000 0 503
1777025568.7763 0.0000 0.0000 0 504
1777025568.7847 0.0000 0.0000 0 505
1777025568.7933 0.0000 0.0000 0 506
1777025568.8011 0.0000 0.0000 0 507
1777025568.8090 0.0000 0.0000 0 508
1777025568.8169 0.0000 0.0000 0 509
1777025568.8250 0.0000 0.0000 0 510
1777025568.8330 0.0000 0.0000 0 511
1777025568.8409 0.0000 0.0000 0 512
1777025568.8488 0.0000 0.0000 0 513
1777025568.8573 0.0000 0.0000 0 514
1777025568.8644 0.0000 0.0000 0 515
1777025568.8725 0.0000 0.0000 0 516
1777025568.8805 0.0000 0.0000 0 517
1777025568.8885 0.0000 0.0000 0 518
1777025568.8964 0.0000 0.0000 0 519
1777025568.9053 0.0000 0.0000 0 520
1777025568.9132 0.0000 0.0000 0 521
1777025568.9213 0.0000 0.0000 0 522
1777025568.9287 0.0000 0.0000 0 523
1777025568.9367 0.0000 0.0000 0 524
1777025568.9445 0.0000 0.0000 0 525
1777025568.9527 0.0000 0.0000 0 526
1777025568.9607 0.0000 0.0000 0 527
1777025568.9685 0.0000 0.0000 0 528
1777025568.9764 0.0000 0.0000 0 529
1777025568.9843 0.0000 0.0000 0 530
1777025568.9928 0.0000 0.0000 0 531
1777025569.0012 0.0000 0.0000 0 532
1777025569.0091 0.0000 0.0000 0 533
1777025569.0170 0.0000 0.0000 0 534
1777025569.0249 0.0000 0.0000 0 535
1777025569.0329 0.0000 0.0000 0 536
1777025569.0407 0.0000 0.0000 0 537
1777025569.0486 0.0000 0.0000 0 538
1777025569.0563 0.0000 0.0000 0 539
1777025569.0651 0.0000 0.0000 0 540
1777025569.0730 0.0000 0.0000 0 541
1777025569.0809 0.0000 0.0000 0 542
1777025569.0888 0.0000 0.0000 0 543
1777025569.0968 0.0000 0.0000 0 544
1777025569.1047 0.0000 0.0000 0 545
1777025569.1126 0.0000 0.0000 0 546
1777025569.1206 0.0000 0.0000 0 547
1777025569.1286 0.0000 0.0000 0 548
1777025569.1365 0.0000 0.0000 0 549
1777025569.1444 0.0000 0.0000 0 550
1777025569.1527 0.0000 0.0000 0 551
1777025569.1607 0.0000 0.0000 0 552
1777025569.1686 0.0000 0.0000 0 553
1777025569.1766 0.0000 0.0000 0 554
1777025569.1844 0.0000 0.0000 0 555
1777025569.1928 0.0000 0.0000 0 556
1777025569.2007 0.0000 0.0000 0 557
1777025569.2087 0.0000 0.0000 0 558
1777025569.2166 0.0000 0.0000 0 559
1777025569.2246 0.0000 0.0000 0 560
1777025569.2325 0.0000 0.0000 0 561
1777025569.2413 0.0000 0.0000 0 562
1777025569.2484 0.0000 0.0000 0 563
1777025569.2565 0.0000 0.0000 0 564
1777025569.2643 0.0000 0.0000 0 565
1777025569.2724 0.0000 0.0000 0 566
1777025569.2813 0.0000 0.0000 0 567
1777025569.2886 0.0000 0.0000 0 568
1777025569.2966 0.0000 0.0000 0 569
1777025569.3045 0.0000 0.0000 0 570
1777025569.3124 0.0000 0.0000 0 571
1777025569.3205 0.0000 0.0000 0 572
1777025569.3284 0.0000 0.0000 0 573
1777025569.3364 0.0000 0.0000 0 574
1777025569.3447 0.0000 0.0000 0 575
1777025569.3528 0.0000 0.0000 0 576
1777025569.3606 0.0000 0.0000 0 577
1777025569.3686 0.0000 0.0000 0 578
1777025569.3764 0.0000 0.0000 0 579
1777025569.3853 0.0000 0.0000 0 580
1777025569.3925 0.0000 0.0000 0 581
1777025569.4004 0.0000 0.0000 0 582
1777025569.4094 0.0000 0.0000 0 583
1777025569.4164 0.0000 0.0000 0 584
1777025569.4253 0.0000 0.0000 0 585
1777025569.4333 0.0000 0.0000 0 586
1777025569.4407 0.0000 0.0000 0 587
1777025569.4488 0.0000 0.0000 0 588
1777025569.4569 0.0000 0.0000 0 589
1777025569.4648 0.0000 0.0000 0 590
1777025569.4726 0.0000 0.0000 0 591
1777025569.4814 0.0000 0.0000 0 592
1777025569.4888 0.0000 0.0000 0 593
1777025569.4969 0.0000 0.0000 0 594
1777025569.5046 0.0000 0.0000 0 595
1777025569.5126 0.0000 0.0000 0 596
1777025569.5210 0.0000 0.0000 0 597
1777025569.5291 0.0000 0.0000 0 598
1777025569.5371 0.0000 0.0000 0 599
1777025569.5454 0.0000 0.0000 0 600
1777025569.5526 0.0000 0.0000 0 601
1777025569.5605 0.0000 0.0000 0 602
1777025569.5695 0.0000 0.0000 0 603
1777025569.5773 0.0000 0.0000 0 604
1777025569.5853 0.0000 0.0000 0 605
1777025569.5934 0.0000 0.0000 0 606
1777025569.6012 0.0000 0.0000 0 607
1777025569.6091 0.0000 0.0000 0 608
1777025569.6172 0.0000 0.0000 0 609
1777025569.6251 0.0000 0.0000 0 610
1777025569.6326 0.0000 0.0000 0 611
1777025569.6415 0.0000 0.0000 0 612
1777025569.6485 0.0000 0.0000 0 613
1777025569.6565 0.0000 0.0000 0 614
1777025569.6654 0.0000 0.0000 0 615
1777025569.6732 0.0000 0.0000 0 616
1777025569.6812 0.0000 0.0000 0 617
1777025569.6889 0.0000 0.0000 0 618
1777025569.6968 0.0000 0.0000 0 619
1777025569.7047 0.0000 0.0000 0 620
1777025569.7125 0.0000 0.0000 0 621
1777025569.7214 0.0000 0.0000 0 622
1777025569.7295 0.0000 0.0000 0 623
1777025569.7374 0.0000 0.0000 0 624
1777025569.7453 0.0000 0.0000 0 625
1777025569.7527 0.0000 0.0000 0 626
1777025569.7607 0.0000 0.0000 0 627
1777025569.7686 0.0000 0.0000 0 628
1777025569.7767 0.0000 0.0000 0 629
1777025569.7846 0.0000 0.0000 0 630
1777025569.7925 0.0000 0.0000 0 631
1777025569.8014 0.0000 0.0000 0 632
1777025569.8094 0.0000 0.0000 0 633
1777025569.8172 0.0000 0.0000 0 634
1777025569.8247 0.0000 0.0000 0 635
1777025569.8327 0.0000 0.0000 0 636
1777025569.8405 0.0000 0.0000 0 637
1777025569.8486 0.0000 0.0000 0 638
1777025569.8574 0.0000 0.0000 0 639
1777025569.8651 0.0000 0.0000 0 640
1777025569.8731 0.0000 0.0000 0 641
1777025569.8809 0.0000 0.0000 0 642
1777025569.8889 0.0000 0.0000 0 643
1777025569.8971 0.0000 0.0000 0 644
1777025569.9049 0.0000 0.0000 0 645
1777025569.9126 0.0000 0.0000 0 646
1777025569.9210 0.0000 0.0000 0 647
1777025569.9293 0.0000 0.0000 0 648
1777025569.9377 0.0000 0.0000 0 649
1777025569.9448 0.0000 0.0000 0 650
1777025569.9528 0.0000 0.0000 0 651
1777025569.9609 0.0000 0.0000 0 652
1777025569.9697 0.0000 0.0000 0 653
1777025569.9777 0.0000 0.0000 0 654
1777025569.9855 0.0000 0.0000 0 655
1777025569.9927 0.0000 0.0000 0 656
1777025570.0015 0.0000 0.0000 0 657
1777025570.0095 0.0000 0.0000 0 658
1777025570.0175 0.0000 0.0000 0 659
1777025570.0254 0.0000 0.0000 0 660
1777025570.0332 0.0000 0.0000 0 661
1777025570.0411 0.0000 0.0000 0 662
1777025570.0491 0.0000 0.0000 0 663
1777025570.0574 0.0000 0.0000 0 664
1777025570.0654 0.0000 0.0000 0 665
1777025570.0733 0.0000 0.0000 0 666
1777025570.0811 0.0000 0.0000 0 667
1777025570.0891 0.0000 0.0000 0 668
1777025570.0971 0.0000 0.0000 0 669
1777025570.1051 0.0000 0.0000 0 670
1777025570.1131 0.0000 0.0000 0 671
1777025570.1211 0.0000 0.0000 0 672
1777025570.1290 0.0000 0.0000 0 673
1777025570.1369 0.0000 0.0000 0 674
1777025570.1448 0.0000 0.0000 0 675
1777025570.1530 0.0000 0.0000 0 676
1777025570.1609 0.0000 0.0000 0 677
1777025570.1688 0.0000 0.0000 0 678
1777025570.1776 0.0000 0.0000 0 679
1777025570.1847 0.0000 0.0000 0 680
1777025570.1935 0.0000 0.0000 0 681
1777025570.2012 0.0000 0.0000 0 682
1777025570.2093 0.0000 0.0000 0 683
1777025570.2171 0.0000 0.0000 0 684
1777025570.2253 0.0000 0.0000 0 685
1777025570.2332 0.0000 0.0000 0 686
1777025570.2410 0.0000 0.0000 0 687
1777025570.2491 0.0000 0.0000 0 688
1777025570.2575 0.0000 0.0000 0 689
1777025570.2654 0.0000 0.0000 0 690
1777025570.2733 0.0000 0.0000 0 691
1777025570.2811 0.0000 0.0000 0 692
1777025570.2893 0.0000 0.0000 0 693
1777025570.2971 0.0000 0.0000 0 694
1777025570.3051 0.0000 0.0000 0 695
1777025570.3130 0.0000 0.0000 0 696
1777025570.3210 0.0000 0.0000 0 697
1777025570.3292 0.0000 0.0000 0 698
1777025570.3371 0.0000 0.0000 0 699
1777025570.3451 0.0000 0.0000 0 700
1777025570.3530 0.0000 0.0000 0 701
1777025570.3608 0.0000 0.0000 0 702
1777025570.3687 0.0000 0.0000 0 703
1777025570.3777 0.0000 0.0000 0 704
1777025570.3855 0.0000 0.0000 0 705
1777025570.3936 0.0000 0.0000 0 706
1777025570.4014 0.0000 0.0000 0 707
1777025570.4094 0.0000 0.0000 0 708
1777025570.4172 0.0000 0.0000 0 709
1777025570.4255 0.0000 0.0000 0 710
1777025570.4336 0.0000 0.0000 0 711
1777025570.4414 0.0000 0.0000 0 712
1777025570.4495 0.0000 0.0000 0 713
1777025570.4574 0.0000 0.0000 0 714
1777025570.4652 0.0000 0.0000 0 715
1777025570.4732 0.0000 0.0000 0 716
1777025570.4812 0.0000 0.0000 0 717
1777025570.4890 0.0000 0.0000 0 718
1777025570.4970 0.0000 0.0000 0 719
1777025570.5049 0.0000 0.0000 0 720
1777025570.5127 0.0000 0.0000 0 721
1777025570.5219 0.0000 0.0000 0 722
1777025570.5288 0.0000 0.0000 0 723
1777025570.5376 0.0000 0.0000 0 724
1777025570.5456 0.0000 0.0000 0 725
1777025570.5538 0.0000 0.0000 0 726
1777025570.5616 0.0000 0.0000 0 727
1777025570.5688 0.0000 0.0000 0 728
1777025570.5777 0.0000 0.0000 0 729
1777025570.5865 0.0000 0.0000 0 730
1777025570.5936 0.0000 0.0000 0 731
1777025570.6015 0.0000 0.0000 0 732
1777025570.6094 0.0000 0.0000 0 733
1777025570.6173 0.0000 0.0000 0 734
1777025570.6253 0.0000 0.0000 0 735
1777025570.6332 0.0000 0.0000 0 736
1777025570.6411 0.0000 0.0000 0 737
1777025570.6490 0.0000 0.0000 0 738
1777025570.6573 0.0000 0.0000 0 739
1777025570.6666 0.0000 0.0000 0 740
1777025570.6735 0.0000 0.0000 0 741
1777025570.6815 0.0000 0.0000 0 742
1777025570.6890 0.0000 0.0000 0 743
1777025570.6968 0.0000 0.0000 0 744
1777025570.7057 0.0000 0.0000 0 745
1777025570.7136 0.0000 0.0000 0 746
1777025570.7208 0.0000 0.0000 0 747
1777025570.7298 0.0000 0.0000 0 748
1777025570.7376 0.0000 0.0000 0 749
1777025570.7456 0.0000 0.0000 0 750
1777025570.7535 0.0000 0.0000 0 751
1777025570.7614 0.0000 0.0000 0 752
1777025570.7694 0.0000 0.0000 0 753
1777025570.7772 0.0000 0.0000 0 754
1777025570.7856 0.0000 0.0000 0 755
1777025570.7935 0.0000 0.0000 0 756
1777025570.8012 0.0000 0.0000 0 757
1777025570.8093 0.0000 0.0000 0 758
1777025570.8171 0.0000 0.0000 0 759
1777025570.8253 0.0000 0.0000 0 760
1777025570.8332 0.0000 0.0000 0 761
1777025570.8412 0.0000 0.0000 0 762
1777025570.8493 0.0000 0.0000 0 763
1777025570.8575 0.0000 0.0000 0 764
1777025570.8654 0.0000 0.0000 0 765
1777025570.8733 0.0000 0.0000 0 766
1777025570.8811 0.0000 0.0000 0 767
1777025570.8894 0.0000 0.0000 0 768
1777025570.8973 0.0000 0.0000 0 769
1777025570.9053 0.0000 0.0000 0 770
1777025570.9131 0.0000 0.0000 0 771
1777025570.9210 0.0000 0.0000 0 772
1777025570.9290 0.0000 0.0000 0 773
1777025570.9370 0.0000 0.0000 0 774
1777025570.9456 0.0000 0.0000 0 775
1777025570.9539 0.0000 0.0000 0 776
1777025570.9618 0.0000 0.0000 0 777
1777025570.9697 0.0000 0.0000 0 778
1777025570.9778 0.0000 0.0000 0 779
1777025570.9857 0.0000 0.0000 0 780
1777025570.9940 0.0000 0.0000 0 781
1777025571.0011 0.0000 0.0000 0 782
1777025571.0090 0.0000 0.0000 0 783
1777025571.0169 0.0000 0.0000 0 784
1777025571.0255 0.0000 0.0000 0 785
1777025571.0334 0.0000 0.0000 0 786
1777025571.0412 0.0000 0.0000 0 787
1777025571.0493 0.0000 0.0000 0 788
1777025571.0573 0.0000 0.0000 0 789
1777025571.0652 0.0000 0.0000 0 790
1777025571.0732 0.0000 0.0000 0 791
1777025571.0814 0.0000 0.0000 0 792
1777025571.0894 0.0000 0.0000 0 793
1777025571.0976 0.0000 0.0000 0 794
1777025571.1054 0.0000 0.0000 0 795
1777025571.1133 0.0000 0.0000 0 796
1777025571.1210 0.0000 0.0000 0 797
1777025571.1290 0.0000 0.0000 0 798
1777025571.1378 0.0000 0.0000 0 799
1777025571.1459 0.0000 0.0000 0 800
1777025571.1531 0.0000 0.0000 0 801
1777025571.1619 0.0000 0.0000 0 802
1777025571.1699 0.0000 0.0000 0 803
1777025571.1777 0.0000 0.0000 0 804
1777025571.1851 0.0000 0.0000 0 805
1777025571.1931 0.0000 0.0000 0 806
1777025571.2020 0.0000 0.0000 0 807
1777025571.2099 0.0000 0.0000 0 808
1777025571.2186 0.0000 0.0000 0 809
1777025571.2257 0.0000 0.0000 0 810
1777025571.2334 0.0000 0.0000 0 811
1777025571.2414 0.0000 0.0000 0 812
1777025571.2494 0.0000 0.0000 0 813
1777025571.2574 0.0000 0.0000 0 814
1777025571.2653 0.0000 0.0000 0 815
1777025571.2732 0.0000 0.0000 0 816
1777025571.2812 0.0000 0.0000 0 817
1777025571.2895 0.0000 0.0000 0 818
1777025571.2974 0.0000 0.0000 0 819
1777025571.3052 0.0000 0.0000 0 820
1777025571.3132 0.0000 0.0000 0 821
1777025571.3212 0.0000 0.0000 0 822
1777025571.3293 0.0000 0.0000 0 823
1777025571.3372 0.0000 0.0000 0 824
1777025571.3451 0.0000 0.0000 0 825
1777025571.3543 0.0000 0.0000 0 826
1777025571.3612 0.0000 0.0000 0 827
1777025571.3702 0.0000 0.0000 0 828
1777025571.3781 0.0000 0.0000 0 829
1777025571.3862 0.0000 0.0000 0 830
1777025571.3941 0.0000 0.0000 0 831
1777025571.4019 0.0000 0.0000 0 832
1777025571.4099 0.0000 0.0000 0 833
1777025571.4178 0.0000 0.0000 0 834
1777025571.4259 0.0000 0.0000 0 835
1777025571.4339 0.0000 0.0000 0 836
1777025571.4429 0.0000 0.0000 0 837
1777025571.4508 0.0000 0.0000 0 838
1777025571.4587 0.0000 0.0000 0 839
1777025571.4668 0.0000 0.0000 0 840
1777025571.4745 0.0000 0.0000 0 841
1777025571.4827 0.0000 0.0000 0 842
1777025571.4908 0.0000 0.0000 0 843
1777025571.4986 0.0000 0.0000 0 844
1777025571.5066 0.0000 0.0000 0 845
1777025571.5149 0.0000 0.0000 0 846
1777025571.5229 0.0000 0.0000 0 847
1777025571.5307 0.0000 0.0000 0 848
1777025571.5390 0.0000 0.0000 0 849
1777025571.5462 0.0000 0.0000 0 850
1777025571.5546 0.0000 0.0000 0 851
1777025571.5623 0.0000 0.0000 0 852
1777025571.5705 0.0000 0.0000 0 853
1777025571.5786 0.0000 0.0000 0 854
1777025571.5869 0.0000 0.0000 0 855
1777025571.5949 0.0000 0.0000 0 856
1777025571.6020 0.0000 0.0000 0 857
1777025571.6105 0.0000 0.0000 0 858
1777025571.6187 0.0000 0.0000 0 859
1777025571.6263 0.0000 0.0000 0 860
1777025571.6344 0.0000 0.0000 0 861
1777025571.6425 0.0000 0.0000 0 862
1777025571.6509 0.0000 0.0000 0 863
1777025571.6588 0.0000 0.0000 0 864
1777025571.6669 0.0000 0.0000 0 865
1777025571.6739 0.0000 0.0000 0 866
1777025571.6854 0.0000 0.0000 0 867
1777025571.6901 0.0000 0.0000 0 868
1777025571.6989 0.0000 0.0000 0 869
1777025571.7070 0.0000 0.0000 0 870
1777025571.7177 0.0000 0.0000 0 871
1777025571.7231 0.0000 0.0000 0 872
1777025571.7332 0.0000 0.0000 0 873
1777025571.7382 0.0000 0.0000 0 874
1777025571.7469 0.0000 0.0000 0 875
1777025571.7547 0.0000 0.0000 0 876
1777025571.7627 0.0000 0.0000 0 877
1777025571.7707 0.0000 0.0000 0 878
1777025571.7788 0.0000 0.0000 0 879
1777025571.7860 0.0000 0.0000 0 880
1777025571.7949 0.0000 0.0000 0 881
1777025571.8023 0.0000 0.0000 0 882
1777025571.8106 0.0000 0.0000 0 883
1777025571.8195 0.0000 0.0000 0 884
1777025571.8265 0.0000 0.0000 0 885
1777025571.8343 0.0000 0.0000 0 886
1777025571.8427 0.0000 0.0000 0 887
1777025571.8502 0.0000 0.0000 0 888
1777025571.8583 0.0000 0.0000 0 889
1777025571.8665 0.0000 0.0000 0 890
1777025571.8746 0.0000 0.0000 0 891
1777025571.8819 0.0000 0.0000 0 892
1777025571.8909 0.0000 0.0000 0 893
1777025571.8993 0.0000 0.0000 0 894
1777025571.9062 0.0000 0.0000 0 895
1777025571.9145 0.0000 0.0000 0 896
1777025571.9228 0.0000 0.0000 0 897
1777025571.9309 0.0000 0.0000 0 898
1777025571.9391 0.0000 0.0000 0 899
1777025571.9464 0.0000 0.0000 0 900
1777025571.9540 0.0000 0.0000 0 901
1777025571.9628 0.0000 0.0000 0 902
1777025571.9713 0.0000 0.0000 0 903
1777025571.9811 0.0000 0.0000 0 904
1777025571.9864 0.0000 0.0000 0 905
1777025571.9952 0.0000 0.0000 0 906
1777025572.0027 0.0000 0.0000 0 907
1777025572.0107 0.0000 0.0000 0 908
1777025572.0192 0.0000 0.0000 0 909
1777025572.0278 0.0000 0.0000 0 910
1777025572.0341 0.0000 0.0000 0 911
1777025572.0428 0.0000 0.0000 0 912
1777025572.0505 0.0000 0.0000 0 913
1777025572.0585 0.0000 0.0000 0 914
1777025572.0669 0.0000 0.0000 0 915
1777025572.0744 0.0000 0.0000 0 916
1777025572.0833 0.0000 0.0000 0 917
1777025572.0907 0.0000 0.0000 0 918
1777025572.0981 0.0000 0.0000 0 919
1777025572.1064 0.0000 0.0000 0 920
1777025572.1145 0.0000 0.0000 0 921
1777025572.1221 0.0000 0.0000 0 922
1777025572.1305 0.0000 0.0000 0 923
1777025572.1389 0.0000 0.0000 0 924
1777025572.1461 0.0000 0.0000 0 925
1777025572.1548 0.0000 0.0000 0 926
1777025572.1623 0.0000 0.0000 0 927
1777025572.1707 0.0000 0.0000 0 928
1777025572.1790 0.0000 0.0000 0 929
1777025572.1864 0.0000 0.0000 0 930
1777025572.1944 0.0000 0.0000 0 931
1777025572.2040 0.0000 0.0000 0 932
1777025572.2106 0.0000 0.0000 0 933
1777025572.2185 0.0000 0.0000 0 934
1777025572.2266 0.0000 0.0000 0 935
1777025572.2347 0.0000 0.0000 0 936
1777025572.2427 0.0000 0.0000 0 937
1777025572.2511 0.0000 0.0000 0 938
1777025572.2586 0.0000 0.0000 0 939
1777025572.2665 0.0000 0.0000 0 940
1777025572.2746 0.0000 0.0000 0 941
1777025572.2830 0.0000 0.0000 0 942
1777025572.2902 0.0000 0.0000 0 943
1777025572.2998 0.0000 0.0000 0 944
1777025572.3096 0.0000 0.0000 0 945
1777025572.3144 0.0000 0.0000 0 946
1777025572.3225 0.0000 0.0000 0 947
1777025572.3309 0.0000 0.0000 0 948
1777025572.3388 0.0000 0.0000 0 949
1777025572.3461 0.0000 0.0000 0 950
1777025572.3550 0.0000 0.0000 0 951
1777025572.3644 0.0000 0.0000 0 952
1777025572.3710 0.0000 0.0000 0 953
1777025572.3783 0.0000 0.0000 0 954
1777025572.3867 0.0000 0.0000 0 955
1777025572.3943 0.0000 0.0000 0 956
1777025572.4053 0.0000 0.0000 0 957
1777025572.4103 0.0000 0.0000 0 958
1777025572.4186 0.0000 0.0000 0 959
1777025572.4271 0.0000 0.0000 0 960
1777025572.4350 0.0000 0.0000 0 961
1777025572.4422 0.0000 0.0000 0 962
1777025572.4530 0.0000 0.0000 0 963
1777025572.4582 0.0000 0.0000 0 964
1777025572.4675 0.0000 0.0000 0 965
1777025572.4750 0.0000 0.0000 0 966
1777025572.4831 0.0000 0.0000 0 967
1777025572.4911 0.0000 0.0000 0 968
1777025572.4984 0.0000 0.0000 0 969
1777025572.5067 0.0000 0.0000 0 970
1777025572.5149 0.0000 0.0000 0 971
1777025572.5224 0.0000 0.0000 0 972
1777025572.5335 0.0000 0.0000 0 973
1777025572.5383 0.0000 0.0000 0 974
1777025572.5463 0.0000 0.0000 0 975
1777025572.5545 0.0000 0.0000 0 976
1777025572.5627 0.0000 0.0000 0 977
1777025572.5719 0.0000 0.0000 0 978
1777025572.5783 0.0000 0.0000 0 979
1777025572.5866 0.0000 0.0000 0 980
1777025572.5949 0.0000 0.0000 0 981
1777025572.6022 0.0000 0.0000 0 982
1777025572.6105 0.0000 0.0000 0 983
1777025572.6191 0.0000 0.0000 0 984
1777025572.6267 0.0000 0.0000 0 985
1777025572.6343 0.0000 0.0000 0 986
1777025572.6427 0.0000 0.0000 0 987
1777025572.6511 0.0000 0.0000 0 988
1777025572.6585 0.0000 0.0000 0 989
1777025572.6667 0.0000 0.0000 0 990
1777025572.6744 0.0000 0.0000 0 991
1777025572.6841 0.0000 0.0000 0 992
1777025572.6906 0.0000 0.0000 0 993
1777025572.6991 0.0000 0.0000 0 994
1777025572.7063 0.0000 0.0000 0 995
1777025572.7144 0.0000 0.0000 0 996
1777025572.7225 0.0000 0.0000 0 997
1777025572.7305 0.0000 0.0000 0 998
1777025572.7411 0.0000 0.0000 0 999
1777025572.7462 0.0000 0.0000 0 1000
1777025572.7546 0.0000 0.0000 0 1001
1777025572.7629 0.0000 0.0000 0 1002
1777025572.7707 0.0000 0.0000 0 1003
1777025572.7788 0.0000 0.0000 0 1004
1777025572.7873 0.0000 0.0000 0 1005
1777025572.7951 0.0000 0.0000 0 1006
1777025572.8022 0.0000 0.0000 0 1007
1777025572.8103 0.0000 0.0000 0 1008
1777025572.8183 0.0000 0.0000 0 1009
1777025572.8270 0.0000 0.0000 0 1010
1777025572.8351 0.0000 0.0000 0 1011
1777025572.8423 0.0000 0.0000 0 1012
1777025572.8514 0.0000 0.0000 0 1013
1777025572.8586 0.0000 0.0000 0 1014
1777025572.8666 0.0000 0.0000 0 1015
1777025572.8746 0.0000 0.0000 0 1016
1777025572.8832 0.0000 0.0000 0 1017
1777025572.8911 0.0000 0.0000 0 1018
1777025572.8985 0.0000 0.0000 0 1019
1777025572.9094 0.0000 0.0000 0 1020
1777025572.9144 0.0000 0.0000 0 1021
1777025572.9259 0.0000 0.0000 0 1022
1777025572.9309 0.0000 0.0000 0 1023
1777025572.9388 0.0000 0.0000 0 1024
1777025572.9463 0.0000 0.0000 0 1025
1777025572.9544 0.0000 0.0000 0 1026
1777025572.9624 0.0000 0.0000 0 1027
1777025572.9706 0.0000 0.0000 0 1028
1777025572.9785 0.0000 0.0000 0 1029
1777025572.9869 0.0000 0.0000 0 1030
1777025572.9953 0.0000 0.0000 0 1031
1777025573.0033 0.0000 0.0000 0 1032
1777025573.0105 0.0000 0.0000 0 1033
1777025573.0183 0.0000 0.0000 0 1034
1777025573.0266 0.0000 0.0000 0 1035
1777025573.0345 0.0000 0.0000 0 1036
1777025573.0431 0.0000 0.0000 0 1037
1777025573.0503 0.0000 0.0000 0 1038
1777025573.0586 0.0000 0.0000 0 1039
1777025573.0672 0.0000 0.0000 0 1040
1777025573.0744 0.0000 0.0000 0 1041
1777025573.0824 0.0000 0.0000 0 1042
1777025573.0909 0.0000 0.0000 0 1043
1777025573.0984 0.0000 0.0000 0 1044
1777025573.1064 0.0000 0.0000 0 1045
1777025573.1146 0.0000 0.0000 0 1046
1777025573.1230 0.0000 0.0000 0 1047
1777025573.1310 0.0000 0.0000 0 1048
1777025573.1393 0.0000 0.0000 0 1049
1777025573.1463 0.0000 0.0000 0 1050
1777025573.1545 0.0000 0.0000 0 1051
1777025573.1628 0.0000 0.0000 0 1052
1777025573.1711 0.0000 0.0000 0 1053
1777025573.1791 0.0000 0.0000 0 1054
1777025573.1869 0.0000 0.0000 0 1055
1777025573.1944 0.0000 0.0000 0 1056
1777025573.2026 0.0000 0.0000 0 1057
1777025573.2110 0.0000 0.0000 0 1058
1777025573.2224 0.0000 0.0000 0 1059
1777025573.2265 0.0000 0.0000 0 1060
1777025573.2348 0.0000 0.0000 0 1061
1777025573.2424 0.0000 0.0000 0 1062
1777025573.2514 0.0000 0.0000 0 1063
1777025573.2587 0.0000 0.0000 0 1064
1777025573.2671 0.0000 0.0000 0 1065
1777025573.2753 0.0000 0.0000 0 1066
1777025573.2826 0.0000 0.0000 0 1067
1777025573.2910 0.0000 0.0000 0 1068
1777025573.2992 0.0000 0.0000 0 1069
1777025573.3065 0.0000 0.0000 0 1070
1777025573.3148 0.0000 0.0000 0 1071
1777025573.3230 0.0000 0.0000 0 1072
1777025573.3304 0.0000 0.0000 0 1073
1777025573.3385 0.0000 0.0000 0 1074
1777025573.3471 0.0000 0.0000 0 1075
1777025573.3559 0.0000 0.0000 0 1076
1777025573.3625 0.0000 0.0000 0 1077
1777025573.3705 0.0000 0.0000 0 1078
1777025573.3789 0.0000 0.0000 0 1079
1777025573.3865 0.0000 0.0000 0 1080
1777025573.3947 0.0000 0.0000 0 1081
1777025573.4028 0.0000 0.0000 0 1082
1777025573.4111 0.0000 0.0000 0 1083
1777025573.4198 0.0000 0.0000 0 1084
1777025573.4267 0.0000 0.0000 0 1085
1777025573.4346 0.0000 0.0000 0 1086
1777025573.4426 0.0000 0.0000 0 1087
1777025573.4509 0.0000 0.0000 0 1088
1777025573.4590 0.0000 0.0000 0 1089
1777025573.4667 0.0000 0.0000 0 1090
1777025573.4746 0.0000 0.0000 0 1091
1777025573.4843 0.0000 0.0000 0 1092
1777025573.4911 0.0000 0.0000 0 1093
1777025573.4991 0.0000 0.0000 0 1094
1777025573.5071 0.0000 0.0000 0 1095
1777025573.5151 0.0000 0.0000 0 1096
1777025573.5232 0.0000 0.0000 0 1097
1777025573.5312 0.0000 0.0000 0 1098
1777025573.5390 0.0000 0.0000 0 1099
1777025573.5472 0.0000 0.0000 0 1100
1777025573.5545 0.0000 0.0000 0 1101
1777025573.5633 0.0000 0.0000 0 1102
1777025573.5712 0.0000 0.0000 0 1103
1777025573.5785 0.0000 0.0000 0 1104
1777025573.5864 0.0000 0.0000 0 1105
1777025573.5946 0.0000 0.0000 0 1106
1777025573.6025 0.0000 0.0000 0 1107
1777025573.6113 0.0000 0.0000 0 1108
1777025573.6198 0.0000 0.0000 0 1109
1777025573.6267 0.0000 0.0000 0 1110
1777025573.6344 0.0000 0.0000 0 1111
1777025573.6426 0.0000 0.0000 0 1112
1777025573.6512 0.0000 0.0000 0 1113
1777025573.6590 0.0000 0.0000 0 1114
1777025573.6668 0.0000 0.0000 0 1115
1777025573.6749 0.0000 0.0000 0 1116
1777025573.6833 0.0000 0.0000 0 1117
1777025573.6914 0.0000 0.0000 0 1118
1777025573.6984 0.0000 0.0000 0 1119
1777025573.7072 0.0000 0.0000 0 1120
1777025573.7151 0.0000 0.0000 0 1121
1777025573.7224 0.0000 0.0000 0 1122
1777025573.7312 0.0000 0.0000 0 1123
1777025573.7392 0.0000 0.0000 0 1124
1777025573.7472 0.0000 0.0000 0 1125
1777025573.7553 0.0000 0.0000 0 1126
1777025573.7634 0.0000 0.0000 0 1127
1777025573.7704 0.0000 0.0000 0 1128
1777025573.7794 0.0000 0.0000 0 1129
1777025573.7866 0.0000 0.0000 0 1130
1777025573.7947 0.0000 0.0000 0 1131
1777025573.8027 0.0000 0.0000 0 1132
1777025573.8106 0.0000 0.0000 0 1133
1777025573.8192 0.0000 0.0000 0 1134
1777025573.8270 0.0000 0.0000 0 1135
1777025573.8350 0.0000 0.0000 0 1136
1777025573.8430 0.0000 0.0000 0 1137
1777025573.8510 0.0000 0.0000 0 1138
1777025573.8591 0.0000 0.0000 0 1139
1777025573.8669 0.0000 0.0000 0 1140
1777025573.8748 0.0000 0.0000 0 1141
1777025573.8839 0.0000 0.0000 0 1142
1777025573.8908 0.0000 0.0000 0 1143
1777025573.8987 0.0000 0.0000 0 1144
1777025573.9065 0.0000 0.0000 0 1145
1777025573.9155 0.0000 0.0000 0 1146
1777025573.9235 0.0000 0.0000 0 1147
1777025573.9314 0.0000 0.0000 0 1148
1777025573.9394 0.0000 0.0000 0 1149
1777025573.9471 0.0000 0.0000 0 1150
1777025573.9555 0.0000 0.0000 0 1151
1777025573.9635 0.0000 0.0000 0 1152
1777025573.9713 0.0000 0.0000 0 1153
1777025573.9793 0.0000 0.0000 0 1154
1777025573.9875 0.0000 0.0000 0 1155
1777025573.9954 0.0000 0.0000 0 1156
1777025574.0033 0.0000 0.0000 0 1157
1777025574.0112 0.0000 0.0000 0 1158
1777025574.0196 0.0000 0.0000 0 1159
1777025574.0274 0.0000 0.0000 0 1160
1777025574.0354 0.0000 0.0000 0 1161
1777025574.0433 0.0000 0.0000 0 1162
1777025574.0510 0.0000 0.0000 0 1163
1777025574.0593 0.0000 0.0000 0 1164
1777025574.0671 0.0000 0.0000 0 1165
1777025574.0750 0.0000 0.0000 0 1166
1777025574.0840 0.0000 0.0000 0 1167
1777025574.0908 0.0000 0.0000 0 1168
1777025574.0991 0.0000 0.0000 0 1169
1777025574.1073 0.0000 0.0000 0 1170
1777025574.1151 0.0000 0.0000 0 1171
1777025574.1232 0.0000 0.0000 0 1172
1777025574.1311 0.0000 0.0000 0 1173
1777025574.1389 0.0000 0.0000 0 1174
1777025574.1469 0.0000 0.0000 0 1175
1777025574.1550 0.0000 0.0000 0 1176
1777025574.1627 0.0000 0.0000 0 1177
1777025574.1707 0.0000 0.0000 0 1178
1777025574.1787 0.0000 0.0000 0 1179
1777025574.1866 0.0000 0.0000 0 1180
1777025574.1946 0.0000 0.0000 0 1181
1777025574.2036 0.0000 0.0000 0 1182
1777025574.2114 0.0000 0.0000 0 1183
1777025574.2186 0.0000 0.0000 0 1184
1777025574.2275 0.0000 0.0000 0 1185
1777025574.2356 0.0000 0.0000 0 1186
1777025574.2435 0.0000 0.0000 0 1187
1777025574.2524 0.0000 0.0000 0 1188
1777025574.2593 0.0000 0.0000 0 1189
1777025574.2672 0.0000 0.0000 0 1190
1777025574.2751 0.0000 0.0000 0 1191
1777025574.2831 0.0000 0.0000 0 1192
1777025574.2912 0.0000 0.0000 0 1193
1777025574.2994 0.0000 0.0000 0 1194
1777025574.3071 0.0000 0.0000 0 1195
1777025574.3152 0.0000 0.0000 0 1196
1777025574.3231 0.0000 0.0000 0 1197
1777025574.3310 0.0000 0.0000 0 1198
1777025574.3391 0.0000 0.0000 0 1199
1777025574.3471 0.0000 0.0000 0 1200
1777025574.3554 0.0000 0.0000 0 1201
1777025574.3633 0.0000 0.0000 0 1202
1777025574.3713 0.0000 0.0000 0 1203
1777025574.3790 0.0000 0.0000 0 1204
1777025574.3875 0.0000 0.0000 0 1205
1777025574.3956 0.0000 0.0000 0 1206
1777025574.4033 0.0000 0.0000 0 1207
1777025574.4112 0.0000 0.0000 0 1208
1777025574.4195 0.0000 0.0000 0 1209
1777025574.4273 0.0000 0.0000 0 1210
1777025574.4353 0.0000 0.0000 0 1211
1777025574.4436 0.0000 0.0000 0 1212
1777025574.4511 0.0000 0.0000 0 1213
1777025574.4591 0.0000 0.0000 0 1214
1777025574.4669 0.0000 0.0000 0 1215
1777025574.4747 0.0000 0.0000 0 1216
1777025574.4832 0.0000 0.0000 0 1217
1777025574.4916 0.0000 0.0000 0 1218
1777025574.4996 0.0000 0.0000 0 1219
1777025574.5075 0.0000 0.0000 0 1220
1777025574.5162 0.0000 0.0000 0 1221
1777025574.5230 0.0000 0.0000 0 1222
1777025574.5315 0.0000 0.0000 0 1223
1777025574.5395 0.0000 0.0000 0 1224
1777025574.5472 0.0000 0.0000 0 1225
1777025574.5555 0.0000 0.0000 0 1226
1777025574.5634 0.0000 0.0000 0 1227
1777025574.5712 0.0000 0.0000 0 1228
1777025574.5792 0.0000 0.0000 0 1229
1777025574.5868 0.0000 0.0000 0 1230
1777025574.5958 0.0000 0.0000 0 1231
1777025574.6036 0.0000 0.0000 0 1232
1777025574.6117 0.0000 0.0000 0 1233
1777025574.6196 0.0000 0.0000 0 1234
1777025574.6275 0.0000 0.0000 0 1235
1777025574.6355 0.0000 0.0000 0 1236
1777025574.6434 0.0000 0.0000 0 1237
1777025574.6518 0.0000 0.0000 0 1238
1777025574.6598 0.0000 0.0000 0 1239
1777025574.6675 0.0000 0.0000 0 1240
1777025574.6755 0.0000 0.0000 0 1241
1777025574.6833 0.0000 0.0000 0 1242
1777025574.6912 0.0000 0.0000 0 1243
1777025574.6992 0.0000 0.0000 0 1244
1777025574.7071 0.0000 0.0000 0 1245
1777025574.7151 0.0000 0.0000 0 1246
1777025574.7231 0.0000 0.0000 0 1247
1777025574.7312 0.0000 0.0000 0 1248
1777025574.7389 0.0000 0.0000 0 1249
1777025574.7469 0.0000 0.0000 0 1250
1777025574.7557 0.0000 0.0000 0 1251
1777025574.7635 0.0000 0.0000 0 1252
1777025574.7715 0.0000 0.0000 0 1253
1777025574.7795 0.0000 0.0000 0 1254
1777025574.7876 0.0000 0.0000 0 1255
1777025574.7956 0.0000 0.0000 0 1256
1777025574.8035 0.0000 0.0000 0 1257
1777025574.8114 0.0000 0.0000 0 1258
1777025574.8198 0.0000 0.0000 0 1259
1777025574.8277 0.0000 0.0000 0 1260
1777025574.8354 0.0000 0.0000 0 1261
1777025574.8434 0.0000 0.0000 0 1262
1777025574.8517 0.0000 0.0000 0 1263
1777025574.8597 0.0000 0.0000 0 1264
1777025574.8677 0.0000 0.0000 0 1265
1777025574.8757 0.0000 0.0000 0 1266
1777025574.8834 0.0000 0.0000 0 1267
1777025574.8915 0.0000 0.0000 0 1268
1777025574.8995 0.0000 0.0000 0 1269
1777025574.9077 0.0000 0.0000 0 1270
1777025574.9150 0.0000 0.0000 0 1271
1777025574.9238 0.0000 0.0000 0 1272
1777025574.9316 0.0000 0.0000 0 1273
1777025574.9396 0.0000 0.0000 0 1274
1777025574.9475 0.0000 0.0000 0 1275
1777025574.9555 0.0000 0.0000 0 1276
1777025574.9635 0.0000 0.0000 0 1277
1777025574.9715 0.0000 0.0000 0 1278
1777025574.9792 0.0000 0.0000 0 1279
1777025574.9878 0.0000 0.0000 0 1280
1777025574.9950 0.0000 0.0000 0 1281
1777025575.0029 0.0000 0.0000 0 1282
1777025575.0113 0.0000 0.0000 0 1283
1777025575.0199 0.0000 0.0000 0 1284
1777025575.0276 0.0000 0.0000 0 1285
1777025575.0356 0.0000 0.0000 0 1286
1777025575.0435 0.0000 0.0000 0 1287
1777025575.0512 0.0000 0.0000 0 1288
1777025575.0593 0.0000 0.0000 0 1289
1777025575.0672 0.0000 0.0000 0 1290
1777025575.0751 0.0000 0.0000 0 1291
1777025575.0832 0.0000 0.0000 0 1292
1777025575.0914 0.0000 0.0000 0 1293
1777025575.0993 0.0000 0.0000 0 1294
1777025575.1072 0.0000 0.0000 0 1295
1777025575.1163 0.0000 0.0000 0 1296
1777025575.1229 0.0000 0.0000 0 1297
1777025575.1309 0.0000 0.0000 0 1298
1777025575.1399 0.0000 0.0000 0 1299
1777025575.1478 0.0000 0.0000 0 1300
1777025575.1550 0.0000 0.0000 0 1301
1777025575.1639 0.0000 0.0000 0 1302
1777025575.1717 0.0000 0.0000 0 1303
1777025575.1797 0.0000 0.0000 0 1304
1777025575.1878 0.0000 0.0000 0 1305
1777025575.1957 0.0000 0.0000 0 1306
1777025575.2037 0.0000 0.0000 0 1307
1777025575.2109 0.0000 0.0000 0 1308
1777025575.2197 0.0000 0.0000 0 1309
1777025575.2276 0.0000 0.0000 0 1310
1777025575.2356 0.0000 0.0000 0 1311
1777025575.2434 0.0000 0.0000 0 1312
1777025575.2516 0.0000 0.0000 0 1313
1777025575.2600 0.0000 0.0000 0 1314
1777025575.2677 0.0000 0.0000 0 1315
1777025575.2758 0.0000 0.0000 0 1316
1777025575.2833 0.0000 0.0000 0 1317
1777025575.2914 0.0000 0.0000 0 1318
1777025575.2993 0.0000 0.0000 0 1319
1777025575.3072 0.0000 0.0000 0 1320
1777025575.3154 0.0000 0.0000 0 1321
1777025575.3233 0.0000 0.0000 0 1322
1777025575.3316 0.0000 0.0000 0 1323
1777025575.3394 0.0000 0.0000 0 1324
1777025575.3473 0.0000 0.0000 0 1325
1777025575.3556 0.0000 0.0000 0 1326
1777025575.3633 0.0000 0.0000 0 1327
1777025575.3714 0.0000 0.0000 0 1328
1777025575.3799 0.0000 0.0000 0 1329
1777025575.3873 0.0000 0.0000 0 1330
1777025575.3959 0.0000 0.0000 0 1331
1777025575.4034 0.0000 0.0000 0 1332
1777025575.4116 0.0000 0.0000 0 1333
1777025575.4192 0.0000 0.0000 0 1334
1777025575.4279 0.0000 0.0000 0 1335
1777025575.4354 0.0000 0.0000 0 1336
1777025575.4438 0.0000 0.0000 0 1337
1777025575.4528 0.0000 0.0000 0 1338
1777025575.4613 0.0000 0.0000 0 1339
1777025575.4674 0.0000 0.0000 0 1340
1777025575.4756 0.0000 0.0000 0 1341
1777025575.4848 0.0000 0.0000 0 1342
1777025575.4920 0.0000 0.0000 0 1343
1777025575.4995 0.0000 0.0000 0 1344
1777025575.5077 0.0000 0.0000 0 1345
1777025575.5160 0.0000 0.0000 0 1346
1777025575.5236 0.0000 0.0000 0 1347
1777025575.5322 0.0000 0.0000 0 1348
1777025575.5398 0.0000 0.0000 0 1349
1777025575.5480 0.0000 0.0000 0 1350
1777025575.5556 0.0000 0.0000 0 1351
1777025575.5642 0.0000 0.0000 0 1352
1777025575.5723 0.0000 0.0000 0 1353
1777025575.5794 0.0000 0.0000 0 1354
1777025575.5877 0.0000 0.0000 0 1355
1777025575.5957 0.0000 0.0000 0 1356
1777025575.6041 0.0000 0.0000 0 1357
1777025575.6122 0.0000 0.0000 0 1358
1777025575.6222 0.0000 0.0000 0 1359
1777025575.6283 0.0000 0.0000 0 1360
1777025575.6368 0.0000 0.0000 0 1361
1777025575.6434 0.0000 0.0000 0 1362
1777025575.6532 0.0000 0.0000 0 1363
1777025575.6598 0.0000 0.0000 0 1364
1777025575.6676 0.0000 0.0000 0 1365
1777025575.6758 0.0000 0.0000 0 1366
1777025575.6845 0.0000 0.0000 0 1367
1777025575.6915 0.0000 0.0000 0 1368
1777025575.6998 0.0000 0.0000 0 1369
1777025575.7079 0.0000 0.0000 0 1370
1777025575.7159 0.0000 0.0000 0 1371
1777025575.7242 0.0000 0.0000 0 1372
1777025575.7321 0.0000 0.0000 0 1373
1777025575.7394 0.0000 0.0000 0 1374
1777025575.7479 0.0000 0.0000 0 1375
1777025575.7555 0.0000 0.0000 0 1376
1777025575.7661 0.0000 0.0000 0 1377
1777025575.7715 0.0000 0.0000 0 1378
1777025575.7804 0.0000 0.0000 0 1379
1777025575.7894 0.0000 0.0000 0 1380
1777025575.7957 0.0000 0.0000 0 1381
1777025575.8043 0.0000 0.0000 0 1382
1777025575.8120 0.0000 0.0000 0 1383
1777025575.8197 0.0000 0.0000 0 1384
1777025575.8281 0.0000 0.0000 0 1385
1777025575.8359 0.0000 0.0000 0 1386
1777025575.8440 0.0000 0.0000 0 1387
1777025575.8523 0.0000 0.0000 0 1388
1777025575.8605 0.0000 0.0000 0 1389
1777025575.8685 0.0000 0.0000 0 1390
1777025575.8758 0.0000 0.0000 0 1391
1777025575.8837 0.0000 0.0000 0 1392
1777025575.8919 0.0000 0.0000 0 1393
1777025575.9003 0.0000 0.0000 0 1394
1777025575.9080 0.0000 0.0000 0 1395
1777025575.9158 0.0000 0.0000 0 1396
1777025575.9237 0.0000 0.0000 0 1397
1777025575.9339 0.0000 0.0000 0 1398
1777025575.9405 0.0000 0.0000 0 1399
1777025575.9487 0.0000 0.0000 0 1400
1777025575.9571 0.0000 0.0000 0 1401
1777025575.9636 0.0000 0.0000 0 1402
1777025575.9717 0.0000 0.0000 0 1403
1777025575.9796 0.0000 0.0000 0 1404
1777025575.9882 0.0000 0.0000 0 1405
1777025575.9960 0.0000 0.0000 0 1406
1777025576.0044 0.0000 0.0000 0 1407
1777025576.0124 0.0000 0.0000 0 1408
1777025576.0196 0.0000 0.0000 0 1409
1777025576.0284 0.0000 0.0000 0 1410
1777025576.0356 0.0000 0.0000 0 1411
1777025576.0441 0.0000 0.0000 0 1412
1777025576.0517 0.0000 0.0000 0 1413
1777025576.0599 0.0000 0.0000 0 1414
1777025576.0684 0.0000 0.0000 0 1415
1777025576.0755 0.0000 0.0000 0 1416
1777025576.0851 0.0000 0.0000 0 1417
1777025576.0915 0.0000 0.0000 0 1418
1777025576.0994 0.0000 0.0000 0 1419
1777025576.1080 0.0000 0.0000 0 1420
1777025576.1159 0.0000 0.0000 0 1421
1777025576.1242 0.0000 0.0000 0 1422
1777025576.1315 0.0000 0.0000 0 1423
1777025576.1400 0.0000 0.0000 0 1424
1777025576.1494 0.0000 0.0000 0 1425
1777025576.1556 0.0000 0.0000 0 1426
1777025576.1655 0.0000 0.0000 0 1427
1777025576.1721 0.0000 0.0000 0 1428
1777025576.1795 0.0000 0.0000 0 1429
1777025576.1879 0.0000 0.0000 0 1430
1777025576.1959 0.0000 0.0000 0 1431
1777025576.2044 0.0000 0.0000 0 1432
1777025576.2124 0.0000 0.0000 0 1433
1777025576.2246 0.0000 0.0000 0 1434
1777025576.2285 0.0000 0.0000 0 1435
1777025576.2362 0.0000 0.0000 0 1436
1777025576.2439 0.0000 0.0000 0 1437
1777025576.2518 0.0000 0.0000 0 1438
1777025576.2606 0.0000 0.0000 0 1439
1777025576.2685 0.0000 0.0000 0 1440
1777025576.2760 0.0000 0.0000 0 1441
1777025576.2852 0.0000 0.0000 0 1442
1777025576.2922 0.0000 0.0000 0 1443
1777025576.3007 0.0000 0.0000 0 1444
1777025576.3080 0.0000 0.0000 0 1445
1777025576.3170 0.0000 0.0000 0 1446
1777025576.3239 0.0000 0.0000 0 1447
1777025576.3323 0.0000 0.0000 0 1448
1777025576.3404 0.0000 0.0000 0 1449
1777025576.3476 0.0000 0.0000 0 1450
1777025576.3565 0.0000 0.0000 0 1451
1777025576.3645 0.0000 0.0000 0 1452
1777025576.3718 0.0000 0.0000 0 1453
1777025576.3801 0.0000 0.0000 0 1454
1777025576.3889 0.0000 0.0000 0 1455
1777025576.3960 0.0000 0.0000 0 1456
1777025576.4042 0.0000 0.0000 0 1457
1777025576.4116 0.0000 0.0000 0 1458
1777025576.4201 0.0000 0.0000 0 1459
1777025576.4280 0.0000 0.0000 0 1460
1777025576.4362 0.0000 0.0000 0 1461
1777025576.4491 0.0000 0.0000 0 1462
1777025576.4519 0.0000 0.0000 0 1463
1777025576.4601 0.0000 0.0000 0 1464
1777025576.4686 0.0000 0.0000 0 1465
1777025576.4757 0.0000 0.0000 0 1466
1777025576.4841 0.0000 0.0000 0 1467
1777025576.4922 0.0000 0.0000 0 1468
1777025576.5004 0.0000 0.0000 0 1469
1777025576.5085 0.0000 0.0000 0 1470
1777025576.5172 0.0000 0.0000 0 1471
1777025576.5244 0.0000 0.0000 0 1472
1777025576.5323 0.0000 0.0000 0 1473
1777025576.5405 0.0000 0.0000 0 1474
1777025576.5478 0.0000 0.0000 0 1475
1777025576.5562 0.0000 0.0000 0 1476
1777025576.5643 0.0000 0.0000 0 1477
1777025576.5723 0.0000 0.0000 0 1478
1777025576.5802 0.0000 0.0000 0 1479
1777025576.5881 0.0000 0.0000 0 1480
1777025576.5963 0.0000 0.0000 0 1481
1777025576.6044 0.0000 0.0000 0 1482
1777025576.6122 0.0000 0.0000 0 1483
1777025576.6205 0.0000 0.0000 0 1484
1777025576.6278 0.0000 0.0000 0 1485
1777025576.6366 0.0000 0.0000 0 1486
1777025576.6437 0.0000 0.0000 0 1487
1777025576.6528 0.0000 0.0000 0 1488
1777025576.6597 0.0000 0.0000 0 1489
1777025576.6681 0.0000 0.0000 0 1490
1777025576.6762 0.0000 0.0000 0 1491
1777025576.6844 0.0000 0.0000 0 1492
1777025576.6926 0.0000 0.0000 0 1493
1777025576.6997 0.0000 0.0000 0 1494
1777025576.7080 0.0000 0.0000 0 1495
1777025576.7165 0.0000 0.0000 0 1496
1777025576.7247 0.0000 0.0000 0 1497
1777025576.7325 0.0000 0.0000 0 1498
1777025576.7404 0.0000 0.0000 0 1499
1777025576.7487 0.0000 0.0000 0 1500
1777025576.7560 0.0000 0.0000 0 1501
1777025576.7640 0.0000 0.0000 0 1502
1777025576.7720 0.0000 0.0000 0 1503
1777025576.7799 0.0000 0.0000 0 1504
1777025576.7881 0.0000 0.0000 0 1505
1777025576.7961 0.0000 0.0000 0 1506
1777025576.8040 0.0000 0.0000 0 1507
1777025576.8123 0.0000 0.0000 0 1508
1777025576.8206 0.0000 0.0000 0 1509
1777025576.8284 0.0000 0.0000 0 1510
1777025576.8363 0.0000 0.0000 0 1511
1777025576.8444 0.0000 0.0000 0 1512
1777025576.8528 0.0000 0.0000 0 1513
1777025576.8598 0.0000 0.0000 0 1514
1777025576.8677 0.0000 0.0000 0 1515
1777025576.8765 0.0000 0.0000 0 1516
1777025576.8846 0.0000 0.0000 0 1517
1777025576.8932 0.0000 0.0000 0 1518
1777025576.8998 0.0000 0.0000 0 1519
1777025576.9079 0.0000 0.0000 0 1520
1777025576.9162 0.0000 0.0000 0 1521
1777025576.9243 0.0000 0.0000 0 1522
1777025576.9323 0.0000 0.0000 0 1523
1777025576.9403 0.0000 0.0000 0 1524
1777025576.9482 0.0000 0.0000 0 1525
1777025576.9567 0.0000 0.0000 0 1526
1777025576.9639 0.0000 0.0000 0 1527
1777025576.9719 0.0000 0.0000 0 1528
1777025576.9798 0.0000 0.0000 0 1529
1777025576.9881 0.0000 0.0000 0 1530
1777025576.9959 0.0000 0.0000 0 1531
1777025577.0039 0.0000 0.0000 0 1532
1777025577.0119 0.0000 0.0000 0 1533
1777025577.0202 0.0000 0.0000 0 1534
1777025577.0284 0.0000 0.0000 0 1535
1777025577.0363 0.0000 0.0000 0 1536
1777025577.0442 0.0000 0.0000 0 1537
1777025577.0526 0.0000 0.0000 0 1538
1777025577.0600 0.0000 0.0000 0 1539
1777025577.0679 0.0000 0.0000 0 1540
1777025577.0764 0.0000 0.0000 0 1541
1777025577.0847 0.0000 0.0000 0 1542
1777025577.0930 0.0000 0.0000 0 1543
1777025577.1000 0.0000 0.0000 0 1544
1777025577.1083 0.0000 0.0000 0 1545
1777025577.1165 0.0000 0.0000 0 1546
1777025577.1240 0.0000 0.0000 0 1547
1777025577.1324 0.0000 0.0000 0 1548
1777025577.1403 0.0000 0.0000 0 1549
1777025577.1486 0.0000 0.0000 0 1550
1777025577.1566 0.0000 0.0000 0 1551
1777025577.1639 0.0000 0.0000 0 1552
1777025577.1731 0.0000 0.0000 0 1553
1777025577.1805 0.0000 0.0000 0 1554
1777025577.1887 0.0000 0.0000 0 1555
1777025577.1962 0.0000 0.0000 0 1556
1777025577.2049 0.0000 0.0000 0 1557
1777025577.2123 0.0000 0.0000 0 1558
1777025577.2201 0.0000 0.0000 0 1559
1777025577.2287 0.0000 0.0000 0 1560
1777025577.2369 0.0000 0.0000 0 1561
1777025577.2447 0.0000 0.0000 0 1562
1777025577.2522 0.0000 0.0000 0 1563
1777025577.2605 0.0000 0.0000 0 1564
1777025577.2681 0.0000 0.0000 0 1565
1777025577.2764 0.0000 0.0000 0 1566
1777025577.2848 0.0000 0.0000 0 1567
1777025577.2926 0.0000 0.0000 0 1568
1777025577.3001 0.0000 0.0000 0 1569
1777025577.3085 0.0000 0.0000 0 1570
1777025577.3169 0.0000 0.0000 0 1571
1777025577.3246 0.0000 0.0000 0 1572
1777025577.3330 0.0000 0.0000 0 1573
1777025577.3406 0.0000 0.0000 0 1574
1777025577.3491 0.0000 0.0000 0 1575
1777025577.3562 0.0000 0.0000 0 1576
1777025577.3644 0.0000 0.0000 0 1577
1777025577.3726 0.0000 0.0000 0 1578
1777025577.3804 0.0000 0.0000 0 1579
1777025577.3886 0.0000 0.0000 0 1580
1777025577.3968 0.0000 0.0000 0 1581
1777025577.4048 0.0000 0.0000 0 1582
1777025577.4134 0.0000 0.0000 0 1583
1777025577.4206 0.0000 0.0000 0 1584
1777025577.4287 0.0000 0.0000 0 1585
1777025577.4368 0.0000 0.0000 0 1586
1777025577.4450 0.0000 0.0000 0 1587
1777025577.4528 0.0000 0.0000 0 1588
1777025577.4610 0.0000 0.0000 0 1589
1777025577.4685 0.0000 0.0000 0 1590
1777025577.4763 0.0000 0.0000 0 1591
1777025577.4847 0.0000 0.0000 0 1592
1777025577.4931 0.0000 0.0000 0 1593
1777025577.5001 0.0000 0.0000 0 1594
1777025577.5082 0.0000 0.0000 0 1595
1777025577.5170 0.0000 0.0000 0 1596
1777025577.5250 0.0000 0.0000 0 1597
1777025577.5321 0.0000 0.0000 0 1598
1777025577.5409 0.0000 0.0000 0 1599
1777025577.5483 0.0000 0.0000 0 1600
1777025577.5563 0.0000 0.0000 0 1601
1777025577.5643 0.0000 0.0000 0 1602
1777025577.5735 0.0000 0.0000 0 1603
1777025577.5808 0.0000 0.0000 0 1604
1777025577.5895 0.0000 0.0000 0 1605
1777025577.5968 0.0000 0.0000 0 1606
1777025577.6048 0.0000 0.0000 0 1607
1777025577.6130 0.0000 0.0000 0 1608
1777025577.6201 0.0000 0.0000 0 1609
1777025577.6280 0.0000 0.0000 0 1610
1777025577.6370 0.0000 0.0000 0 1611
1777025577.6448 0.0000 0.0000 0 1612
1777025577.6524 0.0000 0.0000 0 1613
1777025577.6603 0.0000 0.0000 0 1614
1777025577.6681 0.0000 0.0000 0 1615
1777025577.6770 0.0000 0.0000 0 1616
1777025577.6851 0.0000 0.0000 0 1617
1777025577.6921 0.0000 0.0000 0 1618
1777025577.7001 0.0000 0.0000 0 1619
1777025577.7091 0.0000 0.0000 0 1620
1777025577.7166 0.0000 0.0000 0 1621
1777025577.7249 0.0000 0.0000 0 1622
1777025577.7329 0.0000 0.0000 0 1623
1777025577.7409 0.0000 0.0000 0 1624
1777025577.7486 0.0000 0.0000 0 1625
1777025577.7567 0.0000 0.0000 0 1626
1777025577.7645 0.0000 0.0000 0 1627
1777025577.7724 0.0000 0.0000 0 1628
1777025577.7804 0.0000 0.0000 0 1629
1777025577.7885 0.0000 0.0000 0 1630
1777025577.7965 0.0000 0.0000 0 1631
1777025577.8044 0.0000 0.0000 0 1632
1777025577.8121 0.0000 0.0000 0 1633
1777025577.8203 0.0000 0.0000 0 1634
1777025577.8282 0.0000 0.0000 0 1635
1777025577.8369 0.0000 0.0000 0 1636
1777025577.8450 0.0000 0.0000 0 1637
1777025577.8528 0.0000 0.0000 0 1638
1777025577.8607 0.0000 0.0000 0 1639
1777025577.8687 0.0000 0.0000 0 1640
1777025577.8766 0.0000 0.0000 0 1641
1777025577.8847 0.0000 0.0000 0 1642
1777025577.8927 0.0000 0.0000 0 1643
1777025577.9007 0.0000 0.0000 0 1644
1777025577.9084 0.0000 0.0000 0 1645
1777025577.9166 0.0000 0.0000 0 1646
1777025577.9247 0.0000 0.0000 0 1647
1777025577.9325 0.0000 0.0000 0 1648
1777025577.9404 0.0000 0.0000 0 1649
1777025577.9489 0.0000 0.0000 0 1650
1777025577.9566 0.0000 0.0000 0 1651
1777025577.9646 0.0000 0.0000 0 1652
1777025577.9726 0.0000 0.0000 0 1653
1777025577.9804 0.0000 0.0000 0 1654
1777025577.9886 0.0000 0.0000 0 1655
1777025577.9965 0.0000 0.0000 0 1656
1777025578.0043 0.0000 0.0000 0 1657
1777025578.0122 0.0000 0.0000 0 1658
1777025578.0202 0.0000 0.0000 0 1659
1777025578.0291 0.0000 0.0000 0 1660
1777025578.0369 0.0000 0.0000 0 1661
1777025578.0450 0.0000 0.0000 0 1662
1777025578.0527 0.0000 0.0000 0 1663
1777025578.0609 0.0000 0.0000 0 1664
1777025578.0682 0.0000 0.0000 0 1665
1777025578.0771 0.0000 0.0000 0 1666
1777025578.0848 0.0000 0.0000 0 1667
1777025578.0929 0.0000 0.0000 0 1668
1777025578.1007 0.0000 0.0000 0 1669
1777025578.1086 0.0000 0.0000 0 1670
1777025578.1167 0.0000 0.0000 0 1671
1777025578.1244 0.0000 0.0000 0 1672
1777025578.1324 0.0000 0.0000 0 1673
1777025578.1403 0.0000 0.0000 0 1674
1777025578.1488 0.0000 0.0000 0 1675
1777025578.1567 0.0000 0.0000 0 1676
1777025578.1648 0.0000 0.0000 0 1677
1777025578.1725 0.0000 0.0000 0 1678
1777025578.1804 0.0000 0.0000 0 1679
1777025578.1886 0.0000 0.0000 0 1680
1777025578.1964 0.0000 0.0000 0 1681
1777025578.2044 0.0000 0.0000 0 1682
1777025578.2127 0.0000 0.0000 0 1683
1777025578.2211 0.0000 0.0000 0 1684
1777025578.2289 0.0000 0.0000 0 1685
1777025578.2369 0.0000 0.0000 0 1686
1777025578.2447 0.0000 0.0000 0 1687
1777025578.2528 0.0000 0.0000 0 1688
1777025578.2609 0.0000 0.0000 0 1689
1777025578.2686 0.0000 0.0000 0 1690
1777025578.2765 0.0000 0.0000 0 1691
1777025578.2848 0.0000 0.0000 0 1692
1777025578.2928 0.0000 0.0000 0 1693
1777025578.3007 0.0000 0.0000 0 1694
1777025578.3086 0.0000 0.0000 0 1695
1777025578.3167 0.0000 0.0000 0 1696
1777025578.3247 0.0000 0.0000 0 1697
1777025578.3326 0.0000 0.0000 0 1698
1777025578.3404 0.0000 0.0000 0 1699
1777025578.3487 0.0000 0.0000 0 1700
1777025578.3567 0.0000 0.0000 0 1701
1777025578.3644 0.0000 0.0000 0 1702
1777025578.3723 0.0000 0.0000 0 1703
1777025578.3803 0.0000 0.0000 0 1704
1777025578.3891 0.0000 0.0000 0 1705
1777025578.3971 0.0000 0.0000 0 1706
1777025578.4052 0.0000 0.0000 0 1707
1777025578.4130 0.0000 0.0000 0 1708
1777025578.4212 0.0000 0.0000 0 1709
1777025578.4292 0.0000 0.0000 0 1710
1777025578.4371 0.0000 0.0000 0 1711
1777025578.4452 0.0000 0.0000 0 1712
1777025578.4533 0.0000 0.0000 0 1713
1777025578.4611 0.0000 0.0000 0 1714
1777025578.4689 0.0000 0.0000 0 1715
1777025578.4769 0.0000 0.0000 0 1716
1777025578.4848 0.0000 0.0000 0 1717
1777025578.4928 0.0000 0.0000 0 1718
1777025578.5008 0.0000 0.0000 0 1719
1777025578.5085 0.0000 0.0000 0 1720
1777025578.5167 0.0000 0.0000 0 1721
1777025578.5247 0.0000 0.0000 0 1722
1777025578.5324 0.0000 0.0000 0 1723
1777025578.5406 0.0000 0.0000 0 1724
1777025578.5488 0.0000 0.0000 0 1725
1777025578.5567 0.0000 0.0000 0 1726
1777025578.5646 0.0000 0.0000 0 1727
1777025578.5726 0.0000 0.0000 0 1728
1777025578.5806 0.0000 0.0000 0 1729
1777025578.5884 0.0000 0.0000 0 1730
1777025578.5965 0.0000 0.0000 0 1731
1777025578.6053 0.0000 0.0000 0 1732
1777025578.6132 0.0000 0.0000 0 1733
1777025578.6204 0.0000 0.0000 0 1734
1777025578.6291 0.0000 0.0000 0 1735
1777025578.6372 0.0000 0.0000 0 1736
1777025578.6452 0.0000 0.0000 0 1737
1777025578.6529 0.0000 0.0000 0 1738
1777025578.6609 0.0000 0.0000 0 1739
1777025578.6693 0.0000 0.0000 0 1740
1777025578.6771 0.0000 0.0000 0 1741
1777025578.6843 0.0000 0.0000 0 1742
1777025578.6924 0.0000 0.0000 0 1743
1777025578.7012 0.0000 0.0000 0 1744
1777025578.7091 0.0000 0.0000 0 1745
1777025578.7173 0.0000 0.0000 0 1746
1777025578.7251 0.0000 0.0000 0 1747
1777025578.7331 0.0000 0.0000 0 1748
1777025578.7411 0.0000 0.0000 0 1749
1777025578.7489 0.0000 0.0000 0 1750
1777025578.7573 0.0000 0.0000 0 1751
1777025578.7664 0.0000 0.0000 0 1752
1777025578.7732 0.0000 0.0000 0 1753
1777025578.7805 0.0000 0.0000 0 1754
1777025578.7885 0.0000 0.0000 0 1755
1777025578.7964 0.0000 0.0000 0 1756
1777025578.8044 0.0000 0.0000 0 1757
1777025578.8134 0.0000 0.0000 0 1758
1777025578.8204 0.0000 0.0000 0 1759
1777025578.8294 0.0000 0.0000 0 1760
1777025578.8373 0.0000 0.0000 0 1761
1777025578.8452 0.0000 0.0000 0 1762
1777025578.8534 0.0000 0.0000 0 1763
1777025578.8604 0.0000 0.0000 0 1764
1777025578.8691 0.0000 0.0000 0 1765
1777025578.8765 0.0000 0.0000 0 1766
1777025578.8849 0.0000 0.0000 0 1767
1777025578.8932 0.0000 0.0000 0 1768
1777025578.9012 0.0000 0.0000 0 1769
1777025578.9091 0.0000 0.0000 0 1770
1777025578.9172 0.0000 0.0000 0 1771
1777025578.9251 0.0000 0.0000 0 1772
1777025578.9332 0.0000 0.0000 0 1773
1777025578.9409 0.0000 0.0000 0 1774
1777025578.9490 0.0000 0.0000 0 1775
1777025578.9572 0.0000 0.0000 0 1776
1777025578.9650 0.0000 0.0000 0 1777
1777025578.9731 0.0000 0.0000 0 1778
1777025578.9810 0.0000 0.0000 0 1779
1777025578.9892 0.0000 0.0000 0 1780
1777025578.9972 0.0000 0.0000 0 1781
1777025579.0052 0.0000 0.0000 0 1782
1777025579.0131 0.0000 0.0000 0 1783
1777025579.0211 0.0000 0.0000 0 1784
1777025579.0290 0.0000 0.0000 0 1785
1777025579.0368 0.0000 0.0000 0 1786
1777025579.0448 0.0000 0.0000 0 1787
1777025579.0528 0.0000 0.0000 0 1788
1777025579.0606 0.0000 0.0000 0 1789
1777025579.0685 0.0000 0.0000 0 1790
1777025579.0766 0.0000 0.0000 0 1791
1777025579.0848 0.0000 0.0000 0 1792
1777025579.0930 0.0000 0.0000 0 1793
1777025579.1011 0.0000 0.0000 0 1794
1777025579.1088 0.0000 0.0000 0 1795
1777025579.1174 0.0000 0.0000 0 1796
1777025579.1252 0.0000 0.0000 0 1797
1777025579.1332 0.0000 0.0000 0 1798
1777025579.1412 0.0000 0.0000 0 1799
1777025579.1494 0.0000 0.0000 0 1800
1777025579.1573 0.0000 0.0000 0 1801
1777025579.1652 0.0000 0.0000 0 1802
1777025579.1734 0.0000 0.0000 0 1803
1777025579.1812 0.0000 0.0000 0 1804
1777025579.1895 0.0000 0.0000 0 1805
1777025579.1966 0.0000 0.0000 0 1806
1777025579.2055 0.0000 0.0000 0 1807
1777025579.2125 0.0000 0.0000 0 1808
1777025579.2214 0.0000 0.0000 0 1809
1777025579.2291 0.0000 0.0000 0 1810
1777025579.2372 0.0000 0.0000 0 1811
1777025579.2453 0.0000 0.0000 0 1812
1777025579.2525 0.0000 0.0000 0 1813
1777025579.2608 0.0000 0.0000 0 1814
1777025579.2687 0.0000 0.0000 0 1815
1777025579.2775 0.0000 0.0000 0 1816
1777025579.2848 0.0000 0.0000 0 1817
1777025579.2931 0.0000 0.0000 0 1818
1777025579.3009 0.0000 0.0000 0 1819
1777025579.3087 0.0000 0.0000 0 1820
1777025579.3174 0.0000 0.0000 0 1821
1777025579.3251 0.0000 0.0000 0 1822
1777025579.3333 0.0000 0.0000 0 1823
1777025579.3414 0.0000 0.0000 0 1824
1777025579.3494 0.0000 0.0000 0 1825
1777025579.3574 0.0000 0.0000 0 1826
1777025579.3653 0.0000 0.0000 0 1827
1777025579.3733 0.0000 0.0000 0 1828
1777025579.3814 0.0000 0.0000 0 1829
1777025579.3886 0.0000 0.0000 0 1830
1777025579.3968 0.0000 0.0000 0 1831
1777025579.4046 0.0000 0.0000 0 1832
1777025579.4126 0.0000 0.0000 0 1833
1777025579.4208 0.0000 0.0000 0 1834
1777025579.4286 0.0000 0.0000 0 1835
1777025579.4367 0.0000 0.0000 0 1836
1777025579.4446 0.0000 0.0000 0 1837
1777025579.4535 0.0000 0.0000 0 1838
1777025579.4614 0.0000 0.0000 0 1839
1777025579.4691 0.0000 0.0000 0 1840
1777025579.4771 0.0000 0.0000 0 1841
1777025579.4849 0.0000 0.0000 0 1842
1777025579.4929 0.0000 0.0000 0 1843
1777025579.5008 0.0000 0.0000 0 1844
1777025579.5087 0.0000 0.0000 0 1845
1777025579.5168 0.0000 0.0000 0 1846
1777025579.5247 0.0000 0.0000 0 1847
1777025579.5328 0.0000 0.0000 0 1848
1777025579.5407 0.0000 0.0000 0 1849
1777025579.5489 0.0000 0.0000 0 1850
1777025579.5569 0.0000 0.0000 0 1851
1777025579.5646 0.0000 0.0000 0 1852
1777025579.5727 0.0000 0.0000 0 1853
1777025579.5807 0.0000 0.0000 0 1854
1777025579.5892 0.0000 0.0000 0 1855
1777025579.5972 0.0000 0.0000 0 1856
1777025579.6051 0.0000 0.0000 0 1857
1777025579.6132 0.0000 0.0000 0 1858
1777025579.6206 0.0000 0.0000 0 1859
1777025579.6288 0.0000 0.0000 0 1860
1777025579.6376 0.0000 0.0000 0 1861
1777025579.6456 0.0000 0.0000 0 1862
1777025579.6535 0.0000 0.0000 0 1863
1777025579.6612 0.0000 0.0000 0 1864
1777025579.6692 0.0000 0.0000 0 1865
1777025579.6772 0.0000 0.0000 0 1866
1777025579.6854 0.0000 0.0000 0 1867
1777025579.6935 0.0000 0.0000 0 1868
1777025579.7015 0.0000 0.0000 0 1869
1777025579.7092 0.0000 0.0000 0 1870
1777025579.7171 0.0000 0.0000 0 1871
1777025579.7251 0.0000 0.0000 0 1872
1777025579.7330 0.0000 0.0000 0 1873
1777025579.7409 0.0000 0.0000 0 1874
1777025579.7492 0.0000 0.0000 0 1875
1777025579.7571 0.0000 0.0000 0 1876
1777025579.7651 0.0000 0.0000 0 1877
1777025579.7732 0.0000 0.0000 0 1878
1777025579.7811 0.0000 0.0000 0 1879
1777025579.7890 0.0000 0.0000 0 1880
1777025579.7972 0.0000 0.0000 0 1881
1777025579.8049 0.0000 0.0000 0 1882
1777025579.8133 0.0000 0.0000 0 1883
1777025579.8214 0.0000 0.0000 0 1884
1777025579.8292 0.0000 0.0000 0 1885
1777025579.8374 0.0000 0.0000 0 1886
1777025579.8454 0.0000 0.0000 0 1887
1777025579.8534 0.0000 0.0000 0 1888
1777025579.8614 0.0000 0.0000 0 1889
1777025579.8693 0.0000 0.0000 0 1890
1777025579.8772 0.0000 0.0000 0 1891
1777025579.8856 0.0000 0.0000 0 1892
1777025579.8937 0.0000 0.0000 0 1893
1777025579.9014 0.0000 0.0000 0 1894
1777025579.9094 0.0000 0.0000 0 1895
1777025579.9175 0.0000 0.0000 0 1896
1777025579.9253 0.0000 0.0000 0 1897
1777025579.9333 0.0000 0.0000 0 1898
1777025579.9411 0.0000 0.0000 0 1899
1777025579.9492 0.0000 0.0000 0 1900
1777025579.9572 0.0000 0.0000 0 1901
1777025579.9651 0.0000 0.0000 0 1902
1777025579.9729 0.0000 0.0000 0 1903
1777025579.9808 0.0000 0.0000 0 1904
1777025579.9895 0.0000 0.0000 0 1905
1777025579.9974 0.0000 0.0000 0 1906
1777025580.0053 0.0000 0.0000 0 1907
1777025580.0135 0.0000 0.0000 0 1908
1777025580.0216 0.0000 0.0000 0 1909
1777025580.0296 0.0000 0.0000 0 1910
1777025580.0375 0.0000 0.0000 0 1911
1777025580.0454 0.0000 0.0000 0 1912
1777025580.0537 0.0000 0.0000 0 1913
1777025580.0616 0.0000 0.0000 0 1914
1777025580.0694 0.0000 0.0000 0 1915
1777025580.0774 0.0000 0.0000 0 1916
1777025580.0853 0.0000 0.0000 0 1917
1777025580.0933 0.0000 0.0000 0 1918
1777025580.1012 0.0000 0.0000 0 1919
1777025580.1091 0.0000 0.0000 0 1920
1777025580.1172 0.0000 0.0000 0 1921
1777025580.1249 0.0000 0.0000 0 1922
1777025580.1331 0.0000 0.0000 0 1923
1777025580.1409 0.0000 0.0000 0 1924
1777025580.1491 0.0000 0.0000 0 1925
1777025580.1571 0.0000 0.0000 0 1926
1777025580.1649 0.0000 0.0000 0 1927
1777025580.1728 0.0000 0.0000 0 1928
1777025580.1817 0.0000 0.0000 0 1929
1777025580.1894 0.0000 0.0000 0 1930
1777025580.1974 0.0000 0.0000 0 1931
1777025580.2054 0.0000 0.0000 0 1932
1777025580.2133 0.0000 0.0000 0 1933
1777025580.2215 0.0000 0.0000 0 1934
1777025580.2295 0.0000 0.0000 0 1935
1777025580.2373 0.0000 0.0000 0 1936
1777025580.2453 0.0000 0.0000 0 1937
1777025580.2538 0.0000 0.0000 0 1938
1777025580.2617 0.0000 0.0000 0 1939
1777025580.2698 0.0000 0.0000 0 1940
1777025580.2769 0.0000 0.0000 0 1941
1777025580.2859 0.0000 0.0000 0 1942
1777025580.2929 0.0000 0.0000 0 1943
1777025580.3018 0.0000 0.0000 0 1944
1777025580.3096 0.0000 0.0000 0 1945
1777025580.3169 0.0000 0.0000 0 1946
1777025580.3250 0.0000 0.0000 0 1947
1777025580.3338 0.0000 0.0000 0 1948
1777025580.3417 0.0000 0.0000 0 1949
1777025580.3492 0.0000 0.0000 0 1950
1777025580.3571 0.0000 0.0000 0 1951
1777025580.3651 0.0000 0.0000 0 1952
1777025580.3731 0.0000 0.0000 0 1953
1777025580.3819 0.0000 0.0000 0 1954
1777025580.3896 0.0000 0.0000 0 1955
1777025580.3976 0.0000 0.0000 0 1956
1777025580.4053 0.0000 0.0000 0 1957
1777025580.4133 0.0000 0.0000 0 1958
1777025580.4217 0.0000 0.0000 0 1959
1777025580.4295 0.0000 0.0000 0 1960
1777025580.4374 0.0000 0.0000 0 1961
1777025580.4454 0.0000 0.0000 0 1962
1777025580.4534 0.0000 0.0000 0 1963
1777025580.4613 0.0000 0.0000 0 1964
1777025580.4692 0.0000 0.0000 0 1965
1777025580.4770 0.0000 0.0000 0 1966
1777025580.4853 0.0000 0.0000 0 1967
1777025580.4935 0.0000 0.0000 0 1968
1777025580.5013 0.0000 0.0000 0 1969
1777025580.5094 0.0000 0.0000 0 1970
1777025580.5172 0.0000 0.0000 0 1971
1777025580.5251 0.0000 0.0000 0 1972
1777025580.5330 0.0000 0.0000 0 1973
1777025580.5420 0.0000 0.0000 0 1974
1777025580.5492 0.0000 0.0000 0 1975
1777025580.5571 0.0000 0.0000 0 1976
1777025580.5651 0.0000 0.0000 0 1977
1777025580.5739 0.0000 0.0000 0 1978
1777025580.5817 0.0000 0.0000 0 1979
1777025580.5899 0.0000 0.0000 0 1980
1777025580.5977 0.0000 0.0000 0 1981
1777025580.6056 0.0000 0.0000 0 1982
1777025580.6136 0.0000 0.0000 0 1983
1777025580.6215 0.0000 0.0000 0 1984
1777025580.6294 0.0000 0.0000 0 1985
1777025580.6374 0.0000 0.0000 0 1986
1777025580.6453 0.0000 0.0000 0 1987
1777025580.6537 0.0000 0.0000 0 1988
1777025580.6616 0.0000 0.0000 0 1989
1777025580.6695 0.0000 0.0000 0 1990
1777025580.6774 0.0000 0.0000 0 1991
1777025580.6858 0.0000 0.0000 0 1992
1777025580.6936 0.0000 0.0000 0 1993
1777025580.7015 0.0000 0.0000 0 1994
1777025580.7105 0.0000 0.0000 0 1995
1777025580.7184 0.0000 0.0000 0 1996
1777025580.7263 0.0000 0.0000 0 1997
1777025580.7344 0.0000 0.0000 0 1998
1777025580.7421 0.0000 0.0000 0 1999
1777025580.7504 0.0000 0.0000 0 2000
1777025580.7585 0.0000 0.0000 0 2001
1777025580.7663 0.0000 0.0000 0 2002
1777025580.7742 0.0000 0.0000 0 2003
1777025580.7823 0.0000 0.0000 0 2004
1777025580.7901 0.0000 0.0000 0 2005
1777025580.7982 0.0000 0.0000 0 2006
1777025580.8061 0.0000 0.0000 0 2007
1777025580.8139 0.0000 0.0000 0 2008
1777025580.8226 0.0000 0.0000 0 2009
1777025580.8306 0.0000 0.0000 0 2010
1777025580.8385 0.0000 0.0000 0 2011
1777025580.8467 0.0000 0.0000 0 2012
1777025580.8540 0.0000 0.0000 0 2013
1777025580.8627 0.0000 0.0000 0 2014
1777025580.8707 0.0000 0.0000 0 2015
1777025580.8786 0.0000 0.0000 0 2016
1777025580.8867 0.0000 0.0000 0 2017
1777025580.8938 0.0000 0.0000 0 2018
1777025580.9027 0.0000 0.0000 0 2019
1777025580.9104 0.0000 0.0000 0 2020
1777025580.9183 0.0000 0.0000 0 2021
1777025580.9263 0.0000 0.0000 0 2022
1777025580.9341 0.0000 0.0000 0 2023
1777025580.9421 0.0000 0.0000 0 2024
1777025580.9502 0.0000 0.0000 0 2025
1777025580.9580 0.0000 0.0000 0 2026
1777025580.9659 0.0000 0.0000 0 2027
1777025580.9738 0.0000 0.0000 0 2028
1777025580.9823 0.0000 0.0000 0 2029
1777025580.9906 0.0000 0.0000 0 2030
1777025580.9986 0.0000 0.0000 0 2031
1777025581.0063 0.0000 0.0000 0 2032
1777025581.0146 0.0000 0.0000 0 2033
1777025581.0228 0.0000 0.0000 0 2034
1777025581.0306 0.0000 0.0000 0 2035
1777025581.0388 0.0000 0.0000 0 2036
1777025581.0458 0.0000 0.0000 0 2037
1777025581.0544 0.0000 0.0000 0 2038
1777025581.0623 0.0000 0.0000 0 2039
1777025581.0702 0.0000 0.0000 0 2040
1777025581.0780 0.0000 0.0000 0 2041
1777025581.0866 0.0000 0.0000 0 2042
1777025581.0946 0.0000 0.0000 0 2043
1777025581.1023 0.0000 0.0000 0 2044
1777025581.1103 0.0000 0.0000 0 2045
1777025581.1185 0.0000 0.0000 0 2046
1777025581.1263 0.0000 0.0000 0 2047
1777025581.1343 0.0000 0.0000 0 2048
1777025581.1422 0.0000 0.0000 0 2049
1777025581.1501 0.0000 0.0000 0 2050
1777025581.1580 0.0000 0.0000 0 2051
1777025581.1660 0.0000 0.0000 0 2052
1777025581.1748 0.0000 0.0000 0 2053
1777025581.1823 0.0000 0.0000 0 2054
1777025581.1902 0.0000 0.0000 0 2055
1777025581.1981 0.0000 0.0000 0 2056
1777025581.2061 0.0000 0.0000 0 2057
1777025581.2141 0.0000 0.0000 0 2058
1777025581.2226 0.0000 0.0000 0 2059
1777025581.2306 0.0000 0.0000 0 2060
1777025581.2386 0.0000 0.0000 0 2061
1777025581.2465 0.0000 0.0000 0 2062
1777025581.2538 0.0000 0.0000 0 2063
1777025581.2618 0.0000 0.0000 0 2064
1777025581.2707 0.0000 0.0000 0 2065
1777025581.2787 0.0000 0.0000 0 2066
1777025581.2869 0.0000 0.0000 0 2067
1777025581.2947 0.0000 0.0000 0 2068
1777025581.3026 0.0000 0.0000 0 2069
1777025581.3105 0.0000 0.0000 0 2070
1777025581.3185 0.0000 0.0000 0 2071
1777025581.3265 0.0000 0.0000 0 2072
1777025581.3346 0.0000 0.0000 0 2073
1777025581.3423 0.0000 0.0000 0 2074
1777025581.3505 0.0000 0.0000 0 2075
1777025581.3584 0.0000 0.0000 0 2076
1777025581.3662 0.0000 0.0000 0 2077
1777025581.3742 0.0000 0.0000 0 2078
1777025581.3823 0.0000 0.0000 0 2079
1777025581.3900 0.0000 0.0000 0 2080
1777025581.3982 0.0000 0.0000 0 2081
1777025581.4060 0.0000 0.0000 0 2082
1777025581.4149 0.0000 0.0000 0 2083
1777025581.4229 0.0000 0.0000 0 2084
1777025581.4310 0.0000 0.0000 0 2085
1777025581.4387 0.0000 0.0000 0 2086
1777025581.4468 0.0000 0.0000 0 2087
1777025581.4550 0.0000 0.0000 0 2088
1777025581.4628 0.0000 0.0000 0 2089
1777025581.4707 0.0000 0.0000 0 2090
1777025581.4787 0.0000 0.0000 0 2091
1777025581.4867 0.0000 0.0000 0 2092
1777025581.4948 0.0000 0.0000 0 2093
1777025581.5027 0.0000 0.0000 0 2094
1777025581.5106 0.0000 0.0000 0 2095
1777025581.5182 0.0000 0.0000 0 2096
1777025581.5262 0.0000 0.0000 0 2097
1777025581.5340 0.0000 0.0000 0 2098
1777025581.5430 0.0000 0.0000 0 2099
1777025581.5507 0.0000 0.0000 0 2100
1777025581.5585 0.0000 0.0000 0 2101
1777025581.5666 0.0000 0.0000 0 2102
1777025581.5745 0.0000 0.0000 0 2103
1777025581.5823 0.0000 0.0000 0 2104
1777025581.5904 0.0000 0.0000 0 2105
1777025581.5987 0.0000 0.0000 0 2106
1777025581.6067 0.0000 0.0000 0 2107
1777025581.6146 0.0000 0.0000 0 2108
1777025581.6229 0.0000 0.0000 0 2109
1777025581.6307 0.0000 0.0000 0 2110
1777025581.6385 0.0000 0.0000 0 2111
1777025581.6467 0.0000 0.0000 0 2112
1777025581.6547 0.0000 0.0000 0 2113
1777025581.6626 0.0000 0.0000 0 2114
1777025581.6706 0.0000 0.0000 0 2115
1777025581.6783 0.0000 0.0000 0 2116
1777025581.6866 0.0000 0.0000 0 2117
1777025581.6947 0.0000 0.0000 0 2118
1777025581.7024 0.0000 0.0000 0 2119
1777025581.7104 0.0000 0.0000 0 2120
1777025581.7183 0.0000 0.0000 0 2121
1777025581.7263 0.0000 0.0000 0 2122
1777025581.7348 0.0000 0.0000 0 2123
1777025581.7430 0.0000 0.0000 0 2124
1777025581.7510 0.0000 0.0000 0 2125
1777025581.7581 0.0000 0.0000 0 2126
1777025581.7661 0.0000 0.0000 0 2127
1777025581.7740 0.0000 0.0000 0 2128
1777025581.7824 0.0000 0.0000 0 2129
1777025581.7904 0.0000 0.0000 0 2130
1777025581.7989 0.0000 0.0000 0 2131
1777025581.8062 0.0000 0.0000 0 2132
1777025581.8146 0.0000 0.0000 0 2133
1777025581.8225 0.0000 0.0000 0 2134
1777025581.8308 0.0000 0.0000 0 2135
1777025581.8394 0.0000 0.0000 0 2136
1777025581.8465 0.0000 0.0000 0 2137
1777025581.8546 0.0000 0.0000 0 2138
1777025581.8622 0.0000 0.0000 0 2139
1777025581.8704 0.0000 0.0000 0 2140
1777025581.8786 0.0000 0.0000 0 2141
1777025581.8867 0.0000 0.0000 0 2142
1777025581.8948 0.0000 0.0000 0 2143
1777025581.9029 0.0000 0.0000 0 2144
1777025581.9110 0.0000 0.0000 0 2145
1777025581.9183 0.0000 0.0000 0 2146
1777025581.9268 0.0000 0.0000 0 2147
1777025581.9351 0.0000 0.0000 0 2148
1777025581.9431 0.0000 0.0000 0 2149
1777025581.9506 0.0000 0.0000 0 2150
1777025581.9586 0.0000 0.0000 0 2151
1777025581.9667 0.0000 0.0000 0 2152
1777025581.9749 0.0000 0.0000 0 2153
1777025581.9822 0.0000 0.0000 0 2154
1777025581.9902 0.0000 0.0000 0 2155
1777025581.9982 0.0000 0.0000 0 2156
1777025582.0064 0.0000 0.0000 0 2157
1777025582.0143 0.0000 0.0000 0 2158
1777025582.0228 0.0000 0.0000 0 2159
1777025582.0302 0.0000 0.0000 0 2160
1777025582.0393 0.0000 0.0000 0 2161
1777025582.0468 0.0000 0.0000 0 2162
1777025582.0542 0.0000 0.0000 0 2163
1777025582.0630 0.0000 0.0000 0 2164
1777025582.0702 0.0000 0.0000 0 2165
1777025582.0782 0.0000 0.0000 0 2166
1777025582.0867 0.0000 0.0000 0 2167
1777025582.0949 0.0000 0.0000 0 2168
1777025582.1028 0.0000 0.0000 0 2169
1777025582.1107 0.0000 0.0000 0 2170
1777025582.1190 0.0000 0.0000 0 2171
1777025582.1263 0.0000 0.0000 0 2172
1777025582.1353 0.0000 0.0000 0 2173
1777025582.1422 0.0000 0.0000 0 2174
1777025582.1506 0.0000 0.0000 0 2175
1777025582.1585 0.0000 0.0000 0 2176
1777025582.1668 0.0000 0.0000 0 2177
1777025582.1750 0.0000 0.0000 0 2178
1777025582.1823 0.0000 0.0000 0 2179
1777025582.1904 0.0000 0.0000 0 2180
1777025582.1986 0.0000 0.0000 0 2181
1777025582.2068 0.0000 0.0000 0 2182
1777025582.2150 0.0000 0.0000 0 2183
1777025582.2234 0.0000 0.0000 0 2184
1777025582.2303 0.0000 0.0000 0 2185
1777025582.2383 0.0000 0.0000 0 2186
1777025582.2467 0.0000 0.0000 0 2187
1777025582.2552 0.0000 0.0000 0 2188
1777025582.2623 0.0000 0.0000 0 2189
1777025582.2705 0.0000 0.0000 0 2190
1777025582.2784 0.0000 0.0000 0 2191
1777025582.2862 0.0000 0.0000 0 2192
1777025582.2944 0.0000 0.0000 0 2193
1777025582.3024 0.0000 0.0000 0 2194
1777025582.3108 0.0000 0.0000 0 2195
1777025582.3190 0.0000 0.0000 0 2196
1777025582.3270 0.0000 0.0000 0 2197
1777025582.3352 0.0000 0.0000 0 2198
1777025582.3424 0.0000 0.0000 0 2199
1777025582.3509 0.0000 0.0000 0 2200
1777025582.3590 0.0000 0.0000 0 2201
1777025582.3664 0.0000 0.0000 0 2202
1777025582.3748 0.0000 0.0000 0 2203
1777025582.3825 0.0000 0.0000 0 2204
1777025582.3903 0.0000 0.0000 0 2205
1777025582.3985 0.0000 0.0000 0 2206
1777025582.4066 0.0000 0.0000 0 2207
1777025582.4153 0.0000 0.0000 0 2208
1777025582.4227 0.0000 0.0000 0 2209
1777025582.4303 0.0000 0.0000 0 2210
1777025582.4390 0.0000 0.0000 0 2211
1777025582.4465 0.0000 0.0000 0 2212
1777025582.4549 0.0000 0.0000 0 2213
1777025582.4631 0.0000 0.0000 0 2214
1777025582.4712 0.0000 0.0000 0 2215
1777025582.4791 0.0000 0.0000 0 2216
1777025582.4873 0.0000 0.0000 0 2217
1777025582.4951 0.0000 0.0000 0 2218
1777025582.5023 0.0000 0.0000 0 2219
1777025582.5103 0.0000 0.0000 0 2220
1777025582.5186 0.0000 0.0000 0 2221
1777025582.5268 0.0000 0.0000 0 2222
1777025582.5348 0.0000 0.0000 0 2223
1777025582.5429 0.0000 0.0000 0 2224
1777025582.5505 0.0000 0.0000 0 2225
1777025582.5587 0.0000 0.0000 0 2226
1777025582.5667 0.0000 0.0000 0 2227
1777025582.5747 0.0000 0.0000 0 2228
1777025582.5828 0.0000 0.0000 0 2229
1777025582.5908 0.0000 0.0000 0 2230
1777025582.5989 0.0000 0.0000 0 2231
1777025582.6071 0.0000 0.0000 0 2232
1777025582.6150 0.0000 0.0000 0 2233
1777025582.6225 0.0000 0.0000 0 2234
1777025582.6306 0.0000 0.0000 0 2235
1777025582.6385 0.0000 0.0000 0 2236
1777025582.6469 0.0000 0.0000 0 2237
1777025582.6551 0.0000 0.0000 0 2238
1777025582.6629 0.0000 0.0000 0 2239
1777025582.6710 0.0000 0.0000 0 2240
1777025582.6789 0.0000 0.0000 0 2241
1777025582.6866 0.0000 0.0000 0 2242
1777025582.6948 0.0000 0.0000 0 2243
1777025582.7029 0.0000 0.0000 0 2244
1777025582.7108 0.0000 0.0000 0 2245
1777025582.7191 0.0000 0.0000 0 2246
1777025582.7264 0.0000 0.0000 0 2247
1777025582.7352 0.0000 0.0000 0 2248
1777025582.7428 0.0000 0.0000 0 2249
1777025582.7510 0.0000 0.0000 0 2250
1777025582.7585 0.0000 0.0000 0 2251
1777025582.7670 0.0000 0.0000 0 2252
1777025582.7753 0.0000 0.0000 0 2253
1777025582.7827 0.0000 0.0000 0 2254
1777025582.7912 0.0000 0.0000 0 2255
1777025582.7991 0.0000 0.0000 0 2256
1777025582.8067 0.0000 0.0000 0 2257
1777025582.8148 0.0000 0.0000 0 2258
1777025582.8233 0.0000 0.0000 0 2259
1777025582.8313 0.0000 0.0000 0 2260
1777025582.8386 0.0000 0.0000 0 2261
1777025582.8470 0.0000 0.0000 0 2262
1777025582.8554 0.0000 0.0000 0 2263
1777025582.8627 0.0000 0.0000 0 2264
1777025582.8708 0.0000 0.0000 0 2265
1777025582.8788 0.0000 0.0000 0 2266
1777025582.8870 0.0000 0.0000 0 2267
1777025582.8949 0.0000 0.0000 0 2268
1777025582.9028 0.0000 0.0000 0 2269
1777025582.9107 0.0000 0.0000 0 2270
1777025582.9188 0.0000 0.0000 0 2271
1777025582.9267 0.0000 0.0000 0 2272
1777025582.9348 0.0000 0.0000 0 2273
1777025582.9429 0.0000 0.0000 0 2274
1777025582.9515 0.0000 0.0000 0 2275
1777025582.9594 0.0000 0.0000 0 2276
1777025582.9666 0.0000 0.0000 0 2277
1777025582.9744 0.0000 0.0000 0 2278
1777025582.9825 0.0000 0.0000 0 2279
1777025582.9904 0.0000 0.0000 0 2280
1777025582.9994 0.0000 0.0000 0 2281
1777025583.0074 0.0000 0.0000 0 2282
1777025583.0162 0.0000 0.0000 0 2283
1777025583.0230 0.0000 0.0000 0 2284
1777025583.0309 0.0000 0.0000 0 2285
1777025583.0389 0.0000 0.0000 0 2286
1777025583.0468 0.0000 0.0000 0 2287
1777025583.0550 0.0000 0.0000 0 2288
1777025583.0631 0.0000 0.0000 0 2289
1777025583.0708 0.0000 0.0000 0 2290
1777025583.0788 0.0000 0.0000 0 2291
1777025583.0870 0.0000 0.0000 0 2292
1777025583.0953 0.0000 0.0000 0 2293
1777025583.1033 0.0000 0.0000 0 2294
1777025583.1114 0.0000 0.0000 0 2295
1777025583.1194 0.0000 0.0000 0 2296
1777025583.1275 0.0000 0.0000 0 2297
1777025583.1353 0.0000 0.0000 0 2298
1777025583.1433 0.0000 0.0000 0 2299
1777025583.1514 0.0000 0.0000 0 2300
1777025583.1585 0.0000 0.0000 0 2301
1777025583.1674 0.0000 0.0000 0 2302
1777025583.1753 0.0000 0.0000 0 2303
1777025583.1827 0.0000 0.0000 0 2304
1777025583.1915 0.0000 0.0000 0 2305
1777025583.1995 0.0000 0.0000 0 2306
1777025583.2067 0.0000 0.0000 0 2307
1777025583.2154 0.0000 0.0000 0 2308
1777025583.2234 0.0000 0.0000 0 2309
1777025583.2313 0.0000 0.0000 0 2310
1777025583.2391 0.0000 0.0000 0 2311
1777025583.2476 0.0000 0.0000 0 2312
1777025583.2546 0.0000 0.0000 0 2313
1777025583.2626 0.0000 0.0000 0 2314
1777025583.2715 0.0000 0.0000 0 2315
1777025583.2802 0.0000 0.0000 0 2316
1777025583.2872 0.0000 0.0000 0 2317
1777025583.2954 0.0000 0.0000 0 2318
1777025583.3030 0.0000 0.0000 0 2319
1777025583.3109 0.0000 0.0000 0 2320
1777025583.3194 0.0000 0.0000 0 2321
1777025583.3267 0.0000 0.0000 0 2322
1777025583.3348 0.0000 0.0000 0 2323
1777025583.3432 0.0000 0.0000 0 2324
1777025583.3515 0.0000 0.0000 0 2325
1777025583.3595 0.0000 0.0000 0 2326
1777025583.3668 0.0000 0.0000 0 2327
1777025583.3748 0.0000 0.0000 0 2328
1777025583.3830 0.0000 0.0000 0 2329
1777025583.3911 0.0000 0.0000 0 2330
1777025583.3993 0.0000 0.0000 0 2331
1777025583.4075 0.0000 0.0000 0 2332
1777025583.4153 0.0000 0.0000 0 2333
1777025583.4235 0.0000 0.0000 0 2334
1777025583.4312 0.0000 0.0000 0 2335
1777025583.4393 0.0000 0.0000 0 2336
1777025583.4476 0.0000 0.0000 0 2337
1777025583.4555 0.0000 0.0000 0 2338
1777025583.4635 0.0000 0.0000 0 2339
1777025583.4709 0.0000 0.0000 0 2340
1777025583.4787 0.0000 0.0000 0 2341
1777025583.4876 0.0000 0.0000 0 2342
1777025583.4947 0.0000 0.0000 0 2343
1777025583.5036 0.0000 0.0000 0 2344
1777025583.5116 0.0000 0.0000 0 2345
1777025583.5189 0.0000 0.0000 0 2346
1777025583.5268 0.0000 0.0000 0 2347
1777025583.5349 0.0000 0.0000 0 2348
1777025583.5431 0.0000 0.0000 0 2349
1777025583.5515 0.0000 0.0000 0 2350
1777025583.5595 0.0000 0.0000 0 2351
1777025583.5667 0.0000 0.0000 0 2352
1777025583.5756 0.0000 0.0000 0 2353
1777025583.5831 0.0000 0.0000 0 2354
1777025583.5911 0.0000 0.0000 0 2355
1777025583.5990 0.0000 0.0000 0 2356
1777025583.6071 0.0000 0.0000 0 2357
1777025583.6150 0.0000 0.0000 0 2358
1777025583.6231 0.0000 0.0000 0 2359
1777025583.6313 0.0000 0.0000 0 2360
1777025583.6395 0.0000 0.0000 0 2361
1777025583.6473 0.0000 0.0000 0 2362
1777025583.6554 0.0000 0.0000 0 2363
1777025583.6634 0.0000 0.0000 0 2364
1777025583.6712 0.0000 0.0000 0 2365
1777025583.6793 0.0000 0.0000 0 2366
1777025583.6876 0.0000 0.0000 0 2367
1777025583.6947 0.0000 0.0000 0 2368
1777025583.7029 0.0000 0.0000 0 2369
1777025583.7110 0.0000 0.0000 0 2370
1777025583.7196 0.0000 0.0000 0 2371
1777025583.7267 0.0000 0.0000 0 2372
1777025583.7347 0.0000 0.0000 0 2373
1777025583.7427 0.0000 0.0000 0 2374
1777025583.7507 0.0000 0.0000 0 2375
1777025583.7590 0.0000 0.0000 0 2376
1777025583.7669 0.0000 0.0000 0 2377
1777025583.7749 0.0000 0.0000 0 2378
1777025583.7832 0.0000 0.0000 0 2379
1777025583.7909 0.0000 0.0000 0 2380
1777025583.7990 0.0000 0.0000 0 2381
1777025583.8076 0.0000 0.0000 0 2382
1777025583.8150 0.0000 0.0000 0 2383
1777025583.8236 0.0000 0.0000 0 2384
1777025583.8310 0.0000 0.0000 0 2385
1777025583.8389 0.0000 0.0000 0 2386
1777025583.8471 0.0000 0.0000 0 2387
1777025583.8552 0.0000 0.0000 0 2388
1777025583.8631 0.0000 0.0000 0 2389
1777025583.8710 0.0000 0.0000 0 2390
1777025583.8791 0.0000 0.0000 0 2391
1777025583.8871 0.0000 0.0000 0 2392
1777025583.8952 0.0000 0.0000 0 2393
1777025583.9033 0.0000 0.0000 0 2394
1777025583.9113 0.0000 0.0000 0 2395
1777025583.9197 0.0000 0.0000 0 2396
1777025583.9276 0.0000 0.0000 0 2397
1777025583.9355 0.0000 0.0000 0 2398
1777025583.9428 0.0000 0.0000 0 2399
1777025583.9509 0.0000 0.0000 0 2400
1777025583.9589 0.0000 0.0000 0 2401
1777025583.9670 0.0000 0.0000 0 2402
1777025583.9751 0.0000 0.0000 0 2403
1777025583.9837 0.0000 0.0000 0 2404
1777025583.9917 0.0000 0.0000 0 2405
1777025583.9988 0.0000 0.0000 0 2406
1777025584.0067 0.0000 0.0000 0 2407
1777025584.0151 0.0000 0.0000 0 2408
1777025584.0231 0.0000 0.0000 0 2409
1777025584.0308 0.0000 0.0000 0 2410
1777025584.0392 0.0000 0.0000 0 2411
1777025584.0476 0.0000 0.0000 0 2412
1777025584.0558 0.0000 0.0000 0 2413
1777025584.0627 0.0000 0.0000 0 2414
1777025584.0717 0.0000 0.0000 0 2415
1777025584.0800 0.0000 0.0000 0 2416
1777025584.0871 0.0000 0.0000 0 2417
1777025584.0953 0.0000 0.0000 0 2418
1777025584.1032 0.0000 0.0000 0 2419
1777025584.1111 0.0000 0.0000 0 2420
1777025584.1194 0.0000 0.0000 0 2421
1777025584.1274 0.0000 0.0000 0 2422
1777025584.1355 0.0000 0.0000 0 2423
1777025584.1435 0.0000 0.0000 0 2424
1777025584.1514 0.0000 0.0000 0 2425
1777025584.1595 0.0000 0.0000 0 2426
1777025584.1676 0.0000 0.0000 0 2427
1777025584.1754 0.0000 0.0000 0 2428
1777025584.1838 0.0000 0.0000 0 2429
1777025584.1917 0.0000 0.0000 0 2430
1777025584.1997 0.0000 0.0000 0 2431
1777025584.2076 0.0000 0.0000 0 2432
1777025584.2151 0.0000 0.0000 0 2433
1777025584.2231 0.0000 0.0000 0 2434
1777025584.2310 0.0000 0.0000 0 2435
1777025584.2401 0.0000 0.0000 0 2436
1777025584.2470 0.0000 0.0000 0 2437
1777025584.2556 0.0000 0.0000 0 2438
1777025584.2637 0.0000 0.0000 0 2439
1777025584.2716 0.0000 0.0000 0 2440
1777025584.2804 0.0000 0.0000 0 2441
1777025584.2876 0.0000 0.0000 0 2442
1777025584.2956 0.0000 0.0000 0 2443
1777025584.3037 0.0000 0.0000 0 2444
1777025584.3115 0.0000 0.0000 0 2445
1777025584.3198 0.0000 0.0000 0 2446
1777025584.3268 0.0000 0.0000 0 2447
1777025584.3349 0.0000 0.0000 0 2448
1777025584.3429 0.0000 0.0000 0 2449
1777025584.3511 0.0000 0.0000 0 2450
1777025584.3592 0.0000 0.0000 0 2451
1777025584.3671 0.0000 0.0000 0 2452
1777025584.3751 0.0000 0.0000 0 2453
1777025584.3837 0.0000 0.0000 0 2454
1777025584.3916 0.0000 0.0000 0 2455
1777025584.3998 0.0000 0.0000 0 2456
1777025584.4078 0.0000 0.0000 0 2457
1777025584.4155 0.0000 0.0000 0 2458
1777025584.4238 0.0000 0.0000 0 2459
1777025584.4317 0.0000 0.0000 0 2460
1777025584.4399 0.0000 0.0000 0 2461
1777025584.4472 0.0000 0.0000 0 2462
1777025584.4557 0.0000 0.0000 0 2463
1777025584.4638 0.0000 0.0000 0 2464
1777025584.4718 0.0000 0.0000 0 2465
1777025584.4791 0.0000 0.0000 0 2466
1777025584.4874 0.0000 0.0000 0 2467
1777025584.4955 0.0000 0.0000 0 2468
1777025584.5037 0.0000 0.0000 0 2469
1777025584.5115 0.0000 0.0000 0 2470
1777025584.5199 0.0000 0.0000 0 2471
1777025584.5269 0.0000 0.0000 0 2472
1777025584.5349 0.0000 0.0000 0 2473
1777025584.5437 0.0000 0.0000 0 2474
1777025584.5510 0.0000 0.0000 0 2475
1777025584.5589 0.0000 0.0000 0 2476
1777025584.5671 0.0000 0.0000 0 2477
1777025584.5757 0.0000 0.0000 0 2478
1777025584.5839 0.0000 0.0000 0 2479
1777025584.5919 0.0000 0.0000 0 2480
1777025584.5990 0.0000 0.0000 0 2481
1777025584.6071 0.0000 0.0000 0 2482
1777025584.6155 0.0000 0.0000 0 2483
1777025584.6240 0.0000 0.0000 0 2484
1777025584.6331 0.0000 0.0000 0 2485
1777025584.6397 0.0000 0.0000 0 2486
1777025584.6473 0.0000 0.0000 0 2487
1777025584.6555 0.0000 0.0000 0 2488
1777025584.6642 0.0000 0.0000 0 2489
1777025584.6714 0.0000 0.0000 0 2490
1777025584.6795 0.0000 0.0000 0 2491
1777025584.6876 0.0000 0.0000 0 2492
1777025584.6956 0.0000 0.0000 0 2493
1777025584.7039 0.0000 0.0000 0 2494
1777025584.7111 0.0000 0.0000 0 2495
1777025584.7194 0.0000 0.0000 0 2496
1777025584.7276 0.0000 0.0000 0 2497
1777025584.7359 0.0000 0.0000 0 2498
1777025584.7440 0.0000 0.0000 0 2499
1777025584.7518 0.0000 0.0000 0 2500
1777025584.7594 0.0000 0.0000 0 2501
1777025584.7677 0.0000 0.0000 0 2502
1777025584.7758 0.0000 0.0000 0 2503
1777025584.7832 0.0000 0.0000 0 2504
1777025584.7918 0.0000 0.0000 0 2505
1777025584.8000 0.0000 0.0000 0 2506
1777025584.8078 0.0000 0.0000 0 2507
1777025584.8153 0.0000 0.0000 0 2508
1777025584.8235 0.0000 0.0000 0 2509
1777025584.8319 0.0000 0.0000 0 2510
1777025584.8401 0.0000 0.0000 0 2511
1777025584.8484 0.0000 0.0000 0 2512
1777025584.8558 0.0000 0.0000 0 2513
1777025584.8639 0.0000 0.0000 0 2514
1777025584.8717 0.0000 0.0000 0 2515
1777025584.8807 0.0000 0.0000 0 2516
1777025584.8881 0.0000 0.0000 0 2517
1777025584.8954 0.0000 0.0000 0 2518
1777025584.9038 0.0000 0.0000 0 2519
1777025584.9127 0.0000 0.0000 0 2520
1777025584.9200 0.0000 0.0000 0 2521
1777025584.9281 0.0000 0.0000 0 2522
1777025584.9362 0.0000 0.0000 0 2523
1777025584.9442 0.0000 0.0000 0 2524
1777025584.9513 0.0000 0.0000 0 2525
1777025584.9595 0.0000 0.0000 0 2526
1777025584.9674 0.0000 0.0000 0 2527
1777025584.9757 0.0000 0.0000 0 2528
1777025584.9841 0.0000 0.0000 0 2529
1777025584.9913 0.0000 0.0000 0 2530
1777025584.9995 0.0000 0.0000 0 2531
1777025585.0077 0.0000 0.0000 0 2532
1777025585.0152 0.0000 0.0000 0 2533
1777025585.0232 0.0000 0.0000 0 2534
1777025585.0314 0.0000 0.0000 0 2535
1777025585.0394 0.0000 0.0000 0 2536
1777025585.0479 0.0000 0.0000 0 2537
1777025585.0554 0.0000 0.0000 0 2538
1777025585.0632 0.0000 0.0000 0 2539
1777025585.0716 0.0000 0.0000 0 2540
1777025585.0801 0.0000 0.0000 0 2541
1777025585.0879 0.0000 0.0000 0 2542
1777025585.0953 0.0000 0.0000 0 2543
1777025585.1033 0.0000 0.0000 0 2544
1777025585.1113 0.0000 0.0000 0 2545
1777025585.1197 0.0000 0.0000 0 2546
1777025585.1278 0.0000 0.0000 0 2547
1777025585.1358 0.0000 0.0000 0 2548
1777025585.1440 0.0000 0.0000 0 2549
1777025585.1517 0.0000 0.0000 0 2550
1777025585.1595 0.0000 0.0000 0 2551
1777025585.1674 0.0000 0.0000 0 2552
1777025585.1755 0.0000 0.0000 0 2553
1777025585.1838 0.0000 0.0000 0 2554
1777025585.1918 0.0000 0.0000 0 2555
1777025585.2002 0.0000 0.0000 0 2556
1777025585.2081 0.0000 0.0000 0 2557
1777025585.2162 0.0000 0.0000 0 2558
1777025585.2242 0.0000 0.0000 0 2559
1777025585.2321 0.0000 0.0000 0 2560
1777025585.2401 0.0000 0.0000 0 2561
1777025585.2473 0.0000 0.0000 0 2562
1777025585.2563 0.0000 0.0000 0 2563
1777025585.2644 0.0000 0.0000 0 2564
1777025585.2715 0.0000 0.0000 0 2565
1777025585.2795 0.0000 0.0000 0 2566
1777025585.2883 0.0000 0.0000 0 2567
1777025585.2960 0.0000 0.0000 0 2568
1777025585.3038 0.0000 0.0000 0 2569
1777025585.3126 0.0000 0.0000 0 2570
1777025585.3198 0.0000 0.0000 0 2571
1777025585.3278 0.0000 0.0000 0 2572
1777025585.3354 0.0000 0.0000 0 2573
1777025585.3439 0.0000 0.0000 0 2574
1777025585.3518 0.0000 0.0000 0 2575
1777025585.3599 0.0000 0.0000 0 2576
1777025585.3678 0.0000 0.0000 0 2577
1777025585.3758 0.0000 0.0000 0 2578
1777025585.3839 0.0000 0.0000 0 2579
1777025585.3920 0.0000 0.0000 0 2580
1777025585.3999 0.0000 0.0000 0 2581
1777025585.4079 0.0000 0.0000 0 2582
1777025585.4156 0.0000 0.0000 0 2583
1777025585.4234 0.0000 0.0000 0 2584
1777025585.4316 0.0000 0.0000 0 2585
1777025585.4400 0.0000 0.0000 0 2586
1777025585.4475 0.0000 0.0000 0 2587
1777025585.4557 0.0000 0.0000 0 2588
1777025585.4637 0.0000 0.0000 0 2589
1777025585.4733 0.0000 0.0000 0 2590
1777025585.4798 0.0000 0.0000 0 2591
1777025585.4878 0.0000 0.0000 0 2592
1777025585.4959 0.0000 0.0000 0 2593
1777025585.5039 0.0000 0.0000 0 2594
1777025585.5126 0.0000 0.0000 0 2595
1777025585.5201 0.0000 0.0000 0 2596
1777025585.5282 0.0000 0.0000 0 2597
1777025585.5355 0.0000 0.0000 0 2598
1777025585.5438 0.0000 0.0000 0 2599
1777025585.5524 0.0000 0.0000 0 2600
1777025585.5596 0.0000 0.0000 0 2601
1777025585.5676 0.0000 0.0000 0 2602
1777025585.5758 0.0000 0.0000 0 2603
1777025585.5843 0.0000 0.0000 0 2604
1777025585.5922 0.0000 0.0000 0 2605
1777025585.5994 0.0000 0.0000 0 2606
1777025585.6078 0.0000 0.0000 0 2607
1777025585.6157 0.0000 0.0000 0 2608
1777025585.6238 0.0000 0.0000 0 2609
1777025585.6320 0.0000 0.0000 0 2610
1777025585.6400 0.0000 0.0000 0 2611
1777025585.6484 0.0000 0.0000 0 2612
1777025585.6561 0.0000 0.0000 0 2613
1777025585.6639 0.0000 0.0000 0 2614
1777025585.6724 0.0000 0.0000 0 2615
1777025585.6794 0.0000 0.0000 0 2616
1777025585.6878 0.0000 0.0000 0 2617
1777025585.6961 0.0000 0.0000 0 2618
1777025585.7042 0.0000 0.0000 0 2619
1777025585.7124 0.0000 0.0000 0 2620
1777025585.7196 0.0000 0.0000 0 2621
1777025585.7279 0.0000 0.0000 0 2622
1777025585.7360 0.0000 0.0000 0 2623
1777025585.7440 0.0000 0.0000 0 2624
1777025585.7515 0.0000 0.0000 0 2625
1777025585.7595 0.0000 0.0000 0 2626
1777025585.7679 0.0000 0.0000 0 2627
1777025585.7761 0.0000 0.0000 0 2628
1777025585.7842 0.0000 0.0000 0 2629
1777025585.7924 0.0000 0.0000 0 2630
1777025585.7995 0.0000 0.0000 0 2631
1777025585.8074 0.0000 0.0000 0 2632
1777025585.8161 0.0000 0.0000 0 2633
1777025585.8240 0.0000 0.0000 0 2634
1777025585.8319 0.0000 0.0000 0 2635
1777025585.8400 0.0000 0.0000 0 2636
1777025585.8487 0.0000 0.0000 0 2637
1777025585.8564 0.0000 0.0000 0 2638
1777025585.8645 0.0000 0.0000 0 2639
1777025585.8716 0.0000 0.0000 0 2640
1777025585.8804 0.0000 0.0000 0 2641
1777025585.8881 0.0000 0.0000 0 2642
1777025585.8963 0.0000 0.0000 0 2643
1777025585.9042 0.0000 0.0000 0 2644
1777025585.9129 0.0000 0.0000 0 2645
1777025585.9199 0.0000 0.0000 0 2646
1777025585.9279 0.0000 0.0000 0 2647
1777025585.9363 0.0000 0.0000 0 2648
1777025585.9444 0.0000 0.0000 0 2649
1777025585.9522 0.0000 0.0000 0 2650
1777025585.9602 0.0000 0.0000 0 2651
1777025585.9685 0.0000 0.0000 0 2652
1777025585.9764 0.0000 0.0000 0 2653
1777025585.9844 0.0000 0.0000 0 2654
1777025585.9925 0.0000 0.0000 0 2655
1777025586.0004 0.0000 0.0000 0 2656
1777025586.0093 0.0000 0.0000 0 2657
1777025586.0166 0.0000 0.0000 0 2658
1777025586.0253 0.0000 0.0000 0 2659
1777025586.0319 0.0000 0.0000 0 2660
1777025586.0405 0.0000 0.0000 0 2661
1777025586.0488 0.0000 0.0000 0 2662
1777025586.0560 0.0000 0.0000 0 2663
1777025586.0639 0.0000 0.0000 0 2664
1777025586.0728 0.0000 0.0000 0 2665
1777025586.0798 0.0000 0.0000 0 2666
1777025586.0881 0.0000 0.0000 0 2667
1777025586.0960 0.0000 0.0000 0 2668
1777025586.1039 0.0000 0.0000 0 2669
1777025586.1127 0.0000 0.0000 0 2670
1777025586.1208 0.0000 0.0000 0 2671
1777025586.1282 0.0000 0.0000 0 2672
1777025586.1363 0.0000 0.0000 0 2673
1777025586.1441 0.0000 0.0000 0 2674
1777025586.1526 0.0000 0.0000 0 2675
1777025586.1606 0.0000 0.0000 0 2676
1777025586.1687 0.0000 0.0000 0 2677
1777025586.1767 0.0000 0.0000 0 2678
1777025586.1847 0.0000 0.0000 0 2679
1777025586.1925 0.0000 0.0000 0 2680
1777025586.2006 0.0000 0.0000 0 2681
1777025586.2079 0.0000 0.0000 0 2682
1777025586.2164 0.0000 0.0000 0 2683
1777025586.2244 0.0000 0.0000 0 2684
1777025586.2325 0.0000 0.0000 0 2685
1777025586.2403 0.0000 0.0000 0 2686
1777025586.2486 0.0000 0.0000 0 2687
1777025586.2567 0.0000 0.0000 0 2688
1777025586.2647 0.0000 0.0000 0 2689
1777025586.2727 0.0000 0.0000 0 2690
1777025586.2808 0.0000 0.0000 0 2691
1777025586.2878 0.0000 0.0000 0 2692
1777025586.2967 0.0000 0.0000 0 2693
1777025586.3046 0.0000 0.0000 0 2694
1777025586.3130 0.0000 0.0000 0 2695
1777025586.3200 0.0000 0.0000 0 2696
1777025586.3282 0.0000 0.0000 0 2697
1777025586.3360 0.0000 0.0000 0 2698
1777025586.3447 0.0000 0.0000 0 2699
1777025586.3528 0.0000 0.0000 0 2700
1777025586.3606 0.0000 0.0000 0 2701
1777025586.3687 0.0000 0.0000 0 2702
1777025586.3767 0.0000 0.0000 0 2703
1777025586.3851 0.0000 0.0000 0 2704
1777025586.3921 0.0000 0.0000 0 2705
1777025586.4002 0.0000 0.0000 0 2706
1777025586.4083 0.0000 0.0000 0 2707
1777025586.4167 0.0000 0.0000 0 2708
1777025586.4247 0.0000 0.0000 0 2709
1777025586.4327 0.0000 0.0000 0 2710
1777025586.4408 0.0000 0.0000 0 2711
1777025586.4480 0.0000 0.0000 0 2712
1777025586.4570 0.0000 0.0000 0 2713
1777025586.4639 0.0000 0.0000 0 2714
1777025586.4720 0.0000 0.0000 0 2715
1777025586.4818 0.0000 0.0000 0 2716
1777025586.4879 0.0000 0.0000 0 2717
1777025586.4965 0.0000 0.0000 0 2718
1777025586.5046 0.0000 0.0000 0 2719
1777025586.5127 0.0000 0.0000 0 2720
1777025586.5208 0.0000 0.0000 0 2721
1777025586.5288 0.0000 0.0000 0 2722
1777025586.5361 0.0000 0.0000 0 2723
1777025586.5447 0.0000 0.0000 0 2724
1777025586.5528 0.0000 0.0000 0 2725
1777025586.5599 0.0000 0.0000 0 2726
1777025586.5681 0.0000 0.0000 0 2727
1777025586.5760 0.0000 0.0000 0 2728
1777025586.5840 0.0000 0.0000 0 2729
1777025586.5926 0.0000 0.0000 0 2730
1777025586.6006 0.0000 0.0000 0 2731
1777025586.6088 0.0000 0.0000 0 2732
1777025586.6170 0.0000 0.0000 0 2733
1777025586.6247 0.0000 0.0000 0 2734
1777025586.6328 0.0000 0.0000 0 2735
1777025586.6400 0.0000 0.0000 0 2736
1777025586.6498 0.0000 0.0000 0 2737
1777025586.6568 0.0000 0.0000 0 2738
1777025586.6640 0.0000 0.0000 0 2739
1777025586.6722 0.0000 0.0000 0 2740
1777025586.6808 0.0000 0.0000 0 2741
1777025586.6884 0.0000 0.0000 0 2742
1777025586.6966 0.0000 0.0000 0 2743
1777025586.7045 0.0000 0.0000 0 2744
1777025586.7128 0.0000 0.0000 0 2745
1777025586.7208 0.0000 0.0000 0 2746
1777025586.7279 0.0000 0.0000 0 2747
1777025586.7362 0.0000 0.0000 0 2748
1777025586.7440 0.0000 0.0000 0 2749
1777025586.7522 0.0000 0.0000 0 2750
1777025586.7605 0.0000 0.0000 0 2751
1777025586.7685 0.0000 0.0000 0 2752
1777025586.7766 0.0000 0.0000 0 2753
1777025586.7847 0.0000 0.0000 0 2754
1777025586.7926 0.0000 0.0000 0 2755
1777025586.8007 0.0000 0.0000 0 2756
1777025586.8088 0.0000 0.0000 0 2757
1777025586.8167 0.0000 0.0000 0 2758
1777025586.8247 0.0000 0.0000 0 2759
1777025586.8329 0.0000 0.0000 0 2760
1777025586.8407 0.0000 0.0000 0 2761
1777025586.8489 0.0000 0.0000 0 2762
1777025586.8560 0.0000 0.0000 0 2763
1777025586.8641 0.0000 0.0000 0 2764
1777025586.8725 0.0000 0.0000 0 2765
1777025586.8823 0.0000 0.0000 0 2766
1777025586.8882 0.0000 0.0000 0 2767
1777025586.8964 0.0000 0.0000 0 2768
1777025586.9043 0.0000 0.0000 0 2769
1777025586.9131 0.0000 0.0000 0 2770
1777025586.9201 0.0000 0.0000 0 2771
1777025586.9284 0.0000 0.0000 0 2772
1777025586.9361 0.0000 0.0000 0 2773
1777025586.9442 0.0000 0.0000 0 2774
1777025586.9523 0.0000 0.0000 0 2775
1777025586.9606 0.0000 0.0000 0 2776
1777025586.9688 0.0000 0.0000 0 2777
1777025586.9763 0.0000 0.0000 0 2778
1777025586.9842 0.0000 0.0000 0 2779
1777025586.9924 0.0000 0.0000 0 2780
1777025587.0003 0.0000 0.0000 0 2781
1777025587.0082 0.0000 0.0000 0 2782
1777025587.0163 0.0000 0.0000 0 2783
1777025587.0246 0.0000 0.0000 0 2784
1777025587.0325 0.0000 0.0000 0 2785
1777025587.0404 0.0000 0.0000 0 2786
1777025587.0496 0.0000 0.0000 0 2787
1777025587.0566 0.0000 0.0000 0 2788
1777025587.0641 0.0000 0.0000 0 2789
1777025587.0727 0.0000 0.0000 0 2790
1777025587.0805 0.0000 0.0000 0 2791
1777025587.0888 0.0000 0.0000 0 2792
1777025587.0969 0.0000 0.0000 0 2793
1777025587.1048 0.0000 0.0000 0 2794
1777025587.1130 0.0000 0.0000 0 2795
1777025587.1201 0.0000 0.0000 0 2796
1777025587.1290 0.0000 0.0000 0 2797
1777025587.1370 0.0000 0.0000 0 2798
1777025587.1449 0.0000 0.0000 0 2799
1777025587.1521 0.0000 0.0000 0 2800
1777025587.1604 0.0000 0.0000 0 2801
1777025587.1687 0.0000 0.0000 0 2802
1777025587.1765 0.0000 0.0000 0 2803
1777025587.1842 0.0000 0.0000 0 2804
1777025587.1923 0.0000 0.0000 0 2805
1777025587.2002 0.0000 0.0000 0 2806
1777025587.2084 0.0000 0.0000 0 2807
1777025587.2169 0.0000 0.0000 0 2808
1777025587.2248 0.0000 0.0000 0 2809
1777025587.2328 0.0000 0.0000 0 2810
1777025587.2410 0.0000 0.0000 0 2811
1777025587.2488 0.0000 0.0000 0 2812
1777025587.2574 0.0000 0.0000 0 2813
1777025587.2643 0.0000 0.0000 0 2814
1777025587.2731 0.0000 0.0000 0 2815
1777025587.2813 0.0000 0.0000 0 2816
1777025587.2884 0.0000 0.0000 0 2817
1777025587.2962 0.0000 0.0000 0 2818
1777025587.3050 0.0000 0.0000 0 2819
1777025587.3134 0.0000 0.0000 0 2820
1777025587.3201 0.0000 0.0000 0 2821
1777025587.3282 0.0000 0.0000 0 2822
1777025587.3361 0.0000 0.0000 0 2823
1777025587.3450 0.0000 0.0000 0 2824
1777025587.3522 0.0000 0.0000 0 2825
1777025587.3611 0.0000 0.0000 0 2826
1777025587.3689 0.0000 0.0000 0 2827
1777025587.3768 0.0000 0.0000 0 2828
1777025587.3845 0.0000 0.0000 0 2829
1777025587.3923 0.0000 0.0000 0 2830
1777025587.4003 0.0000 0.0000 0 2831
1777025587.4083 0.0000 0.0000 0 2832
1777025587.4163 0.0000 0.0000 0 2833
1777025587.4244 0.0000 0.0000 0 2834
1777025587.4324 0.0000 0.0000 0 2835
1777025587.4412 0.0000 0.0000 0 2836
1777025587.4485 0.0000 0.0000 0 2837
1777025587.4567 0.0000 0.0000 0 2838
1777025587.4650 0.0000 0.0000 0 2839
1777025587.4723 0.0000 0.0000 0 2840
1777025587.4811 0.0000 0.0000 0 2841
1777025587.4883 0.0000 0.0000 0 2842
1777025587.4969 0.0000 0.0000 0 2843
1777025587.5044 0.0000 0.0000 0 2844
1777025587.5132 0.0000 0.0000 0 2845
1777025587.5209 0.0000 0.0000 0 2846
1777025587.5284 0.0000 0.0000 0 2847
1777025587.5364 0.0000 0.0000 0 2848
1777025587.5452 0.0000 0.0000 0 2849
1777025587.5524 0.0000 0.0000 0 2850
1777025587.5604 0.0000 0.0000 0 2851
1777025587.5687 0.0000 0.0000 0 2852
1777025587.5768 0.0000 0.0000 0 2853
1777025587.5847 0.0000 0.0000 0 2854
1777025587.5928 0.0000 0.0000 0 2855
1777025587.6009 0.0000 0.0000 0 2856
1777025587.6089 0.0000 0.0000 0 2857
1777025587.6170 0.0000 0.0000 0 2858
1777025587.6252 0.0000 0.0000 0 2859
1777025587.6332 0.0000 0.0000 0 2860
1777025587.6403 0.0000 0.0000 0 2861
1777025587.6486 0.0000 0.0000 0 2862
1777025587.6573 0.0000 0.0000 0 2863
1777025587.6642 0.0000 0.0000 0 2864
1777025587.6732 0.0000 0.0000 0 2865
1777025587.6813 0.0000 0.0000 0 2866
1777025587.6891 0.0000 0.0000 0 2867
1777025587.6971 0.0000 0.0000 0 2868
1777025587.7048 0.0000 0.0000 0 2869
1777025587.7129 0.0000 0.0000 0 2870
1777025587.7211 0.0000 0.0000 0 2871
1777025587.7291 0.0000 0.0000 0 2872
1777025587.7370 0.0000 0.0000 0 2873
1777025587.7451 0.0000 0.0000 0 2874
1777025587.7532 0.0000 0.0000 0 2875
1777025587.7604 0.0000 0.0000 0 2876
1777025587.7687 0.0000 0.0000 0 2877
1777025587.7766 0.0000 0.0000 0 2878
1777025587.7850 0.0000 0.0000 0 2879
1777025587.7932 0.0000 0.0000 0 2880
1777025587.8012 0.0000 0.0000 0 2881
1777025587.8083 0.0000 0.0000 0 2882
1777025587.8171 0.0000 0.0000 0 2883
1777025587.8249 0.0000 0.0000 0 2884
1777025587.8329 0.0000 0.0000 0 2885
1777025587.8409 0.0000 0.0000 0 2886
1777025587.8487 0.0000 0.0000 0 2887
1777025587.8567 0.0000 0.0000 0 2888
1777025587.8647 0.0000 0.0000 0 2889
1777025587.8724 0.0000 0.0000 0 2890
1777025587.8809 0.0000 0.0000 0 2891
1777025587.8891 0.0000 0.0000 0 2892
1777025587.8969 0.0000 0.0000 0 2893
1777025587.9049 0.0000 0.0000 0 2894
1777025587.9130 0.0000 0.0000 0 2895
1777025587.9209 0.0000 0.0000 0 2896
1777025587.9290 0.0000 0.0000 0 2897
1777025587.9369 0.0000 0.0000 0 2898
1777025587.9450 0.0000 0.0000 0 2899
1777025587.9530 0.0000 0.0000 0 2900
1777025587.9611 0.0000 0.0000 0 2901
1777025587.9691 0.0000 0.0000 0 2902
1777025587.9770 0.0000 0.0000 0 2903
1777025587.9846 0.0000 0.0000 0 2904
1777025587.9928 0.0000 0.0000 0 2905
1777025588.0006 0.0000 0.0000 0 2906
1777025588.0090 0.0000 0.0000 0 2907
1777025588.0172 0.0000 0.0000 0 2908
1777025588.0252 0.0000 0.0000 0 2909
1777025588.0333 0.0000 0.0000 0 2910
1777025588.0412 0.0000 0.0000 0 2911
1777025588.0484 0.0000 0.0000 0 2912
1777025588.0567 0.0000 0.0000 0 2913
1777025588.0651 0.0000 0.0000 0 2914
1777025588.0730 0.0000 0.0000 0 2915
1777025588.0810 0.0000 0.0000 0 2916
1777025588.0890 0.0000 0.0000 0 2917
1777025588.0966 0.0000 0.0000 0 2918
1777025588.1044 0.0000 0.0000 0 2919
1777025588.1133 0.0000 0.0000 0 2920
1777025588.1211 0.0000 0.0000 0 2921
1777025588.1292 0.0000 0.0000 0 2922
1777025588.1369 0.0000 0.0000 0 2923
1777025588.1449 0.0000 0.0000 0 2924
1777025588.1534 0.0000 0.0000 0 2925
1777025588.1613 0.0000 0.0000 0 2926
1777025588.1684 0.0000 0.0000 0 2927
1777025588.1764 0.0000 0.0000 0 2928
1777025588.1845 0.0000 0.0000 0 2929
1777025588.1925 0.0000 0.0000 0 2930
1777025588.2011 0.0000 0.0000 0 2931
1777025588.2084 0.0000 0.0000 0 2932
1777025588.2170 0.0000 0.0000 0 2933
1777025588.2252 0.0000 0.0000 0 2934
1777025588.2331 0.0000 0.0000 0 2935
1777025588.2413 0.0000 0.0000 0 2936
1777025588.2488 0.0000 0.0000 0 2937
1777025588.2569 0.0000 0.0000 0 2938
1777025588.2650 0.0000 0.0000 0 2939
1777025588.2732 0.0000 0.0000 0 2940
1777025588.2810 0.0000 0.0000 0 2941
1777025588.2893 0.0000 0.0000 0 2942
1777025588.2974 0.0000 0.0000 0 2943
1777025588.3054 0.0000 0.0000 0 2944
1777025588.3129 0.0000 0.0000 0 2945
1777025588.3213 0.0000 0.0000 0 2946
1777025588.3287 0.0000 0.0000 0 2947
1777025588.3372 0.0000 0.0000 0 2948
1777025588.3456 0.0000 0.0000 0 2949
1777025588.3535 0.0000 0.0000 0 2950
1777025588.3605 0.0000 0.0000 0 2951
1777025588.3686 0.0000 0.0000 0 2952
1777025588.3766 0.0000 0.0000 0 2953
1777025588.3851 0.0000 0.0000 0 2954
1777025588.3947 0.0000 0.0000 0 2955
1777025588.4005 0.0000 0.0000 0 2956
1777025588.4092 0.0000 0.0000 0 2957
1777025588.4168 0.0000 0.0000 0 2958
1777025588.4248 0.0000 0.0000 0 2959
1777025588.4329 0.0000 0.0000 0 2960
1777025588.4412 0.0000 0.0000 0 2961
1777025588.4490 0.0000 0.0000 0 2962
1777025588.4573 0.0000 0.0000 0 2963
1777025588.4651 0.0000 0.0000 0 2964
1777025588.4730 0.0000 0.0000 0 2965
1777025588.4815 0.0000 0.0000 0 2966
1777025588.4888 0.0000 0.0000 0 2967
1777025588.4969 0.0000 0.0000 0 2968
1777025588.5051 0.0000 0.0000 0 2969
1777025588.5132 0.0000 0.0000 0 2970
1777025588.5213 0.0000 0.0000 0 2971
1777025588.5294 0.0000 0.0000 0 2972
1777025588.5367 0.0000 0.0000 0 2973
1777025588.5451 0.0000 0.0000 0 2974
1777025588.5534 0.0000 0.0000 0 2975
1777025588.5610 0.0000 0.0000 0 2976
1777025588.5690 0.0000 0.0000 0 2977
1777025588.5768 0.0000 0.0000 0 2978
1777025588.5849 0.0000 0.0000 0 2979
1777025588.5929 0.0000 0.0000 0 2980
1777025588.6005 0.0000 0.0000 0 2981
1777025588.6092 0.0000 0.0000 0 2982
1777025588.6174 0.0000 0.0000 0 2983
1777025588.6253 0.0000 0.0000 0 2984
1777025588.6347 0.0000 0.0000 0 2985
1777025588.6416 0.0000 0.0000 0 2986
1777025588.6488 0.0000 0.0000 0 2987
1777025588.6574 0.0000 0.0000 0 2988
1777025588.6654 0.0000 0.0000 0 2989
1777025588.6735 0.0000 0.0000 0 2990
1777025588.6812 0.0000 0.0000 0 2991
1777025588.6893 0.0000 0.0000 0 2992
1777025588.6974 0.0000 0.0000 0 2993
1777025588.7055 0.0000 0.0000 0 2994
1777025588.7132 0.0000 0.0000 0 2995
1777025588.7207 0.0000 0.0000 0 2996
1777025588.7290 0.0000 0.0000 0 2997
1777025588.7368 0.0000 0.0000 0 2998
1777025588.7453 0.0000 0.0000 0 2999
1777025588.7533 0.0000 0.0000 0 3000
1777025588.7613 0.0000 0.0000 0 3001
1777025588.7693 0.0000 0.0000 0 3002
1777025588.7776 0.0000 0.0000 0 3003
1777025588.7849 0.0000 0.0000 0 3004
1777025588.7931 0.0000 0.0000 0 3005
1777025588.8012 0.0000 0.0000 0 3006
1777025588.8087 0.0000 0.0000 0 3007
1777025588.8169 0.0000 0.0000 0 3008
1777025588.8248 0.0000 0.0000 0 3009
1777025588.8328 0.0000 0.0000 0 3010
1777025588.8416 0.0000 0.0000 0 3011
1777025588.8489 0.0000 0.0000 0 3012
1777025588.8569 0.0000 0.0000 0 3013
1777025588.8649 0.0000 0.0000 0 3014
1777025588.8737 0.0000 0.0000 0 3015
1777025588.8811 0.0000 0.0000 0 3016
1777025588.8894 0.0000 0.0000 0 3017
1777025588.8969 0.0000 0.0000 0 3018
1777025588.9050 0.0000 0.0000 0 3019
1777025588.9132 0.0000 0.0000 0 3020
1777025588.9214 0.0000 0.0000 0 3021
1777025588.9289 0.0000 0.0000 0 3022
1777025588.9367 0.0000 0.0000 0 3023
1777025588.9453 0.0000 0.0000 0 3024
1777025588.9532 0.0000 0.0000 0 3025
1777025588.9612 0.0000 0.0000 0 3026
1777025588.9693 0.0000 0.0000 0 3027
1777025588.9770 0.0000 0.0000 0 3028
1777025588.9852 0.0000 0.0000 0 3029
1777025588.9932 0.0000 0.0000 0 3030
1777025589.0011 0.0000 0.0000 0 3031
1777025589.0090 0.0000 0.0000 0 3032
1777025589.0167 0.0000 0.0000 0 3033
1777025589.0256 0.0000 0.0000 0 3034
1777025589.0334 0.0000 0.0000 0 3035
1777025589.0415 0.0000 0.0000 0 3036
1777025589.0488 0.0000 0.0000 0 3037
1777025589.0571 0.0000 0.0000 0 3038
1777025589.0652 0.0000 0.0000 0 3039
1777025589.0731 0.0000 0.0000 0 3040
1777025589.0813 0.0000 0.0000 0 3041
1777025589.0897 0.0000 0.0000 0 3042
1777025589.0972 0.0000 0.0000 0 3043
1777025589.1053 0.0000 0.0000 0 3044
1777025589.1131 0.0000 0.0000 0 3045
1777025589.1211 0.0000 0.0000 0 3046
1777025589.1290 0.0000 0.0000 0 3047
1777025589.1374 0.0000 0.0000 0 3048
1777025589.1451 0.0000 0.0000 0 3049
1777025589.1533 0.0000 0.0000 0 3050
1777025589.1613 0.0000 0.0000 0 3051
1777025589.1690 0.0000 0.0000 0 3052
1777025589.1770 0.0000 0.0000 0 3053
1777025589.1849 0.0000 0.0000 0 3054
1777025589.1928 0.0000 0.0000 0 3055
1777025589.2007 0.0000 0.0000 0 3056
1777025589.2088 0.0000 0.0000 0 3057
1777025589.2168 0.0000 0.0000 0 3058
1777025589.2248 0.0000 0.0000 0 3059
1777025589.2331 0.0000 0.0000 0 3060
1777025589.2411 0.0000 0.0000 0 3061
1777025589.2488 0.0000 0.0000 0 3062
1777025589.2570 0.0000 0.0000 0 3063
1777025589.2657 0.0000 0.0000 0 3064
1777025589.2737 0.0000 0.0000 0 3065
1777025589.2813 0.0000 0.0000 0 3066
1777025589.2891 0.0000 0.0000 0 3067
1777025589.2971 0.0000 0.0000 0 3068
1777025589.3055 0.0000 0.0000 0 3069
1777025589.3134 0.0000 0.0000 0 3070
1777025589.3215 0.0000 0.0000 0 3071
1777025589.3295 0.0000 0.0000 0 3072
1777025589.3373 0.0000 0.0000 0 3073
1777025589.3452 0.0000 0.0000 0 3074
1777025589.3534 0.0000 0.0000 0 3075
1777025589.3612 0.0000 0.0000 0 3076
1777025589.3691 0.0000 0.0000 0 3077
1777025589.3772 0.0000 0.0000 0 3078
1777025589.3856 0.0000 0.0000 0 3079
1777025589.3936 0.0000 0.0000 0 3080
1777025589.4016 0.0000 0.0000 0 3081
1777025589.4089 0.0000 0.0000 0 3082
1777025589.4168 0.0000 0.0000 0 3083
1777025589.4248 0.0000 0.0000 0 3084
1777025589.4337 0.0000 0.0000 0 3085
1777025589.4417 0.0000 0.0000 0 3086
1777025589.4490 0.0000 0.0000 0 3087
1777025589.4568 0.0000 0.0000 0 3088
1777025589.4658 0.0000 0.0000 0 3089
1777025589.4728 0.0000 0.0000 0 3090
1777025589.4813 0.0000 0.0000 0 3091
1777025589.4893 0.0000 0.0000 0 3092
1777025589.4974 0.0000 0.0000 0 3093
1777025589.5051 0.0000 0.0000 0 3094
1777025589.5133 0.0000 0.0000 0 3095
1777025589.5213 0.0000 0.0000 0 3096
1777025589.5290 0.0000 0.0000 0 3097
1777025589.5370 0.0000 0.0000 0 3098
1777025589.5453 0.0000 0.0000 0 3099
1777025589.5534 0.0000 0.0000 0 3100
1777025589.5614 0.0000 0.0000 0 3101
1777025589.5695 0.0000 0.0000 0 3102
1777025589.5781 0.0000 0.0000 0 3103
1777025589.5850 0.0000 0.0000 0 3104
1777025589.5930 0.0000 0.0000 0 3105
1777025589.6008 0.0000 0.0000 0 3106
1777025589.6088 0.0000 0.0000 0 3107
1777025589.6170 0.0000 0.0000 0 3108
1777025589.6258 0.0000 0.0000 0 3109
1777025589.6337 0.0000 0.0000 0 3110
1777025589.6409 0.0000 0.0000 0 3111
1777025589.6497 0.0000 0.0000 0 3112
1777025589.6578 0.0000 0.0000 0 3113
1777025589.6657 0.0000 0.0000 0 3114
1777025589.6734 0.0000 0.0000 0 3115
1777025589.6817 0.0000 0.0000 0 3116
1777025589.6899 0.0000 0.0000 0 3117
1777025589.6978 0.0000 0.0000 0 3118
1777025589.7058 0.0000 0.0000 0 3119
1777025589.7132 0.0000 0.0000 0 3120
1777025589.7211 0.0000 0.0000 0 3121
1777025589.7290 0.0000 0.0000 0 3122
1777025589.7369 0.0000 0.0000 0 3123
1777025589.7454 0.0000 0.0000 0 3124
1777025589.7535 0.0000 0.0000 0 3125
1777025589.7616 0.0000 0.0000 0 3126
1777025589.7693 0.0000 0.0000 0 3127
1777025589.7774 0.0000 0.0000 0 3128
1777025589.7854 0.0000 0.0000 0 3129
1777025589.7937 0.0000 0.0000 0 3130
1777025589.8010 0.0000 0.0000 0 3131
1777025589.8090 0.0000 0.0000 0 3132
1777025589.8176 0.0000 0.0000 0 3133
1777025589.8255 0.0000 0.0000 0 3134
1777025589.8334 0.0000 0.0000 0 3135
1777025589.8412 0.0000 0.0000 0 3136
1777025589.8492 0.0000 0.0000 0 3137
1777025589.8572 0.0000 0.0000 0 3138
1777025589.8650 0.0000 0.0000 0 3139
1777025589.8730 0.0000 0.0000 0 3140
1777025589.8813 0.0000 0.0000 0 3141
1777025589.8891 0.0000 0.0000 0 3142
1777025589.8972 0.0000 0.0000 0 3143
1777025589.9055 0.0000 0.0000 0 3144
1777025589.9135 0.0000 0.0000 0 3145
1777025589.9219 0.0000 0.0000 0 3146
1777025589.9294 0.0000 0.0000 0 3147
1777025589.9374 0.0000 0.0000 0 3148
1777025589.9456 0.0000 0.0000 0 3149
1777025589.9536 0.0000 0.0000 0 3150
1777025589.9612 0.0000 0.0000 0 3151
1777025589.9696 0.0000 0.0000 0 3152
1777025589.9778 0.0000 0.0000 0 3153
1777025589.9858 0.0000 0.0000 0 3154
1777025589.9940 0.0000 0.0000 0 3155
1777025590.0011 0.0000 0.0000 0 3156
1777025590.0100 0.0000 0.0000 0 3157
1777025590.0183 0.0000 0.0000 0 3158
1777025590.0259 0.0000 0.0000 0 3159
1777025590.0347 0.0000 0.0000 0 3160
1777025590.0417 0.0000 0.0000 0 3161
1777025590.0502 0.0000 0.0000 0 3162
1777025590.0580 0.0000 0.0000 0 3163
1777025590.0661 0.0000 0.0000 0 3164
1777025590.0747 0.0000 0.0000 0 3165
1777025590.0825 0.0000 0.0000 0 3166
1777025590.0907 0.0000 0.0000 0 3167
1777025590.0979 0.0000 0.0000 0 3168
1777025590.1067 0.0000 0.0000 0 3169
1777025590.1143 0.0000 0.0000 0 3170
1777025590.1223 0.0000 0.0000 0 3171
1777025590.1302 0.0000 0.0000 0 3172
1777025590.1384 0.0000 0.0000 0 3173
1777025590.1470 0.0000 0.0000 0 3174
1777025590.1539 0.0000 0.0000 0 3175
1777025590.1620 0.0000 0.0000 0 3176
1777025590.1702 0.0000 0.0000 0 3177
1777025590.1782 0.0000 0.0000 0 3178
1777025590.1858 0.0000 0.0000 0 3179
1777025590.1940 0.0000 0.0000 0 3180
1777025590.2023 0.0000 0.0000 0 3181
1777025590.2105 0.0000 0.0000 0 3182
1777025590.2182 0.0000 0.0000 0 3183
1777025590.2261 0.0000 0.0000 0 3184
1777025590.2340 0.0000 0.0000 0 3185
1777025590.2421 0.0000 0.0000 0 3186
1777025590.2500 0.0000 0.0000 0 3187
1777025590.2584 0.0000 0.0000 0 3188
1777025590.2688 0.0000 0.0000 0 3189
1777025590.2744 0.0000 0.0000 0 3190
1777025590.2827 0.0000 0.0000 0 3191
1777025590.2900 0.0000 0.0000 0 3192
1777025590.2986 0.0000 0.0000 0 3193
1777025590.3063 0.0000 0.0000 0 3194
1777025590.3153 0.0000 0.0000 0 3195
1777025590.3218 0.0000 0.0000 0 3196
1777025590.3304 0.0000 0.0000 0 3197
1777025590.3388 0.0000 0.0000 0 3198
1777025590.3465 0.0000 0.0000 0 3199
