% Pose logfile
% 1 	Time (sec)
% 2,3 	X, Y position (m)
% 4 	Heading in radians (m)
% 5 	Tilt angle, if calculated (rad)
1777025564.7501 0.000 0.000 0.0000 3.1295
1777025564.7552 0.000 0.000 0.0000 3.1295
1777025564.7633 0.000 0.000 0.0000 3.1295
1777025564.7646 0.000 0.000 0.0000 3.1295
1777025564.7692 0.000 0.000 0.0000 3.1295
1777025564.7747 0.000 0.000 0.0000 3.1295
1777025564.7793 0.000 0.000 0.0000 3.1295
1777025564.7852 0.000 0.000 0.0000 3.1295
1777025564.7897 0.000 0.000 0.0000 3.1295
1777025564.7945 0.000 0.000 0.0000 3.1295
1777025564.7999 0.000 0.000 0.0000 3.1295
1777025564.8046 0.000 0.000 0.0000 3.1295
1777025564.8101 0.000 0.000 0.0000 3.1295
1777025564.8146 0.000 0.000 0.0000 3.1295
1777025564.8202 0.000 0.000 0.0000 3.1295
1777025564.8249 0.000 0.000 0.0000 3.1295
1777025564.8294 0.000 0.000 0.0000 3.1295
1777025564.8349 0.000 0.000 0.0000 3.1295
1777025564.8395 0.000 0.000 0.0000 3.1295
1777025564.8456 0.000 0.000 0.0000 3.1295
1777025564.8501 0.000 0.000 0.0000 3.1295
1777025564.8550 0.000 0.000 0.0000 3.1295
1777025564.8604 0.000 0.000 0.0000 3.1295
1777025564.8651 0.000 0.000 0.0000 3.1295
1777025564.8705 0.000 0.000 0.0000 3.1295
1777025564.8752 0.000 0.000 0.0000 3.1295
1777025564.8797 0.000 0.000 0.0000 3.1294
1777025564.8858 0.000 0.000 0.0000 3.1294
1777025564.8906 0.000 0.000 0.0000 3.1295
1777025564.8951 0.000 0.000 0.0000 3.1295
1777025564.9007 0.000 0.000 0.0000 3.1295
1777025564.9053 0.000 0.000 0.0000 3.1295
1777025564.9107 0.000 0.000 0.0000 3.1295
1777025564.9154 0.000 0.000 0.0000 3.1295
1777025564.9198 0.000 0.000 0.0000 3.1295
1777025564.9255 0.000 0.000 0.0000 3.1295
1777025564.9299 0.000 0.000 0.0000 3.1295
1777025564.9355 0.000 0.000 0.0000 3.1295
1777025564.9399 0.000 0.000 0.0000 3.1295
1777025564.9456 0.000 0.000 0.0000 3.1295
1777025564.9501 0.000 0.000 0.0000 3.1295
1777025564.9548 0.000 0.000 0.0000 3.1295
1777025564.9605 0.000 0.000 0.0000 3.1295
1777025564.9651 0.000 0.000 0.0000 3.1295
1777025564.9706 0.000 0.000 0.0000 3.1295
1777025564.9753 0.000 0.000 0.0000 3.1295
1777025564.9807 0.000 0.000 0.0000 3.1295
1777025564.9867 0.000 0.000 0.0000 3.1295
1777025564.9901 0.000 0.000 0.0000 3.1295
1777025564.9958 0.000 0.000 0.0000 3.1295
1777025565.0003 0.000 0.000 0.0000 3.1295
1777025565.0048 0.000 0.000 0.0000 3.1295
1777025565.0105 0.000 0.000 0.0000 3.1295
1777025565.0157 0.000 0.000 0.0000 3.1295
1777025565.0203 0.000 0.000 0.0000 3.1295
1777025565.0273 0.000 0.000 0.0000 3.1294
1777025565.0306 0.000 0.000 0.0000 3.1294
1777025565.0353 0.000 0.000 0.0000 3.1294
1777025565.0398 0.000 0.000 0.0000 3.1295
1777025565.0458 0.000 0.000 0.0000 3.1295
1777025565.0504 0.000 0.000 0.0000 3.1295
1777025565.0555 0.000 0.000 0.0000 3.1295
1777025565.0601 0.000 0.000 0.0000 3.1295
1777025565.0650 0.000 0.000 0.0000 3.1294
1777025565.0701 0.000 0.000 0.0000 3.1295
1777025565.0748 0.000 0.000 0.0000 3.1295
1777025565.0805 0.000 0.000 0.0000 3.1295
1777025565.0851 0.000 0.000 0.0000 3.1295
1777025565.0898 0.000 0.000 0.0000 3.1295
1777025565.0958 0.000 0.000 0.0000 3.1295
1777025565.1001 0.000 0.000 0.0000 3.1295
1777025565.1048 0.000 0.000 0.0000 3.1295
1777025565.1102 0.000 0.000 0.0000 3.1295
1777025565.1148 0.000 0.000 0.0000 3.1295
1777025565.1200 0.000 0.000 0.0000 3.1295
1777025565.1254 0.000 0.000 0.0000 3.1295
1777025565.1300 0.000 0.000 0.0000 3.1295
1777025565.1356 0.000 0.000 0.0000 3.1295
1777025565.1401 0.000 0.000 0.0000 3.1295
1777025565.1458 0.000 0.000 0.0000 3.1295
1777025565.1502 0.000 0.000 0.0000 3.1295
1777025565.1559 0.000 0.000 0.0000 3.1295
1777025565.1603 0.000 0.000 0.0000 3.1295
1777025565.1650 0.000 0.000 0.0000 3.1295
1777025565.1705 0.000 0.000 0.0000 3.1295
1777025565.1751 0.000 0.000 0.0000 3.1295
1777025565.1805 0.000 0.000 0.0000 3.1295
1777025565.1852 0.000 0.000 0.0000 3.1295
1777025565.1900 0.000 0.000 0.0000 3.1295
1777025565.1957 0.000 0.000 0.0000 3.1295
1777025565.2003 0.000 0.000 0.0000 3.1295
1777025565.2058 0.000 0.000 0.0000 3.1295
1777025565.2103 0.000 0.000 0.0000 3.1295
1777025565.2149 0.000 0.000 0.0000 3.1295
1777025565.2200 0.000 0.000 0.0000 3.1295
1777025565.2259 0.000 0.000 0.0000 3.1295
1777025565.2303 0.000 0.000 0.0000 3.1295
1777025565.2360 0.000 0.000 0.0000 3.1295
1777025565.2405 0.000 0.000 0.0000 3.1295
1777025565.2451 0.000 0.000 0.0000 3.1295
1777025565.2508 0.000 0.000 0.0000 3.1295
1777025565.2558 0.000 0.000 0.0000 3.1295
1777025565.2604 0.000 0.000 0.0000 3.1295
1777025565.2651 0.000 0.000 0.0000 3.1295
1777025565.2705 0.000 0.000 0.0000 3.1295
1777025565.2752 0.000 0.000 0.0000 3.1295
1777025565.2807 0.000 0.000 0.0000 3.1295
1777025565.2859 0.000 0.000 0.0000 3.1295
1777025565.2904 0.000 0.000 0.0000 3.1295
1777025565.2951 0.000 0.000 0.0000 3.1295
1777025565.3006 0.000 0.000 0.0000 3.1295
1777025565.3052 0.000 0.000 0.0000 3.1295
1777025565.3107 0.000 0.000 0.0000 3.1295
1777025565.3152 0.000 0.000 0.0000 3.1295
1777025565.3203 0.000 0.000 0.0000 3.1295
1777025565.3259 0.000 0.000 0.0000 3.1295
1777025565.3303 0.000 0.000 0.0000 3.1295
1777025565.3350 0.000 0.000 0.0000 3.1295
1777025565.3404 0.000 0.000 0.0000 3.1295
1777025565.3454 0.000 0.000 0.0000 3.1295
1777025565.3508 0.000 0.000 0.0000 3.1295
1777025565.3551 0.000 0.000 0.0000 3.1294
1777025565.3607 0.000 0.000 0.0000 3.1295
1777025565.3651 0.000 0.000 0.0000 3.1295
1777025565.3708 0.000 0.000 0.0000 3.1295
1777025565.3754 0.000 0.000 0.0000 3.1295
1777025565.3799 0.000 0.000 0.0000 3.1295
1777025565.3860 0.000 0.000 0.0000 3.1295
1777025565.3904 0.000 0.000 0.0000 3.1295
1777025565.3952 0.000 0.000 0.0000 3.1295
1777025565.4000 0.000 0.000 0.0000 3.1295
1777025565.4057 0.000 0.000 0.0000 3.1295
1777025565.4101 0.000 0.000 0.0000 3.1295
1777025565.4158 0.000 0.000 0.0000 3.1295
1777025565.4204 0.000 0.000 0.0000 3.1295
1777025565.4260 0.000 0.000 0.0000 3.1295
1777025565.4305 0.000 0.000 0.0000 3.1295
1777025565.4351 0.000 0.000 0.0000 3.1295
1777025565.4408 0.000 0.000 0.0000 3.1295
1777025565.4455 0.000 0.000 0.0000 3.1295
1777025565.4499 0.000 0.000 0.0000 3.1295
1777025565.4551 0.000 0.000 0.0000 3.1295
1777025565.4604 0.000 0.000 0.0000 3.1295
1777025565.4652 0.000 0.000 0.0000 3.1295
1777025565.4706 0.000 0.000 0.0000 3.1295
1777025565.4753 0.000 0.000 0.0000 3.1295
1777025565.4808 0.000 0.000 0.0000 3.1295
1777025565.4869 0.000 0.000 0.0000 3.1295
1777025565.4905 0.000 0.000 0.0000 3.1295
1777025565.4951 0.000 0.000 0.0000 3.1295
1777025565.5007 0.000 0.000 0.0000 3.1295
1777025565.5053 0.000 0.000 0.0000 3.1295
1777025565.5107 0.000 0.000 0.0000 3.1295
1777025565.5153 0.000 0.000 0.0000 3.1295
1777025565.5203 0.000 0.000 0.0000 3.1295
1777025565.5260 0.000 0.000 0.0000 3.1295
1777025565.5304 0.000 0.000 0.0000 3.1295
1777025565.5361 0.000 0.000 0.0000 3.1295
1777025565.5406 0.000 0.000 0.0000 3.1295
1777025565.5453 0.000 0.000 0.0000 3.1295
1777025565.5509 0.000 0.000 0.0000 3.1295
1777025565.5560 0.000 0.000 0.0000 3.1295
1777025565.5607 0.000 0.000 0.0000 3.1295
1777025565.5652 0.000 0.000 0.0000 3.1295
1777025565.5709 0.000 0.000 0.0000 3.1295
1777025565.5755 0.000 0.000 0.0000 3.1295
1777025565.5811 0.000 0.000 0.0000 3.1295
1777025565.5859 0.000 0.000 0.0000 3.1295
1777025565.5903 0.000 0.000 0.0000 3.1295
1777025565.5961 0.000 0.000 0.0000 3.1295
1777025565.6006 0.000 0.000 0.0000 3.1295
1777025565.6062 0.000 0.000 0.0000 3.1295
1777025565.6108 0.000 0.000 0.0000 3.1295
1777025565.6152 0.000 0.000 0.0000 3.1295
1777025565.6203 0.000 0.000 0.0000 3.1295
1777025565.6260 0.000 0.000 0.0000 3.1295
1777025565.6304 0.000 0.000 0.0000 3.1295
1777025565.6361 0.000 0.000 0.0000 3.1295
1777025565.6405 0.000 0.000 0.0000 3.1295
1777025565.6462 0.000 0.000 0.0000 3.1295
1777025565.6507 0.000 0.000 0.0000 3.1295
1777025565.6554 0.000 0.000 0.0000 3.1295
1777025565.6609 0.000 0.000 0.0000 3.1295
1777025565.6656 0.000 0.000 0.0000 3.1295
1777025565.6712 0.000 0.000 0.0000 3.1295
1777025565.6757 0.000 0.000 0.0000 3.1295
1777025565.6813 0.000 0.000 0.0000 3.1295
1777025565.6859 0.000 0.000 0.0000 3.1295
1777025565.6904 0.000 0.000 0.0000 3.1295
1777025565.6961 0.000 0.000 0.0000 3.1294
1777025565.7005 0.000 0.000 0.0000 3.1295
1777025565.7063 0.000 0.000 0.0000 3.1295
1777025565.7106 0.000 0.000 0.0000 3.1295
1777025565.7163 0.000 0.000 0.0000 3.1294
1777025565.7213 0.000 0.000 0.0000 3.1294
1777025565.7258 0.000 0.000 0.0000 3.1294
1777025565.7305 0.000 0.000 0.0000 3.1294
1777025565.7361 0.000 0.000 0.0000 3.1294
1777025565.7405 0.000 0.000 0.0000 3.1294
1777025565.7463 0.000 0.000 0.0000 3.1294
1777025565.7508 0.000 0.000 0.0000 3.1294
1777025565.7557 0.000 0.000 0.0000 3.1294
1777025565.7613 0.000 0.000 0.0000 3.1294
1777025565.7653 0.000 0.000 0.0000 3.1294
1777025565.7709 0.000 0.000 0.0000 3.1294
1777025565.7755 0.000 0.000 0.0000 3.1294
1777025565.7810 0.000 0.000 0.0000 3.1294
1777025565.7860 0.000 0.000 0.0000 3.1294
1777025565.7908 0.000 0.000 0.0000 3.1294
1777025565.7963 0.000 0.000 0.0000 3.1294
1777025565.8009 0.000 0.000 0.0000 3.1294
1777025565.8065 0.000 0.000 0.0000 3.1294
1777025565.8110 0.000 0.000 0.0000 3.1294
1777025565.8168 0.000 0.000 0.0000 3.1294
1777025565.8212 0.000 0.000 0.0000 3.1294
1777025565.8260 0.000 0.000 0.0000 3.1294
1777025565.8315 0.000 0.000 0.0000 3.1294
1777025565.8360 0.000 0.000 0.0000 3.1294
1777025565.8416 0.000 0.000 0.0000 3.1294
1777025565.8462 0.000 0.000 0.0000 3.1294
1777025565.8511 0.000 0.000 0.0000 3.1294
1777025565.8565 0.000 0.000 0.0000 3.1294
1777025565.8613 0.000 0.000 0.0000 3.1294
1777025565.8663 0.000 0.000 0.0000 3.1294
1777025565.8710 0.000 0.000 0.0000 3.1294
1777025565.8759 0.000 0.000 0.0000 3.1294
1777025565.8817 0.000 0.000 0.0000 3.1294
1777025565.8861 0.000 0.000 0.0000 3.1294
1777025565.8910 0.000 0.000 0.0000 3.1294
1777025565.8960 0.000 0.000 0.0000 3.1294
1777025565.9019 0.000 0.000 0.0000 3.1294
1777025565.9068 0.000 0.000 0.0000 3.1294
1777025565.9108 0.000 0.000 0.0000 3.1294
1777025565.9166 0.000 0.000 0.0000 3.1294
1777025565.9208 0.000 0.000 0.0000 3.1294
1777025565.9266 0.000 0.000 0.0000 3.1294
1777025565.9314 0.000 0.000 0.0000 3.1294
1777025565.9364 0.000 0.000 0.0000 3.1294
1777025565.9410 0.000 0.000 0.0000 3.1294
1777025565.9464 0.000 0.000 0.0000 3.1294
1777025565.9510 0.000 0.000 0.0000 3.1294
1777025565.9566 0.000 0.000 0.0000 3.1294
1777025565.9614 0.000 0.000 0.0000 3.1294
1777025565.9662 0.000 0.000 0.0000 3.1294
1777025565.9712 0.000 0.000 0.0000 3.1294
1777025565.9759 0.000 0.000 0.0000 3.1294
1777025565.9808 0.000 0.000 0.0000 3.1294
1777025565.9861 0.000 0.000 0.0000 3.1294
1777025565.9912 0.000 0.000 0.0000 3.1294
1777025565.9960 0.000 0.000 0.0000 3.1294
1777025566.0017 0.000 0.000 0.0000 3.1294
1777025566.0059 0.000 0.000 0.0000 3.1294
1777025566.0116 0.000 0.000 0.0000 3.1294
1777025566.0166 0.000 0.000 0.0000 3.1294
1777025566.0214 0.000 0.000 0.0000 3.1294
1777025566.0263 0.000 0.000 0.0000 3.1294
1777025566.0316 0.000 0.000 0.0000 3.1294
1777025566.0367 0.000 0.000 0.0000 3.1294
1777025566.0418 0.000 0.000 0.0000 3.1294
1777025566.0468 0.000 0.000 0.0000 3.1294
1777025566.0517 0.000 0.000 0.0000 3.1294
1777025566.0568 0.000 0.000 0.0000 3.1294
1777025566.0614 0.000 0.000 0.0000 3.1294
1777025566.0668 0.000 0.000 0.0000 3.1294
1777025566.0716 0.000 0.000 0.0000 3.1294
1777025566.0769 0.000 0.000 0.0000 3.1294
1777025566.0817 0.000 0.000 0.0000 3.1294
1777025566.0865 0.000 0.000 0.0000 3.1294
1777025566.0912 0.000 0.000 0.0000 3.1294
1777025566.0963 0.000 0.000 0.0000 3.1294
1777025566.1013 0.000 0.000 0.0000 3.1294
1777025566.1064 0.000 0.000 0.0000 3.1295
1777025566.1114 0.000 0.000 0.0000 3.1295
1777025566.1167 0.000 0.000 0.0000 3.1295
1777025566.1215 0.000 0.000 0.0000 3.1295
1777025566.1266 0.000 0.000 0.0000 3.1295
1777025566.1313 0.000 0.000 0.0000 3.1295
1777025566.1364 0.000 0.000 0.0000 3.1295
1777025566.1411 0.000 0.000 0.0000 3.1295
1777025566.1460 0.000 0.000 0.0000 3.1295
1777025566.1509 0.000 0.000 0.0000 3.1295
1777025566.1566 0.000 0.000 0.0000 3.1295
1777025566.1616 0.000 0.000 0.0000 3.1295
1777025566.1662 0.000 0.000 0.0000 3.1295
1777025566.1709 0.000 0.000 0.0000 3.1295
1777025566.1769 0.000 0.000 0.0000 3.1295
1777025566.1815 0.000 0.000 0.0000 3.1295
1777025566.1869 0.000 0.000 0.0000 3.1295
1777025566.1918 0.000 0.000 0.0000 3.1295
1777025566.1967 0.000 0.000 0.0000 3.1295
1777025566.2013 0.000 0.000 0.0000 3.1295
1777025566.2059 0.000 0.000 0.0000 3.1295
1777025566.2119 0.000 0.000 0.0000 3.1295
1777025566.2166 0.000 0.000 0.0000 3.1295
1777025566.2217 0.000 0.000 0.0000 3.1295
1777025566.2265 0.000 0.000 0.0000 3.1295
1777025566.2313 0.000 0.000 0.0000 3.1295
1777025566.2360 0.000 0.000 0.0000 3.1295
1777025566.2417 0.000 0.000 0.0000 3.1295
1777025566.2467 0.000 0.000 0.0000 3.1295
1777025566.2513 0.000 0.000 0.0000 3.1295
1777025566.2569 0.000 0.000 0.0000 3.1295
1777025566.2615 0.000 0.000 0.0000 3.1295
1777025566.2664 0.000 0.000 0.0000 3.1295
1777025566.2714 0.000 0.000 0.0000 3.1295
1777025566.2761 0.000 0.000 0.0000 3.1295
1777025566.2811 0.000 0.000 0.0000 3.1295
1777025566.2871 0.000 0.000 0.0000 3.1295
1777025566.2910 0.000 0.000 0.0000 3.1295
1777025566.2960 0.000 0.000 0.0000 3.1295
1777025566.3016 0.000 0.000 0.0000 3.1295
1777025566.3068 0.000 0.000 0.0000 3.1295
1777025566.3115 0.000 0.000 0.0000 3.1295
1777025566.3165 0.000 0.000 0.0000 3.1295
1777025566.3216 0.000 0.000 0.0000 3.1295
1777025566.3266 0.000 0.000 0.0000 3.1295
1777025566.3316 0.000 0.000 0.0000 3.1295
1777025566.3364 0.000 0.000 0.0000 3.1295
1777025566.3416 0.000 0.000 0.0000 3.1295
1777025566.3469 0.000 0.000 0.0000 3.1295
1777025566.3518 0.000 0.000 0.0000 3.1295
1777025566.3563 0.000 0.000 0.0000 3.1295
1777025566.3613 0.000 0.000 0.0000 3.1295
1777025566.3664 0.000 0.000 0.0000 3.1295
1777025566.3721 0.000 0.000 0.0000 3.1295
1777025566.3764 0.000 0.000 0.0000 3.1295
1777025566.3820 0.000 0.000 0.0000 3.1295
1777025566.3871 0.000 0.000 0.0000 3.1295
1777025566.3913 0.000 0.000 0.0000 3.1295
1777025566.3972 0.000 0.000 0.0000 3.1295
1777025566.4014 0.000 0.000 0.0000 3.1295
1777025566.4064 0.000 0.000 0.0000 3.1295
1777025566.4117 0.000 0.000 0.0000 3.1295
1777025566.4169 0.000 0.000 0.0000 3.1295
1777025566.4216 0.000 0.000 0.0000 3.1295
1777025566.4264 0.000 0.000 0.0000 3.1295
1777025566.4321 0.000 0.000 0.0000 3.1295
1777025566.4373 0.000 0.000 0.0000 3.1295
1777025566.4413 0.000 0.000 0.0000 3.1295
1777025566.4471 0.000 0.000 0.0000 3.1295
1777025566.4521 0.000 0.000 0.0000 3.1295
1777025566.4565 0.000 0.000 0.0000 3.1295
1777025566.4624 0.000 0.000 0.0000 3.1295
1777025566.4673 0.000 0.000 0.0000 3.1295
1777025566.4721 0.000 0.000 0.0000 3.1295
1777025566.4770 0.000 0.000 0.0000 3.1295
1777025566.4820 0.000 0.000 0.0000 3.1295
1777025566.4871 0.000 0.000 0.0000 3.1295
1777025566.4920 0.000 0.000 0.0000 3.1295
1777025566.4973 0.000 0.000 0.0000 3.1295
1777025566.5017 0.000 0.000 0.0000 3.1295
1777025566.5069 0.000 0.000 0.0000 3.1295
1777025566.5128 0.000 0.000 0.0000 3.1295
1777025566.5181 0.000 0.000 0.0000 3.1295
1777025566.5218 0.000 0.000 0.0000 3.1295
1777025566.5269 0.000 0.000 0.0000 3.1295
1777025566.5327 0.000 0.000 0.0000 3.1295
1777025566.5378 0.000 0.000 0.0000 3.1295
1777025566.5425 0.000 0.000 0.0000 3.1295
1777025566.5476 0.000 0.000 0.0000 3.1295
1777025566.5522 0.000 0.000 0.0000 3.1295
1777025566.5578 0.000 0.000 0.0000 3.1295
1777025566.5624 0.000 0.000 0.0000 3.1295
1777025566.5675 0.000 0.000 0.0000 3.1295
1777025566.5721 0.000 0.000 0.0000 3.1295
1777025566.5769 0.000 0.000 0.0000 3.1295
1777025566.5828 0.000 0.000 0.0000 3.1295
1777025566.5874 0.000 0.000 0.0000 3.1295
1777025566.5924 0.000 0.000 0.0000 3.1295
1777025566.5973 0.000 0.000 0.0000 3.1295
1777025566.6019 0.000 0.000 0.0000 3.1295
1777025566.6071 0.000 0.000 0.0000 3.1295
1777025566.6126 0.000 0.000 0.0000 3.1295
1777025566.6181 0.000 0.000 0.0000 3.1295
1777025566.6226 0.000 0.000 0.0000 3.1295
1777025566.6278 0.000 0.000 0.0000 3.1295
1777025566.6328 0.000 0.000 0.0000 3.1295
1777025566.6373 0.000 0.000 0.0000 3.1295
1777025566.6425 0.000 0.000 0.0000 3.1295
1777025566.6473 0.000 0.000 0.0000 3.1295
1777025566.6519 0.000 0.000 0.0000 3.1295
1777025566.6577 0.000 0.000 0.0000 3.1295
1777025566.6624 0.000 0.000 0.0000 3.1295
1777025566.6678 0.000 0.000 0.0000 3.1295
1777025566.6720 0.000 0.000 0.0000 3.1295
1777025566.6771 0.000 0.000 0.0000 3.1295
1777025566.6828 0.000 0.000 0.0000 3.1295
1777025566.6874 0.000 0.000 0.0000 3.1295
1777025566.6924 0.000 0.000 0.0000 3.1295
1777025566.6972 0.000 0.000 0.0000 3.1295
1777025566.7021 0.000 0.000 0.0000 3.1295
1777025566.7070 0.000 0.000 0.0000 3.1295
1777025566.7120 0.000 0.000 0.0000 3.1295
1777025566.7181 0.000 0.000 0.0000 3.1295
1777025566.7220 0.000 0.000 0.0000 3.1295
1777025566.7272 0.000 0.000 0.0000 3.1295
1777025566.7328 0.000 0.000 0.0000 3.1295
1777025566.7378 0.000 0.000 0.0000 3.1295
1777025566.7425 0.000 0.000 0.0000 3.1295
1777025566.7477 0.000 0.000 0.0000 3.1295
1777025566.7527 0.000 0.000 0.0000 3.1295
1777025566.7573 0.000 0.000 0.0000 3.1295
1777025566.7626 0.000 0.000 0.0000 3.1295
1777025566.7677 0.000 0.000 0.0000 3.1295
1777025566.7725 0.000 0.000 0.0000 3.1295
1777025566.7775 0.000 0.000 0.0000 3.1295
1777025566.7820 0.000 0.000 0.0000 3.1295
1777025566.7879 0.000 0.000 0.0000 3.1295
1777025566.7920 0.000 0.000 0.0000 3.1295
1777025566.7974 0.000 0.000 0.0000 3.1295
1777025566.8021 0.000 0.000 0.0000 3.1295
1777025566.8075 0.000 0.000 0.0000 3.1295
1777025566.8122 0.000 0.000 0.0000 3.1295
1777025566.8173 0.000 0.000 0.0000 3.1295
1777025566.8227 0.000 0.000 0.0000 3.1295
1777025566.8272 0.000 0.000 0.0000 3.1295
1777025566.8322 0.000 0.000 0.0000 3.1295
1777025566.8372 0.000 0.000 0.0000 3.1295
1777025566.8423 0.000 0.000 0.0000 3.1295
1777025566.8482 0.000 0.000 0.0000 3.1295
1777025566.8527 0.000 0.000 0.0000 3.1295
1777025566.8573 0.000 0.000 0.0000 3.1295
1777025566.8629 0.000 0.000 0.0000 3.1295
1777025566.8670 0.000 0.000 0.0000 3.1295
1777025566.8730 0.000 0.000 0.0000 3.1295
1777025566.8780 0.000 0.000 0.0000 3.1295
1777025566.8829 0.000 0.000 0.0000 3.1295
1777025566.8879 0.000 0.000 0.0000 3.1295
1777025566.8924 0.000 0.000 0.0000 3.1295
1777025566.8975 0.000 0.000 0.0000 3.1295
1777025566.9056 0.000 0.000 0.0000 3.1295
1777025566.9077 0.000 0.000 0.0000 3.1295
1777025566.9125 0.000 0.000 0.0000 3.1295
1777025566.9176 0.000 0.000 0.0000 3.1295
1777025566.9228 0.000 0.000 0.0000 3.1295
1777025566.9297 0.000 0.000 0.0000 3.1295
1777025566.9322 0.000 0.000 0.0000 3.1295
1777025566.9373 0.000 0.000 0.0000 3.1295
1777025566.9425 0.000 0.000 0.0000 3.1295
1777025566.9477 0.000 0.000 0.0000 3.1295
1777025566.9525 0.000 0.000 0.0000 3.1295
1777025566.9575 0.000 0.000 0.0000 3.1295
1777025566.9621 0.000 0.000 0.0000 3.1295
1777025566.9681 0.000 0.000 0.0000 3.1295
1777025566.9725 0.000 0.000 0.0000 3.1294
1777025566.9773 0.000 0.000 0.0000 3.1295
1777025566.9827 0.000 0.000 0.0000 3.1294
1777025566.9879 0.000 0.000 0.0000 3.1295
1777025566.9925 0.000 0.000 0.0000 3.1295
1777025566.9980 0.000 0.000 0.0000 3.1294
1777025567.0027 0.000 0.000 0.0000 3.1295
1777025567.0083 0.000 0.000 0.0000 3.1294
1777025567.0128 0.000 0.000 0.0000 3.1294
1777025567.0181 0.000 0.000 0.0000 3.1294
1777025567.0227 0.000 0.000 0.0000 3.1294
1777025567.0275 0.000 0.000 0.0000 3.1294
1777025567.0330 0.000 0.000 0.0000 3.1294
1777025567.0377 0.000 0.000 0.0000 3.1294
1777025567.0424 0.000 0.000 0.0000 3.1294
1777025567.0481 0.000 0.000 0.0000 3.1294
1777025567.0526 0.000 0.000 0.0000 3.1295
1777025567.0573 0.000 0.000 0.0000 3.1295
1777025567.0629 0.000 0.000 0.0000 3.1295
1777025567.0676 0.000 0.000 0.0000 3.1295
1777025567.0728 0.000 0.000 0.0000 3.1295
1777025567.0774 0.000 0.000 0.0000 3.1295
1777025567.0830 0.000 0.000 0.0000 3.1295
1777025567.0874 0.000 0.000 0.0000 3.1295
1777025567.0931 0.000 0.000 0.0000 3.1295
1777025567.0979 0.000 0.000 0.0000 3.1295
1777025567.1025 0.000 0.000 0.0000 3.1295
1777025567.1074 0.000 0.000 0.0000 3.1295
1777025567.1130 0.000 0.000 0.0000 3.1295
1777025567.1177 0.000 0.000 0.0000 3.1295
1777025567.1228 0.000 0.000 0.0000 3.1294
1777025567.1278 0.000 0.000 0.0000 3.1294
1777025567.1324 0.000 0.000 0.0000 3.1294
1777025567.1381 0.000 0.000 0.0000 3.1294
1777025567.1437 0.000 0.000 0.0000 3.1294
1777025567.1484 0.000 0.000 0.0000 3.1294
1777025567.1528 0.000 0.000 0.0000 3.1294
1777025567.1586 0.000 0.000 0.0000 3.1295
1777025567.1630 0.000 0.000 0.0000 3.1294
1777025567.1679 0.000 0.000 0.0000 3.1294
1777025567.1734 0.000 0.000 0.0000 3.1294
1777025567.1780 0.000 0.000 0.0000 3.1294
1777025567.1836 0.000 0.000 0.0000 3.1294
1777025567.1882 0.000 0.000 0.0000 3.1294
1777025567.1929 0.000 0.000 0.0000 3.1294
1777025567.1984 0.000 0.000 0.0000 3.1295
1777025567.2031 0.000 0.000 0.0000 3.1295
1777025567.2079 0.000 0.000 0.0000 3.1295
1777025567.2134 0.000 0.000 0.0000 3.1294
1777025567.2184 0.000 0.000 0.0000 3.1294
1777025567.2228 0.000 0.000 0.0000 3.1294
1777025567.2288 0.000 0.000 0.0000 3.1294
1777025567.2333 0.000 0.000 0.0000 3.1294
1777025567.2388 0.000 0.000 0.0000 3.1295
1777025567.2435 0.000 0.000 0.0000 3.1295
1777025567.2480 0.000 0.000 0.0000 3.1294
1777025567.2541 0.000 0.000 0.0000 3.1294
1777025567.2588 0.000 0.000 0.0000 3.1294
1777025567.2632 0.000 0.000 0.0000 3.1294
1777025567.2679 0.000 0.000 0.0000 3.1294
1777025567.2734 0.000 0.000 0.0000 3.1294
1777025567.2781 0.000 0.000 0.0000 3.1294
1777025567.2836 0.000 0.000 0.0000 3.1294
1777025567.2885 0.000 0.000 0.0000 3.1294
1777025567.2930 0.000 0.000 0.0000 3.1294
1777025567.2985 0.000 0.000 0.0000 3.1294
1777025567.3032 0.000 0.000 0.0000 3.1294
1777025567.3088 0.000 0.000 0.0000 3.1294
1777025567.3136 0.000 0.000 0.0000 3.1294
1777025567.3181 0.000 0.000 0.0000 3.1294
1777025567.3229 0.000 0.000 0.0000 3.1294
1777025567.3287 0.000 0.000 0.0000 3.1294
1777025567.3331 0.000 0.000 0.0000 3.1294
1777025567.3388 0.000 0.000 0.0000 3.1294
1777025567.3432 0.000 0.000 0.0000 3.1294
1777025567.3479 0.000 0.000 0.0000 3.1294
1777025567.3541 0.000 0.000 0.0000 3.1294
1777025567.3586 0.000 0.000 0.0000 3.1294
1777025567.3632 0.000 0.000 0.0000 3.1294
1777025567.3678 0.000 0.000 0.0000 3.1294
1777025567.3734 0.000 0.000 0.0000 3.1294
1777025567.3779 0.000 0.000 0.0000 3.1294
1777025567.3835 0.000 0.000 0.0000 3.1294
1777025567.3882 0.000 0.000 0.0000 3.1294
1777025567.3938 0.000 0.000 0.0000 3.1294
1777025567.3984 0.000 0.000 0.0000 3.1294
1777025567.4029 0.000 0.000 0.0000 3.1294
1777025567.4086 0.000 0.000 0.0000 3.1294
1777025567.4130 0.000 0.000 0.0000 3.1294
1777025567.4182 0.000 0.000 0.0000 3.1294
1777025567.4229 0.000 0.000 0.0000 3.1294
1777025567.4286 0.000 0.000 0.0000 3.1294
1777025567.4333 0.000 0.000 0.0000 3.1294
1777025567.4387 0.000 0.000 0.0000 3.1294
1777025567.4433 0.000 0.000 0.0000 3.1294
1777025567.4480 0.000 0.000 0.0000 3.1293
1777025567.4540 0.000 0.000 0.0000 3.1294
1777025567.4589 0.000 0.000 0.0000 3.1294
1777025567.4632 0.000 0.000 0.0000 3.1294
1777025567.4681 0.000 0.000 0.0000 3.1294
1777025567.4738 0.000 0.000 0.0000 3.1294
1777025567.4782 0.000 0.000 0.0000 3.1294
1777025567.4839 0.000 0.000 0.0000 3.1294
1777025567.4885 0.000 0.000 0.0000 3.1294
1777025567.4931 0.000 0.000 0.0000 3.1294
1777025567.4988 0.000 0.000 0.0000 3.1294
1777025567.5033 0.000 0.000 0.0000 3.1294
1777025567.5090 0.000 0.000 0.0000 3.1294
1777025567.5135 0.000 0.000 0.0000 3.1294
1777025567.5182 0.000 0.000 0.0000 3.1294
1777025567.5238 0.000 0.000 0.0000 3.1294
1777025567.5284 0.000 0.000 0.0000 3.1294
1777025567.5339 0.000 0.000 0.0000 3.1294
1777025567.5387 0.000 0.000 0.0000 3.1294
1777025567.5435 0.000 0.000 0.0000 3.1294
1777025567.5481 0.000 0.000 0.0000 3.1294
1777025567.5539 0.000 0.000 0.0000 3.1294
1777025567.5584 0.000 0.000 0.0000 3.1294
1777025567.5631 0.000 0.000 0.0000 3.1293
1777025567.5688 0.000 0.000 0.0000 3.1294
1777025567.5731 0.000 0.000 0.0000 3.1294
1777025567.5785 0.000 0.000 0.0000 3.1294
1777025567.5830 0.000 0.000 0.0000 3.1294
1777025567.5883 0.000 0.000 0.0000 3.1293
1777025567.5931 0.000 0.000 0.0000 3.1293
1777025567.5988 0.000 0.000 0.0000 3.1293
1777025567.6037 0.000 0.000 0.0000 3.1293
1777025567.6082 0.000 0.000 0.0000 3.1293
1777025567.6138 0.000 0.000 0.0000 3.1293
1777025567.6184 0.000 0.000 0.0000 3.1293
1777025567.6230 0.000 0.000 0.0000 3.1293
1777025567.6287 0.000 0.000 0.0000 3.1293
1777025567.6332 0.000 0.000 0.0000 3.1293
1777025567.6388 0.000 0.000 0.0000 3.1294
1777025567.6434 0.000 0.000 0.0000 3.1294
1777025567.6481 0.000 0.000 0.0000 3.1294
1777025567.6534 0.000 0.000 0.0000 3.1294
1777025567.6590 0.000 0.000 0.0000 3.1294
1777025567.6635 0.000 0.000 0.0000 3.1294
1777025567.6682 0.000 0.000 0.0000 3.1294
1777025567.6738 0.000 0.000 0.0000 3.1294
1777025567.6782 0.000 0.000 0.0000 3.1294
1777025567.6838 0.000 0.000 0.0000 3.1294
1777025567.6886 0.000 0.000 0.0000 3.1294
1777025567.6930 0.000 0.000 0.0000 3.1294
1777025567.6989 0.000 0.000 0.0000 3.1294
1777025567.7032 0.000 0.000 0.0000 3.1294
1777025567.7089 0.000 0.000 0.0000 3.1294
1777025567.7136 0.000 0.000 0.0000 3.1294
1777025567.7184 0.000 0.000 0.0000 3.1294
1777025567.7231 0.000 0.000 0.0000 3.1294
1777025567.7281 0.000 0.000 0.0000 3.1294
1777025567.7335 0.000 0.000 0.0000 3.1294
1777025567.7384 0.000 0.000 0.0000 3.1294
1777025567.7435 0.000 0.000 0.0000 3.1294
1777025567.7486 0.000 0.000 0.0000 3.1294
1777025567.7538 0.000 0.000 0.0000 3.1294
1777025567.7586 0.000 0.000 0.0000 3.1294
1777025567.7642 0.000 0.000 0.0000 3.1294
1777025567.7689 0.000 0.000 0.0000 3.1294
1777025567.7734 0.000 0.000 0.0000 3.1294
1777025567.7790 0.000 0.000 0.0000 3.1294
1777025567.7835 0.000 0.000 0.0000 3.1294
1777025567.7883 0.000 0.000 0.0000 3.1294
1777025567.7934 0.000 0.000 0.0000 3.1294
1777025567.7989 0.000 0.000 0.0000 3.1294
1777025567.8034 0.000 0.000 0.0000 3.1294
1777025567.8091 0.000 0.000 0.0000 3.1294
1777025567.8145 0.000 0.000 0.0000 3.1293
1777025567.8193 0.000 0.000 0.0000 3.1293
1777025567.8241 0.000 0.000 0.0000 3.1293
1777025567.8290 0.000 0.000 0.0000 3.1294
1777025567.8345 0.000 0.000 0.0000 3.1294
1777025567.8390 0.000 0.000 0.0000 3.1294
1777025567.8437 0.000 0.000 0.0000 3.1294
1777025567.8502 0.000 0.000 0.0000 3.1294
1777025567.8538 0.000 0.000 0.0000 3.1294
1777025567.8593 0.000 0.000 0.0000 3.1294
1777025567.8639 0.000 0.000 0.0000 3.1294
1777025567.8696 0.000 0.000 0.0000 3.1294
1777025567.8740 0.000 0.000 0.0000 3.1294
1777025567.8796 0.000 0.000 0.0000 3.1294
1777025567.8841 0.000 0.000 0.0000 3.1294
1777025567.8891 0.000 0.000 0.0000 3.1294
1777025567.8946 0.000 0.000 0.0000 3.1294
1777025567.8991 0.000 0.000 0.0000 3.1294
1777025567.9047 0.000 0.000 0.0000 3.1294
1777025567.9092 0.000 0.000 0.0000 3.1294
1777025567.9139 0.000 0.000 0.0000 3.1294
1777025567.9195 0.000 0.000 0.0000 3.1294
1777025567.9241 0.000 0.000 0.0000 3.1294
1777025567.9288 0.000 0.000 0.0000 3.1294
1777025567.9342 0.000 0.000 0.0000 3.1294
1777025567.9389 0.000 0.000 0.0000 3.1294
1777025567.9445 0.000 0.000 0.0000 3.1294
1777025567.9491 0.000 0.000 0.0000 3.1294
1777025567.9541 0.000 0.000 0.0000 3.1294
1777025567.9597 0.000 0.000 0.0000 3.1294
1777025567.9643 0.000 0.000 0.0000 3.1294
1777025567.9689 0.000 0.000 0.0000 3.1294
1777025567.9745 0.000 0.000 0.0000 3.1294
1777025567.9791 0.000 0.000 0.0000 3.1294
1777025567.9838 0.000 0.000 0.0000 3.1294
1777025567.9896 0.000 0.000 0.0000 3.1294
1777025567.9942 0.000 0.000 0.0000 3.1294
1777025567.9998 0.000 0.000 0.0000 3.1294
1777025568.0043 0.000 0.000 0.0000 3.1294
1777025568.0090 0.000 0.000 0.0000 3.1294
1777025568.0145 0.000 0.000 0.0000 3.1294
1777025568.0194 0.000 0.000 0.0000 3.1294
1777025568.0239 0.000 0.000 0.0000 3.1294
1777025568.0296 0.000 0.000 0.0000 3.1294
1777025568.0343 0.000 0.000 0.0000 3.1294
1777025568.0397 0.000 0.000 0.0000 3.1294
1777025568.0446 0.000 0.000 0.0000 3.1294
1777025568.0492 0.000 0.000 0.0000 3.1294
1777025568.0548 0.000 0.000 0.0000 3.1294
1777025568.0596 0.000 0.000 0.0000 3.1294
1777025568.0640 0.000 0.000 0.0000 3.1294
1777025568.0697 0.000 0.000 0.0000 3.1294
1777025568.0741 0.000 0.000 0.0000 3.1294
1777025568.0798 0.000 0.000 0.0000 3.1294
1777025568.0844 0.000 0.000 0.0000 3.1294
1777025568.0896 0.000 0.000 0.0000 3.1294
1777025568.0942 0.000 0.000 0.0000 3.1294
1777025568.0997 0.000 0.000 0.0000 3.1294
1777025568.1042 0.000 0.000 0.0000 3.1294
1777025568.1099 0.000 0.000 0.0000 3.1294
1777025568.1145 0.000 0.000 0.0000 3.1294
1777025568.1193 0.000 0.000 0.0000 3.1294
1777025568.1250 0.000 0.000 0.0000 3.1294
1777025568.1290 0.000 0.000 0.0000 3.1294
1777025568.1345 0.000 0.000 0.0000 3.1294
1777025568.1391 0.000 0.000 0.0000 3.1294
1777025568.1448 0.000 0.000 0.0000 3.1294
1777025568.1493 0.000 0.000 0.0000 3.1294
1777025568.1546 0.000 0.000 0.0000 3.1294
1777025568.1591 0.000 0.000 0.0000 3.1294
1777025568.1647 0.000 0.000 0.0000 3.1294
1777025568.1695 0.000 0.000 0.0000 3.1294
1777025568.1749 0.000 0.000 0.0000 3.1294
1777025568.1796 0.000 0.000 0.0000 3.1294
1777025568.1840 0.000 0.000 0.0000 3.1294
1777025568.1899 0.000 0.000 0.0000 3.1294
1777025568.1945 0.000 0.000 0.0000 3.1294
1777025568.1990 0.000 0.000 0.0000 3.1294
1777025568.2047 0.000 0.000 0.0000 3.1294
1777025568.2093 0.000 0.000 0.0000 3.1294
1777025568.2150 0.000 0.000 0.0000 3.1294
1777025568.2192 0.000 0.000 0.0000 3.1294
1777025568.2249 0.000 0.000 0.0000 3.1294
1777025568.2295 0.000 0.000 0.0000 3.1294
1777025568.2349 0.000 0.000 0.0000 3.1294
1777025568.2395 0.000 0.000 0.0000 3.1294
1777025568.2441 0.000 0.000 0.0000 3.1294
1777025568.2498 0.000 0.000 0.0000 3.1294
1777025568.2542 0.000 0.000 0.0000 3.1294
1777025568.2591 0.000 0.000 0.0000 3.1294
1777025568.2648 0.000 0.000 0.0000 3.1294
1777025568.2693 0.000 0.000 0.0000 3.1294
1777025568.2740 0.000 0.000 0.0000 3.1294
1777025568.2794 0.000 0.000 0.0000 3.1294
1777025568.2840 0.000 0.000 0.0000 3.1294
1777025568.2898 0.000 0.000 0.0000 3.1294
1777025568.2942 0.000 0.000 0.0000 3.1294
1777025568.3000 0.000 0.000 0.0000 3.1294
1777025568.3046 0.000 0.000 0.0000 3.1294
1777025568.3093 0.000 0.000 0.0000 3.1294
1777025568.3151 0.000 0.000 0.0000 3.1294
1777025568.3194 0.000 0.000 0.0000 3.1294
1777025568.3240 0.000 0.000 0.0000 3.1294
1777025568.3295 0.000 0.000 0.0000 3.1294
1777025568.3340 0.000 0.000 0.0000 3.1294
1777025568.3396 0.000 0.000 0.0000 3.1294
1777025568.3442 0.000 0.000 0.0000 3.1294
1777025568.3498 0.000 0.000 0.0000 3.1294
1777025568.3543 0.000 0.000 0.0000 3.1294
1777025568.3591 0.000 0.000 0.0000 3.1294
1777025568.3646 0.000 0.000 0.0000 3.1294
1777025568.3693 0.000 0.000 0.0000 3.1294
1777025568.3747 0.000 0.000 0.0000 3.1294
1777025568.3793 0.000 0.000 0.0000 3.1294
1777025568.3848 0.000 0.000 0.0000 3.1294
1777025568.3895 0.000 0.000 0.0000 3.1294
1777025568.3942 0.000 0.000 0.0000 3.1294
1777025568.3997 0.000 0.000 0.0000 3.1294
1777025568.4045 0.000 0.000 0.0000 3.1294
1777025568.4102 0.000 0.000 0.0000 3.1294
1777025568.4145 0.000 0.000 0.0000 3.1294
1777025568.4193 0.000 0.000 0.0000 3.1294
1777025568.4250 0.000 0.000 0.0000 3.1294
1777025568.4296 0.000 0.000 0.0000 3.1294
1777025568.4350 0.000 0.000 0.0000 3.1294
1777025568.4395 0.000 0.000 0.0000 3.1294
1777025568.4442 0.000 0.000 0.0000 3.1294
1777025568.4503 0.000 0.000 0.0000 3.1294
1777025568.4551 0.000 0.000 0.0000 3.1294
1777025568.4596 0.000 0.000 0.0000 3.1294
1777025568.4652 0.000 0.000 0.0000 3.1294
1777025568.4697 0.000 0.000 0.0000 3.1294
1777025568.4752 0.000 0.000 0.0000 3.1294
1777025568.4798 0.000 0.000 0.0000 3.1294
1777025568.4844 0.000 0.000 0.0000 3.1294
1777025568.4901 0.000 0.000 0.0000 3.1294
1777025568.4957 0.000 0.000 0.0000 3.1294
1777025568.5003 0.000 0.000 0.0000 3.1294
1777025568.5050 0.000 0.000 0.0000 3.1294
1777025568.5105 0.000 0.000 0.0000 3.1294
1777025568.5151 0.000 0.000 0.0000 3.1294
1777025568.5206 0.000 0.000 0.0000 3.1294
1777025568.5254 0.000 0.000 0.0000 3.1294
1777025568.5299 0.000 0.000 0.0000 3.1294
1777025568.5353 0.000 0.000 0.0000 3.1294
1777025568.5399 0.000 0.000 0.0000 3.1294
1777025568.5455 0.000 0.000 0.0000 3.1294
1777025568.5504 0.000 0.000 0.0000 3.1294
1777025568.5550 0.000 0.000 0.0000 3.1294
1777025568.5605 0.000 0.000 0.0000 3.1294
1777025568.5651 0.000 0.000 0.0000 3.1294
1777025568.5706 0.000 0.000 0.0000 3.1294
1777025568.5753 0.000 0.000 0.0000 3.1294
1777025568.5800 0.000 0.000 0.0000 3.1294
1777025568.5847 0.000 0.000 0.0000 3.1294
1777025568.5907 0.000 0.000 0.0000 3.1294
1777025568.5953 0.000 0.000 0.0000 3.1294
1777025568.5999 0.000 0.000 0.0000 3.1294
1777025568.6055 0.000 0.000 0.0000 3.1294
1777025568.6102 0.000 0.000 0.0000 3.1294
1777025568.6155 0.000 0.000 0.0000 3.1294
1777025568.6205 0.000 0.000 0.0000 3.1294
1777025568.6252 0.000 0.000 0.0000 3.1294
1777025568.6307 0.000 0.000 0.0000 3.1294
1777025568.6353 0.000 0.000 0.0000 3.1294
1777025568.6407 0.000 0.000 0.0000 3.1294
1777025568.6456 0.000 0.000 0.0000 3.1294
1777025568.6504 0.000 0.000 0.0000 3.1294
1777025568.6549 0.000 0.000 0.0000 3.1294
1777025568.6606 0.000 0.000 0.0000 3.1294
1777025568.6651 0.000 0.000 0.0000 3.1294
1777025568.6708 0.000 0.000 0.0000 3.1294
1777025568.6752 0.000 0.000 0.0000 3.1294
1777025568.6807 0.000 0.000 0.0000 3.1294
1777025568.6853 0.000 0.000 0.0000 3.1294
1777025568.6902 0.000 0.000 0.0000 3.1294
1777025568.6951 0.000 0.000 0.0000 3.1294
1777025568.7006 0.000 0.000 0.0000 3.1294
1777025568.7053 0.000 0.000 0.0000 3.1294
1777025568.7108 0.000 0.000 0.0000 3.1295
1777025568.7152 0.000 0.000 0.0000 3.1294
1777025568.7201 0.000 0.000 0.0000 3.1294
1777025568.7256 0.000 0.000 0.0000 3.1294
1777025568.7302 0.000 0.000 0.0000 3.1295
1777025568.7356 0.000 0.000 0.0000 3.1295
1777025568.7403 0.000 0.000 0.0000 3.1294
1777025568.7449 0.000 0.000 0.0000 3.1294
1777025568.7505 0.000 0.000 0.0000 3.1294
1777025568.7553 0.000 0.000 0.0000 3.1294
1777025568.7599 0.000 0.000 0.0000 3.1295
1777025568.7656 0.000 0.000 0.0000 3.1294
1777025568.7706 0.000 0.000 0.0000 3.1294
1777025568.7750 0.000 0.000 0.0000 3.1294
1777025568.7802 0.000 0.000 0.0000 3.1294
1777025568.7862 0.000 0.000 0.0000 3.1294
1777025568.7899 0.000 0.000 0.0000 3.1294
1777025568.7955 0.000 0.000 0.0000 3.1294
1777025568.8000 0.000 0.000 0.0000 3.1294
1777025568.8056 0.000 0.000 0.0000 3.1294
1777025568.8101 0.000 0.000 0.0000 3.1294
1777025568.8157 0.000 0.000 0.0000 3.1294
1777025568.8205 0.000 0.000 0.0000 3.1294
1777025568.8252 0.000 0.000 0.0000 3.1294
1777025568.8307 0.000 0.000 0.0000 3.1294
1777025568.8352 0.000 0.000 0.0000 3.1294
1777025568.8409 0.000 0.000 0.0000 3.1294
1777025568.8454 0.000 0.000 0.0000 3.1294
1777025568.8504 0.000 0.000 0.0000 3.1295
1777025568.8559 0.000 0.000 0.0000 3.1295
1777025568.8606 0.000 0.000 0.0000 3.1295
1777025568.8656 0.000 0.000 0.0000 3.1295
1777025568.8701 0.000 0.000 0.0000 3.1295
1777025568.8758 0.000 0.000 0.0000 3.1295
1777025568.8804 0.000 0.000 0.0000 3.1295
1777025568.8851 0.000 0.000 0.0000 3.1295
1777025568.8907 0.000 0.000 0.0000 3.1295
1777025568.8952 0.000 0.000 0.0000 3.1295
1777025568.9008 0.000 0.000 0.0000 3.1295
1777025568.9054 0.000 0.000 0.0000 3.1295
1777025568.9099 0.000 0.000 0.0000 3.1295
1777025568.9154 0.000 0.000 0.0000 3.1295
1777025568.9201 0.000 0.000 0.0000 3.1295
1777025568.9259 0.000 0.000 0.0000 3.1295
1777025568.9309 0.000 0.000 0.0000 3.1295
1777025568.9355 0.000 0.000 0.0000 3.1295
1777025568.9400 0.000 0.000 0.0000 3.1295
1777025568.9457 0.000 0.000 0.0000 3.1295
1777025568.9504 0.000 0.000 0.0000 3.1295
1777025568.9550 0.000 0.000 0.0000 3.1295
1777025568.9606 0.000 0.000 0.0000 3.1295
1777025568.9651 0.000 0.000 0.0000 3.1295
1777025568.9708 0.000 0.000 0.0000 3.1295
1777025568.9752 0.000 0.000 0.0000 3.1295
1777025568.9808 0.000 0.000 0.0000 3.1295
1777025568.9856 0.000 0.000 0.0000 3.1295
1777025568.9903 0.000 0.000 0.0000 3.1295
1777025568.9952 0.000 0.000 0.0000 3.1295
1777025569.0000 0.000 0.000 0.0000 3.1295
1777025569.0057 0.000 0.000 0.0000 3.1295
1777025569.0102 0.000 0.000 0.0000 3.1295
1777025569.0157 0.000 0.000 0.0000 3.1295
1777025569.0205 0.000 0.000 0.0000 3.1295
1777025569.0260 0.000 0.000 0.0000 3.1295
1777025569.0306 0.000 0.000 0.0000 3.1295
1777025569.0351 0.000 0.000 0.0000 3.1295
1777025569.0406 0.000 0.000 0.0000 3.1295
1777025569.0453 0.000 0.000 0.0000 3.1295
1777025569.0504 0.000 0.000 0.0000 3.1295
1777025569.0551 0.000 0.000 0.0000 3.1295
1777025569.0606 0.000 0.000 0.0000 3.1295
1777025569.0653 0.000 0.000 0.0000 3.1295
1777025569.0708 0.000 0.000 0.0000 3.1295
1777025569.0753 0.000 0.000 0.0000 3.1295
1777025569.0808 0.000 0.000 0.0000 3.1295
1777025569.0853 0.000 0.000 0.0000 3.1295
1777025569.0901 0.000 0.000 0.0000 3.1295
1777025569.0956 0.000 0.000 0.0000 3.1295
1777025569.1002 0.000 0.000 0.0000 3.1295
1777025569.1058 0.000 0.000 0.0000 3.1295
1777025569.1102 0.000 0.000 0.0000 3.1295
1777025569.1160 0.000 0.000 0.0000 3.1295
1777025569.1205 0.000 0.000 0.0000 3.1295
1777025569.1252 0.000 0.000 0.0000 3.1295
1777025569.1308 0.000 0.000 0.0000 3.1295
1777025569.1353 0.000 0.000 0.0000 3.1295
1777025569.1409 0.000 0.000 0.0000 3.1295
1777025569.1456 0.000 0.000 0.0000 3.1295
1777025569.1504 0.000 0.000 0.0000 3.1295
1777025569.1560 0.000 0.000 0.0000 3.1295
1777025569.1606 0.000 0.000 0.0000 3.1295
1777025569.1664 0.000 0.000 0.0000 3.1295
1777025569.1708 0.000 0.000 0.0000 3.1295
1777025569.1764 0.000 0.000 0.0000 3.1295
1777025569.1810 0.000 0.000 0.0000 3.1295
1777025569.1859 0.000 0.000 0.0000 3.1295
1777025569.1916 0.000 0.000 0.0000 3.1295
1777025569.1962 0.000 0.000 0.0000 3.1295
1777025569.2008 0.000 0.000 0.0000 3.1295
1777025569.2062 0.000 0.000 0.0000 3.1295
1777025569.2110 0.000 0.000 0.0000 3.1295
1777025569.2164 0.000 0.000 0.0000 3.1295
1777025569.2213 0.000 0.000 0.0000 3.1295
1777025569.2258 0.000 0.000 0.0000 3.1295
1777025569.2313 0.000 0.000 0.0000 3.1295
1777025569.2359 0.000 0.000 0.0000 3.1295
1777025569.2415 0.000 0.000 0.0000 3.1295
1777025569.2460 0.000 0.000 0.0000 3.1295
1777025569.2517 0.000 0.000 0.0000 3.1295
1777025569.2563 0.000 0.000 0.0000 3.1295
1777025569.2609 0.000 0.000 0.0000 3.1295
1777025569.2666 0.000 0.000 0.0000 3.1295
1777025569.2712 0.000 0.000 0.0000 3.1295
1777025569.2767 0.000 0.000 0.0000 3.1295
1777025569.2814 0.000 0.000 0.0000 3.1295
1777025569.2861 0.000 0.000 0.0000 3.1295
1777025569.2909 0.000 0.000 0.0000 3.1295
1777025569.2965 0.000 0.000 0.0000 3.1295
1777025569.3011 0.000 0.000 0.0000 3.1295
1777025569.3068 0.000 0.000 0.0000 3.1295
1777025569.3112 0.000 0.000 0.0000 3.1295
1777025569.3168 0.000 0.000 0.0000 3.1295
1777025569.3217 0.000 0.000 0.0000 3.1295
1777025569.3261 0.000 0.000 0.0000 3.1295
1777025569.3318 0.000 0.000 0.0000 3.1295
1777025569.3362 0.000 0.000 0.0000 3.1295
1777025569.3411 0.000 0.000 0.0000 3.1295
1777025569.3459 0.000 0.000 0.0000 3.1295
1777025569.3515 0.000 0.000 0.0000 3.1295
1777025569.3562 0.000 0.000 0.0000 3.1295
1777025569.3617 0.000 0.000 0.0000 3.1295
1777025569.3663 0.000 0.000 0.0000 3.1295
1777025569.3719 0.000 0.000 0.0000 3.1295
1777025569.3763 0.000 0.000 0.0000 3.1295
1777025569.3809 0.000 0.000 0.0000 3.1295
1777025569.3866 0.000 0.000 0.0000 3.1295
1777025569.3914 0.000 0.000 0.0000 3.1295
1777025569.3959 0.000 0.000 0.0000 3.1295
1777025569.4017 0.000 0.000 0.0000 3.1295
1777025569.4061 0.000 0.000 0.0000 3.1295
1777025569.4116 0.000 0.000 0.0000 3.1295
1777025569.4162 0.000 0.000 0.0000 3.1295
1777025569.4218 0.000 0.000 0.0000 3.1295
1777025569.4266 0.000 0.000 0.0000 3.1295
1777025569.4310 0.000 0.000 0.0000 3.1295
1777025569.4368 0.000 0.000 0.0000 3.1295
1777025569.4409 0.000 0.000 0.0000 3.1295
1777025569.4464 0.000 0.000 0.0000 3.1295
1777025569.4513 0.000 0.000 0.0000 3.1295
1777025569.4568 0.000 0.000 0.0000 3.1295
1777025569.4614 0.000 0.000 0.0000 3.1295
1777025569.4659 0.000 0.000 0.0000 3.1295
1777025569.4714 0.000 0.000 0.0000 3.1295
1777025569.4760 0.000 0.000 0.0000 3.1295
1777025569.4815 0.000 0.000 0.0000 3.1295
1777025569.4864 0.000 0.000 0.0000 3.1295
1777025569.4912 0.000 0.000 0.0000 3.1295
1777025569.4967 0.000 0.000 0.0000 3.1294
1777025569.5013 0.000 0.000 0.0000 3.1294
1777025569.5068 0.000 0.000 0.0000 3.1294
1777025569.5114 0.000 0.000 0.0000 3.1295
1777025569.5158 0.000 0.000 0.0000 3.1294
1777025569.5212 0.000 0.000 0.0000 3.1294
1777025569.5267 0.000 0.000 0.0000 3.1294
1777025569.5313 0.000 0.000 0.0000 3.1294
1777025569.5359 0.000 0.000 0.0000 3.1294
1777025569.5419 0.000 0.000 0.0000 3.1294
1777025569.5466 0.000 0.000 0.0000 3.1294
1777025569.5515 0.000 0.000 0.0000 3.1294
1777025569.5560 0.000 0.000 0.0000 3.1294
1777025569.5617 0.000 0.000 0.0000 3.1295
1777025569.5661 0.000 0.000 0.0000 3.1295
1777025569.5718 0.000 0.000 0.0000 3.1295
1777025569.5761 0.000 0.000 0.0000 3.1295
1777025569.5809 0.000 0.000 0.0000 3.1295
1777025569.5865 0.000 0.000 0.0000 3.1295
1777025569.5911 0.000 0.000 0.0000 3.1295
1777025569.5968 0.000 0.000 0.0000 3.1295
1777025569.6012 0.000 0.000 0.0000 3.1295
1777025569.6069 0.000 0.000 0.0000 3.1294
1777025569.6114 0.000 0.000 0.0000 3.1295
1777025569.6169 0.000 0.000 0.0000 3.1294
1777025569.6217 0.000 0.000 0.0000 3.1294
1777025569.6268 0.000 0.000 0.0000 3.1294
1777025569.6315 0.000 0.000 0.0000 3.1294
1777025569.6359 0.000 0.000 0.0000 3.1294
1777025569.6417 0.000 0.000 0.0000 3.1294
1777025569.6462 0.000 0.000 0.0000 3.1294
1777025569.6518 0.000 0.000 0.0000 3.1294
1777025569.6563 0.000 0.000 0.0000 3.1294
1777025569.6609 0.000 0.000 0.0000 3.1294
1777025569.6666 0.000 0.000 0.0000 3.1294
1777025569.6710 0.000 0.000 0.0000 3.1294
1777025569.6766 0.000 0.000 0.0000 3.1294
1777025569.6813 0.000 0.000 0.0000 3.1295
1777025569.6864 0.000 0.000 0.0000 3.1295
1777025569.6913 0.000 0.000 0.0000 3.1295
1777025569.6967 0.000 0.000 0.0000 3.1295
1777025569.7013 0.000 0.000 0.0000 3.1295
1777025569.7069 0.000 0.000 0.0000 3.1295
1777025569.7113 0.000 0.000 0.0000 3.1295
1777025569.7169 0.000 0.000 0.0000 3.1295
1777025569.7216 0.000 0.000 0.0000 3.1295
1777025569.7262 0.000 0.000 0.0000 3.1295
1777025569.7318 0.000 0.000 0.0000 3.1295
1777025569.7362 0.000 0.000 0.0000 3.1295
1777025569.7419 0.000 0.000 0.0000 3.1295
1777025569.7465 0.000 0.000 0.0000 3.1295
1777025569.7515 0.000 0.000 0.0000 3.1295
1777025569.7560 0.000 0.000 0.0000 3.1295
1777025569.7619 0.000 0.000 0.0000 3.1295
1777025569.7663 0.000 0.000 0.0000 3.1295
1777025569.7720 0.000 0.000 0.0000 3.1295
1777025569.7765 0.000 0.000 0.0000 3.1295
1777025569.7810 0.000 0.000 0.0000 3.1295
1777025569.7869 0.000 0.000 0.0000 3.1295
1777025569.7913 0.000 0.000 0.0000 3.1295
1777025569.7969 0.000 0.000 0.0000 3.1296
1777025569.8015 0.000 0.000 0.0000 3.1296
1777025569.8070 0.000 0.000 0.0000 3.1296
1777025569.8117 0.000 0.000 0.0000 3.1296
1777025569.8160 0.000 0.000 0.0000 3.1296
1777025569.8213 0.000 0.000 0.0000 3.1296
1777025569.8269 0.000 0.000 0.0000 3.1296
1777025569.8315 0.000 0.000 0.0000 3.1296
1777025569.8361 0.000 0.000 0.0000 3.1296
1777025569.8417 0.000 0.000 0.0000 3.1296
1777025569.8463 0.000 0.000 0.0000 3.1295
1777025569.8516 0.000 0.000 0.0000 3.1295
1777025569.8561 0.000 0.000 0.0000 3.1295
1777025569.8618 0.000 0.000 0.0000 3.1296
1777025569.8663 0.000 0.000 0.0000 3.1296
1777025569.8720 0.000 0.000 0.0000 3.1296
1777025569.8764 0.000 0.000 0.0000 3.1296
1777025569.8811 0.000 0.000 0.0000 3.1296
1777025569.8865 0.000 0.000 0.0000 3.1296
1777025569.8912 0.000 0.000 0.0000 3.1296
1777025569.8968 0.000 0.000 0.0000 3.1296
1777025569.9014 0.000 0.000 0.0000 3.1296
1777025569.9062 0.000 0.000 0.0000 3.1296
1777025569.9113 0.000 0.000 0.0000 3.1296
1777025569.9163 0.000 0.000 0.0000 3.1296
1777025569.9212 0.000 0.000 0.0000 3.1296
1777025569.9270 0.000 0.000 0.0000 3.1296
1777025569.9319 0.000 0.000 0.0000 3.1296
1777025569.9364 0.000 0.000 0.0000 3.1296
1777025569.9413 0.000 0.000 0.0000 3.1297
1777025569.9471 0.000 0.000 0.0000 3.1297
1777025569.9522 0.000 0.000 0.0000 3.1296
1777025569.9563 0.000 0.000 0.0000 3.1297
1777025569.9622 0.000 0.000 0.0000 3.1296
1777025569.9683 0.000 0.000 0.0000 3.1296
1777025569.9719 0.000 0.000 0.0000 3.1296
1777025569.9765 0.000 0.000 0.0000 3.1296
1777025569.9821 0.000 0.000 0.0000 3.1296
1777025569.9868 0.000 0.000 0.0000 3.1296
1777025569.9915 0.000 0.000 0.0000 3.1296
1777025569.9971 0.000 0.000 0.0000 3.1296
1777025570.0017 0.000 0.000 0.0000 3.1297
1777025570.0073 0.000 0.000 0.0000 3.1297
1777025570.0117 0.000 0.000 0.0000 3.1297
1777025570.0163 0.000 0.000 0.0000 3.1297
1777025570.0219 0.000 0.000 0.0000 3.1296
1777025570.0267 0.000 0.000 0.0000 3.1296
1777025570.0321 0.000 0.000 0.0000 3.1296
1777025570.0367 0.000 0.000 0.0000 3.1296
1777025570.0413 0.000 0.000 0.0000 3.1296
1777025570.0468 0.000 0.000 0.0000 3.1296
1777025570.0516 0.000 0.000 0.0000 3.1296
1777025570.0573 0.000 0.000 0.0000 3.1296
1777025570.0621 0.000 0.000 0.0000 3.1296
1777025570.0667 0.000 0.000 0.0000 3.1296
1777025570.0721 0.000 0.000 0.0000 3.1296
1777025570.0767 0.000 0.000 0.0000 3.1296
1777025570.0822 0.000 0.000 0.0000 3.1296
1777025570.0867 0.000 0.000 0.0000 3.1296
1777025570.0914 0.000 0.000 0.0000 3.1296
1777025570.0970 0.000 0.000 0.0000 3.1296
1777025570.1026 0.000 0.000 0.0000 3.1296
1777025570.1074 0.000 0.000 0.0000 3.1296
1777025570.1120 0.000 0.000 0.0000 3.1296
1777025570.1175 0.000 0.000 0.0000 3.1296
1777025570.1223 0.000 0.000 0.0000 3.1296
1777025570.1268 0.000 0.000 0.0000 3.1296
1777025570.1324 0.000 0.000 0.0000 3.1296
1777025570.1369 0.000 0.000 0.0000 3.1296
1777025570.1425 0.000 0.000 0.0000 3.1296
1777025570.1473 0.000 0.000 0.0000 3.1296
1777025570.1518 0.000 0.000 0.0000 3.1296
1777025570.1576 0.000 0.000 0.0000 3.1296
1777025570.1620 0.000 0.000 0.0000 3.1296
1777025570.1675 0.000 0.000 0.0000 3.1296
1777025570.1722 0.000 0.000 0.0000 3.1296
1777025570.1777 0.000 0.000 0.0000 3.1296
1777025570.1824 0.000 0.000 0.0000 3.1296
1777025570.1877 0.000 0.000 0.0000 3.1296
1777025570.1923 0.000 0.000 0.0000 3.1296
1777025570.1969 0.000 0.000 0.0000 3.1296
1777025570.2024 0.000 0.000 0.0000 3.1296
1777025570.2070 0.000 0.000 0.0000 3.1296
1777025570.2126 0.000 0.000 0.0000 3.1296
1777025570.2173 0.000 0.000 0.0000 3.1296
1777025570.2219 0.000 0.000 0.0000 3.1296
1777025570.2275 0.000 0.000 0.0000 3.1296
1777025570.2321 0.000 0.000 0.0000 3.1296
1777025570.2377 0.000 0.000 0.0000 3.1296
1777025570.2424 0.000 0.000 0.0000 3.1296
1777025570.2469 0.000 0.000 0.0000 3.1296
1777025570.2518 0.000 0.000 0.0000 3.1296
1777025570.2576 0.000 0.000 0.0000 3.1296
1777025570.2619 0.000 0.000 0.0000 3.1296
1777025570.2678 0.000 0.000 0.0000 3.1296
1777025570.2721 0.000 0.000 0.0000 3.1296
1777025570.2778 0.000 0.000 0.0000 3.1296
1777025570.2823 0.000 0.000 0.0000 3.1296
1777025570.2869 0.000 0.000 0.0000 3.1296
1777025570.2927 0.000 0.000 0.0000 3.1296
1777025570.2972 0.000 0.000 0.0000 3.1296
1777025570.3028 0.000 0.000 0.0000 3.1296
1777025570.3074 0.000 0.000 0.0000 3.1296
1777025570.3119 0.000 0.000 0.0000 3.1296
1777025570.3176 0.000 0.000 0.0000 3.1296
1777025570.3222 0.000 0.000 0.0000 3.1297
1777025570.3270 0.000 0.000 0.0000 3.1297
1777025570.3325 0.000 0.000 0.0000 3.1297
1777025570.3373 0.000 0.000 0.0000 3.1297
1777025570.3428 0.000 0.000 0.0000 3.1297
1777025570.3474 0.000 0.000 0.0000 3.1297
1777025570.3528 0.000 0.000 0.0000 3.1297
1777025570.3574 0.000 0.000 0.0000 3.1297
1777025570.3620 0.000 0.000 0.0000 3.1297
1777025570.3675 0.000 0.000 0.0000 3.1297
1777025570.3721 0.000 0.000 0.0000 3.1297
1777025570.3778 0.000 0.000 0.0000 3.1297
1777025570.3821 0.000 0.000 0.0000 3.1297
1777025570.3869 0.000 0.000 0.0000 3.1297
1777025570.3924 0.000 0.000 0.0000 3.1296
1777025570.3971 0.000 0.000 0.0000 3.1296
1777025570.4026 0.000 0.000 0.0000 3.1296
1777025570.4071 0.000 0.000 0.0000 3.1296
1777025570.4127 0.000 0.000 0.0000 3.1297
1777025570.4173 0.000 0.000 0.0000 3.1297
1777025570.4221 0.000 0.000 0.0000 3.1296
1777025570.4278 0.000 0.000 0.0000 3.1296
1777025570.4322 0.000 0.000 0.0000 3.1296
1777025570.4371 0.000 0.000 0.0000 3.1296
1777025570.4426 0.000 0.000 0.0000 3.1296
1777025570.4473 0.000 0.000 0.0000 3.1296
1777025570.4529 0.000 0.000 0.0000 3.1296
1777025570.4575 0.000 0.000 0.0000 3.1296
1777025570.4629 0.000 0.000 0.0000 3.1296
1777025570.4675 0.000 0.000 0.0000 3.1296
1777025570.4721 0.000 0.000 0.0000 3.1296
1777025570.4778 0.000 0.000 0.0000 3.1296
1777025570.4824 0.000 0.000 0.0000 3.1296
1777025570.4878 0.000 0.000 0.0000 3.1296
1777025570.4925 0.000 0.000 0.0000 3.1296
1777025570.4971 0.000 0.000 0.0000 3.1296
1777025570.5025 0.000 0.000 0.0000 3.1296
1777025570.5073 0.000 0.000 0.0000 3.1296
1777025570.5126 0.000 0.000 0.0000 3.1297
1777025570.5173 0.000 0.000 0.0000 3.1297
1777025570.5220 0.000 0.000 0.0000 3.1296
1777025570.5275 0.000 0.000 0.0000 3.1297
1777025570.5321 0.000 0.000 0.0000 3.1297
1777025570.5377 0.000 0.000 0.0000 3.1297
1777025570.5423 0.000 0.000 0.0000 3.1297
1777025570.5479 0.000 0.000 0.0000 3.1297
1777025570.5526 0.000 0.000 0.0000 3.1297
1777025570.5572 0.000 0.000 0.0000 3.1297
1777025570.5628 0.000 0.000 0.0000 3.1297
1777025570.5676 0.000 0.000 0.0000 3.1297
1777025570.5721 0.000 0.000 0.0000 3.1297
1777025570.5779 0.000 0.000 0.0000 3.1296
1777025570.5822 0.000 0.000 0.0000 3.1296
1777025570.5878 0.000 0.000 0.0000 3.1297
1777025570.5924 0.000 0.000 0.0000 3.1296
1777025570.5970 0.000 0.000 0.0000 3.1296
1777025570.6027 0.000 0.000 0.0000 3.1296
1777025570.6072 0.000 0.000 0.0000 3.1296
1777025570.6127 0.000 0.000 0.0000 3.1296
1777025570.6173 0.000 0.000 0.0000 3.1296
1777025570.6229 0.000 0.000 0.0000 3.1296
1777025570.6277 0.000 0.000 0.0000 3.1296
1777025570.6320 0.000 0.000 0.0000 3.1296
1777025570.6378 0.000 0.000 0.0000 3.1296
1777025570.6422 0.000 0.000 0.0000 3.1296
1777025570.6478 0.000 0.000 0.0000 3.1296
1777025570.6528 0.000 0.000 0.0000 3.1296
1777025570.6574 0.000 0.000 0.0000 3.1296
1777025570.6630 0.000 0.000 0.0000 3.1296
1777025570.6679 0.000 0.000 0.0000 3.1296
1777025570.6723 0.000 0.000 0.0000 3.1296
1777025570.6772 0.000 0.000 0.0000 3.1296
1777025570.6826 0.000 0.000 0.0000 3.1296
1777025570.6878 0.000 0.000 0.0000 3.1296
1777025570.6923 0.000 0.000 0.0000 3.1296
1777025570.6980 0.000 0.000 0.0000 3.1296
1777025570.7024 0.000 0.000 0.0000 3.1296
1777025570.7080 0.000 0.000 0.0000 3.1296
1777025570.7125 0.000 0.000 0.0000 3.1296
1777025570.7172 0.000 0.000 0.0000 3.1296
1777025570.7231 0.000 0.000 0.0000 3.1296
1777025570.7276 0.000 0.000 0.0000 3.1296
1777025570.7332 0.000 0.000 0.0000 3.1296
1777025570.7377 0.000 0.000 0.0000 3.1296
1777025570.7432 0.000 0.000 0.0000 3.1296
1777025570.7480 0.000 0.000 0.0000 3.1296
1777025570.7523 0.000 0.000 0.0000 3.1296
1777025570.7573 0.000 0.000 0.0000 3.1296
1777025570.7625 0.000 0.000 0.0000 3.1296
1777025570.7682 0.000 0.000 0.0000 3.1296
1777025570.7728 0.000 0.000 0.0000 3.1296
1777025570.7785 0.000 0.000 0.0000 3.1296
1777025570.7832 0.000 0.000 0.0000 3.1296
1777025570.7878 0.000 0.000 0.0000 3.1296
1777025570.7934 0.000 0.000 0.0000 3.1296
1777025570.7980 0.000 0.000 0.0000 3.1296
1777025570.8034 0.000 0.000 0.0000 3.1296
1777025570.8082 0.000 0.000 0.0000 3.1296
1777025570.8137 0.000 0.000 0.0000 3.1296
1777025570.8185 0.000 0.000 0.0000 3.1296
1777025570.8230 0.000 0.000 0.0000 3.1296
1777025570.8287 0.000 0.000 0.0000 3.1296
1777025570.8331 0.000 0.000 0.0000 3.1296
1777025570.8387 0.000 0.000 0.0000 3.1296
1777025570.8436 0.000 0.000 0.0000 3.1296
1777025570.8481 0.000 0.000 0.0000 3.1296
1777025570.8529 0.000 0.000 0.0000 3.1296
1777025570.8586 0.000 0.000 0.0000 3.1296
1777025570.8630 0.000 0.000 0.0000 3.1296
1777025570.8678 0.000 0.000 0.0000 3.1296
1777025570.8732 0.000 0.000 0.0000 3.1296
1777025570.8778 0.000 0.000 0.0000 3.1296
1777025570.8837 0.000 0.000 0.0000 3.1296
1777025570.8883 0.000 0.000 0.0000 3.1296
1777025570.8928 0.000 0.000 0.0000 3.1296
1777025570.8984 0.000 0.000 0.0000 3.1296
1777025570.9030 0.000 0.000 0.0000 3.1296
1777025570.9086 0.000 0.000 0.0000 3.1296
1777025570.9130 0.000 0.000 0.0000 3.1296
1777025570.9187 0.000 0.000 0.0000 3.1296
1777025570.9232 0.000 0.000 0.0000 3.1296
1777025570.9279 0.000 0.000 0.0000 3.1296
1777025570.9334 0.000 0.000 0.0000 3.1296
1777025570.9382 0.000 0.000 0.0000 3.1296
1777025570.9444 0.000 0.000 0.0000 3.1296
1777025570.9481 0.000 0.000 0.0000 3.1296
1777025570.9538 0.000 0.000 0.0000 3.1296
1777025570.9584 0.000 0.000 0.0000 3.1296
1777025570.9631 0.000 0.000 0.0000 3.1296
1777025570.9686 0.000 0.000 0.0000 3.1296
1777025570.9732 0.000 0.000 0.0000 3.1296
1777025570.9779 0.000 0.000 0.0000 3.1296
1777025570.9832 0.000 0.000 0.0000 3.1296
1777025570.9882 0.000 0.000 0.0000 3.1296
1777025570.9939 0.000 0.000 0.0000 3.1296
1777025570.9978 0.000 0.000 0.0000 3.1296
1777025571.0033 0.000 0.000 0.0000 3.1296
1777025571.0079 0.000 0.000 0.0000 3.1296
1777025571.0135 0.000 0.000 0.0000 3.1296
1777025571.0186 0.000 0.000 0.0000 3.1296
1777025571.0232 0.000 0.000 0.0000 3.1296
1777025571.0278 0.000 0.000 0.0000 3.1296
1777025571.0333 0.000 0.000 0.0000 3.1296
1777025571.0379 0.000 0.000 0.0000 3.1296
1777025571.0434 0.000 0.000 0.0000 3.1296
1777025571.0482 0.000 0.000 0.0000 3.1296
1777025571.0538 0.000 0.000 0.0000 3.1296
1777025571.0585 0.000 0.000 0.0000 3.1296
1777025571.0629 0.000 0.000 0.0000 3.1296
1777025571.0687 0.000 0.000 0.0000 3.1296
1777025571.0732 0.000 0.000 0.0000 3.1296
1777025571.0779 0.000 0.000 0.0000 3.1296
1777025571.0837 0.000 0.000 0.0000 3.1296
1777025571.0882 0.000 0.000 0.0000 3.1296
1777025571.0930 0.000 0.000 0.0000 3.1296
1777025571.0987 0.000 0.000 0.0000 3.1296
1777025571.1030 0.000 0.000 0.0000 3.1296
1777025571.1088 0.000 0.000 0.0000 3.1296
1777025571.1132 0.000 0.000 0.0000 3.1296
1777025571.1187 0.000 0.000 0.0000 3.1296
1777025571.1232 0.000 0.000 0.0000 3.1296
1777025571.1278 0.000 0.000 0.0000 3.1296
1777025571.1334 0.000 0.000 0.0000 3.1296
1777025571.1379 0.000 0.000 0.0000 3.1296
1777025571.1436 0.000 0.000 0.0000 3.1296
1777025571.1481 0.000 0.000 0.0000 3.1296
1777025571.1530 0.000 0.000 0.0000 3.1296
1777025571.1586 0.000 0.000 0.0000 3.1296
1777025571.1631 0.000 0.000 0.0000 3.1296
1777025571.1688 0.000 0.000 0.0000 3.1296
1777025571.1732 0.000 0.000 0.0000 3.1296
1777025571.1789 0.000 0.000 0.0000 3.1296
1777025571.1838 0.000 0.000 0.0000 3.1296
1777025571.1886 0.000 0.000 0.0000 3.1296
1777025571.1930 0.000 0.000 0.0000 3.1296
1777025571.1986 0.000 0.000 0.0000 3.1296
1777025571.2032 0.000 0.000 0.0000 3.1296
1777025571.2087 0.000 0.000 0.0000 3.1296
1777025571.2133 0.000 0.000 0.0000 3.1296
1777025571.2189 0.000 0.000 0.0000 3.1296
1777025571.2233 0.000 0.000 0.0000 3.1296
1777025571.2282 0.000 0.000 0.0000 3.1296
1777025571.2333 0.000 0.000 0.0000 3.1296
1777025571.2380 0.000 0.000 0.0000 3.1296
1777025571.2436 0.000 0.000 0.0000 3.1296
1777025571.2482 0.000 0.000 0.0000 3.1296
1777025571.2539 0.000 0.000 0.0000 3.1296
1777025571.2585 0.000 0.000 0.0000 3.1296
1777025571.2631 0.000 0.000 0.0000 3.1296
1777025571.2687 0.000 0.000 0.0000 3.1296
1777025571.2731 0.000 0.000 0.0000 3.1296
1777025571.2789 0.000 0.000 0.0000 3.1296
1777025571.2837 0.000 0.000 0.0000 3.1296
1777025571.2884 0.000 0.000 0.0000 3.1296
1777025571.2939 0.000 0.000 0.0000 3.1296
1777025571.2986 0.000 0.000 0.0000 3.1296
1777025571.3040 0.000 0.000 0.0000 3.1296
1777025571.3086 0.000 0.000 0.0000 3.1296
1777025571.3131 0.000 0.000 0.0000 3.1296
1777025571.3187 0.000 0.000 0.0000 3.1296
1777025571.3235 0.000 0.000 0.0000 3.1296
1777025571.3281 0.000 0.000 0.0000 3.1296
1777025571.3337 0.000 0.000 0.0000 3.1296
1777025571.3383 0.000 0.000 0.0000 3.1296
1777025571.3438 0.000 0.000 0.0000 3.1296
1777025571.3485 0.000 0.000 0.0000 3.1296
1777025571.3542 0.000 0.000 0.0000 3.1296
1777025571.3589 0.000 0.000 0.0000 3.1296
1777025571.3634 0.000 0.000 0.0000 3.1296
1777025571.3680 0.000 0.000 0.0000 3.1296
1777025571.3736 0.000 0.000 0.0000 3.1296
1777025571.3782 0.000 0.000 0.0000 3.1296
1777025571.3839 0.000 0.000 0.0000 3.1296
1777025571.3885 0.000 0.000 0.0000 3.1295
1777025571.3930 0.000 0.000 0.0000 3.1295
1777025571.3986 0.000 0.000 0.0000 3.1295
1777025571.4041 0.000 0.000 0.0000 3.1295
1777025571.4087 0.000 0.000 0.0000 3.1295
1777025571.4142 0.000 0.000 0.0000 3.1295
1777025571.4191 0.000 0.000 0.0000 3.1295
1777025571.4235 0.000 0.000 0.0000 3.1295
1777025571.4282 0.000 0.000 0.0000 3.1295
1777025571.4337 0.000 0.000 0.0000 3.1295
1777025571.4383 0.000 0.000 0.0000 3.1295
1777025571.4440 0.000 0.000 0.0000 3.1295
1777025571.4485 0.000 0.000 0.0000 3.1295
1777025571.4543 0.000 0.000 0.0000 3.1295
1777025571.4588 0.000 0.000 0.0000 3.1295
1777025571.4644 0.000 0.000 0.0000 3.1295
1777025571.4691 0.000 0.000 0.0000 3.1295
1777025571.4746 0.000 0.000 0.0000 3.1295
1777025571.4793 0.000 0.000 0.0000 3.1294
1777025571.4840 0.000 0.000 0.0000 3.1294
1777025571.4895 0.000 0.000 0.0000 3.1294
1777025571.4942 0.000 0.000 0.0000 3.1295
1777025571.4997 0.000 0.000 0.0000 3.1295
1777025571.5044 0.000 0.000 0.0000 3.1295
1777025571.5092 0.000 0.000 0.0000 3.1295
1777025571.5150 0.000 0.000 0.0000 3.1295
1777025571.5203 0.000 0.000 0.0000 3.1295
1777025571.5241 0.000 0.000 0.0000 3.1295
1777025571.5295 0.000 0.000 0.0000 3.1294
1777025571.5342 0.000 0.000 0.0000 3.1294
1777025571.5391 0.000 0.000 0.0000 3.1295
1777025571.5449 0.000 0.000 0.0000 3.1295
1777025571.5499 0.000 0.000 0.0000 3.1295
1777025571.5547 0.000 0.000 0.0000 3.1295
1777025571.5593 0.000 0.000 0.0000 3.1295
1777025571.5647 0.000 0.000 0.0000 3.1295
1777025571.5692 0.000 0.000 0.0000 3.1295
1777025571.5741 0.000 0.000 0.0000 3.1295
1777025571.5798 0.000 0.000 0.0000 3.1295
1777025571.5843 0.000 0.000 0.0000 3.1295
1777025571.5893 0.000 0.000 0.0000 3.1295
1777025571.5950 0.000 0.000 0.0000 3.1295
1777025571.5998 0.000 0.000 0.0000 3.1295
1777025571.6044 0.000 0.000 0.0000 3.1295
1777025571.6091 0.000 0.000 0.0000 3.1295
1777025571.6140 0.000 0.000 0.0000 3.1295
1777025571.6193 0.000 0.000 0.0000 3.1295
1777025571.6241 0.000 0.000 0.0000 3.1295
1777025571.6297 0.000 0.000 0.0000 3.1295
1777025571.6345 0.000 0.000 0.0000 3.1295
1777025571.6390 0.000 0.000 0.0000 3.1295
1777025571.6449 0.000 0.000 0.0000 3.1295
1777025571.6496 0.000 0.000 0.0000 3.1295
1777025571.6547 0.000 0.000 0.0000 3.1294
1777025571.6600 0.000 0.000 0.0000 3.1294
1777025571.6645 0.000 0.000 0.0000 3.1294
1777025571.6693 0.000 0.000 0.0000 3.1294
1777025571.6740 0.000 0.000 0.0000 3.1294
1777025571.6799 0.000 0.000 0.0000 3.1294
1777025571.6855 0.000 0.000 0.0000 3.1295
1777025571.6900 0.000 0.000 0.0000 3.1295
1777025571.6951 0.000 0.000 0.0000 3.1295
1777025571.6990 0.000 0.000 0.0000 3.1295
1777025571.7042 0.000 0.000 0.0000 3.1294
1777025571.7094 0.000 0.000 0.0000 3.1294
1777025571.7178 0.000 0.000 0.0000 3.1294
1777025571.7217 0.000 0.000 0.0000 3.1294
1777025571.7243 0.000 0.000 0.0000 3.1294
1777025571.7290 0.000 0.000 0.0000 3.1294
1777025571.7344 0.000 0.000 0.0000 3.1294
1777025571.7394 0.000 0.000 0.0000 3.1294
1777025571.7446 0.000 0.000 0.0000 3.1294
1777025571.7492 0.000 0.000 0.0000 3.1294
1777025571.7547 0.000 0.000 0.0000 3.1294
1777025571.7594 0.000 0.000 0.0000 3.1294
1777025571.7642 0.000 0.000 0.0000 3.1294
1777025571.7695 0.000 0.000 0.0000 3.1294
1777025571.7742 0.000 0.000 0.0000 3.1294
1777025571.7800 0.000 0.000 0.0000 3.1294
1777025571.7848 0.000 0.000 0.0000 3.1294
1777025571.7890 0.000 0.000 0.0000 3.1294
1777025571.7951 0.000 0.000 0.0000 3.1294
1777025571.7997 0.000 0.000 0.0000 3.1294
1777025571.8046 0.000 0.000 0.0000 3.1294
1777025571.8093 0.000 0.000 0.0000 3.1294
1777025571.8144 0.000 0.000 0.0000 3.1294
1777025571.8196 0.000 0.000 0.0000 3.1294
1777025571.8253 0.000 0.000 0.0000 3.1294
1777025571.8331 0.000 0.000 0.0000 3.1294
1777025571.8345 0.000 0.000 0.0000 3.1294
1777025571.8393 0.000 0.000 0.0000 3.1294
1777025571.8441 0.000 0.000 0.0000 3.1294
1777025571.8499 0.000 0.000 0.0000 3.1294
1777025571.8548 0.000 0.000 0.0000 3.1294
1777025571.8595 0.000 0.000 0.0000 3.1294
1777025571.8642 0.000 0.000 0.0000 3.1295
1777025571.8699 0.000 0.000 0.0000 3.1295
1777025571.8747 0.000 0.000 0.0000 3.1295
1777025571.8797 0.000 0.000 0.0000 3.1295
1777025571.8845 0.000 0.000 0.0000 3.1295
1777025571.8891 0.000 0.000 0.0000 3.1295
1777025571.8989 0.000 0.000 0.0000 3.1295
1777025571.8994 0.000 0.000 0.0000 3.1295
1777025571.9051 0.000 0.000 0.0000 3.1295
1777025571.9100 0.000 0.000 0.0000 3.1295
1777025571.9146 0.000 0.000 0.0000 3.1295
1777025571.9196 0.000 0.000 0.0000 3.1295
1777025571.9241 0.000 0.000 0.0000 3.1295
1777025571.9297 0.000 0.000 0.0000 3.1295
1777025571.9345 0.000 0.000 0.0000 3.1295
1777025571.9393 0.000 0.000 0.0000 3.1295
1777025571.9441 0.000 0.000 0.0000 3.1295
1777025571.9498 0.000 0.000 0.0000 3.1295
1777025571.9542 0.000 0.000 0.0000 3.1295
1777025571.9594 0.000 0.000 0.0000 3.1295
1777025571.9643 0.000 0.000 0.0000 3.1295
1777025571.9693 0.000 0.000 0.0000 3.1295
1777025571.9752 0.000 0.000 0.0000 3.1295
1777025571.9813 0.000 0.000 0.0000 3.1295
1777025571.9861 0.000 0.000 0.0000 3.1295
1777025571.9897 0.000 0.000 0.0000 3.1295
1777025571.9954 0.000 0.000 0.0000 3.1295
1777025572.0003 0.000 0.000 0.0000 3.1295
1777025572.0045 0.000 0.000 0.0000 3.1295
1777025572.0094 0.000 0.000 0.0000 3.1295
1777025572.0152 0.000 0.000 0.0000 3.1295
1777025572.0195 0.000 0.000 0.0000 3.1295
1777025572.0276 0.000 0.000 0.0000 3.1295
1777025572.0303 0.000 0.000 0.0000 3.1295
1777025572.0344 0.000 0.000 0.0000 3.1295
1777025572.0397 0.000 0.000 0.0000 3.1295
1777025572.0443 0.000 0.000 0.0000 3.1295
1777025572.0501 0.000 0.000 0.0000 3.1295
1777025572.0546 0.000 0.000 0.0000 3.1295
1777025572.0597 0.000 0.000 0.0000 3.1295
1777025572.0656 0.000 0.000 0.0000 3.1295
1777025572.0732 0.000 0.000 0.0000 3.1295
1777025572.0746 0.000 0.000 0.0000 3.1295
1777025572.0794 0.000 0.000 0.0000 3.1295
1777025572.0846 0.000 0.000 0.0000 3.1295
1777025572.0894 0.000 0.000 0.0000 3.1295
1777025572.0943 0.000 0.000 0.0000 3.1295
1777025572.0994 0.000 0.000 0.0000 3.1295
1777025572.1052 0.000 0.000 0.0000 3.1295
1777025572.1098 0.000 0.000 0.0000 3.1295
1777025572.1146 0.000 0.000 0.0000 3.1295
1777025572.1197 0.000 0.000 0.0000 3.1295
1777025572.1246 0.000 0.000 0.0000 3.1295
1777025572.1304 0.000 0.000 0.0000 3.1295
1777025572.1351 0.000 0.000 0.0000 3.1295
1777025572.1409 0.000 0.000 0.0000 3.1295
1777025572.1457 0.000 0.000 0.0000 3.1295
1777025572.1510 0.000 0.000 0.0000 3.1295
1777025572.1549 0.000 0.000 0.0000 3.1295
1777025572.1606 0.000 0.000 0.0000 3.1295
1777025572.1655 0.000 0.000 0.0000 3.1295
1777025572.1705 0.000 0.000 0.0000 3.1295
1777025572.1754 0.000 0.000 0.0000 3.1295
1777025572.1802 0.000 0.000 0.0000 3.1295
1777025572.1862 0.000 0.000 0.0000 3.1295
1777025572.1899 0.000 0.000 0.0000 3.1295
1777025572.1956 0.000 0.000 0.0000 3.1295
1777025572.2037 0.000 0.000 0.0000 3.1295
1777025572.2053 0.000 0.000 0.0000 3.1295
1777025572.2103 0.000 0.000 0.0000 3.1295
1777025572.2154 0.000 0.000 0.0000 3.1295
1777025572.2211 0.000 0.000 0.0000 3.1295
1777025572.2252 0.000 0.000 0.0000 3.1295
1777025572.2301 0.000 0.000 0.0000 3.1295
1777025572.2348 0.000 0.000 0.0000 3.1295
1777025572.2404 0.000 0.000 0.0000 3.1295
1777025572.2452 0.000 0.000 0.0000 3.1295
1777025572.2510 0.000 0.000 0.0000 3.1295
1777025572.2549 0.000 0.000 0.0000 3.1295
1777025572.2609 0.000 0.000 0.0000 3.1295
1777025572.2653 0.000 0.000 0.0000 3.1295
1777025572.2701 0.000 0.000 0.0000 3.1295
1777025572.2758 0.000 0.000 0.0000 3.1295
1777025572.2803 0.000 0.000 0.0000 3.1295
1777025572.2856 0.000 0.000 0.0000 3.1295
1777025572.2901 0.000 0.000 0.0000 3.1295
1777025572.2949 0.000 0.000 0.0000 3.1295
1777025572.2999 0.000 0.000 0.0000 3.1295
1777025572.3094 0.000 0.000 0.0000 3.1295
1777025572.3110 0.000 0.000 0.0000 3.1295
1777025572.3156 0.000 0.000 0.0000 3.1295
1777025572.3203 0.000 0.000 0.0000 3.1295
1777025572.3249 0.000 0.000 0.0000 3.1295
1777025572.3307 0.000 0.000 0.0000 3.1295
1777025572.3354 0.000 0.000 0.0000 3.1295
1777025572.3400 0.000 0.000 0.0000 3.1295
1777025572.3449 0.000 0.000 0.0000 3.1295
1777025572.3508 0.000 0.000 0.0000 3.1295
1777025572.3551 0.000 0.000 0.0000 3.1295
1777025572.3643 0.000 0.000 0.0000 3.1295
1777025572.3659 0.000 0.000 0.0000 3.1295
1777025572.3708 0.000 0.000 0.0000 3.1295
1777025572.3754 0.000 0.000 0.0000 3.1295
1777025572.3806 0.000 0.000 0.0000 3.1295
1777025572.3855 0.000 0.000 0.0000 3.1295
1777025572.3937 0.000 0.000 0.0000 3.1295
1777025572.3956 0.000 0.000 0.0000 3.1295
1777025572.4003 0.000 0.000 0.0000 3.1295
1777025572.4055 0.000 0.000 0.0000 3.1295
1777025572.4100 0.000 0.000 0.0000 3.1295
1777025572.4150 0.000 0.000 0.0000 3.1295
1777025572.4200 0.000 0.000 0.0000 3.1295
1777025572.4258 0.000 0.000 0.0000 3.1295
1777025572.4305 0.000 0.000 0.0000 3.1295
1777025572.4351 0.000 0.000 0.0000 3.1295
1777025572.4407 0.000 0.000 0.0000 3.1295
1777025572.4478 0.000 0.000 0.0000 3.1295
1777025572.4504 0.000 0.000 0.0000 3.1295
1777025572.4557 0.000 0.000 0.0000 3.1295
1777025572.4604 0.000 0.000 0.0000 3.1295
1777025572.4654 0.000 0.000 0.0000 3.1295
1777025572.4702 0.000 0.000 0.0000 3.1295
1777025572.4751 0.000 0.000 0.0000 3.1295
1777025572.4806 0.000 0.000 0.0000 3.1295
1777025572.4883 0.000 0.000 0.0000 3.1295
1777025572.4909 0.000 0.000 0.0000 3.1295
1777025572.4960 0.000 0.000 0.0000 3.1295
1777025572.5007 0.000 0.000 0.0000 3.1295
1777025572.5052 0.000 0.000 0.0000 3.1295
1777025572.5103 0.000 0.000 0.0000 3.1295
1777025572.5150 0.000 0.000 0.0000 3.1295
1777025572.5208 0.000 0.000 0.0000 3.1295
1777025572.5259 0.000 0.000 0.0000 3.1295
1777025572.5333 0.000 0.000 0.0000 3.1295
1777025572.5351 0.000 0.000 0.0000 3.1295
1777025572.5406 0.000 0.000 0.0000 3.1295
1777025572.5457 0.000 0.000 0.0000 3.1295
1777025572.5511 0.000 0.000 0.0000 3.1295
1777025572.5557 0.000 0.000 0.0000 3.1295
1777025572.5604 0.000 0.000 0.0000 3.1295
1777025572.5652 0.000 0.000 0.0000 3.1295
1777025572.5704 0.000 0.000 0.0000 3.1295
1777025572.5754 0.000 0.000 0.0000 3.1295
1777025572.5813 0.000 0.000 0.0000 3.1295
1777025572.5854 0.000 0.000 0.0000 3.1295
1777025572.5907 0.000 0.000 0.0000 3.1295
1777025572.5961 0.000 0.000 0.0000 3.1295
1777025572.6010 0.000 0.000 0.0000 3.1294
1777025572.6058 0.000 0.000 0.0000 3.1294
1777025572.6104 0.000 0.000 0.0000 3.1294
1777025572.6160 0.000 0.000 0.0000 3.1294
1777025572.6203 0.000 0.000 0.0000 3.1294
1777025572.6253 0.000 0.000 0.0000 3.1294
1777025572.6307 0.000 0.000 0.0000 3.1294
1777025572.6356 0.000 0.000 0.0000 3.1294
1777025572.6402 0.000 0.000 0.0000 3.1294
1777025572.6462 0.000 0.000 0.0000 3.1294
1777025572.6512 0.000 0.000 0.0000 3.1294
1777025572.6561 0.000 0.000 0.0000 3.1294
1777025572.6607 0.000 0.000 0.0000 3.1294
1777025572.6654 0.000 0.000 0.0000 3.1294
1777025572.6712 0.000 0.000 0.0000 3.1294
1777025572.6756 0.000 0.000 0.0000 3.1294
1777025572.6815 0.000 0.000 0.0000 3.1294
1777025572.6866 0.000 0.000 0.0000 3.1294
1777025572.6907 0.000 0.000 0.0000 3.1294
1777025572.6955 0.000 0.000 0.0000 3.1294
1777025572.7004 0.000 0.000 0.0000 3.1294
1777025572.7062 0.000 0.000 0.0000 3.1294
1777025572.7108 0.000 0.000 0.0000 3.1294
1777025572.7156 0.000 0.000 0.0000 3.1294
1777025572.7213 0.000 0.000 0.0000 3.1294
1777025572.7255 0.000 0.000 0.0000 3.1294
1777025572.7307 0.000 0.000 0.0000 3.1294
1777025572.7354 0.000 0.000 0.0000 3.1294
1777025572.7412 0.000 0.000 0.0000 3.1294
1777025572.7460 0.000 0.000 0.0000 3.1294
1777025572.7513 0.000 0.000 0.0000 3.1294
1777025572.7558 0.000 0.000 0.0000 3.1294
1777025572.7604 0.000 0.000 0.0000 3.1294
1777025572.7662 0.000 0.000 0.0000 3.1294
1777025572.7708 0.000 0.000 0.0000 3.1294
1777025572.7754 0.000 0.000 0.0000 3.1294
1777025572.7810 0.000 0.000 0.0000 3.1294
1777025572.7857 0.000 0.000 0.0000 3.1294
1777025572.7906 0.000 0.000 0.0000 3.1294
1777025572.7953 0.000 0.000 0.0000 3.1294
1777025572.8010 0.000 0.000 0.0000 3.1294
1777025572.8067 0.000 0.000 0.0000 3.1294
1777025572.8115 0.000 0.000 0.0000 3.1294
1777025572.8159 0.000 0.000 0.0000 3.1294
1777025572.8209 0.000 0.000 0.0000 3.1294
1777025572.8258 0.000 0.000 0.0000 3.1294
1777025572.8315 0.000 0.000 0.0000 3.1294
1777025572.8362 0.000 0.000 0.0000 3.1294
1777025572.8408 0.000 0.000 0.0000 3.1294
1777025572.8461 0.000 0.000 0.0000 3.1294
1777025572.8516 0.000 0.000 0.0000 3.1294
1777025572.8560 0.000 0.000 0.0000 3.1294
1777025572.8609 0.000 0.000 0.0000 3.1294
1777025572.8665 0.000 0.000 0.0000 3.1294
1777025572.8712 0.000 0.000 0.0000 3.1294
1777025572.8757 0.000 0.000 0.0000 3.1294
1777025572.8814 0.000 0.000 0.0000 3.1294
1777025572.8866 0.000 0.000 0.0000 3.1294
1777025572.8912 0.000 0.000 0.0000 3.1294
1777025572.8961 0.000 0.000 0.0000 3.1294
1777025572.9019 0.000 0.000 0.0000 3.1294
1777025572.9091 0.000 0.000 0.0000 3.1294
1777025572.9120 0.000 0.000 0.0000 3.1294
1777025572.9168 0.000 0.000 0.0000 3.1294
1777025572.9218 0.000 0.000 0.0000 3.1294
1777025572.9263 0.000 0.000 0.0000 3.1294
1777025572.9310 0.000 0.000 0.0000 3.1294
1777025572.9364 0.000 0.000 0.0000 3.1294
1777025572.9413 0.000 0.000 0.0000 3.1294
1777025572.9461 0.000 0.000 0.0000 3.1294
1777025572.9513 0.000 0.000 0.0000 3.1294
1777025572.9567 0.000 0.000 0.0000 3.1294
1777025572.9612 0.000 0.000 0.0000 3.1294
1777025572.9691 0.000 0.000 0.0000 3.1294
1777025572.9719 0.000 0.000 0.0000 3.1294
1777025572.9765 0.000 0.000 0.0000 3.1294
1777025572.9819 0.000 0.000 0.0000 3.1294
1777025572.9868 0.000 0.000 0.0000 3.1294
1777025572.9916 0.000 0.000 0.0000 3.1294
1777025572.9965 0.000 0.000 0.0000 3.1294
1777025573.0018 0.000 0.000 0.0000 3.1294
1777025573.0069 0.000 0.000 0.0000 3.1294
1777025573.0117 0.000 0.000 0.0000 3.1294
1777025573.0165 0.000 0.000 0.0000 3.1294
1777025573.0217 0.000 0.000 0.0000 3.1294
1777025573.0264 0.000 0.000 0.0000 3.1294
1777025573.0311 0.000 0.000 0.0000 3.1294
1777025573.0367 0.000 0.000 0.0000 3.1294
1777025573.0416 0.000 0.000 0.0000 3.1294
1777025573.0465 0.000 0.000 0.0000 3.1294
1777025573.0517 0.000 0.000 0.0000 3.1294
1777025573.0562 0.000 0.000 0.0000 3.1294
1777025573.0613 0.000 0.000 0.0000 3.1294
1777025573.0659 0.000 0.000 0.0000 3.1294
1777025573.0718 0.000 0.000 0.0000 3.1294
1777025573.0767 0.000 0.000 0.0000 3.1294
1777025573.0812 0.000 0.000 0.0000 3.1294
1777025573.0863 0.000 0.000 0.0000 3.1294
1777025573.0910 0.000 0.000 0.0000 3.1294
1777025573.0966 0.000 0.000 0.0000 3.1294
1777025573.1017 0.000 0.000 0.0000 3.1294
1777025573.1063 0.000 0.000 0.0000 3.1294
1777025573.1112 0.000 0.000 0.0000 3.1294
1777025573.1159 0.000 0.000 0.0000 3.1294
1777025573.1217 0.000 0.000 0.0000 3.1294
1777025573.1265 0.000 0.000 0.0000 3.1294
1777025573.1312 0.000 0.000 0.0000 3.1295
1777025573.1369 0.000 0.000 0.0000 3.1295
1777025573.1416 0.000 0.000 0.0000 3.1295
1777025573.1462 0.000 0.000 0.0000 3.1295
1777025573.1511 0.000 0.000 0.0000 3.1295
1777025573.1567 0.000 0.000 0.0000 3.1295
1777025573.1616 0.000 0.000 0.0000 3.1295
1777025573.1663 0.000 0.000 0.0000 3.1295
1777025573.1712 0.000 0.000 0.0000 3.1295
1777025573.1767 0.000 0.000 0.0000 3.1295
1777025573.1815 0.000 0.000 0.0000 3.1295
1777025573.1868 0.000 0.000 0.0000 3.1295
1777025573.1915 0.000 0.000 0.0000 3.1295
1777025573.1967 0.000 0.000 0.0000 3.1295
1777025573.2014 0.000 0.000 0.0000 3.1295
1777025573.2063 0.000 0.000 0.0000 3.1295
1777025573.2112 0.000 0.000 0.0000 3.1295
1777025573.2167 0.000 0.000 0.0000 3.1295
1777025573.2225 0.000 0.000 0.0000 3.1295
1777025573.2264 0.000 0.000 0.0000 3.1295
1777025573.2314 0.000 0.000 0.0000 3.1295
1777025573.2361 0.000 0.000 0.0000 3.1295
1777025573.2422 0.000 0.000 0.0000 3.1295
1777025573.2469 0.000 0.000 0.0000 3.1295
1777025573.2515 0.000 0.000 0.0000 3.1295
1777025573.2565 0.000 0.000 0.0000 3.1295
1777025573.2611 0.000 0.000 0.0000 3.1295
1777025573.2669 0.000 0.000 0.0000 3.1295
1777025573.2716 0.000 0.000 0.0000 3.1295
1777025573.2765 0.000 0.000 0.0000 3.1295
1777025573.2813 0.000 0.000 0.0000 3.1295
1777025573.2862 0.000 0.000 0.0000 3.1295
1777025573.2913 0.000 0.000 0.0000 3.1295
1777025573.2967 0.000 0.000 0.0000 3.1295
1777025573.3016 0.000 0.000 0.0000 3.1295
1777025573.3064 0.000 0.000 0.0000 3.1295
1777025573.3111 0.000 0.000 0.0000 3.1295
1777025573.3171 0.000 0.000 0.0000 3.1295
1777025573.3218 0.000 0.000 0.0000 3.1295
1777025573.3268 0.000 0.000 0.0000 3.1295
1777025573.3332 0.000 0.000 0.0000 3.1295
1777025573.3368 0.000 0.000 0.0000 3.1295
1777025573.3420 0.000 0.000 0.0000 3.1295
1777025573.3470 0.000 0.000 0.0000 3.1295
1777025573.3558 0.000 0.000 0.0000 3.1295
1777025573.3574 0.000 0.000 0.0000 3.1294
1777025573.3622 0.000 0.000 0.0000 3.1294
1777025573.3670 0.000 0.000 0.0000 3.1294
1777025573.3717 0.000 0.000 0.0000 3.1294
1777025573.3765 0.000 0.000 0.0000 3.1294
1777025573.3830 0.000 0.000 0.0000 3.1294
1777025573.3864 0.000 0.000 0.0000 3.1294
1777025573.3913 0.000 0.000 0.0000 3.1294
1777025573.3969 0.000 0.000 0.0000 3.1294
1777025573.4016 0.000 0.000 0.0000 3.1294
1777025573.4064 0.000 0.000 0.0000 3.1294
1777025573.4122 0.000 0.000 0.0000 3.1294
1777025573.4166 0.000 0.000 0.0000 3.1294
1777025573.4221 0.000 0.000 0.0000 3.1294
1777025573.4267 0.000 0.000 0.0000 3.1294
1777025573.4322 0.000 0.000 0.0000 3.1294
1777025573.4368 0.000 0.000 0.0000 3.1294
1777025573.4414 0.000 0.000 0.0000 3.1294
1777025573.4474 0.000 0.000 0.0000 3.1294
1777025573.4521 0.000 0.000 0.0000 3.1294
1777025573.4566 0.000 0.000 0.0000 3.1294
1777025573.4622 0.000 0.000 0.0000 3.1294
1777025573.4666 0.000 0.000 0.0000 3.1294
1777025573.4714 0.000 0.000 0.0000 3.1294
1777025573.4769 0.000 0.000 0.0000 3.1294
1777025573.4841 0.000 0.000 0.0000 3.1294
1777025573.4877 0.000 0.000 0.0000 3.1294
1777025573.4923 0.000 0.000 0.0000 3.1294
1777025573.4968 0.000 0.000 0.0000 3.1294
1777025573.5024 0.000 0.000 0.0000 3.1294
1777025573.5072 0.000 0.000 0.0000 3.1294
1777025573.5128 0.000 0.000 0.0000 3.1294
1777025573.5175 0.000 0.000 0.0000 3.1294
1777025573.5218 0.000 0.000 0.0000 3.1294
1777025573.5276 0.000 0.000 0.0000 3.1294
1777025573.5323 0.000 0.000 0.0000 3.1294
1777025573.5377 0.000 0.000 0.0000 3.1294
1777025573.5425 0.000 0.000 0.0000 3.1294
1777025573.5473 0.000 0.000 0.0000 3.1294
1777025573.5519 0.000 0.000 0.0000 3.1294
1777025573.5577 0.000 0.000 0.0000 3.1294
1777025573.5621 0.000 0.000 0.0000 3.1294
1777025573.5668 0.000 0.000 0.0000 3.1294
1777025573.5724 0.000 0.000 0.0000 3.1294
1777025573.5772 0.000 0.000 0.0000 3.1294
1777025573.5818 0.000 0.000 0.0000 3.1294
1777025573.5876 0.000 0.000 0.0000 3.1294
1777025573.5923 0.000 0.000 0.0000 3.1294
1777025573.5968 0.000 0.000 0.0000 3.1294
1777025573.6024 0.000 0.000 0.0000 3.1294
1777025573.6069 0.000 0.000 0.0000 3.1294
1777025573.6125 0.000 0.000 0.0000 3.1294
1777025573.6170 0.000 0.000 0.0000 3.1294
1777025573.6221 0.000 0.000 0.0000 3.1294
1777025573.6268 0.000 0.000 0.0000 3.1294
1777025573.6322 0.000 0.000 0.0000 3.1294
1777025573.6369 0.000 0.000 0.0000 3.1294
1777025573.6425 0.000 0.000 0.0000 3.1294
1777025573.6470 0.000 0.000 0.0000 3.1294
1777025573.6523 0.000 0.000 0.0000 3.1294
1777025573.6578 0.000 0.000 0.0000 3.1294
1777025573.6624 0.000 0.000 0.0000 3.1294
1777025573.6669 0.000 0.000 0.0000 3.1294
1777025573.6725 0.000 0.000 0.0000 3.1294
1777025573.6771 0.000 0.000 0.0000 3.1294
1777025573.6827 0.000 0.000 0.0000 3.1294
1777025573.6869 0.000 0.000 0.0000 3.1294
1777025573.6926 0.000 0.000 0.0000 3.1294
1777025573.6971 0.000 0.000 0.0000 3.1293
1777025573.7028 0.000 0.000 0.0000 3.1293
1777025573.7073 0.000 0.000 0.0000 3.1293
1777025573.7118 0.000 0.000 0.0000 3.1293
1777025573.7173 0.000 0.000 0.0000 3.1293
1777025573.7223 0.000 0.000 0.0000 3.1293
1777025573.7268 0.000 0.000 0.0000 3.1293
1777025573.7324 0.000 0.000 0.0000 3.1293
1777025573.7370 0.000 0.000 0.0000 3.1293
1777025573.7426 0.000 0.000 0.0000 3.1293
1777025573.7473 0.000 0.000 0.0000 3.1293
1777025573.7520 0.000 0.000 0.0000 3.1293
1777025573.7578 0.000 0.000 0.0000 3.1293
1777025573.7623 0.000 0.000 0.0000 3.1293
1777025573.7668 0.000 0.000 0.0000 3.1293
1777025573.7726 0.000 0.000 0.0000 3.1293
1777025573.7771 0.000 0.000 0.0000 3.1293
1777025573.7819 0.000 0.000 0.0000 3.1293
1777025573.7878 0.000 0.000 0.0000 3.1293
1777025573.7923 0.000 0.000 0.0000 3.1293
1777025573.7970 0.000 0.000 0.0000 3.1293
1777025573.8025 0.000 0.000 0.0000 3.1293
1777025573.8072 0.000 0.000 0.0000 3.1293
1777025573.8128 0.000 0.000 0.0000 3.1293
1777025573.8172 0.000 0.000 0.0000 3.1293
1777025573.8225 0.000 0.000 0.0000 3.1293
1777025573.8271 0.000 0.000 0.0000 3.1293
1777025573.8328 0.000 0.000 0.0000 3.1293
1777025573.8372 0.000 0.000 0.0000 3.1293
1777025573.8429 0.000 0.000 0.0000 3.1293
1777025573.8474 0.000 0.000 0.0000 3.1293
1777025573.8523 0.000 0.000 0.0000 3.1293
1777025573.8579 0.000 0.000 0.0000 3.1293
1777025573.8624 0.000 0.000 0.0000 3.1293
1777025573.8670 0.000 0.000 0.0000 3.1293
1777025573.8725 0.000 0.000 0.0000 3.1293
1777025573.8771 0.000 0.000 0.0000 3.1293
1777025573.8830 0.000 0.000 0.0000 3.1293
1777025573.8873 0.000 0.000 0.0000 3.1293
1777025573.8921 0.000 0.000 0.0000 3.1293
1777025573.8974 0.000 0.000 0.0000 3.1293
1777025573.9020 0.000 0.000 0.0000 3.1293
1777025573.9077 0.000 0.000 0.0000 3.1293
1777025573.9121 0.000 0.000 0.0000 3.1293
1777025573.9177 0.000 0.000 0.0000 3.1293
1777025573.9223 0.000 0.000 0.0000 3.1293
1777025573.9270 0.000 0.000 0.0000 3.1293
1777025573.9325 0.000 0.000 0.0000 3.1293
1777025573.9370 0.000 0.000 0.0000 3.1293
1777025573.9427 0.000 0.000 0.0000 3.1293
1777025573.9472 0.000 0.000 0.0000 3.1293
1777025573.9522 0.000 0.000 0.0000 3.1293
1777025573.9577 0.000 0.000 0.0000 3.1293
1777025573.9623 0.000 0.000 0.0000 3.1293
1777025573.9680 0.000 0.000 0.0000 3.1293
1777025573.9725 0.000 0.000 0.0000 3.1293
1777025573.9770 0.000 0.000 0.0000 3.1293
1777025573.9830 0.000 0.000 0.0000 3.1293
1777025573.9876 0.000 0.000 0.0000 3.1293
1777025573.9921 0.000 0.000 0.0000 3.1293
1777025573.9977 0.000 0.000 0.0000 3.1293
1777025574.0022 0.000 0.000 0.0000 3.1293
1777025574.0077 0.000 0.000 0.0000 3.1293
1777025574.0125 0.000 0.000 0.0000 3.1293
1777025574.0173 0.000 0.000 0.0000 3.1293
1777025574.0229 0.000 0.000 0.0000 3.1293
1777025574.0275 0.000 0.000 0.0000 3.1293
1777025574.0331 0.000 0.000 0.0000 3.1293
1777025574.0377 0.000 0.000 0.0000 3.1293
1777025574.0421 0.000 0.000 0.0000 3.1293
1777025574.0479 0.000 0.000 0.0000 3.1293
1777025574.0522 0.000 0.000 0.0000 3.1293
1777025574.0578 0.000 0.000 0.0000 3.1293
1777025574.0625 0.000 0.000 0.0000 3.1293
1777025574.0682 0.000 0.000 0.0000 3.1293
1777025574.0728 0.000 0.000 0.0000 3.1293
1777025574.0772 0.000 0.000 0.0000 3.1293
1777025574.0838 0.000 0.000 0.0000 3.1293
1777025574.0873 0.000 0.000 0.0000 3.1293
1777025574.0931 0.000 0.000 0.0000 3.1293
1777025574.0978 0.000 0.000 0.0000 3.1293
1777025574.1025 0.000 0.000 0.0000 3.1293
1777025574.1074 0.000 0.000 0.0000 3.1293
1777025574.1129 0.000 0.000 0.0000 3.1293
1777025574.1176 0.000 0.000 0.0000 3.1293
1777025574.1231 0.000 0.000 0.0000 3.1293
1777025574.1276 0.000 0.000 0.0000 3.1293
1777025574.1323 0.000 0.000 0.0000 3.1293
1777025574.1377 0.000 0.000 0.0000 3.1293
1777025574.1424 0.000 0.000 0.0000 3.1293
1777025574.1480 0.000 0.000 0.0000 3.1293
1777025574.1524 0.000 0.000 0.0000 3.1293
1777025574.1583 0.000 0.000 0.0000 3.1293
1777025574.1628 0.000 0.000 0.0000 3.1293
1777025574.1685 0.000 0.000 0.0000 3.1293
1777025574.1729 0.000 0.000 0.0000 3.1293
1777025574.1784 0.000 0.000 0.0000 3.1293
1777025574.1832 0.000 0.000 0.0000 3.1293
1777025574.1878 0.000 0.000 0.0000 3.1293
1777025574.1935 0.000 0.000 0.0000 3.1293
1777025574.1979 0.000 0.000 0.0000 3.1293
1777025574.2037 0.000 0.000 0.0000 3.1293
1777025574.2081 0.000 0.000 0.0000 3.1293
1777025574.2137 0.000 0.000 0.0000 3.1293
1777025574.2185 0.000 0.000 0.0000 3.1294
1777025574.2230 0.000 0.000 0.0000 3.1294
1777025574.2287 0.000 0.000 0.0000 3.1294
1777025574.2334 0.000 0.000 0.0000 3.1294
1777025574.2379 0.000 0.000 0.0000 3.1294
1777025574.2436 0.000 0.000 0.0000 3.1294
1777025574.2482 0.000 0.000 0.0000 3.1294
1777025574.2536 0.000 0.000 0.0000 3.1293
1777025574.2581 0.000 0.000 0.0000 3.1293
1777025574.2627 0.000 0.000 0.0000 3.1293
1777025574.2683 0.000 0.000 0.0000 3.1293
1777025574.2728 0.000 0.000 0.0000 3.1293
1777025574.2784 0.000 0.000 0.0000 3.1293
1777025574.2832 0.000 0.000 0.0000 3.1293
1777025574.2879 0.000 0.000 0.0000 3.1293
1777025574.2935 0.000 0.000 0.0000 3.1293
1777025574.2981 0.000 0.000 0.0000 3.1293
1777025574.3037 0.000 0.000 0.0000 3.1293
1777025574.3082 0.000 0.000 0.0000 3.1293
1777025574.3128 0.000 0.000 0.0000 3.1293
1777025574.3185 0.000 0.000 0.0000 3.1293
1777025574.3231 0.000 0.000 0.0000 3.1293
1777025574.3286 0.000 0.000 0.0000 3.1293
1777025574.3333 0.000 0.000 0.0000 3.1293
1777025574.3379 0.000 0.000 0.0000 3.1293
1777025574.3436 0.000 0.000 0.0000 3.1293
1777025574.3483 0.000 0.000 0.0000 3.1293
1777025574.3532 0.000 0.000 0.0000 3.1293
1777025574.3588 0.000 0.000 0.0000 3.1293
1777025574.3634 0.000 0.000 0.0000 3.1293
1777025574.3678 0.000 0.000 0.0000 3.1293
1777025574.3735 0.000 0.000 0.0000 3.1293
1777025574.3778 0.000 0.000 0.0000 3.1293
1777025574.3841 0.000 0.000 0.0000 3.1293
1777025574.3886 0.000 0.000 0.0000 3.1293
1777025574.3933 0.000 0.000 0.0000 3.1293
1777025574.3978 0.000 0.000 0.0000 3.1293
1777025574.4033 0.000 0.000 0.0000 3.1293
1777025574.4079 0.000 0.000 0.0000 3.1293
1777025574.4135 0.000 0.000 0.0000 3.1293
1777025574.4182 0.000 0.000 0.0000 3.1293
1777025574.4228 0.000 0.000 0.0000 3.1293
1777025574.4284 0.000 0.000 0.0000 3.1293
1777025574.4331 0.000 0.000 0.0000 3.1293
1777025574.4389 0.000 0.000 0.0000 3.1293
1777025574.4437 0.000 0.000 0.0000 3.1293
1777025574.4481 0.000 0.000 0.0000 3.1293
1777025574.4535 0.000 0.000 0.0000 3.1293
1777025574.4589 0.000 0.000 0.0000 3.1293
1777025574.4634 0.000 0.000 0.0000 3.1293
1777025574.4681 0.000 0.000 0.0000 3.1293
1777025574.4735 0.000 0.000 0.0000 3.1293
1777025574.4780 0.000 0.000 0.0000 3.1293
1777025574.4833 0.000 0.000 0.0000 3.1293
1777025574.4880 0.000 0.000 0.0000 3.1293
1777025574.4938 0.000 0.000 0.0000 3.1293
1777025574.4983 0.000 0.000 0.0000 3.1293
1777025574.5031 0.000 0.000 0.0000 3.1293
1777025574.5086 0.000 0.000 0.0000 3.1293
1777025574.5132 0.000 0.000 0.0000 3.1293
1777025574.5186 0.000 0.000 0.0000 3.1293
1777025574.5231 0.000 0.000 0.0000 3.1293
1777025574.5280 0.000 0.000 0.0000 3.1293
1777025574.5337 0.000 0.000 0.0000 3.1293
1777025574.5382 0.000 0.000 0.0000 3.1293
1777025574.5439 0.000 0.000 0.0000 3.1293
1777025574.5484 0.000 0.000 0.0000 3.1293
1777025574.5532 0.000 0.000 0.0000 3.1293
1777025574.5587 0.000 0.000 0.0000 3.1293
1777025574.5634 0.000 0.000 0.0000 3.1293
1777025574.5689 0.000 0.000 0.0000 3.1293
1777025574.5735 0.000 0.000 0.0000 3.1293
1777025574.5780 0.000 0.000 0.0000 3.1293
1777025574.5832 0.000 0.000 0.0000 3.1293
1777025574.5880 0.000 0.000 0.0000 3.1293
1777025574.5935 0.000 0.000 0.0000 3.1293
1777025574.5981 0.000 0.000 0.0000 3.1293
1777025574.6037 0.000 0.000 0.0000 3.1293
1777025574.6081 0.000 0.000 0.0000 3.1292
1777025574.6139 0.000 0.000 0.0000 3.1292
1777025574.6183 0.000 0.000 0.0000 3.1292
1777025574.6230 0.000 0.000 0.0000 3.1293
1777025574.6287 0.000 0.000 0.0000 3.1292
1777025574.6332 0.000 0.000 0.0000 3.1292
1777025574.6389 0.000 0.000 0.0000 3.1292
1777025574.6435 0.000 0.000 0.0000 3.1292
1777025574.6482 0.000 0.000 0.0000 3.1292
1777025574.6530 0.000 0.000 0.0000 3.1292
1777025574.6585 0.000 0.000 0.0000 3.1292
1777025574.6631 0.000 0.000 0.0000 3.1292
1777025574.6686 0.000 0.000 0.0000 3.1292
1777025574.6733 0.000 0.000 0.0000 3.1292
1777025574.6788 0.000 0.000 0.0000 3.1293
1777025574.6834 0.000 0.000 0.0000 3.1293
1777025574.6889 0.000 0.000 0.0000 3.1293
1777025574.6936 0.000 0.000 0.0000 3.1293
1777025574.6980 0.000 0.000 0.0000 3.1293
1777025574.7036 0.000 0.000 0.0000 3.1293
1777025574.7083 0.000 0.000 0.0000 3.1293
1777025574.7138 0.000 0.000 0.0000 3.1293
1777025574.7186 0.000 0.000 0.0000 3.1293
1777025574.7232 0.000 0.000 0.0000 3.1293
1777025574.7287 0.000 0.000 0.0000 3.1293
1777025574.7334 0.000 0.000 0.0000 3.1293
1777025574.7388 0.000 0.000 0.0000 3.1293
1777025574.7435 0.000 0.000 0.0000 3.1293
1777025574.7491 0.000 0.000 0.0000 3.1293
1777025574.7534 0.000 0.000 0.0000 3.1293
1777025574.7591 0.000 0.000 0.0000 3.1293
1777025574.7635 0.000 0.000 0.0000 3.1293
1777025574.7683 0.000 0.000 0.0000 3.1293
1777025574.7737 0.000 0.000 0.0000 3.1293
1777025574.7783 0.000 0.000 0.0000 3.1293
1777025574.7842 0.000 0.000 0.0000 3.1293
1777025574.7888 0.000 0.000 0.0000 3.1293
1777025574.7934 0.000 0.000 0.0000 3.1293
1777025574.7989 0.000 0.000 0.0000 3.1293
1777025574.8036 0.000 0.000 0.0000 3.1293
1777025574.8091 0.000 0.000 0.0000 3.1293
1777025574.8137 0.000 0.000 0.0000 3.1293
1777025574.8186 0.000 0.000 0.0000 3.1293
1777025574.8241 0.000 0.000 0.0000 3.1293
1777025574.8289 0.000 0.000 0.0000 3.1293
1777025574.8343 0.000 0.000 0.0000 3.1293
1777025574.8389 0.000 0.000 0.0000 3.1293
1777025574.8445 0.000 0.000 0.0000 3.1293
1777025574.8491 0.000 0.000 0.0000 3.1293
1777025574.8541 0.000 0.000 0.0000 3.1293
1777025574.8596 0.000 0.000 0.0000 3.1293
1777025574.8643 0.000 0.000 0.0000 3.1293
1777025574.8689 0.000 0.000 0.0000 3.1293
1777025574.8744 0.000 0.000 0.0000 3.1293
1777025574.8790 0.000 0.000 0.0000 3.1293
1777025574.8846 0.000 0.000 0.0000 3.1293
1777025574.8892 0.000 0.000 0.0000 3.1293
1777025574.8938 0.000 0.000 0.0000 3.1293
1777025574.8995 0.000 0.000 0.0000 3.1293
1777025574.9039 0.000 0.000 0.0000 3.1293
1777025574.9092 0.000 0.000 0.0000 3.1293
1777025574.9148 0.000 0.000 0.0000 3.1293
1777025574.9192 0.000 0.000 0.0000 3.1293
1777025574.9239 0.000 0.000 0.0000 3.1293
1777025574.9294 0.000 0.000 0.0000 3.1293
1777025574.9339 0.000 0.000 0.0000 3.1293
1777025574.9395 0.000 0.000 0.0000 3.1293
1777025574.9440 0.000 0.000 0.0000 3.1293
1777025574.9498 0.000 0.000 0.0000 3.1293
1777025574.9543 0.000 0.000 0.0000 3.1293
1777025574.9592 0.000 0.000 0.0000 3.1293
1777025574.9646 0.000 0.000 0.0000 3.1293
1777025574.9692 0.000 0.000 0.0000 3.1293
1777025574.9748 0.000 0.000 0.0000 3.1293
1777025574.9792 0.000 0.000 0.0000 3.1293
1777025574.9845 0.000 0.000 0.0000 3.1293
1777025574.9890 0.000 0.000 0.0000 3.1293
1777025574.9937 0.000 0.000 0.0000 3.1293
1777025575.0007 0.000 0.000 0.0000 3.1293
1777025575.0041 0.000 0.000 0.0000 3.1293
1777025575.0089 0.000 0.000 0.0000 3.1293
1777025575.0151 0.000 0.000 0.0000 3.1293
1777025575.0198 0.000 0.000 0.0000 3.1293
1777025575.0243 0.000 0.000 0.0000 3.1293
1777025575.0289 0.000 0.000 0.0000 3.1293
1777025575.0344 0.000 0.000 0.0000 3.1293
1777025575.0389 0.000 0.000 0.0000 3.1293
1777025575.0447 0.000 0.000 0.0000 3.1293
1777025575.0491 0.000 0.000 0.0000 3.1293
1777025575.0546 0.000 0.000 0.0000 3.1293
1777025575.0592 0.000 0.000 0.0000 3.1293
1777025575.0646 0.000 0.000 0.0000 3.1293
1777025575.0695 0.000 0.000 0.0000 3.1293
1777025575.0739 0.000 0.000 0.0000 3.1293
1777025575.0796 0.000 0.000 0.0000 3.1293
1777025575.0844 0.000 0.000 0.0000 3.1293
1777025575.0891 0.000 0.000 0.0000 3.1293
1777025575.0947 0.000 0.000 0.0000 3.1293
1777025575.0992 0.000 0.000 0.0000 3.1293
1777025575.1049 0.000 0.000 0.0000 3.1293
1777025575.1095 0.000 0.000 0.0000 3.1293
1777025575.1139 0.000 0.000 0.0000 3.1293
1777025575.1196 0.000 0.000 0.0000 3.1293
1777025575.1241 0.000 0.000 0.0000 3.1293
1777025575.1298 0.000 0.000 0.0000 3.1293
1777025575.1342 0.000 0.000 0.0000 3.1293
1777025575.1399 0.000 0.000 0.0000 3.1293
1777025575.1444 0.000 0.000 0.0000 3.1293
1777025575.1491 0.000 0.000 0.0000 3.1293
1777025575.1548 0.000 0.000 0.0000 3.1293
1777025575.1594 0.000 0.000 0.0000 3.1293
1777025575.1639 0.000 0.000 0.0000 3.1293
1777025575.1695 0.000 0.000 0.0000 3.1293
1777025575.1740 0.000 0.000 0.0000 3.1293
1777025575.1796 0.000 0.000 0.0000 3.1293
1777025575.1842 0.000 0.000 0.0000 3.1293
1777025575.1890 0.000 0.000 0.0000 3.1293
1777025575.1945 0.000 0.000 0.0000 3.1293
1777025575.1993 0.000 0.000 0.0000 3.1293
1777025575.2049 0.000 0.000 0.0000 3.1293
1777025575.2096 0.000 0.000 0.0000 3.1293
1777025575.2141 0.000 0.000 0.0000 3.1293
1777025575.2196 0.000 0.000 0.0000 3.1293
1777025575.2243 0.000 0.000 0.0000 3.1293
1777025575.2288 0.000 0.000 0.0000 3.1293
1777025575.2343 0.000 0.000 0.0000 3.1293
1777025575.2390 0.000 0.000 0.0000 3.1293
1777025575.2446 0.000 0.000 0.0000 3.1293
1777025575.2492 0.000 0.000 0.0000 3.1293
1777025575.2541 0.000 0.000 0.0000 3.1293
1777025575.2599 0.000 0.000 0.0000 3.1293
1777025575.2643 0.000 0.000 0.0000 3.1293
1777025575.2690 0.000 0.000 0.0000 3.1293
1777025575.2746 0.000 0.000 0.0000 3.1293
1777025575.2792 0.000 0.000 0.0000 3.1293
1777025575.2845 0.000 0.000 0.0000 3.1293
1777025575.2891 0.000 0.000 0.0000 3.1293
1777025575.2948 0.000 0.000 0.0000 3.1293
1777025575.2993 0.000 0.000 0.0000 3.1293
1777025575.3048 0.000 0.000 0.0000 3.1293
1777025575.3095 0.000 0.000 0.0000 3.1293
1777025575.3152 0.000 0.000 0.0000 3.1293
1777025575.3189 0.000 0.000 0.0000 3.1293
1777025575.3244 0.000 0.000 0.0000 3.1293
1777025575.3290 0.000 0.000 0.0000 3.1293
1777025575.3348 0.000 0.000 0.0000 3.1293
1777025575.3393 0.000 0.000 0.0000 3.1293
1777025575.3440 0.000 0.000 0.0000 3.1293
1777025575.3496 0.000 0.000 0.0000 3.1293
1777025575.3544 0.000 0.000 0.0000 3.1293
1777025575.3589 0.000 0.000 0.0000 3.1293
1777025575.3644 0.000 0.000 0.0000 3.1293
1777025575.3692 0.000 0.000 0.0000 3.1293
1777025575.3747 0.000 0.000 0.0000 3.1293
1777025575.3798 0.000 0.000 0.0000 3.1293
1777025575.3856 0.000 0.000 0.0000 3.1293
1777025575.3899 0.000 0.000 0.0000 3.1293
1777025575.3947 0.000 0.000 0.0000 3.1293
1777025575.3996 0.000 0.000 0.0000 3.1293
1777025575.4047 0.000 0.000 0.0000 3.1293
1777025575.4092 0.000 0.000 0.0000 3.1293
1777025575.4141 0.000 0.000 0.0000 3.1293
1777025575.4191 0.000 0.000 0.0000 3.1293
1777025575.4249 0.000 0.000 0.0000 3.1293
1777025575.4292 0.000 0.000 0.0000 3.1293
1777025575.4342 0.000 0.000 0.0000 3.1293
1777025575.4392 0.000 0.000 0.0000 3.1293
1777025575.4451 0.000 0.000 0.0000 3.1293
1777025575.4499 0.000 0.000 0.0000 3.1293
1777025575.4552 0.000 0.000 0.0000 3.1294
1777025575.4612 0.000 0.000 0.0000 3.1294
1777025575.4651 0.000 0.000 0.0000 3.1294
1777025575.4699 0.000 0.000 0.0000 3.1294
1777025575.4753 0.000 0.000 0.0000 3.1294
1777025575.4797 0.000 0.000 0.0000 3.1294
1777025575.4851 0.000 0.000 0.0000 3.1294
1777025575.4906 0.000 0.000 0.0000 3.1294
1777025575.4943 0.000 0.000 0.0000 3.1294
1777025575.4994 0.000 0.000 0.0000 3.1294
1777025575.5054 0.000 0.000 0.0000 3.1294
1777025575.5104 0.000 0.000 0.0000 3.1294
1777025575.5158 0.000 0.000 0.0000 3.1294
1777025575.5206 0.000 0.000 0.0000 3.1294
1777025575.5249 0.000 0.000 0.0000 3.1294
1777025575.5298 0.000 0.000 0.0000 3.1294
1777025575.5347 0.000 0.000 0.0000 3.1294
1777025575.5400 0.000 0.000 0.0000 3.1294
1777025575.5453 0.000 0.000 0.0000 3.1294
1777025575.5504 0.000 0.000 0.0000 3.1294
1777025575.5554 0.000 0.000 0.0000 3.1294
1777025575.5607 0.000 0.000 0.0000 3.1294
1777025575.5655 0.000 0.000 0.0000 3.1294
1777025575.5706 0.000 0.000 0.0000 3.1293
1777025575.5748 0.000 0.000 0.0000 3.1293
1777025575.5806 0.000 0.000 0.0000 3.1293
1777025575.5865 0.000 0.000 0.0000 3.1293
1777025575.5906 0.000 0.000 0.0000 3.1293
1777025575.5956 0.000 0.000 0.0000 3.1293
1777025575.6004 0.000 0.000 0.0000 3.1293
1777025575.6056 0.000 0.000 0.0000 3.1293
1777025575.6107 0.000 0.000 0.0000 3.1293
1777025575.6160 0.000 0.000 0.0000 3.1293
1777025575.6222 0.000 0.000 0.0000 3.1294
1777025575.6260 0.000 0.000 0.0000 3.1293
1777025575.6299 0.000 0.000 0.0000 3.1294
1777025575.6357 0.000 0.000 0.0000 3.1294
1777025575.6402 0.000 0.000 0.0000 3.1294
1777025575.6451 0.000 0.000 0.0000 3.1294
1777025575.6513 0.000 0.000 0.0000 3.1294
1777025575.6558 0.000 0.000 0.0000 3.1294
1777025575.6600 0.000 0.000 0.0000 3.1294
1777025575.6658 0.000 0.000 0.0000 3.1294
1777025575.6700 0.000 0.000 0.0000 3.1294
1777025575.6756 0.000 0.000 0.0000 3.1294
1777025575.6800 0.000 0.000 0.0000 3.1294
1777025575.6857 0.000 0.000 0.0000 3.1294
1777025575.6910 0.000 0.000 0.0000 3.1294
1777025575.6952 0.000 0.000 0.0000 3.1294
1777025575.7000 0.000 0.000 0.0000 3.1294
1777025575.7059 0.000 0.000 0.0000 3.1294
1777025575.7112 0.000 0.000 0.0000 3.1295
1777025575.7158 0.000 0.000 0.0000 3.1295
1777025575.7240 0.000 0.000 0.0000 3.1295
1777025575.7257 0.000 0.000 0.0000 3.1294
1777025575.7307 0.000 0.000 0.0000 3.1294
1777025575.7351 0.000 0.000 0.0000 3.1294
1777025575.7418 0.000 0.000 0.0000 3.1294
1777025575.7452 0.000 0.000 0.0000 3.1294
1777025575.7525 0.000 0.000 0.0000 3.1294
1777025575.7554 0.000 0.000 0.0000 3.1294
1777025575.7602 0.000 0.000 0.0000 3.1294
1777025575.7663 0.000 0.000 0.0000 3.1294
1777025575.7699 0.000 0.000 0.0000 3.1294
1777025575.7754 0.000 0.000 0.0000 3.1295
1777025575.7805 0.000 0.000 0.0000 3.1295
1777025575.7862 0.000 0.000 0.0000 3.1295
1777025575.7920 0.000 0.000 0.0000 3.1295
1777025575.7956 0.000 0.000 0.0000 3.1295
1777025575.8006 0.000 0.000 0.0000 3.1295
1777025575.8056 0.000 0.000 0.0000 3.1295
1777025575.8103 0.000 0.000 0.0000 3.1295
1777025575.8162 0.000 0.000 0.0000 3.1295
1777025575.8201 0.000 0.000 0.0000 3.1295
1777025575.8256 0.000 0.000 0.0000 3.1295
1777025575.8305 0.000 0.000 0.0000 3.1295
1777025575.8358 0.000 0.000 0.0000 3.1295
1777025575.8403 0.000 0.000 0.0000 3.1295
1777025575.8454 0.000 0.000 0.0000 3.1295
1777025575.8506 0.000 0.000 0.0000 3.1295
1777025575.8552 0.000 0.000 0.0000 3.1295
1777025575.8606 0.000 0.000 0.0000 3.1295
1777025575.8655 0.000 0.000 0.0000 3.1295
1777025575.8709 0.000 0.000 0.0000 3.1295
1777025575.8757 0.000 0.000 0.0000 3.1295
1777025575.8800 0.000 0.000 0.0000 3.1295
1777025575.8857 0.000 0.000 0.0000 3.1295
1777025575.8905 0.000 0.000 0.0000 3.1295
1777025575.8956 0.000 0.000 0.0000 3.1295
1777025575.9004 0.000 0.000 0.0000 3.1295
1777025575.9058 0.000 0.000 0.0000 3.1295
1777025575.9107 0.000 0.000 0.0000 3.1294
1777025575.9157 0.000 0.000 0.0000 3.1295
1777025575.9202 0.000 0.000 0.0000 3.1294
1777025575.9260 0.000 0.000 0.0000 3.1294
1777025575.9310 0.000 0.000 0.0000 3.1294
1777025575.9353 0.000 0.000 0.0000 3.1294
1777025575.9406 0.000 0.000 0.0000 3.1294
1777025575.9459 0.000 0.000 0.0000 3.1294
1777025575.9500 0.000 0.000 0.0000 3.1294
1777025575.9569 0.000 0.000 0.0000 3.1294
1777025575.9602 0.000 0.000 0.0000 3.1294
1777025575.9653 0.000 0.000 0.0000 3.1294
1777025575.9704 0.000 0.000 0.0000 3.1294
1777025575.9753 0.000 0.000 0.0000 3.1294
1777025575.9808 0.000 0.000 0.0000 3.1294
1777025575.9858 0.000 0.000 0.0000 3.1294
1777025575.9900 0.000 0.000 0.0000 3.1294
1777025575.9959 0.000 0.000 0.0000 3.1294
1777025576.0006 0.000 0.000 0.0000 3.1294
1777025576.0059 0.000 0.000 0.0000 3.1294
1777025576.0108 0.000 0.000 0.0000 3.1295
1777025576.0158 0.000 0.000 0.0000 3.1294
1777025576.0211 0.000 0.000 0.0000 3.1294
1777025576.0260 0.000 0.000 0.0000 3.1294
1777025576.0310 0.000 0.000 0.0000 3.1294
1777025576.0355 0.000 0.000 0.0000 3.1294
1777025576.0405 0.000 0.000 0.0000 3.1295
1777025576.0454 0.000 0.000 0.0000 3.1295
1777025576.0507 0.000 0.000 0.0000 3.1295
1777025576.0553 0.000 0.000 0.0000 3.1295
1777025576.0601 0.000 0.000 0.0000 3.1295
1777025576.0654 0.000 0.000 0.0000 3.1295
1777025576.0710 0.000 0.000 0.0000 3.1295
1777025576.0754 0.000 0.000 0.0000 3.1295
1777025576.0803 0.000 0.000 0.0000 3.1295
1777025576.0859 0.000 0.000 0.0000 3.1295
1777025576.0909 0.000 0.000 0.0000 3.1295
1777025576.0951 0.000 0.000 0.0000 3.1295
1777025576.1008 0.000 0.000 0.0000 3.1295
1777025576.1055 0.000 0.000 0.0000 3.1295
1777025576.1112 0.000 0.000 0.0000 3.1295
1777025576.1157 0.000 0.000 0.0000 3.1295
1777025576.1201 0.000 0.000 0.0000 3.1295
1777025576.1255 0.000 0.000 0.0000 3.1295
1777025576.1303 0.000 0.000 0.0000 3.1295
1777025576.1353 0.000 0.000 0.0000 3.1295
1777025576.1402 0.000 0.000 0.0000 3.1295
1777025576.1460 0.000 0.000 0.0000 3.1295
1777025576.1507 0.000 0.000 0.0000 3.1295
1777025576.1554 0.000 0.000 0.0000 3.1294
1777025576.1603 0.000 0.000 0.0000 3.1294
1777025576.1657 0.000 0.000 0.0000 3.1294
1777025576.1707 0.000 0.000 0.0000 3.1294
1777025576.1755 0.000 0.000 0.0000 3.1294
1777025576.1808 0.000 0.000 0.0000 3.1294
1777025576.1866 0.000 0.000 0.0000 3.1294
1777025576.1915 0.000 0.000 0.0000 3.1294
1777025576.1960 0.000 0.000 0.0000 3.1294
1777025576.2019 0.000 0.000 0.0000 3.1294
1777025576.2061 0.000 0.000 0.0000 3.1294
1777025576.2111 0.000 0.000 0.0000 3.1295
1777025576.2159 0.000 0.000 0.0000 3.1295
1777025576.2247 0.000 0.000 0.0000 3.1295
1777025576.2260 0.000 0.000 0.0000 3.1295
1777025576.2312 0.000 0.000 0.0000 3.1295
1777025576.2363 0.000 0.000 0.0000 3.1295
1777025576.2411 0.000 0.000 0.0000 3.1295
1777025576.2465 0.000 0.000 0.0000 3.1295
1777025576.2517 0.000 0.000 0.0000 3.1295
1777025576.2558 0.000 0.000 0.0000 3.1295
1777025576.2619 0.000 0.000 0.0000 3.1295
1777025576.2660 0.000 0.000 0.0000 3.1295
1777025576.2713 0.000 0.000 0.0000 3.1295
1777025576.2765 0.000 0.000 0.0000 3.1294
1777025576.2818 0.000 0.000 0.0000 3.1295
1777025576.2867 0.000 0.000 0.0000 3.1295
1777025576.2918 0.000 0.000 0.0000 3.1295
1777025576.2969 0.000 0.000 0.0000 3.1295
1777025576.3019 0.000 0.000 0.0000 3.1295
1777025576.3068 0.000 0.000 0.0000 3.1295
1777025576.3117 0.000 0.000 0.0000 3.1295
1777025576.3171 0.000 0.000 0.0000 3.1295
1777025576.3216 0.000 0.000 0.0000 3.1295
1777025576.3263 0.000 0.000 0.0000 3.1295
1777025576.3311 0.000 0.000 0.0000 3.1295
1777025576.3367 0.000 0.000 0.0000 3.1295
1777025576.3416 0.000 0.000 0.0000 3.1295
1777025576.3464 0.000 0.000 0.0000 3.1295
1777025576.3509 0.000 0.000 0.0000 3.1295
1777025576.3566 0.000 0.000 0.0000 3.1295
1777025576.3609 0.000 0.000 0.0000 3.1295
1777025576.3658 0.000 0.000 0.0000 3.1295
1777025576.3717 0.000 0.000 0.0000 3.1295
1777025576.3766 0.000 0.000 0.0000 3.1295
1777025576.3813 0.000 0.000 0.0000 3.1295
1777025576.3888 0.000 0.000 0.0000 3.1295
1777025576.3913 0.000 0.000 0.0000 3.1295
1777025576.3961 0.000 0.000 0.0000 3.1295
1777025576.4008 0.000 0.000 0.0000 3.1295
1777025576.4066 0.000 0.000 0.0000 3.1295
1777025576.4115 0.000 0.000 0.0000 3.1295
1777025576.4167 0.000 0.000 0.0000 3.1295
1777025576.4213 0.000 0.000 0.0000 3.1295
1777025576.4267 0.000 0.000 0.0000 3.1295
1777025576.4315 0.000 0.000 0.0000 3.1295
1777025576.4363 0.000 0.000 0.0000 3.1295
1777025576.4421 0.000 0.000 0.0000 3.1295
1777025576.4493 0.000 0.000 0.0000 3.1295
1777025576.4517 0.000 0.000 0.0000 3.1295
1777025576.4563 0.000 0.000 0.0000 3.1295
1777025576.4615 0.000 0.000 0.0000 3.1295
1777025576.4663 0.000 0.000 0.0000 3.1295
1777025576.4712 0.000 0.000 0.0000 3.1295
1777025576.4758 0.000 0.000 0.0000 3.1295
1777025576.4815 0.000 0.000 0.0000 3.1295
1777025576.4865 0.000 0.000 0.0000 3.1295
1777025576.4910 0.000 0.000 0.0000 3.1295
1777025576.4959 0.000 0.000 0.0000 3.1295
1777025576.5015 0.000 0.000 0.0000 3.1295
1777025576.5062 0.000 0.000 0.0000 3.1295
1777025576.5120 0.000 0.000 0.0000 3.1295
1777025576.5173 0.000 0.000 0.0000 3.1295
1777025576.5211 0.000 0.000 0.0000 3.1295
1777025576.5269 0.000 0.000 0.0000 3.1295
1777025576.5322 0.000 0.000 0.0000 3.1295
1777025576.5369 0.000 0.000 0.0000 3.1294
1777025576.5419 0.000 0.000 0.0000 3.1294
1777025576.5467 0.000 0.000 0.0000 3.1294
1777025576.5516 0.000 0.000 0.0000 3.1294
1777025576.5563 0.000 0.000 0.0000 3.1295
1777025576.5610 0.000 0.000 0.0000 3.1295
1777025576.5666 0.000 0.000 0.0000 3.1294
1777025576.5711 0.000 0.000 0.0000 3.1294
1777025576.5766 0.000 0.000 0.0000 3.1294
1777025576.5813 0.000 0.000 0.0000 3.1294
1777025576.5869 0.000 0.000 0.0000 3.1294
1777025576.5918 0.000 0.000 0.0000 3.1294
1777025576.5964 0.000 0.000 0.0000 3.1294
1777025576.6021 0.000 0.000 0.0000 3.1294
1777025576.6066 0.000 0.000 0.0000 3.1294
1777025576.6110 0.000 0.000 0.0000 3.1294
1777025576.6169 0.000 0.000 0.0000 3.1294
1777025576.6217 0.000 0.000 0.0000 3.1295
1777025576.6265 0.000 0.000 0.0000 3.1294
1777025576.6312 0.000 0.000 0.0000 3.1294
1777025576.6367 0.000 0.000 0.0000 3.1295
1777025576.6414 0.000 0.000 0.0000 3.1295
1777025576.6461 0.000 0.000 0.0000 3.1294
1777025576.6516 0.000 0.000 0.0000 3.1294
1777025576.6563 0.000 0.000 0.0000 3.1294
1777025576.6621 0.000 0.000 0.0000 3.1294
1777025576.6669 0.000 0.000 0.0000 3.1295
1777025576.6715 0.000 0.000 0.0000 3.1295
1777025576.6763 0.000 0.000 0.0000 3.1295
1777025576.6819 0.000 0.000 0.0000 3.1295
1777025576.6863 0.000 0.000 0.0000 3.1295
1777025576.6913 0.000 0.000 0.0000 3.1295
1777025576.6960 0.000 0.000 0.0000 3.1295
1777025576.7011 0.000 0.000 0.0000 3.1294
1777025576.7068 0.000 0.000 0.0000 3.1294
1777025576.7116 0.000 0.000 0.0000 3.1294
1777025576.7166 0.000 0.000 0.0000 3.1294
1777025576.7212 0.000 0.000 0.0000 3.1294
1777025576.7270 0.000 0.000 0.0000 3.1294
1777025576.7314 0.000 0.000 0.0000 3.1294
1777025576.7360 0.000 0.000 0.0000 3.1294
1777025576.7415 0.000 0.000 0.0000 3.1294
1777025576.7463 0.000 0.000 0.0000 3.1294
1777025576.7514 0.000 0.000 0.0000 3.1294
1777025576.7572 0.000 0.000 0.0000 3.1294
1777025576.7618 0.000 0.000 0.0000 3.1294
1777025576.7663 0.000 0.000 0.0000 3.1294
1777025576.7719 0.000 0.000 0.0000 3.1294
1777025576.7763 0.000 0.000 0.0000 3.1294
1777025576.7812 0.000 0.000 0.0000 3.1294
1777025576.7869 0.000 0.000 0.0000 3.1294
1777025576.7914 0.000 0.000 0.0000 3.1294
1777025576.7972 0.000 0.000 0.0000 3.1294
1777025576.8017 0.000 0.000 0.0000 3.1294
1777025576.8066 0.000 0.000 0.0000 3.1294
1777025576.8112 0.000 0.000 0.0000 3.1295
1777025576.8170 0.000 0.000 0.0000 3.1295
1777025576.8217 0.000 0.000 0.0000 3.1295
1777025576.8272 0.000 0.000 0.0000 3.1295
1777025576.8319 0.000 0.000 0.0000 3.1295
1777025576.8364 0.000 0.000 0.0000 3.1295
1777025576.8421 0.000 0.000 0.0000 3.1295
1777025576.8467 0.000 0.000 0.0000 3.1295
1777025576.8515 0.000 0.000 0.0000 3.1295
1777025576.8564 0.000 0.000 0.0000 3.1295
1777025576.8620 0.000 0.000 0.0000 3.1295
1777025576.8675 0.000 0.000 0.0000 3.1295
1777025576.8722 0.000 0.000 0.0000 3.1295
1777025576.8777 0.000 0.000 0.0000 3.1295
1777025576.8823 0.000 0.000 0.0000 3.1295
1777025576.8869 0.000 0.000 0.0000 3.1295
1777025576.8930 0.000 0.000 0.0000 3.1295
1777025576.8975 0.000 0.000 0.0000 3.1295
1777025576.9022 0.000 0.000 0.0000 3.1295
1777025576.9068 0.000 0.000 0.0000 3.1295
1777025576.9123 0.000 0.000 0.0000 3.1295
1777025576.9176 0.000 0.000 0.0000 3.1295
1777025576.9221 0.000 0.000 0.0000 3.1295
1777025576.9267 0.000 0.000 0.0000 3.1295
1777025576.9323 0.000 0.000 0.0000 3.1295
1777025576.9368 0.000 0.000 0.0000 3.1295
1777025576.9426 0.000 0.000 0.0000 3.1295
1777025576.9471 0.000 0.000 0.0000 3.1295
1777025576.9521 0.000 0.000 0.0000 3.1295
1777025576.9567 0.000 0.000 0.0000 3.1295
1777025576.9626 0.000 0.000 0.0000 3.1295
1777025576.9674 0.000 0.000 0.0000 3.1295
1777025576.9718 0.000 0.000 0.0000 3.1294
1777025576.9775 0.000 0.000 0.0000 3.1294
1777025576.9820 0.000 0.000 0.0000 3.1294
1777025576.9868 0.000 0.000 0.0000 3.1294
1777025576.9926 0.000 0.000 0.0000 3.1294
1777025576.9970 0.000 0.000 0.0000 3.1294
1777025577.0027 0.000 0.000 0.0000 3.1294
1777025577.0072 0.000 0.000 0.0000 3.1294
1777025577.0118 0.000 0.000 0.0000 3.1294
1777025577.0176 0.000 0.000 0.0000 3.1294
1777025577.0227 0.000 0.000 0.0000 3.1294
1777025577.0272 0.000 0.000 0.0000 3.1294
1777025577.0318 0.000 0.000 0.0000 3.1294
1777025577.0375 0.000 0.000 0.0000 3.1294
1777025577.0420 0.000 0.000 0.0000 3.1294
1777025577.0476 0.000 0.000 0.0000 3.1294
1777025577.0525 0.000 0.000 0.0000 3.1294
1777025577.0573 0.000 0.000 0.0000 3.1294
1777025577.0623 0.000 0.000 0.0000 3.1294
1777025577.0678 0.000 0.000 0.0000 3.1294
1777025577.0720 0.000 0.000 0.0000 3.1294
1777025577.0776 0.000 0.000 0.0000 3.1294
1777025577.0823 0.000 0.000 0.0000 3.1294
1777025577.0872 0.000 0.000 0.0000 3.1294
1777025577.0929 0.000 0.000 0.0000 3.1294
1777025577.0977 0.000 0.000 0.0000 3.1294
1777025577.1023 0.000 0.000 0.0000 3.1294
1777025577.1070 0.000 0.000 0.0000 3.1294
1777025577.1128 0.000 0.000 0.0000 3.1294
1777025577.1177 0.000 0.000 0.0000 3.1294
1777025577.1227 0.000 0.000 0.0000 3.1294
1777025577.1274 0.000 0.000 0.0000 3.1294
1777025577.1322 0.000 0.000 0.0000 3.1295
1777025577.1379 0.000 0.000 0.0000 3.1295
1777025577.1428 0.000 0.000 0.0000 3.1295
1777025577.1474 0.000 0.000 0.0000 3.1295
1777025577.1526 0.000 0.000 0.0000 3.1295
1777025577.1579 0.000 0.000 0.0000 3.1295
1777025577.1625 0.000 0.000 0.0000 3.1295
1777025577.1677 0.000 0.000 0.0000 3.1295
1777025577.1728 0.000 0.000 0.0000 3.1295
1777025577.1776 0.000 0.000 0.0000 3.1295
1777025577.1835 0.000 0.000 0.0000 3.1295
1777025577.1874 0.000 0.000 0.0000 3.1295
1777025577.1928 0.000 0.000 0.0000 3.1295
1777025577.1975 0.000 0.000 0.0000 3.1295
1777025577.2024 0.000 0.000 0.0000 3.1295
1777025577.2074 0.000 0.000 0.0000 3.1295
1777025577.2121 0.000 0.000 0.0000 3.1295
1777025577.2175 0.000 0.000 0.0000 3.1295
1777025577.2225 0.000 0.000 0.0000 3.1295
1777025577.2273 0.000 0.000 0.0000 3.1295
1777025577.2323 0.000 0.000 0.0000 3.1295
1777025577.2371 0.000 0.000 0.0000 3.1295
1777025577.2423 0.000 0.000 0.0000 3.1295
1777025577.2471 0.000 0.000 0.0000 3.1295
1777025577.2520 0.000 0.000 0.0000 3.1295
1777025577.2569 0.000 0.000 0.0000 3.1295
1777025577.2620 0.000 0.000 0.0000 3.1295
1777025577.2679 0.000 0.000 0.0000 3.1295
1777025577.2727 0.000 0.000 0.0000 3.1295
1777025577.2777 0.000 0.000 0.0000 3.1295
1777025577.2823 0.000 0.000 0.0000 3.1295
1777025577.2875 0.000 0.000 0.0000 3.1295
1777025577.2925 0.000 0.000 0.0000 3.1295
1777025577.2971 0.000 0.000 0.0000 3.1295
1777025577.3024 0.000 0.000 0.0000 3.1295
1777025577.3072 0.000 0.000 0.0000 3.1295
1777025577.3126 0.000 0.000 0.0000 3.1295
1777025577.3172 0.000 0.000 0.0000 3.1295
1777025577.3221 0.000 0.000 0.0000 3.1295
1777025577.3270 0.000 0.000 0.0000 3.1295
1777025577.3328 0.000 0.000 0.0000 3.1295
1777025577.3380 0.000 0.000 0.0000 3.1295
1777025577.3420 0.000 0.000 0.0000 3.1295
1777025577.3471 0.000 0.000 0.0000 3.1295
1777025577.3529 0.000 0.000 0.0000 3.1295
1777025577.3574 0.000 0.000 0.0000 3.1295
1777025577.3621 0.000 0.000 0.0000 3.1295
1777025577.3679 0.000 0.000 0.0000 3.1295
1777025577.3725 0.000 0.000 0.0000 3.1295
1777025577.3781 0.000 0.000 0.0000 3.1295
1777025577.3838 0.000 0.000 0.0000 3.1295
1777025577.3874 0.000 0.000 0.0000 3.1295
1777025577.3921 0.000 0.000 0.0000 3.1295
1777025577.3980 0.000 0.000 0.0000 3.1295
1777025577.4026 0.000 0.000 0.0000 3.1295
1777025577.4074 0.000 0.000 0.0000 3.1295
1777025577.4133 0.000 0.000 0.0000 3.1295
1777025577.4181 0.000 0.000 0.0000 3.1295
1777025577.4229 0.000 0.000 0.0000 3.1295
1777025577.4274 0.000 0.000 0.0000 3.1295
1777025577.4324 0.000 0.000 0.0000 3.1295
1777025577.4380 0.000 0.000 0.0000 3.1295
1777025577.4427 0.000 0.000 0.0000 3.1295
1777025577.4515 0.000 0.000 0.0000 3.1295
1777025577.4529 0.000 0.000 0.0000 3.1295
1777025577.4576 0.000 0.000 0.0000 3.1295
1777025577.4625 0.000 0.000 0.0000 3.1295
1777025577.4683 0.000 0.000 0.0000 3.1295
1777025577.4729 0.000 0.000 0.0000 3.1295
1777025577.4775 0.000 0.000 0.0000 3.1295
1777025577.4822 0.000 0.000 0.0000 3.1295
1777025577.4882 0.000 0.000 0.0000 3.1295
1777025577.4932 0.000 0.000 0.0000 3.1295
1777025577.4975 0.000 0.000 0.0000 3.1295
1777025577.5024 0.000 0.000 0.0000 3.1295
1777025577.5081 0.000 0.000 0.0000 3.1295
1777025577.5132 0.000 0.000 0.0000 3.1295
1777025577.5182 0.000 0.000 0.0000 3.1295
1777025577.5227 0.000 0.000 0.0000 3.1296
1777025577.5274 0.000 0.000 0.0000 3.1295
1777025577.5322 0.000 0.000 0.0000 3.1296
1777025577.5406 0.000 0.000 0.0000 3.1296
1777025577.5433 0.000 0.000 0.0000 3.1296
1777025577.5482 0.000 0.000 0.0000 3.1296
1777025577.5530 0.000 0.000 0.0000 3.1296
1777025577.5587 0.000 0.000 0.0000 3.1296
1777025577.5629 0.000 0.000 0.0000 3.1296
1777025577.5677 0.000 0.000 0.0000 3.1296
1777025577.5736 0.000 0.000 0.0000 3.1296
1777025577.5785 0.000 0.000 0.0000 3.1296
1777025577.5836 0.000 0.000 0.0000 3.1296
1777025577.5894 0.000 0.000 0.0000 3.1296
1777025577.5934 0.000 0.000 0.0000 3.1296
1777025577.5980 0.000 0.000 0.0000 3.1296
1777025577.6037 0.000 0.000 0.0000 3.1296
1777025577.6084 0.000 0.000 0.0000 3.1296
1777025577.6131 0.000 0.000 0.0000 3.1296
1777025577.6188 0.000 0.000 0.0000 3.1296
1777025577.6235 0.000 0.000 0.0000 3.1296
1777025577.6280 0.000 0.000 0.0000 3.1296
1777025577.6335 0.000 0.000 0.0000 3.1295
1777025577.6381 0.000 0.000 0.0000 3.1296
1777025577.6437 0.000 0.000 0.0000 3.1295
1777025577.6479 0.000 0.000 0.0000 3.1296
1777025577.6535 0.000 0.000 0.0000 3.1296
1777025577.6578 0.000 0.000 0.0000 3.1296
1777025577.6636 0.000 0.000 0.0000 3.1296
1777025577.6680 0.000 0.000 0.0000 3.1296
1777025577.6737 0.000 0.000 0.0000 3.1296
1777025577.6781 0.000 0.000 0.0000 3.1296
1777025577.6838 0.000 0.000 0.0000 3.1296
1777025577.6887 0.000 0.000 0.0000 3.1296
1777025577.6933 0.000 0.000 0.0000 3.1296
1777025577.6978 0.000 0.000 0.0000 3.1296
1777025577.7033 0.000 0.000 0.0000 3.1296
1777025577.7079 0.000 0.000 0.0000 3.1296
1777025577.7135 0.000 0.000 0.0000 3.1295
1777025577.7188 0.000 0.000 0.0000 3.1295
1777025577.7237 0.000 0.000 0.0000 3.1295
1777025577.7282 0.000 0.000 0.0000 3.1295
1777025577.7330 0.000 0.000 0.0000 3.1295
1777025577.7385 0.000 0.000 0.0000 3.1296
1777025577.7433 0.000 0.000 0.0000 3.1296
1777025577.7484 0.000 0.000 0.0000 3.1296
1777025577.7531 0.000 0.000 0.0000 3.1296
1777025577.7578 0.000 0.000 0.0000 3.1296
1777025577.7633 0.000 0.000 0.0000 3.1296
1777025577.7680 0.000 0.000 0.0000 3.1296
1777025577.7735 0.000 0.000 0.0000 3.1296
1777025577.7789 0.000 0.000 0.0000 3.1296
1777025577.7839 0.000 0.000 0.0000 3.1296
1777025577.7884 0.000 0.000 0.0000 3.1296
1777025577.7932 0.000 0.000 0.0000 3.1296
1777025577.7987 0.000 0.000 0.0000 3.1296
1777025577.8032 0.000 0.000 0.0000 3.1296
1777025577.8088 0.000 0.000 0.0000 3.1296
1777025577.8133 0.000 0.000 0.0000 3.1296
1777025577.8179 0.000 0.000 0.0000 3.1296
1777025577.8235 0.000 0.000 0.0000 3.1296
1777025577.8281 0.000 0.000 0.0000 3.1296
1777025577.8337 0.000 0.000 0.0000 3.1296
1777025577.8381 0.000 0.000 0.0000 3.1296
1777025577.8438 0.000 0.000 0.0000 3.1296
1777025577.8481 0.000 0.000 0.0000 3.1296
1777025577.8529 0.000 0.000 0.0000 3.1296
1777025577.8583 0.000 0.000 0.0000 3.1296
1777025577.8630 0.000 0.000 0.0000 3.1296
1777025577.8686 0.000 0.000 0.0000 3.1296
1777025577.8731 0.000 0.000 0.0000 3.1296
1777025577.8788 0.000 0.000 0.0000 3.1296
1777025577.8835 0.000 0.000 0.0000 3.1296
1777025577.8883 0.000 0.000 0.0000 3.1296
1777025577.8939 0.000 0.000 0.0000 3.1296
1777025577.8983 0.000 0.000 0.0000 3.1296
1777025577.9029 0.000 0.000 0.0000 3.1296
1777025577.9084 0.000 0.000 0.0000 3.1296
1777025577.9131 0.000 0.000 0.0000 3.1296
1777025577.9189 0.000 0.000 0.0000 3.1296
1777025577.9235 0.000 0.000 0.0000 3.1296
1777025577.9281 0.000 0.000 0.0000 3.1296
1777025577.9336 0.000 0.000 0.0000 3.1296
1777025577.9381 0.000 0.000 0.0000 3.1296
1777025577.9437 0.000 0.000 0.0000 3.1296
1777025577.9488 0.000 0.000 0.0000 3.1296
1777025577.9533 0.000 0.000 0.0000 3.1296
1777025577.9588 0.000 0.000 0.0000 3.1296
1777025577.9634 0.000 0.000 0.0000 3.1296
1777025577.9679 0.000 0.000 0.0000 3.1296
1777025577.9737 0.000 0.000 0.0000 3.1296
1777025577.9781 0.000 0.000 0.0000 3.1296
1777025577.9839 0.000 0.000 0.0000 3.1296
1777025577.9885 0.000 0.000 0.0000 3.1296
1777025577.9930 0.000 0.000 0.0000 3.1296
1777025577.9987 0.000 0.000 0.0000 3.1296
1777025578.0031 0.000 0.000 0.0000 3.1296
1777025578.0088 0.000 0.000 0.0000 3.1296
1777025578.0133 0.000 0.000 0.0000 3.1296
1777025578.0188 0.000 0.000 0.0000 3.1296
1777025578.0235 0.000 0.000 0.0000 3.1296
1777025578.0279 0.000 0.000 0.0000 3.1296
1777025578.0336 0.000 0.000 0.0000 3.1296
1777025578.0381 0.000 0.000 0.0000 3.1296
1777025578.0437 0.000 0.000 0.0000 3.1296
1777025578.0490 0.000 0.000 0.0000 3.1296
1777025578.0538 0.000 0.000 0.0000 3.1296
1777025578.0584 0.000 0.000 0.0000 3.1296
1777025578.0632 0.000 0.000 0.0000 3.1296
1777025578.0681 0.000 0.000 0.0000 3.1296
1777025578.0737 0.000 0.000 0.0000 3.1296
1777025578.0783 0.000 0.000 0.0000 3.1296
1777025578.0836 0.000 0.000 0.0000 3.1296
1777025578.0882 0.000 0.000 0.0000 3.1296
1777025578.0930 0.000 0.000 0.0000 3.1296
1777025578.0984 0.000 0.000 0.0000 3.1296
1777025578.1040 0.000 0.000 0.0000 3.1296
1777025578.1085 0.000 0.000 0.0000 3.1296
1777025578.1130 0.000 0.000 0.0000 3.1296
1777025578.1189 0.000 0.000 0.0000 3.1296
1777025578.1233 0.000 0.000 0.0000 3.1296
1777025578.1290 0.000 0.000 0.0000 3.1296
1777025578.1335 0.000 0.000 0.0000 3.1296
1777025578.1390 0.000 0.000 0.0000 3.1296
1777025578.1437 0.000 0.000 0.0000 3.1296
1777025578.1487 0.000 0.000 0.0000 3.1296
1777025578.1534 0.000 0.000 0.0000 3.1296
1777025578.1590 0.000 0.000 0.0000 3.1296
1777025578.1635 0.000 0.000 0.0000 3.1296
1777025578.1692 0.000 0.000 0.0000 3.1296
1777025578.1736 0.000 0.000 0.0000 3.1296
1777025578.1782 0.000 0.000 0.0000 3.1296
1777025578.1838 0.000 0.000 0.0000 3.1296
1777025578.1885 0.000 0.000 0.0000 3.1296
1777025578.1942 0.000 0.000 0.0000 3.1296
1777025578.1987 0.000 0.000 0.0000 3.1296
1777025578.2032 0.000 0.000 0.0000 3.1296
1777025578.2089 0.000 0.000 0.0000 3.1296
1777025578.2138 0.000 0.000 0.0000 3.1296
1777025578.2187 0.000 0.000 0.0000 3.1296
1777025578.2244 0.000 0.000 0.0000 3.1296
1777025578.2290 0.000 0.000 0.0000 3.1296
1777025578.2345 0.000 0.000 0.0000 3.1296
1777025578.2391 0.000 0.000 0.0000 3.1296
1777025578.2447 0.000 0.000 0.0000 3.1296
1777025578.2493 0.000 0.000 0.0000 3.1296
1777025578.2540 0.000 0.000 0.0000 3.1296
1777025578.2596 0.000 0.000 0.0000 3.1296
1777025578.2642 0.000 0.000 0.0000 3.1296
1777025578.2687 0.000 0.000 0.0000 3.1296
1777025578.2743 0.000 0.000 0.0000 3.1297
1777025578.2798 0.000 0.000 0.0000 3.1297
1777025578.2846 0.000 0.000 0.0000 3.1297
1777025578.2893 0.000 0.000 0.0000 3.1297
1777025578.2939 0.000 0.000 0.0000 3.1297
1777025578.2995 0.000 0.000 0.0000 3.1297
1777025578.3040 0.000 0.000 0.0000 3.1297
1777025578.3097 0.000 0.000 0.0000 3.1297
1777025578.3141 0.000 0.000 0.0000 3.1297
1777025578.3191 0.000 0.000 0.0000 3.1297
1777025578.3246 0.000 0.000 0.0000 3.1297
1777025578.3291 0.000 0.000 0.0000 3.1297
1777025578.3348 0.000 0.000 0.0000 3.1297
1777025578.3392 0.000 0.000 0.0000 3.1297
1777025578.3439 0.000 0.000 0.0000 3.1297
1777025578.3488 0.000 0.000 0.0000 3.1297
1777025578.3543 0.000 0.000 0.0000 3.1297
1777025578.3589 0.000 0.000 0.0000 3.1297
1777025578.3644 0.000 0.000 0.0000 3.1297
1777025578.3690 0.000 0.000 0.0000 3.1297
1777025578.3746 0.000 0.000 0.0000 3.1297
1777025578.3790 0.000 0.000 0.0000 3.1297
1777025578.3847 0.000 0.000 0.0000 3.1297
1777025578.3892 0.000 0.000 0.0000 3.1297
1777025578.3939 0.000 0.000 0.0000 3.1297
1777025578.3994 0.000 0.000 0.0000 3.1297
1777025578.4039 0.000 0.000 0.0000 3.1297
1777025578.4096 0.000 0.000 0.0000 3.1297
1777025578.4142 0.000 0.000 0.0000 3.1297
1777025578.4189 0.000 0.000 0.0000 3.1297
1777025578.4245 0.000 0.000 0.0000 3.1297
1777025578.4293 0.000 0.000 0.0000 3.1297
1777025578.4348 0.000 0.000 0.0000 3.1297
1777025578.4394 0.000 0.000 0.0000 3.1297
1777025578.4441 0.000 0.000 0.0000 3.1297
1777025578.4498 0.000 0.000 0.0000 3.1297
1777025578.4545 0.000 0.000 0.0000 3.1297
1777025578.4588 0.000 0.000 0.0000 3.1297
1777025578.4645 0.000 0.000 0.0000 3.1297
1777025578.4690 0.000 0.000 0.0000 3.1297
1777025578.4745 0.000 0.000 0.0000 3.1297
1777025578.4792 0.000 0.000 0.0000 3.1297
1777025578.4847 0.000 0.000 0.0000 3.1297
1777025578.4894 0.000 0.000 0.0000 3.1297
1777025578.4940 0.000 0.000 0.0000 3.1296
1777025578.4995 0.000 0.000 0.0000 3.1297
1777025578.5040 0.000 0.000 0.0000 3.1297
1777025578.5096 0.000 0.000 0.0000 3.1296
1777025578.5142 0.000 0.000 0.0000 3.1297
1777025578.5189 0.000 0.000 0.0000 3.1297
1777025578.5245 0.000 0.000 0.0000 3.1297
1777025578.5291 0.000 0.000 0.0000 3.1297
1777025578.5346 0.000 0.000 0.0000 3.1297
1777025578.5394 0.000 0.000 0.0000 3.1297
1777025578.5439 0.000 0.000 0.0000 3.1297
1777025578.5489 0.000 0.000 0.0000 3.1297
1777025578.5544 0.000 0.000 0.0000 3.1297
1777025578.5590 0.000 0.000 0.0000 3.1297
1777025578.5645 0.000 0.000 0.0000 3.1297
1777025578.5690 0.000 0.000 0.0000 3.1297
1777025578.5748 0.000 0.000 0.0000 3.1297
1777025578.5794 0.000 0.000 0.0000 3.1297
1777025578.5850 0.000 0.000 0.0000 3.1296
1777025578.5896 0.000 0.000 0.0000 3.1296
1777025578.5941 0.000 0.000 0.0000 3.1296
1777025578.5997 0.000 0.000 0.0000 3.1296
1777025578.6041 0.000 0.000 0.0000 3.1296
1777025578.6099 0.000 0.000 0.0000 3.1296
1777025578.6144 0.000 0.000 0.0000 3.1296
1777025578.6190 0.000 0.000 0.0000 3.1296
1777025578.6247 0.000 0.000 0.0000 3.1296
1777025578.6292 0.000 0.000 0.0000 3.1296
1777025578.6339 0.000 0.000 0.0000 3.1296
1777025578.6394 0.000 0.000 0.0000 3.1296
1777025578.6441 0.000 0.000 0.0000 3.1296
1777025578.6496 0.000 0.000 0.0000 3.1296
1777025578.6541 0.000 0.000 0.0000 3.1296
1777025578.6597 0.000 0.000 0.0000 3.1296
1777025578.6646 0.000 0.000 0.0000 3.1297
1777025578.6693 0.000 0.000 0.0000 3.1296
1777025578.6749 0.000 0.000 0.0000 3.1296
1777025578.6794 0.000 0.000 0.0000 3.1297
1777025578.6842 0.000 0.000 0.0000 3.1297
1777025578.6898 0.000 0.000 0.0000 3.1297
1777025578.6946 0.000 0.000 0.0000 3.1297
1777025578.7000 0.000 0.000 0.0000 3.1297
1777025578.7047 0.000 0.000 0.0000 3.1297
1777025578.7092 0.000 0.000 0.0000 3.1296
1777025578.7146 0.000 0.000 0.0000 3.1296
1777025578.7195 0.000 0.000 0.0000 3.1296
1777025578.7240 0.000 0.000 0.0000 3.1296
1777025578.7298 0.000 0.000 0.0000 3.1296
1777025578.7343 0.000 0.000 0.0000 3.1296
1777025578.7398 0.000 0.000 0.0000 3.1296
1777025578.7444 0.000 0.000 0.0000 3.1296
1777025578.7490 0.000 0.000 0.0000 3.1296
1777025578.7549 0.000 0.000 0.0000 3.1296
1777025578.7595 0.000 0.000 0.0000 3.1296
1777025578.7641 0.000 0.000 0.0000 3.1296
1777025578.7697 0.000 0.000 0.0000 3.1296
1777025578.7746 0.000 0.000 0.0000 3.1296
1777025578.7793 0.000 0.000 0.0000 3.1296
1777025578.7849 0.000 0.000 0.0000 3.1296
1777025578.7897 0.000 0.000 0.0000 3.1296
1777025578.7941 0.000 0.000 0.0000 3.1296
1777025578.7997 0.000 0.000 0.0000 3.1296
1777025578.8043 0.000 0.000 0.0000 3.1296
1777025578.8098 0.000 0.000 0.0000 3.1296
1777025578.8145 0.000 0.000 0.0000 3.1296
1777025578.8190 0.000 0.000 0.0000 3.1296
1777025578.8249 0.000 0.000 0.0000 3.1296
1777025578.8295 0.000 0.000 0.0000 3.1296
1777025578.8349 0.000 0.000 0.0000 3.1296
1777025578.8395 0.000 0.000 0.0000 3.1296
1777025578.8451 0.000 0.000 0.0000 3.1296
1777025578.8500 0.000 0.000 0.0000 3.1296
1777025578.8546 0.000 0.000 0.0000 3.1296
1777025578.8602 0.000 0.000 0.0000 3.1296
1777025578.8652 0.000 0.000 0.0000 3.1296
1777025578.8693 0.000 0.000 0.0000 3.1296
1777025578.8743 0.000 0.000 0.0000 3.1296
1777025578.8799 0.000 0.000 0.0000 3.1296
1777025578.8848 0.000 0.000 0.0000 3.1296
1777025578.8908 0.000 0.000 0.0000 3.1295
1777025578.8955 0.000 0.000 0.0000 3.1295
1777025578.9000 0.000 0.000 0.0000 3.1295
1777025578.9057 0.000 0.000 0.0000 3.1295
1777025578.9103 0.000 0.000 0.0000 3.1295
1777025578.9148 0.000 0.000 0.0000 3.1295
1777025578.9206 0.000 0.000 0.0000 3.1295
1777025578.9253 0.000 0.000 0.0000 3.1295
1777025578.9307 0.000 0.000 0.0000 3.1295
1777025578.9354 0.000 0.000 0.0000 3.1295
1777025578.9397 0.000 0.000 0.0000 3.1295
1777025578.9456 0.000 0.000 0.0000 3.1295
1777025578.9502 0.000 0.000 0.0000 3.1295
1777025578.9549 0.000 0.000 0.0000 3.1295
1777025578.9604 0.000 0.000 0.0000 3.1295
1777025578.9652 0.000 0.000 0.0000 3.1295
1777025578.9697 0.000 0.000 0.0000 3.1295
1777025578.9753 0.000 0.000 0.0000 3.1295
1777025578.9797 0.000 0.000 0.0000 3.1295
1777025578.9849 0.000 0.000 0.0000 3.1295
1777025578.9904 0.000 0.000 0.0000 3.1295
1777025578.9950 0.000 0.000 0.0000 3.1295
1777025579.0005 0.000 0.000 0.0000 3.1295
1777025579.0054 0.000 0.000 0.0000 3.1295
1777025579.0098 0.000 0.000 0.0000 3.1295
1777025579.0157 0.000 0.000 0.0000 3.1295
1777025579.0199 0.000 0.000 0.0000 3.1295
1777025579.0255 0.000 0.000 0.0000 3.1295
1777025579.0302 0.000 0.000 0.0000 3.1295
1777025579.0357 0.000 0.000 0.0000 3.1295
1777025579.0402 0.000 0.000 0.0000 3.1295
1777025579.0449 0.000 0.000 0.0000 3.1295
1777025579.0502 0.000 0.000 0.0000 3.1295
1777025579.0550 0.000 0.000 0.0000 3.1295
1777025579.0604 0.000 0.000 0.0000 3.1295
1777025579.0652 0.000 0.000 0.0000 3.1295
1777025579.0708 0.000 0.000 0.0000 3.1295
1777025579.0753 0.000 0.000 0.0000 3.1295
1777025579.0798 0.000 0.000 0.0000 3.1295
1777025579.0850 0.000 0.000 0.0000 3.1295
1777025579.0906 0.000 0.000 0.0000 3.1295
1777025579.0952 0.000 0.000 0.0000 3.1295
1777025579.1008 0.000 0.000 0.0000 3.1295
1777025579.1055 0.000 0.000 0.0000 3.1295
1777025579.1099 0.000 0.000 0.0000 3.1295
1777025579.1158 0.000 0.000 0.0000 3.1295
1777025579.1207 0.000 0.000 0.0000 3.1295
1777025579.1254 0.000 0.000 0.0000 3.1295
1777025579.1309 0.000 0.000 0.0000 3.1295
1777025579.1355 0.000 0.000 0.0000 3.1295
1777025579.1400 0.000 0.000 0.0000 3.1295
1777025579.1456 0.000 0.000 0.0000 3.1295
1777025579.1506 0.000 0.000 0.0000 3.1295
1777025579.1551 0.000 0.000 0.0000 3.1295
1777025579.1607 0.000 0.000 0.0000 3.1295
1777025579.1654 0.000 0.000 0.0000 3.1295
1777025579.1709 0.000 0.000 0.0000 3.1295
1777025579.1756 0.000 0.000 0.0000 3.1295
1777025579.1800 0.000 0.000 0.0000 3.1295
1777025579.1852 0.000 0.000 0.0000 3.1295
1777025579.1907 0.000 0.000 0.0000 3.1295
1777025579.1953 0.000 0.000 0.0000 3.1295
1777025579.2000 0.000 0.000 0.0000 3.1295
1777025579.2056 0.000 0.000 0.0000 3.1295
1777025579.2102 0.000 0.000 0.0000 3.1295
1777025579.2155 0.000 0.000 0.0000 3.1295
1777025579.2201 0.000 0.000 0.0000 3.1295
1777025579.2258 0.000 0.000 0.0000 3.1295
1777025579.2302 0.000 0.000 0.0000 3.1295
1777025579.2349 0.000 0.000 0.0000 3.1295
1777025579.2405 0.000 0.000 0.0000 3.1295
1777025579.2455 0.000 0.000 0.0000 3.1295
1777025579.2501 0.000 0.000 0.0000 3.1295
1777025579.2551 0.000 0.000 0.0000 3.1295
1777025579.2607 0.000 0.000 0.0000 3.1295
1777025579.2653 0.000 0.000 0.0000 3.1295
1777025579.2709 0.000 0.000 0.0000 3.1295
1777025579.2753 0.000 0.000 0.0000 3.1295
1777025579.2809 0.000 0.000 0.0000 3.1295
1777025579.2850 0.000 0.000 0.0000 3.1295
1777025579.2904 0.000 0.000 0.0000 3.1295
1777025579.2953 0.000 0.000 0.0000 3.1295
1777025579.3007 0.000 0.000 0.0000 3.1295
1777025579.3054 0.000 0.000 0.0000 3.1295
1777025579.3109 0.000 0.000 0.0000 3.1295
1777025579.3158 0.000 0.000 0.0000 3.1295
1777025579.3207 0.000 0.000 0.0000 3.1295
1777025579.3253 0.000 0.000 0.0000 3.1295
1777025579.3309 0.000 0.000 0.0000 3.1295
1777025579.3355 0.000 0.000 0.0000 3.1295
1777025579.3401 0.000 0.000 0.0000 3.1295
1777025579.3459 0.000 0.000 0.0000 3.1295
1777025579.3506 0.000 0.000 0.0000 3.1295
1777025579.3552 0.000 0.000 0.0000 3.1295
1777025579.3607 0.000 0.000 0.0000 3.1295
1777025579.3655 0.000 0.000 0.0000 3.1295
1777025579.3710 0.000 0.000 0.0000 3.1295
1777025579.3756 0.000 0.000 0.0000 3.1295
1777025579.3801 0.000 0.000 0.0000 3.1295
1777025579.3851 0.000 0.000 0.0000 3.1295
1777025579.3910 0.000 0.000 0.0000 3.1295
1777025579.3955 0.000 0.000 0.0000 3.1295
1777025579.4001 0.000 0.000 0.0000 3.1295
1777025579.4058 0.000 0.000 0.0000 3.1295
1777025579.4102 0.000 0.000 0.0000 3.1295
1777025579.4150 0.000 0.000 0.0000 3.1295
1777025579.4206 0.000 0.000 0.0000 3.1295
1777025579.4254 0.000 0.000 0.0000 3.1295
1777025579.4309 0.000 0.000 0.0000 3.1295
1777025579.4355 0.000 0.000 0.0000 3.1295
1777025579.4400 0.000 0.000 0.0000 3.1295
1777025579.4458 0.000 0.000 0.0000 3.1295
1777025579.4502 0.000 0.000 0.0000 3.1295
1777025579.4557 0.000 0.000 0.0000 3.1295
1777025579.4601 0.000 0.000 0.0000 3.1295
1777025579.4659 0.000 0.000 0.0000 3.1295
1777025579.4703 0.000 0.000 0.0000 3.1295
1777025579.4760 0.000 0.000 0.0000 3.1295
1777025579.4806 0.000 0.000 0.0000 3.1295
1777025579.4862 0.000 0.000 0.0000 3.1295
1777025579.4906 0.000 0.000 0.0000 3.1295
1777025579.4962 0.000 0.000 0.0000 3.1295
1777025579.5007 0.000 0.000 0.0000 3.1295
1777025579.5052 0.000 0.000 0.0000 3.1295
1777025579.5111 0.000 0.000 0.0000 3.1295
1777025579.5156 0.000 0.000 0.0000 3.1295
1777025579.5204 0.000 0.000 0.0000 3.1295
1777025579.5259 0.000 0.000 0.0000 3.1295
1777025579.5305 0.000 0.000 0.0000 3.1295
1777025579.5361 0.000 0.000 0.0000 3.1295
1777025579.5406 0.000 0.000 0.0000 3.1296
1777025579.5454 0.000 0.000 0.0000 3.1295
1777025579.5502 0.000 0.000 0.0000 3.1295
1777025579.5557 0.000 0.000 0.0000 3.1295
1777025579.5603 0.000 0.000 0.0000 3.1295
1777025579.5659 0.000 0.000 0.0000 3.1295
1777025579.5715 0.000 0.000 0.0000 3.1295
1777025579.5760 0.000 0.000 0.0000 3.1295
1777025579.5808 0.000 0.000 0.0000 3.1296
1777025579.5859 0.000 0.000 0.0000 3.1295
1777025579.5916 0.000 0.000 0.0000 3.1295
1777025579.5961 0.000 0.000 0.0000 3.1295
1777025579.6016 0.000 0.000 0.0000 3.1295
1777025579.6064 0.000 0.000 0.0000 3.1295
1777025579.6109 0.000 0.000 0.0000 3.1295
1777025579.6159 0.000 0.000 0.0000 3.1295
1777025579.6207 0.000 0.000 0.0000 3.1295
1777025579.6263 0.000 0.000 0.0000 3.1295
1777025579.6311 0.000 0.000 0.0000 3.1295
1777025579.6365 0.000 0.000 0.0000 3.1295
1777025579.6412 0.000 0.000 0.0000 3.1295
1777025579.6458 0.000 0.000 0.0000 3.1296
1777025579.6512 0.000 0.000 0.0000 3.1296
1777025579.6567 0.000 0.000 0.0000 3.1296
1777025579.6613 0.000 0.000 0.0000 3.1296
1777025579.6660 0.000 0.000 0.0000 3.1296
1777025579.6715 0.000 0.000 0.0000 3.1296
1777025579.6760 0.000 0.000 0.0000 3.1296
1777025579.6810 0.000 0.000 0.0000 3.1296
1777025579.6866 0.000 0.000 0.0000 3.1295
1777025579.6912 0.000 0.000 0.0000 3.1295
1777025579.6958 0.000 0.000 0.0000 3.1295
1777025579.7015 0.000 0.000 0.0000 3.1295
1777025579.7059 0.000 0.000 0.0000 3.1295
1777025579.7117 0.000 0.000 0.0000 3.1295
1777025579.7159 0.000 0.000 0.0000 3.1295
1777025579.7216 0.000 0.000 0.0000 3.1295
1777025579.7263 0.000 0.000 0.0000 3.1295
1777025579.7308 0.000 0.000 0.0000 3.1295
1777025579.7364 0.000 0.000 0.0000 3.1295
1777025579.7409 0.000 0.000 0.0000 3.1295
1777025579.7465 0.000 0.000 0.0000 3.1295
1777025579.7515 0.000 0.000 0.0000 3.1295
1777025579.7560 0.000 0.000 0.0000 3.1295
1777025579.7618 0.000 0.000 0.0000 3.1295
1777025579.7663 0.000 0.000 0.0000 3.1295
1777025579.7719 0.000 0.000 0.0000 3.1295
1777025579.7765 0.000 0.000 0.0000 3.1295
1777025579.7811 0.000 0.000 0.0000 3.1295
1777025579.7868 0.000 0.000 0.0000 3.1295
1777025579.7913 0.000 0.000 0.0000 3.1295
1777025579.7960 0.000 0.000 0.0000 3.1295
1777025579.8016 0.000 0.000 0.0000 3.1295
1777025579.8062 0.000 0.000 0.0000 3.1295
1777025579.8111 0.000 0.000 0.0000 3.1295
1777025579.8168 0.000 0.000 0.0000 3.1295
1777025579.8215 0.000 0.000 0.0000 3.1295
1777025579.8259 0.000 0.000 0.0000 3.1295
1777025579.8317 0.000 0.000 0.0000 3.1295
1777025579.8362 0.000 0.000 0.0000 3.1295
1777025579.8418 0.000 0.000 0.0000 3.1295
1777025579.8466 0.000 0.000 0.0000 3.1295
1777025579.8512 0.000 0.000 0.0000 3.1295
1777025579.8569 0.000 0.000 0.0000 3.1295
1777025579.8615 0.000 0.000 0.0000 3.1295
1777025579.8659 0.000 0.000 0.0000 3.1295
1777025579.8716 0.000 0.000 0.0000 3.1295
1777025579.8760 0.000 0.000 0.0000 3.1295
1777025579.8812 0.000 0.000 0.0000 3.1295
1777025579.8868 0.000 0.000 0.0000 3.1295
1777025579.8913 0.000 0.000 0.0000 3.1295
1777025579.8959 0.000 0.000 0.0000 3.1295
1777025579.9015 0.000 0.000 0.0000 3.1295
1777025579.9061 0.000 0.000 0.0000 3.1295
1777025579.9117 0.000 0.000 0.0000 3.1295
1777025579.9162 0.000 0.000 0.0000 3.1295
1777025579.9220 0.000 0.000 0.0000 3.1295
1777025579.9265 0.000 0.000 0.0000 3.1295
1777025579.9311 0.000 0.000 0.0000 3.1295
1777025579.9366 0.000 0.000 0.0000 3.1295
1777025579.9413 0.000 0.000 0.0000 3.1295
1777025579.9468 0.000 0.000 0.0000 3.1295
1777025579.9516 0.000 0.000 0.0000 3.1295
1777025579.9560 0.000 0.000 0.0000 3.1295
1777025579.9616 0.000 0.000 0.0000 3.1295
1777025579.9663 0.000 0.000 0.0000 3.1295
1777025579.9717 0.000 0.000 0.0000 3.1295
1777025579.9763 0.000 0.000 0.0000 3.1295
1777025579.9819 0.000 0.000 0.0000 3.1295
1777025579.9860 0.000 0.000 0.0000 3.1295
1777025579.9918 0.000 0.000 0.0000 3.1295
1777025579.9962 0.000 0.000 0.0000 3.1295
1777025580.0009 0.000 0.000 0.0000 3.1295
1777025580.0065 0.000 0.000 0.0000 3.1295
1777025580.0112 0.000 0.000 0.0000 3.1295
1777025580.0170 0.000 0.000 0.0000 3.1295
1777025580.0217 0.000 0.000 0.0000 3.1295
1777025580.0263 0.000 0.000 0.0000 3.1295
1777025580.0318 0.000 0.000 0.0000 3.1295
1777025580.0363 0.000 0.000 0.0000 3.1295
1777025580.0420 0.000 0.000 0.0000 3.1295
1777025580.0466 0.000 0.000 0.0000 3.1295
1777025580.0514 0.000 0.000 0.0000 3.1295
1777025580.0569 0.000 0.000 0.0000 3.1295
1777025580.0617 0.000 0.000 0.0000 3.1295
1777025580.0661 0.000 0.000 0.0000 3.1295
1777025580.0717 0.000 0.000 0.0000 3.1295
1777025580.0762 0.000 0.000 0.0000 3.1295
1777025580.0818 0.000 0.000 0.0000 3.1295
1777025580.0866 0.000 0.000 0.0000 3.1295
1777025580.0921 0.000 0.000 0.0000 3.1295
1777025580.0967 0.000 0.000 0.0000 3.1295
1777025580.1012 0.000 0.000 0.0000 3.1295
1777025580.1067 0.000 0.000 0.0000 3.1295
1777025580.1114 0.000 0.000 0.0000 3.1295
1777025580.1170 0.000 0.000 0.0000 3.1295
1777025580.1218 0.000 0.000 0.0000 3.1295
1777025580.1262 0.000 0.000 0.0000 3.1295
1777025580.1318 0.000 0.000 0.0000 3.1295
1777025580.1363 0.000 0.000 0.0000 3.1295
1777025580.1420 0.000 0.000 0.0000 3.1295
1777025580.1467 0.000 0.000 0.0000 3.1296
1777025580.1514 0.000 0.000 0.0000 3.1296
1777025580.1569 0.000 0.000 0.0000 3.1296
1777025580.1615 0.000 0.000 0.0000 3.1296
1777025580.1671 0.000 0.000 0.0000 3.1296
1777025580.1716 0.000 0.000 0.0000 3.1296
1777025580.1772 0.000 0.000 0.0000 3.1296
1777025580.1818 0.000 0.000 0.0000 3.1296
1777025580.1871 0.000 0.000 0.0000 3.1296
1777025580.1918 0.000 0.000 0.0000 3.1296
1777025580.1963 0.000 0.000 0.0000 3.1296
1777025580.2018 0.000 0.000 0.0000 3.1295
1777025580.2066 0.000 0.000 0.0000 3.1295
1777025580.2121 0.000 0.000 0.0000 3.1295
1777025580.2170 0.000 0.000 0.0000 3.1295
1777025580.2215 0.000 0.000 0.0000 3.1295
1777025580.2271 0.000 0.000 0.0000 3.1295
1777025580.2318 0.000 0.000 0.0000 3.1295
1777025580.2372 0.000 0.000 0.0000 3.1296
1777025580.2419 0.000 0.000 0.0000 3.1296
1777025580.2479 0.000 0.000 0.0000 3.1296
1777025580.2525 0.000 0.000 0.0000 3.1296
1777025580.2573 0.000 0.000 0.0000 3.1296
1777025580.2618 0.000 0.000 0.0000 3.1296
1777025580.2675 0.000 0.000 0.0000 3.1296
1777025580.2722 0.000 0.000 0.0000 3.1296
1777025580.2768 0.000 0.000 0.0000 3.1296
1777025580.2825 0.000 0.000 0.0000 3.1296
1777025580.2871 0.000 0.000 0.0000 3.1296
1777025580.2927 0.000 0.000 0.0000 3.1296
1777025580.2972 0.000 0.000 0.0000 3.1296
1777025580.3019 0.000 0.000 0.0000 3.1296
1777025580.3074 0.000 0.000 0.0000 3.1296
1777025580.3119 0.000 0.000 0.0000 3.1296
1777025580.3168 0.000 0.000 0.0000 3.1296
1777025580.3225 0.000 0.000 0.0000 3.1296
1777025580.3272 0.000 0.000 0.0000 3.1296
1777025580.3327 0.000 0.000 0.0000 3.1296
1777025580.3373 0.000 0.000 0.0000 3.1296
1777025580.3418 0.000 0.000 0.0000 3.1296
1777025580.3479 0.000 0.000 0.0000 3.1296
1777025580.3525 0.000 0.000 0.0000 3.1296
1777025580.3569 0.000 0.000 0.0000 3.1296
1777025580.3628 0.000 0.000 0.0000 3.1296
1777025580.3673 0.000 0.000 0.0000 3.1296
1777025580.3719 0.000 0.000 0.0000 3.1296
1777025580.3775 0.000 0.000 0.0000 3.1296
1777025580.3820 0.000 0.000 0.0000 3.1296
1777025580.3874 0.000 0.000 0.0000 3.1296
1777025580.3919 0.000 0.000 0.0000 3.1296
1777025580.3975 0.000 0.000 0.0000 3.1296
1777025580.4020 0.000 0.000 0.0000 3.1296
1777025580.4076 0.000 0.000 0.0000 3.1296
1777025580.4121 0.000 0.000 0.0000 3.1296
1777025580.4169 0.000 0.000 0.0000 3.1296
1777025580.4228 0.000 0.000 0.0000 3.1296
1777025580.4272 0.000 0.000 0.0000 3.1297
1777025580.4318 0.000 0.000 0.0000 3.1296
1777025580.4374 0.000 0.000 0.0000 3.1296
1777025580.4418 0.000 0.000 0.0000 3.1297
1777025580.4479 0.000 0.000 0.0000 3.1297
1777025580.4523 0.000 0.000 0.0000 3.1297
1777025580.4569 0.000 0.000 0.0000 3.1297
1777025580.4624 0.000 0.000 0.0000 3.1297
1777025580.4669 0.000 0.000 0.0000 3.1297
1777025580.4726 0.000 0.000 0.0000 3.1297
1777025580.4769 0.000 0.000 0.0000 3.1297
1777025580.4826 0.000 0.000 0.0000 3.1297
1777025580.4876 0.000 0.000 0.0000 3.1297
1777025580.4921 0.000 0.000 0.0000 3.1297
1777025580.4969 0.000 0.000 0.0000 3.1297
1777025580.5025 0.000 0.000 0.0000 3.1297
1777025580.5072 0.000 0.000 0.0000 3.1297
1777025580.5127 0.000 0.000 0.0000 3.1297
1777025580.5172 0.000 0.000 0.0000 3.1297
1777025580.5228 0.000 0.000 0.0000 3.1297
1777025580.5273 0.000 0.000 0.0000 3.1297
1777025580.5318 0.000 0.000 0.0000 3.1297
1777025580.5374 0.000 0.000 0.0000 3.1297
1777025580.5420 0.000 0.000 0.0000 3.1297
1777025580.5480 0.000 0.000 0.0000 3.1297
1777025580.5526 0.000 0.000 0.0000 3.1297
1777025580.5571 0.000 0.000 0.0000 3.1297
1777025580.5626 0.000 0.000 0.0000 3.1297
1777025580.5673 0.000 0.000 0.0000 3.1297
1777025580.5728 0.000 0.000 0.0000 3.1297
1777025580.5773 0.000 0.000 0.0000 3.1297
1777025580.5829 0.000 0.000 0.0000 3.1297
1777025580.5876 0.000 0.000 0.0000 3.1297
1777025580.5922 0.000 0.000 0.0000 3.1297
1777025580.5976 0.000 0.000 0.0000 3.1297
1777025580.6023 0.000 0.000 0.0000 3.1297
1777025580.6069 0.000 0.000 0.0000 3.1297
1777025580.6124 0.000 0.000 0.0000 3.1297
1777025580.6170 0.000 0.000 0.0000 3.1297
1777025580.6226 0.000 0.000 0.0000 3.1297
1777025580.6272 0.000 0.000 0.0000 3.1297
1777025580.6328 0.000 0.000 0.0000 3.1297
1777025580.6373 0.000 0.000 0.0000 3.1297
1777025580.6429 0.000 0.000 0.0000 3.1297
1777025580.6479 0.000 0.000 0.0000 3.1297
1777025580.6526 0.000 0.000 0.0000 3.1296
1777025580.6570 0.000 0.000 0.0000 3.1296
1777025580.6628 0.000 0.000 0.0000 3.1296
1777025580.6673 0.000 0.000 0.0000 3.1296
1777025580.6729 0.000 0.000 0.0000 3.1296
1777025580.6773 0.000 0.000 0.0000 3.1296
1777025580.6822 0.000 0.000 0.0000 3.1296
1777025580.6869 0.000 0.000 0.0000 3.1296
1777025580.6924 0.000 0.000 0.0000 3.1296
1777025580.6970 0.000 0.000 0.0000 3.1296
1777025580.7027 0.000 0.000 0.0000 3.1296
1777025580.7072 0.000 0.000 0.0000 3.1296
1777025580.7128 0.000 0.000 0.0000 3.1296
1777025580.7173 0.000 0.000 0.0000 3.1296
1777025580.7230 0.000 0.000 0.0000 3.1296
1777025580.7275 0.000 0.000 0.0000 3.1296
1777025580.7320 0.000 0.000 0.0000 3.1296
1777025580.7377 0.000 0.000 0.0000 3.1296
1777025580.7423 0.000 0.000 0.0000 3.1296
1777025580.7480 0.000 0.000 0.0000 3.1296
1777025580.7527 0.000 0.000 0.0000 3.1296
1777025580.7574 0.000 0.000 0.0000 3.1296
1777025580.7629 0.000 0.000 0.0000 3.1296
1777025580.7675 0.000 0.000 0.0000 3.1296
1777025580.7720 0.000 0.000 0.0000 3.1296
1777025580.7775 0.000 0.000 0.0000 3.1296
1777025580.7824 0.000 0.000 0.0000 3.1296
1777025580.7879 0.000 0.000 0.0000 3.1296
1777025580.7925 0.000 0.000 0.0000 3.1296
1777025580.7970 0.000 0.000 0.0000 3.1296
1777025580.8026 0.000 0.000 0.0000 3.1296
1777025580.8073 0.000 0.000 0.0000 3.1296
1777025580.8127 0.000 0.000 0.0000 3.1296
1777025580.8171 0.000 0.000 0.0000 3.1296
1777025580.8226 0.000 0.000 0.0000 3.1296
1777025580.8272 0.000 0.000 0.0000 3.1296
1777025580.8330 0.000 0.000 0.0000 3.1296
1777025580.8373 0.000 0.000 0.0000 3.1296
1777025580.8423 0.000 0.000 0.0000 3.1296
1777025580.8479 0.000 0.000 0.0000 3.1296
1777025580.8528 0.000 0.000 0.0000 3.1296
1777025580.8573 0.000 0.000 0.0000 3.1296
1777025580.8628 0.000 0.000 0.0000 3.1296
1777025580.8674 0.000 0.000 0.0000 3.1296
1777025580.8729 0.000 0.000 0.0000 3.1296
1777025580.8775 0.000 0.000 0.0000 3.1296
1777025580.8823 0.000 0.000 0.0000 3.1296
1777025580.8879 0.000 0.000 0.0000 3.1296
1777025580.8926 0.000 0.000 0.0000 3.1296
1777025580.8981 0.000 0.000 0.0000 3.1296
1777025580.9028 0.000 0.000 0.0000 3.1296
1777025580.9082 0.000 0.000 0.0000 3.1296
1777025580.9128 0.000 0.000 0.0000 3.1297
1777025580.9182 0.000 0.000 0.0000 3.1297
1777025580.9229 0.000 0.000 0.0000 3.1297
1777025580.9285 0.000 0.000 0.0000 3.1297
1777025580.9329 0.000 0.000 0.0000 3.1296
1777025580.9377 0.000 0.000 0.0000 3.1296
1777025580.9434 0.000 0.000 0.0000 3.1296
1777025580.9489 0.000 0.000 0.0000 3.1296
1777025580.9536 0.000 0.000 0.0000 3.1296
1777025580.9579 0.000 0.000 0.0000 3.1296
1777025580.9636 0.000 0.000 0.0000 3.1296
1777025580.9681 0.000 0.000 0.0000 3.1296
1777025580.9727 0.000 0.000 0.0000 3.1296
1777025580.9782 0.000 0.000 0.0000 3.1296
1777025580.9835 0.000 0.000 0.0000 3.1296
1777025580.9883 0.000 0.000 0.0000 3.1296
1777025580.9929 0.000 0.000 0.0000 3.1296
1777025580.9985 0.000 0.000 0.0000 3.1296
1777025581.0030 0.000 0.000 0.0000 3.1296
1777025581.0086 0.000 0.000 0.0000 3.1296
1777025581.0131 0.000 0.000 0.0000 3.1296
1777025581.0182 0.000 0.000 0.0000 3.1296
1777025581.0229 0.000 0.000 0.0000 3.1296
1777025581.0284 0.000 0.000 0.0000 3.1296
1777025581.0331 0.000 0.000 0.0000 3.1296
1777025581.0387 0.000 0.000 0.0000 3.1296
1777025581.0434 0.000 0.000 0.0000 3.1296
1777025581.0488 0.000 0.000 0.0000 3.1296
1777025581.0533 0.000 0.000 0.0000 3.1296
1777025581.0579 0.000 0.000 0.0000 3.1296
1777025581.0634 0.000 0.000 0.0000 3.1296
1777025581.0679 0.000 0.000 0.0000 3.1296
1777025581.0735 0.000 0.000 0.0000 3.1296
1777025581.0779 0.000 0.000 0.0000 3.1296
1777025581.0833 0.000 0.000 0.0000 3.1296
1777025581.0878 0.000 0.000 0.0000 3.1296
1777025581.0935 0.000 0.000 0.0000 3.1296
1777025581.0979 0.000 0.000 0.0000 3.1296
1777025581.1036 0.000 0.000 0.0000 3.1296
1777025581.1081 0.000 0.000 0.0000 3.1296
1777025581.1138 0.000 0.000 0.0000 3.1296
1777025581.1184 0.000 0.000 0.0000 3.1296
1777025581.1229 0.000 0.000 0.0000 3.1296
1777025581.1286 0.000 0.000 0.0000 3.1296
1777025581.1331 0.000 0.000 0.0000 3.1296
1777025581.1386 0.000 0.000 0.0000 3.1296
1777025581.1434 0.000 0.000 0.0000 3.1296
1777025581.1489 0.000 0.000 0.0000 3.1296
1777025581.1536 0.000 0.000 0.0000 3.1296
1777025581.1579 0.000 0.000 0.0000 3.1296
1777025581.1636 0.000 0.000 0.0000 3.1296
1777025581.1682 0.000 0.000 0.0000 3.1296
1777025581.1736 0.000 0.000 0.0000 3.1296
1777025581.1783 0.000 0.000 0.0000 3.1296
1777025581.1835 0.000 0.000 0.0000 3.1296
1777025581.1879 0.000 0.000 0.0000 3.1297
1777025581.1936 0.000 0.000 0.0000 3.1297
1777025581.1980 0.000 0.000 0.0000 3.1297
1777025581.2037 0.000 0.000 0.0000 3.1297
1777025581.2084 0.000 0.000 0.0000 3.1297
1777025581.2130 0.000 0.000 0.0000 3.1297
1777025581.2181 0.000 0.000 0.0000 3.1297
1777025581.2228 0.000 0.000 0.0000 3.1297
1777025581.2284 0.000 0.000 0.0000 3.1297
1777025581.2329 0.000 0.000 0.0000 3.1297
1777025581.2385 0.000 0.000 0.0000 3.1297
1777025581.2431 0.000 0.000 0.0000 3.1297
1777025581.2481 0.000 0.000 0.0000 3.1297
1777025581.2537 0.000 0.000 0.0000 3.1297
1777025581.2583 0.000 0.000 0.0000 3.1296
1777025581.2630 0.000 0.000 0.0000 3.1296
1777025581.2685 0.000 0.000 0.0000 3.1296
1777025581.2732 0.000 0.000 0.0000 3.1296
1777025581.2786 0.000 0.000 0.0000 3.1296
1777025581.2834 0.000 0.000 0.0000 3.1296
1777025581.2880 0.000 0.000 0.0000 3.1296
1777025581.2935 0.000 0.000 0.0000 3.1296
1777025581.2982 0.000 0.000 0.0000 3.1296
1777025581.3037 0.000 0.000 0.0000 3.1296
1777025581.3082 0.000 0.000 0.0000 3.1296
1777025581.3128 0.000 0.000 0.0000 3.1296
1777025581.3184 0.000 0.000 0.0000 3.1297
1777025581.3231 0.000 0.000 0.0000 3.1297
1777025581.3288 0.000 0.000 0.0000 3.1297
1777025581.3334 0.000 0.000 0.0000 3.1297
1777025581.3379 0.000 0.000 0.0000 3.1297
1777025581.3436 0.000 0.000 0.0000 3.1297
1777025581.3482 0.000 0.000 0.0000 3.1296
1777025581.3538 0.000 0.000 0.0000 3.1296
1777025581.3583 0.000 0.000 0.0000 3.1296
1777025581.3629 0.000 0.000 0.0000 3.1296
1777025581.3686 0.000 0.000 0.0000 3.1296
1777025581.3731 0.000 0.000 0.0000 3.1296
1777025581.3786 0.000 0.000 0.0000 3.1296
1777025581.3834 0.000 0.000 0.0000 3.1296
1777025581.3889 0.000 0.000 0.0000 3.1296
1777025581.3937 0.000 0.000 0.0000 3.1296
1777025581.3981 0.000 0.000 0.0000 3.1296
1777025581.4047 0.000 0.000 0.0000 3.1296
1777025581.4083 0.000 0.000 0.0000 3.1296
1777025581.4138 0.000 0.000 0.0000 3.1296
1777025581.4185 0.000 0.000 0.0000 3.1296
1777025581.4230 0.000 0.000 0.0000 3.1296
1777025581.4287 0.000 0.000 0.0000 3.1297
1777025581.4332 0.000 0.000 0.0000 3.1297
1777025581.4386 0.000 0.000 0.0000 3.1297
1777025581.4434 0.000 0.000 0.0000 3.1297
1777025581.4481 0.000 0.000 0.0000 3.1297
1777025581.4538 0.000 0.000 0.0000 3.1297
1777025581.4584 0.000 0.000 0.0000 3.1297
1777025581.4630 0.000 0.000 0.0000 3.1297
1777025581.4685 0.000 0.000 0.0000 3.1297
1777025581.4730 0.000 0.000 0.0000 3.1297
1777025581.4786 0.000 0.000 0.0000 3.1297
1777025581.4833 0.000 0.000 0.0000 3.1297
1777025581.4890 0.000 0.000 0.0000 3.1296
1777025581.4936 0.000 0.000 0.0000 3.1297
1777025581.4981 0.000 0.000 0.0000 3.1296
1777025581.5039 0.000 0.000 0.0000 3.1296
1777025581.5083 0.000 0.000 0.0000 3.1296
1777025581.5131 0.000 0.000 0.0000 3.1296
1777025581.5181 0.000 0.000 0.0000 3.1296
1777025581.5238 0.000 0.000 0.0000 3.1296
1777025581.5284 0.000 0.000 0.0000 3.1296
1777025581.5339 0.000 0.000 0.0000 3.1296
1777025581.5385 0.000 0.000 0.0000 3.1296
1777025581.5442 0.000 0.000 0.0000 3.1296
1777025581.5483 0.000 0.000 0.0000 3.1296
1777025581.5541 0.000 0.000 0.0000 3.1296
1777025581.5586 0.000 0.000 0.0000 3.1296
1777025581.5643 0.000 0.000 0.0000 3.1296
1777025581.5688 0.000 0.000 0.0000 3.1296
1777025581.5733 0.000 0.000 0.0000 3.1295
1777025581.5788 0.000 0.000 0.0000 3.1295
1777025581.5837 0.000 0.000 0.0000 3.1296
1777025581.5882 0.000 0.000 0.0000 3.1295
1777025581.5939 0.000 0.000 0.0000 3.1295
1777025581.5987 0.000 0.000 0.0000 3.1296
1777025581.6042 0.000 0.000 0.0000 3.1296
1777025581.6091 0.000 0.000 0.0000 3.1296
1777025581.6145 0.000 0.000 0.0000 3.1296
1777025581.6193 0.000 0.000 0.0000 3.1296
1777025581.6240 0.000 0.000 0.0000 3.1296
1777025581.6295 0.000 0.000 0.0000 3.1296
1777025581.6342 0.000 0.000 0.0000 3.1296
1777025581.6396 0.000 0.000 0.0000 3.1296
1777025581.6443 0.000 0.000 0.0000 3.1296
1777025581.6491 0.000 0.000 0.0000 3.1296
1777025581.6546 0.000 0.000 0.0000 3.1296
1777025581.6593 0.000 0.000 0.0000 3.1296
1777025581.6638 0.000 0.000 0.0000 3.1296
1777025581.6694 0.000 0.000 0.0000 3.1296
1777025581.6739 0.000 0.000 0.0000 3.1296
1777025581.6799 0.000 0.000 0.0000 3.1296
1777025581.6844 0.000 0.000 0.0000 3.1296
1777025581.6888 0.000 0.000 0.0000 3.1296
1777025581.6946 0.000 0.000 0.0000 3.1296
1777025581.6990 0.000 0.000 0.0000 3.1296
1777025581.7047 0.000 0.000 0.0000 3.1296
1777025581.7093 0.000 0.000 0.0000 3.1295
1777025581.7138 0.000 0.000 0.0000 3.1295
1777025581.7195 0.000 0.000 0.0000 3.1295
1777025581.7239 0.000 0.000 0.0000 3.1295
1777025581.7292 0.000 0.000 0.0000 3.1295
1777025581.7347 0.000 0.000 0.0000 3.1295
1777025581.7393 0.000 0.000 0.0000 3.1295
1777025581.7442 0.000 0.000 0.0000 3.1295
1777025581.7498 0.000 0.000 0.0000 3.1295
1777025581.7546 0.000 0.000 0.0000 3.1295
1777025581.7593 0.000 0.000 0.0000 3.1295
1777025581.7641 0.000 0.000 0.0000 3.1295
1777025581.7694 0.000 0.000 0.0000 3.1295
1777025581.7739 0.000 0.000 0.0000 3.1295
1777025581.7801 0.000 0.000 0.0000 3.1295
1777025581.7846 0.000 0.000 0.0000 3.1295
1777025581.7892 0.000 0.000 0.0000 3.1295
1777025581.7939 0.000 0.000 0.0000 3.1295
1777025581.7992 0.000 0.000 0.0000 3.1295
1777025581.8048 0.000 0.000 0.0000 3.1295
1777025581.8096 0.000 0.000 0.0000 3.1295
1777025581.8145 0.000 0.000 0.0000 3.1295
1777025581.8189 0.000 0.000 0.0000 3.1295
1777025581.8238 0.000 0.000 0.0000 3.1295
1777025581.8296 0.000 0.000 0.0000 3.1295
1777025581.8342 0.000 0.000 0.0000 3.1295
1777025581.8395 0.000 0.000 0.0000 3.1295
1777025581.8442 0.000 0.000 0.0000 3.1295
1777025581.8500 0.000 0.000 0.0000 3.1295
1777025581.8545 0.000 0.000 0.0000 3.1295
1777025581.8595 0.000 0.000 0.0000 3.1295
1777025581.8646 0.000 0.000 0.0000 3.1295
1777025581.8692 0.000 0.000 0.0000 3.1295
1777025581.8743 0.000 0.000 0.0000 3.1295
1777025581.8801 0.000 0.000 0.0000 3.1295
1777025581.8843 0.000 0.000 0.0000 3.1295
1777025581.8891 0.000 0.000 0.0000 3.1295
1777025581.8947 0.000 0.000 0.0000 3.1295
1777025581.8995 0.000 0.000 0.0000 3.1295
1777025581.9040 0.000 0.000 0.0000 3.1295
1777025581.9099 0.000 0.000 0.0000 3.1295
1777025581.9145 0.000 0.000 0.0000 3.1295
1777025581.9196 0.000 0.000 0.0000 3.1294
1777025581.9244 0.000 0.000 0.0000 3.1294
1777025581.9292 0.000 0.000 0.0000 3.1294
1777025581.9339 0.000 0.000 0.0000 3.1294
1777025581.9396 0.000 0.000 0.0000 3.1294
1777025581.9444 0.000 0.000 0.0000 3.1294
1777025581.9493 0.000 0.000 0.0000 3.1294
1777025581.9540 0.000 0.000 0.0000 3.1294
1777025581.9598 0.000 0.000 0.0000 3.1294
1777025581.9644 0.000 0.000 0.0000 3.1294
1777025581.9692 0.000 0.000 0.0000 3.1294
1777025581.9747 0.000 0.000 0.0000 3.1294
1777025581.9794 0.000 0.000 0.0000 3.1294
1777025581.9844 0.000 0.000 0.0000 3.1294
1777025581.9890 0.000 0.000 0.0000 3.1294
1777025581.9949 0.000 0.000 0.0000 3.1294
1777025581.9994 0.000 0.000 0.0000 3.1294
1777025582.0040 0.000 0.000 0.0000 3.1294
1777025582.0097 0.000 0.000 0.0000 3.1294
1777025582.0141 0.000 0.000 0.0000 3.1294
1777025582.0193 0.000 0.000 0.0000 3.1294
1777025582.0241 0.000 0.000 0.0000 3.1294
1777025582.0289 0.000 0.000 0.0000 3.1294
1777025582.0346 0.000 0.000 0.0000 3.1294
1777025582.0395 0.000 0.000 0.0000 3.1294
1777025582.0445 0.000 0.000 0.0000 3.1294
1777025582.0492 0.000 0.000 0.0000 3.1294
1777025582.0540 0.000 0.000 0.0000 3.1294
1777025582.0596 0.000 0.000 0.0000 3.1294
1777025582.0644 0.000 0.000 0.0000 3.1294
1777025582.0690 0.000 0.000 0.0000 3.1294
1777025582.0747 0.000 0.000 0.0000 3.1294
1777025582.0795 0.000 0.000 0.0000 3.1294
1777025582.0843 0.000 0.000 0.0000 3.1294
1777025582.0891 0.000 0.000 0.0000 3.1294
1777025582.0948 0.000 0.000 0.0000 3.1294
1777025582.0994 0.000 0.000 0.0000 3.1294
1777025582.1040 0.000 0.000 0.0000 3.1294
1777025582.1095 0.000 0.000 0.0000 3.1294
1777025582.1143 0.000 0.000 0.0000 3.1294
1777025582.1192 0.000 0.000 0.0000 3.1294
1777025582.1250 0.000 0.000 0.0000 3.1294
1777025582.1296 0.000 0.000 0.0000 3.1294
1777025582.1340 0.000 0.000 0.0000 3.1294
1777025582.1399 0.000 0.000 0.0000 3.1294
1777025582.1444 0.000 0.000 0.0000 3.1294
1777025582.1494 0.000 0.000 0.0000 3.1294
1777025582.1542 0.000 0.000 0.0000 3.1294
1777025582.1598 0.000 0.000 0.0000 3.1294
1777025582.1645 0.000 0.000 0.0000 3.1294
1777025582.1691 0.000 0.000 0.0000 3.1294
1777025582.1749 0.000 0.000 0.0000 3.1294
1777025582.1794 0.000 0.000 0.0000 3.1294
1777025582.1846 0.000 0.000 0.0000 3.1294
1777025582.1892 0.000 0.000 0.0000 3.1294
1777025582.1950 0.000 0.000 0.0000 3.1294
1777025582.1998 0.000 0.000 0.0000 3.1294
1777025582.2044 0.000 0.000 0.0000 3.1294
1777025582.2093 0.000 0.000 0.0000 3.1294
1777025582.2149 0.000 0.000 0.0000 3.1294
1777025582.2197 0.000 0.000 0.0000 3.1294
1777025582.2246 0.000 0.000 0.0000 3.1294
1777025582.2301 0.000 0.000 0.0000 3.1294
1777025582.2349 0.000 0.000 0.0000 3.1294
1777025582.2395 0.000 0.000 0.0000 3.1294
1777025582.2442 0.000 0.000 0.0000 3.1294
1777025582.2493 0.000 0.000 0.0000 3.1293
1777025582.2551 0.000 0.000 0.0000 3.1293
1777025582.2600 0.000 0.000 0.0000 3.1293
1777025582.2645 0.000 0.000 0.0000 3.1293
1777025582.2704 0.000 0.000 0.0000 3.1293
1777025582.2749 0.000 0.000 0.0000 3.1293
1777025582.2803 0.000 0.000 0.0000 3.1293
1777025582.2850 0.000 0.000 0.0000 3.1293
1777025582.2906 0.000 0.000 0.0000 3.1293
1777025582.2956 0.000 0.000 0.0000 3.1293
1777025582.3000 0.000 0.000 0.0000 3.1293
1777025582.3049 0.000 0.000 0.0000 3.1293
1777025582.3105 0.000 0.000 0.0000 3.1293
1777025582.3152 0.000 0.000 0.0000 3.1293
1777025582.3201 0.000 0.000 0.0000 3.1293
1777025582.3257 0.000 0.000 0.0000 3.1293
1777025582.3306 0.000 0.000 0.0000 3.1293
1777025582.3353 0.000 0.000 0.0000 3.1293
1777025582.3398 0.000 0.000 0.0000 3.1293
1777025582.3458 0.000 0.000 0.0000 3.1293
1777025582.3501 0.000 0.000 0.0000 3.1293
1777025582.3551 0.000 0.000 0.0000 3.1293
1777025582.3606 0.000 0.000 0.0000 3.1293
1777025582.3651 0.000 0.000 0.0000 3.1293
1777025582.3700 0.000 0.000 0.0000 3.1293
1777025582.3750 0.000 0.000 0.0000 3.1293
1777025582.3800 0.000 0.000 0.0000 3.1293
1777025582.3849 0.000 0.000 0.0000 3.1293
1777025582.3900 0.000 0.000 0.0000 3.1292
1777025582.3950 0.000 0.000 0.0000 3.1292
1777025582.4002 0.000 0.000 0.0000 3.1293
1777025582.4051 0.000 0.000 0.0000 3.1292
1777025582.4100 0.000 0.000 0.0000 3.1293
1777025582.4165 0.000 0.000 0.0000 3.1292
1777025582.4200 0.000 0.000 0.0000 3.1292
1777025582.4254 0.000 0.000 0.0000 3.1292
1777025582.4300 0.000 0.000 0.0000 3.1292
1777025582.4350 0.000 0.000 0.0000 3.1292
1777025582.4402 0.000 0.000 0.0000 3.1293
1777025582.4451 0.000 0.000 0.0000 3.1293
1777025582.4503 0.000 0.000 0.0000 3.1293
1777025582.4550 0.000 0.000 0.0000 3.1293
1777025582.4606 0.000 0.000 0.0000 3.1293
1777025582.4654 0.000 0.000 0.0000 3.1293
1777025582.4700 0.000 0.000 0.0000 3.1293
1777025582.4758 0.000 0.000 0.0000 3.1293
1777025582.4803 0.000 0.000 0.0000 3.1292
1777025582.4849 0.000 0.000 0.0000 3.1292
1777025582.4906 0.000 0.000 0.0000 3.1292
1777025582.4955 0.000 0.000 0.0000 3.1292
1777025582.5000 0.000 0.000 0.0000 3.1292
1777025582.5055 0.000 0.000 0.0000 3.1292
1777025582.5101 0.000 0.000 0.0000 3.1292
1777025582.5162 0.000 0.000 0.0000 3.1292
1777025582.5199 0.000 0.000 0.0000 3.1292
1777025582.5255 0.000 0.000 0.0000 3.1292
1777025582.5301 0.000 0.000 0.0000 3.1292
1777025582.5349 0.000 0.000 0.0000 3.1292
1777025582.5405 0.000 0.000 0.0000 3.1292
1777025582.5454 0.000 0.000 0.0000 3.1292
1777025582.5504 0.000 0.000 0.0000 3.1292
1777025582.5553 0.000 0.000 0.0000 3.1292
1777025582.5599 0.000 0.000 0.0000 3.1292
1777025582.5654 0.000 0.000 0.0000 3.1292
1777025582.5702 0.000 0.000 0.0000 3.1292
1777025582.5758 0.000 0.000 0.0000 3.1292
1777025582.5803 0.000 0.000 0.0000 3.1293
1777025582.5851 0.000 0.000 0.0000 3.1293
1777025582.5907 0.000 0.000 0.0000 3.1292
1777025582.5955 0.000 0.000 0.0000 3.1292
1777025582.6001 0.000 0.000 0.0000 3.1292
1777025582.6059 0.000 0.000 0.0000 3.1292
1777025582.6104 0.000 0.000 0.0000 3.1292
1777025582.6151 0.000 0.000 0.0000 3.1292
1777025582.6207 0.000 0.000 0.0000 3.1292
1777025582.6259 0.000 0.000 0.0000 3.1292
1777025582.6305 0.000 0.000 0.0000 3.1292
1777025582.6352 0.000 0.000 0.0000 3.1292
1777025582.6409 0.000 0.000 0.0000 3.1292
1777025582.6456 0.000 0.000 0.0000 3.1292
1777025582.6504 0.000 0.000 0.0000 3.1292
1777025582.6551 0.000 0.000 0.0000 3.1292
1777025582.6606 0.000 0.000 0.0000 3.1292
1777025582.6654 0.000 0.000 0.0000 3.1292
1777025582.6709 0.000 0.000 0.0000 3.1293
1777025582.6755 0.000 0.000 0.0000 3.1293
1777025582.6803 0.000 0.000 0.0000 3.1293
1777025582.6853 0.000 0.000 0.0000 3.1293
1777025582.6902 0.000 0.000 0.0000 3.1293
1777025582.6949 0.000 0.000 0.0000 3.1293
1777025582.7005 0.000 0.000 0.0000 3.1293
1777025582.7051 0.000 0.000 0.0000 3.1293
1777025582.7107 0.000 0.000 0.0000 3.1293
1777025582.7159 0.000 0.000 0.0000 3.1293
1777025582.7203 0.000 0.000 0.0000 3.1293
1777025582.7251 0.000 0.000 0.0000 3.1293
1777025582.7308 0.000 0.000 0.0000 3.1293
1777025582.7354 0.000 0.000 0.0000 3.1293
1777025582.7410 0.000 0.000 0.0000 3.1293
1777025582.7451 0.000 0.000 0.0000 3.1293
1777025582.7509 0.000 0.000 0.0000 3.1293
1777025582.7555 0.000 0.000 0.0000 3.1293
1777025582.7608 0.000 0.000 0.0000 3.1293
1777025582.7656 0.000 0.000 0.0000 3.1293
1777025582.7703 0.000 0.000 0.0000 3.1293
1777025582.7754 0.000 0.000 0.0000 3.1293
1777025582.7814 0.000 0.000 0.0000 3.1293
1777025582.7860 0.000 0.000 0.0000 3.1293
1777025582.7910 0.000 0.000 0.0000 3.1293
1777025582.7956 0.000 0.000 0.0000 3.1293
1777025582.8008 0.000 0.000 0.0000 3.1292
1777025582.8055 0.000 0.000 0.0000 3.1292
1777025582.8103 0.000 0.000 0.0000 3.1292
1777025582.8161 0.000 0.000 0.0000 3.1292
1777025582.8208 0.000 0.000 0.0000 3.1292
1777025582.8256 0.000 0.000 0.0000 3.1292
1777025582.8312 0.000 0.000 0.0000 3.1292
1777025582.8359 0.000 0.000 0.0000 3.1292
1777025582.8409 0.000 0.000 0.0000 3.1292
1777025582.8457 0.000 0.000 0.0000 3.1292
1777025582.8529 0.000 0.000 0.0000 3.1292
1777025582.8567 0.000 0.000 0.0000 3.1292
1777025582.8612 0.000 0.000 0.0000 3.1292
1777025582.8661 0.000 0.000 0.0000 3.1292
1777025582.8709 0.000 0.000 0.0000 3.1292
1777025582.8765 0.000 0.000 0.0000 3.1292
1777025582.8812 0.000 0.000 0.0000 3.1292
1777025582.8857 0.000 0.000 0.0000 3.1292
1777025582.8913 0.000 0.000 0.0000 3.1292
1777025582.8961 0.000 0.000 0.0000 3.1292
1777025582.9016 0.000 0.000 0.0000 3.1292
1777025582.9063 0.000 0.000 0.0000 3.1292
1777025582.9108 0.000 0.000 0.0000 3.1292
1777025582.9164 0.000 0.000 0.0000 3.1292
1777025582.9210 0.000 0.000 0.0000 3.1292
1777025582.9265 0.000 0.000 0.0000 3.1292
1777025582.9314 0.000 0.000 0.0000 3.1292
1777025582.9360 0.000 0.000 0.0000 3.1292
1777025582.9416 0.000 0.000 0.0000 3.1293
1777025582.9463 0.000 0.000 0.0000 3.1293
1777025582.9516 0.000 0.000 0.0000 3.1293
1777025582.9562 0.000 0.000 0.0000 3.1293
1777025582.9617 0.000 0.000 0.0000 3.1293
1777025582.9664 0.000 0.000 0.0000 3.1293
1777025582.9711 0.000 0.000 0.0000 3.1293
1777025582.9768 0.000 0.000 0.0000 3.1293
1777025582.9813 0.000 0.000 0.0000 3.1293
1777025582.9858 0.000 0.000 0.0000 3.1293
1777025582.9916 0.000 0.000 0.0000 3.1293
1777025582.9961 0.000 0.000 0.0000 3.1293
1777025583.0017 0.000 0.000 0.0000 3.1293
1777025583.0062 0.000 0.000 0.0000 3.1293
1777025583.0118 0.000 0.000 0.0000 3.1293
1777025583.0163 0.000 0.000 0.0000 3.1293
1777025583.0217 0.000 0.000 0.0000 3.1293
1777025583.0265 0.000 0.000 0.0000 3.1293
1777025583.0310 0.000 0.000 0.0000 3.1293
1777025583.0366 0.000 0.000 0.0000 3.1293
1777025583.0411 0.000 0.000 0.0000 3.1293
1777025583.0467 0.000 0.000 0.0000 3.1292
1777025583.0516 0.000 0.000 0.0000 3.1292
1777025583.0561 0.000 0.000 0.0000 3.1293
1777025583.0618 0.000 0.000 0.0000 3.1293
1777025583.0664 0.000 0.000 0.0000 3.1293
1777025583.0708 0.000 0.000 0.0000 3.1293
1777025583.0765 0.000 0.000 0.0000 3.1293
1777025583.0812 0.000 0.000 0.0000 3.1293
1777025583.0869 0.000 0.000 0.0000 3.1293
1777025583.0918 0.000 0.000 0.0000 3.1293
1777025583.0966 0.000 0.000 0.0000 3.1293
1777025583.1010 0.000 0.000 0.0000 3.1293
1777025583.1066 0.000 0.000 0.0000 3.1293
1777025583.1115 0.000 0.000 0.0000 3.1293
1777025583.1160 0.000 0.000 0.0000 3.1292
1777025583.1217 0.000 0.000 0.0000 3.1292
1777025583.1262 0.000 0.000 0.0000 3.1293
1777025583.1318 0.000 0.000 0.0000 3.1292
1777025583.1365 0.000 0.000 0.0000 3.1293
1777025583.1408 0.000 0.000 0.0000 3.1293
1777025583.1467 0.000 0.000 0.0000 3.1293
1777025583.1515 0.000 0.000 0.0000 3.1292
1777025583.1561 0.000 0.000 0.0000 3.1292
1777025583.1618 0.000 0.000 0.0000 3.1292
1777025583.1662 0.000 0.000 0.0000 3.1292
1777025583.1709 0.000 0.000 0.0000 3.1292
1777025583.1765 0.000 0.000 0.0000 3.1292
1777025583.1813 0.000 0.000 0.0000 3.1292
1777025583.1860 0.000 0.000 0.0000 3.1292
1777025583.1916 0.000 0.000 0.0000 3.1293
1777025583.1971 0.000 0.000 0.0000 3.1293
1777025583.2017 0.000 0.000 0.0000 3.1293
1777025583.2065 0.000 0.000 0.0000 3.1293
1777025583.2111 0.000 0.000 0.0000 3.1293
1777025583.2167 0.000 0.000 0.0000 3.1293
1777025583.2211 0.000 0.000 0.0000 3.1293
1777025583.2268 0.000 0.000 0.0000 3.1293
1777025583.2314 0.000 0.000 0.0000 3.1293
1777025583.2359 0.000 0.000 0.0000 3.1293
1777025583.2415 0.000 0.000 0.0000 3.1293
1777025583.2461 0.000 0.000 0.0000 3.1293
1777025583.2510 0.000 0.000 0.0000 3.1293
1777025583.2559 0.000 0.000 0.0000 3.1293
1777025583.2613 0.000 0.000 0.0000 3.1293
1777025583.2660 0.000 0.000 0.0000 3.1293
1777025583.2716 0.000 0.000 0.0000 3.1293
1777025583.2761 0.000 0.000 0.0000 3.1293
1777025583.2815 0.000 0.000 0.0000 3.1293
1777025583.2860 0.000 0.000 0.0000 3.1293
1777025583.2918 0.000 0.000 0.0000 3.1293
1777025583.2969 0.000 0.000 0.0000 3.1293
1777025583.3017 0.000 0.000 0.0000 3.1293
1777025583.3064 0.000 0.000 0.0000 3.1293
1777025583.3110 0.000 0.000 0.0000 3.1293
1777025583.3161 0.000 0.000 0.0000 3.1293
1777025583.3216 0.000 0.000 0.0000 3.1293
1777025583.3263 0.000 0.000 0.0000 3.1293
1777025583.3311 0.000 0.000 0.0000 3.1293
1777025583.3361 0.000 0.000 0.0000 3.1293
1777025583.3419 0.000 0.000 0.0000 3.1293
1777025583.3465 0.000 0.000 0.0000 3.1293
1777025583.3516 0.000 0.000 0.0000 3.1293
1777025583.3561 0.000 0.000 0.0000 3.1293
1777025583.3620 0.000 0.000 0.0000 3.1293
1777025583.3667 0.000 0.000 0.0000 3.1293
1777025583.3712 0.000 0.000 0.0000 3.1293
1777025583.3770 0.000 0.000 0.0000 3.1293
1777025583.3817 0.000 0.000 0.0000 3.1293
1777025583.3865 0.000 0.000 0.0000 3.1293
1777025583.3912 0.000 0.000 0.0000 3.1293
1777025583.3969 0.000 0.000 0.0000 3.1293
1777025583.4015 0.000 0.000 0.0000 3.1293
1777025583.4061 0.000 0.000 0.0000 3.1293
1777025583.4120 0.000 0.000 0.0000 3.1293
1777025583.4166 0.000 0.000 0.0000 3.1293
1777025583.4212 0.000 0.000 0.0000 3.1293
1777025583.4269 0.000 0.000 0.0000 3.1293
1777025583.4313 0.000 0.000 0.0000 3.1293
1777025583.4371 0.000 0.000 0.0000 3.1293
1777025583.4416 0.000 0.000 0.0000 3.1293
1777025583.4464 0.000 0.000 0.0000 3.1293
1777025583.4521 0.000 0.000 0.0000 3.1293
1777025583.4568 0.000 0.000 0.0000 3.1293
1777025583.4612 0.000 0.000 0.0000 3.1293
1777025583.4673 0.000 0.000 0.0000 3.1293
1777025583.4720 0.000 0.000 0.0000 3.1293
1777025583.4765 0.000 0.000 0.0000 3.1293
1777025583.4816 0.000 0.000 0.0000 3.1292
1777025583.4864 0.000 0.000 0.0000 3.1292
1777025583.4920 0.000 0.000 0.0000 3.1292
1777025583.4969 0.000 0.000 0.0000 3.1292
1777025583.5013 0.000 0.000 0.0000 3.1292
1777025583.5072 0.000 0.000 0.0000 3.1292
1777025583.5117 0.000 0.000 0.0000 3.1292
1777025583.5165 0.000 0.000 0.0000 3.1292
1777025583.5221 0.000 0.000 0.0000 3.1292
1777025583.5267 0.000 0.000 0.0000 3.1292
1777025583.5315 0.000 0.000 0.0000 3.1292
1777025583.5371 0.000 0.000 0.0000 3.1292
1777025583.5418 0.000 0.000 0.0000 3.1292
1777025583.5464 0.000 0.000 0.0000 3.1293
1777025583.5516 0.000 0.000 0.0000 3.1293
1777025583.5563 0.000 0.000 0.0000 3.1293
1777025583.5619 0.000 0.000 0.0000 3.1292
1777025583.5666 0.000 0.000 0.0000 3.1292
1777025583.5722 0.000 0.000 0.0000 3.1293
1777025583.5768 0.000 0.000 0.0000 3.1293
1777025583.5818 0.000 0.000 0.0000 3.1292
1777025583.5865 0.000 0.000 0.0000 3.1292
1777025583.5922 0.000 0.000 0.0000 3.1292
1777025583.5967 0.000 0.000 0.0000 3.1292
1777025583.6014 0.000 0.000 0.0000 3.1292
1777025583.6070 0.000 0.000 0.0000 3.1292
1777025583.6114 0.000 0.000 0.0000 3.1292
1777025583.6164 0.000 0.000 0.0000 3.1293
1777025583.6219 0.000 0.000 0.0000 3.1293
1777025583.6269 0.000 0.000 0.0000 3.1293
1777025583.6325 0.000 0.000 0.0000 3.1293
1777025583.6370 0.000 0.000 0.0000 3.1293
1777025583.6427 0.000 0.000 0.0000 3.1293
1777025583.6474 0.000 0.000 0.0000 3.1293
1777025583.6520 0.000 0.000 0.0000 3.1293
1777025583.6576 0.000 0.000 0.0000 3.1293
1777025583.6622 0.000 0.000 0.0000 3.1293
1777025583.6668 0.000 0.000 0.0000 3.1293
1777025583.6724 0.000 0.000 0.0000 3.1293
1777025583.6770 0.000 0.000 0.0000 3.1293
1777025583.6818 0.000 0.000 0.0000 3.1293
1777025583.6876 0.000 0.000 0.0000 3.1293
1777025583.6921 0.000 0.000 0.0000 3.1293
1777025583.6970 0.000 0.000 0.0000 3.1293
1777025583.7027 0.000 0.000 0.0000 3.1293
1777025583.7075 0.000 0.000 0.0000 3.1293
1777025583.7121 0.000 0.000 0.0000 3.1293
1777025583.7173 0.000 0.000 0.0000 3.1293
1777025583.7221 0.000 0.000 0.0000 3.1293
1777025583.7268 0.000 0.000 0.0000 3.1293
1777025583.7322 0.000 0.000 0.0000 3.1293
1777025583.7370 0.000 0.000 0.0000 3.1293
1777025583.7424 0.000 0.000 0.0000 3.1293
1777025583.7473 0.000 0.000 0.0000 3.1293
1777025583.7519 0.000 0.000 0.0000 3.1293
1777025583.7578 0.000 0.000 0.0000 3.1293
1777025583.7623 0.000 0.000 0.0000 3.1293
1777025583.7670 0.000 0.000 0.0000 3.1293
1777025583.7726 0.000 0.000 0.0000 3.1293
1777025583.7772 0.000 0.000 0.0000 3.1293
1777025583.7820 0.000 0.000 0.0000 3.1293
1777025583.7876 0.000 0.000 0.0000 3.1293
1777025583.7921 0.000 0.000 0.0000 3.1293
1777025583.7968 0.000 0.000 0.0000 3.1293
1777025583.8023 0.000 0.000 0.0000 3.1293
1777025583.8077 0.000 0.000 0.0000 3.1293
1777025583.8122 0.000 0.000 0.0000 3.1293
1777025583.8177 0.000 0.000 0.0000 3.1293
1777025583.8224 0.000 0.000 0.0000 3.1293
1777025583.8273 0.000 0.000 0.0000 3.1293
1777025583.8322 0.000 0.000 0.0000 3.1293
1777025583.8378 0.000 0.000 0.0000 3.1293
1777025583.8425 0.000 0.000 0.0000 3.1293
1777025583.8472 0.000 0.000 0.0000 3.1292
1777025583.8528 0.000 0.000 0.0000 3.1292
1777025583.8574 0.000 0.000 0.0000 3.1292
1777025583.8618 0.000 0.000 0.0000 3.1293
1777025583.8677 0.000 0.000 0.0000 3.1293
1777025583.8722 0.000 0.000 0.0000 3.1292
1777025583.8778 0.000 0.000 0.0000 3.1292
1777025583.8826 0.000 0.000 0.0000 3.1292
1777025583.8872 0.000 0.000 0.0000 3.1292
1777025583.8928 0.000 0.000 0.0000 3.1292
1777025583.8975 0.000 0.000 0.0000 3.1293
1777025583.9021 0.000 0.000 0.0000 3.1293
1777025583.9069 0.000 0.000 0.0000 3.1293
1777025583.9126 0.000 0.000 0.0000 3.1292
1777025583.9174 0.000 0.000 0.0000 3.1292
1777025583.9219 0.000 0.000 0.0000 3.1292
1777025583.9277 0.000 0.000 0.0000 3.1292
1777025583.9321 0.000 0.000 0.0000 3.1292
1777025583.9379 0.000 0.000 0.0000 3.1292
1777025583.9425 0.000 0.000 0.0000 3.1292
1777025583.9473 0.000 0.000 0.0000 3.1292
1777025583.9522 0.000 0.000 0.0000 3.1292
1777025583.9577 0.000 0.000 0.0000 3.1292
1777025583.9624 0.000 0.000 0.0000 3.1292
1777025583.9670 0.000 0.000 0.0000 3.1292
1777025583.9727 0.000 0.000 0.0000 3.1292
1777025583.9773 0.000 0.000 0.0000 3.1293
1777025583.9824 0.000 0.000 0.0000 3.1293
1777025583.9873 0.000 0.000 0.0000 3.1293
1777025583.9928 0.000 0.000 0.0000 3.1293
1777025583.9976 0.000 0.000 0.0000 3.1293
1777025584.0022 0.000 0.000 0.0000 3.1293
1777025584.0079 0.000 0.000 0.0000 3.1293
1777025584.0124 0.000 0.000 0.0000 3.1293
1777025584.0173 0.000 0.000 0.0000 3.1293
1777025584.0230 0.000 0.000 0.0000 3.1293
1777025584.0275 0.000 0.000 0.0000 3.1293
1777025584.0324 0.000 0.000 0.0000 3.1293
1777025584.0370 0.000 0.000 0.0000 3.1293
1777025584.0426 0.000 0.000 0.0000 3.1293
1777025584.0478 0.000 0.000 0.0000 3.1293
1777025584.0524 0.000 0.000 0.0000 3.1293
1777025584.0570 0.000 0.000 0.0000 3.1293
1777025584.0625 0.000 0.000 0.0000 3.1293
1777025584.0672 0.000 0.000 0.0000 3.1293
1777025584.0729 0.000 0.000 0.0000 3.1293
1777025584.0774 0.000 0.000 0.0000 3.1294
1777025584.0826 0.000 0.000 0.0000 3.1294
1777025584.0872 0.000 0.000 0.0000 3.1294
1777025584.0928 0.000 0.000 0.0000 3.1293
1777025584.0976 0.000 0.000 0.0000 3.1293
1777025584.1020 0.000 0.000 0.0000 3.1293
1777025584.1078 0.000 0.000 0.0000 3.1293
1777025584.1124 0.000 0.000 0.0000 3.1293
1777025584.1171 0.000 0.000 0.0000 3.1293
1777025584.1227 0.000 0.000 0.0000 3.1293
1777025584.1275 0.000 0.000 0.0000 3.1294
1777025584.1321 0.000 0.000 0.0000 3.1294
1777025584.1378 0.000 0.000 0.0000 3.1294
1777025584.1426 0.000 0.000 0.0000 3.1294
1777025584.1470 0.000 0.000 0.0000 3.1294
1777025584.1527 0.000 0.000 0.0000 3.1294
1777025584.1573 0.000 0.000 0.0000 3.1293
1777025584.1628 0.000 0.000 0.0000 3.1294
1777025584.1677 0.000 0.000 0.0000 3.1293
1777025584.1720 0.000 0.000 0.0000 3.1293
1777025584.1778 0.000 0.000 0.0000 3.1293
1777025584.1825 0.000 0.000 0.0000 3.1293
1777025584.1871 0.000 0.000 0.0000 3.1294
1777025584.1929 0.000 0.000 0.0000 3.1294
1777025584.1974 0.000 0.000 0.0000 3.1294
1777025584.2032 0.000 0.000 0.0000 3.1294
1777025584.2077 0.000 0.000 0.0000 3.1294
1777025584.2127 0.000 0.000 0.0000 3.1294
1777025584.2174 0.000 0.000 0.0000 3.1294
1777025584.2230 0.000 0.000 0.0000 3.1294
1777025584.2276 0.000 0.000 0.0000 3.1294
1777025584.2322 0.000 0.000 0.0000 3.1294
1777025584.2378 0.000 0.000 0.0000 3.1294
1777025584.2425 0.000 0.000 0.0000 3.1294
1777025584.2484 0.000 0.000 0.0000 3.1294
1777025584.2532 0.000 0.000 0.0000 3.1294
1777025584.2580 0.000 0.000 0.0000 3.1294
1777025584.2626 0.000 0.000 0.0000 3.1294
1777025584.2682 0.000 0.000 0.0000 3.1294
1777025584.2729 0.000 0.000 0.0000 3.1294
1777025584.2774 0.000 0.000 0.0000 3.1294
1777025584.2829 0.000 0.000 0.0000 3.1294
1777025584.2877 0.000 0.000 0.0000 3.1294
1777025584.2922 0.000 0.000 0.0000 3.1294
1777025584.2979 0.000 0.000 0.0000 3.1294
1777025584.3036 0.000 0.000 0.0000 3.1294
1777025584.3081 0.000 0.000 0.0000 3.1294
1777025584.3130 0.000 0.000 0.0000 3.1294
1777025584.3186 0.000 0.000 0.0000 3.1294
1777025584.3234 0.000 0.000 0.0000 3.1294
1777025584.3280 0.000 0.000 0.0000 3.1294
1777025584.3336 0.000 0.000 0.0000 3.1294
1777025584.3382 0.000 0.000 0.0000 3.1294
1777025584.3428 0.000 0.000 0.0000 3.1294
1777025584.3487 0.000 0.000 0.0000 3.1294
1777025584.3535 0.000 0.000 0.0000 3.1294
1777025584.3580 0.000 0.000 0.0000 3.1294
1777025584.3636 0.000 0.000 0.0000 3.1293
1777025584.3683 0.000 0.000 0.0000 3.1294
1777025584.3729 0.000 0.000 0.0000 3.1294
1777025584.3784 0.000 0.000 0.0000 3.1294
1777025584.3835 0.000 0.000 0.0000 3.1294
1777025584.3884 0.000 0.000 0.0000 3.1294
1777025584.3931 0.000 0.000 0.0000 3.1294
1777025584.3986 0.000 0.000 0.0000 3.1294
1777025584.4032 0.000 0.000 0.0000 3.1294
1777025584.4079 0.000 0.000 0.0000 3.1294
1777025584.4131 0.000 0.000 0.0000 3.1294
1777025584.4179 0.000 0.000 0.0000 3.1294
1777025584.4236 0.000 0.000 0.0000 3.1294
1777025584.4282 0.000 0.000 0.0000 3.1294
1777025584.4331 0.000 0.000 0.0000 3.1294
1777025584.4386 0.000 0.000 0.0000 3.1294
1777025584.4437 0.000 0.000 0.0000 3.1294
1777025584.4484 0.000 0.000 0.0000 3.1294
1777025584.4532 0.000 0.000 0.0000 3.1294
1777025584.4579 0.000 0.000 0.0000 3.1294
1777025584.4637 0.000 0.000 0.0000 3.1294
1777025584.4685 0.000 0.000 0.0000 3.1294
1777025584.4733 0.000 0.000 0.0000 3.1294
1777025584.4789 0.000 0.000 0.0000 3.1294
1777025584.4829 0.000 0.000 0.0000 3.1294
1777025584.4886 0.000 0.000 0.0000 3.1294
1777025584.4933 0.000 0.000 0.0000 3.1294
1777025584.4978 0.000 0.000 0.0000 3.1294
1777025584.5036 0.000 0.000 0.0000 3.1294
1777025584.5082 0.000 0.000 0.0000 3.1294
1777025584.5131 0.000 0.000 0.0000 3.1294
1777025584.5187 0.000 0.000 0.0000 3.1294
1777025584.5233 0.000 0.000 0.0000 3.1294
1777025584.5281 0.000 0.000 0.0000 3.1294
1777025584.5337 0.000 0.000 0.0000 3.1294
1777025584.5384 0.000 0.000 0.0000 3.1294
1777025584.5436 0.000 0.000 0.0000 3.1294
1777025584.5485 0.000 0.000 0.0000 3.1294
1777025584.5534 0.000 0.000 0.0000 3.1294
1777025584.5588 0.000 0.000 0.0000 3.1294
1777025584.5636 0.000 0.000 0.0000 3.1294
1777025584.5683 0.000 0.000 0.0000 3.1294
1777025584.5739 0.000 0.000 0.0000 3.1294
1777025584.5780 0.000 0.000 0.0000 3.1294
1777025584.5838 0.000 0.000 0.0000 3.1294
1777025584.5885 0.000 0.000 0.0000 3.1294
1777025584.5932 0.000 0.000 0.0000 3.1294
1777025584.5988 0.000 0.000 0.0000 3.1294
1777025584.6036 0.000 0.000 0.0000 3.1294
1777025584.6082 0.000 0.000 0.0000 3.1294
1777025584.6132 0.000 0.000 0.0000 3.1294
1777025584.6189 0.000 0.000 0.0000 3.1294
1777025584.6239 0.000 0.000 0.0000 3.1294
1777025584.6288 0.000 0.000 0.0000 3.1294
1777025584.6334 0.000 0.000 0.0000 3.1294
1777025584.6385 0.000 0.000 0.0000 3.1294
1777025584.6434 0.000 0.000 0.0000 3.1294
1777025584.6488 0.000 0.000 0.0000 3.1294
1777025584.6531 0.000 0.000 0.0000 3.1294
1777025584.6591 0.000 0.000 0.0000 3.1294
1777025584.6640 0.000 0.000 0.0000 3.1294
1777025584.6688 0.000 0.000 0.0000 3.1294
1777025584.6737 0.000 0.000 0.0000 3.1294
1777025584.6783 0.000 0.000 0.0000 3.1294
1777025584.6830 0.000 0.000 0.0000 3.1294
1777025584.6888 0.000 0.000 0.0000 3.1294
1777025584.6935 0.000 0.000 0.0000 3.1294
1777025584.6981 0.000 0.000 0.0000 3.1294
1777025584.7038 0.000 0.000 0.0000 3.1294
1777025584.7087 0.000 0.000 0.0000 3.1294
1777025584.7133 0.000 0.000 0.0000 3.1294
1777025584.7181 0.000 0.000 0.0000 3.1294
1777025584.7239 0.000 0.000 0.0000 3.1294
1777025584.7288 0.000 0.000 0.0000 3.1294
1777025584.7336 0.000 0.000 0.0000 3.1294
1777025584.7382 0.000 0.000 0.0000 3.1294
1777025584.7438 0.000 0.000 0.0000 3.1294
1777025584.7506 0.000 0.000 0.0000 3.1294
1777025584.7532 0.000 0.000 0.0000 3.1294
1777025584.7582 0.000 0.000 0.0000 3.1294
1777025584.7640 0.000 0.000 0.0000 3.1294
1777025584.7689 0.000 0.000 0.0000 3.1294
1777025584.7735 0.000 0.000 0.0000 3.1294
1777025584.7785 0.000 0.000 0.0000 3.1294
1777025584.7831 0.000 0.000 0.0000 3.1294
1777025584.7890 0.000 0.000 0.0000 3.1294
1777025584.7932 0.000 0.000 0.0000 3.1294
1777025584.7988 0.000 0.000 0.0000 3.1294
1777025584.8043 0.000 0.000 0.0000 3.1294
1777025584.8080 0.000 0.000 0.0000 3.1294
1777025584.8140 0.000 0.000 0.0000 3.1294
1777025584.8188 0.000 0.000 0.0000 3.1294
1777025584.8234 0.000 0.000 0.0000 3.1294
1777025584.8286 0.000 0.000 0.0000 3.1294
1777025584.8332 0.000 0.000 0.0000 3.1294
1777025584.8390 0.000 0.000 0.0000 3.1294
1777025584.8437 0.000 0.000 0.0000 3.1294
1777025584.8500 0.000 0.000 0.0000 3.1294
1777025584.8535 0.000 0.000 0.0000 3.1294
1777025584.8591 0.000 0.000 0.0000 3.1294
1777025584.8638 0.000 0.000 0.0000 3.1294
1777025584.8684 0.000 0.000 0.0000 3.1294
1777025584.8742 0.000 0.000 0.0000 3.1294
1777025584.8787 0.000 0.000 0.0000 3.1294
1777025584.8833 0.000 0.000 0.0000 3.1294
1777025584.8882 0.000 0.000 0.0000 3.1294
1777025584.8942 0.000 0.000 0.0000 3.1294
1777025584.8989 0.000 0.000 0.0000 3.1294
1777025584.9036 0.000 0.000 0.0000 3.1294
1777025584.9084 0.000 0.000 0.0000 3.1294
1777025584.9133 0.000 0.000 0.0000 3.1294
1777025584.9188 0.000 0.000 0.0000 3.1294
1777025584.9236 0.000 0.000 0.0000 3.1294
1777025584.9282 0.000 0.000 0.0000 3.1294
1777025584.9339 0.000 0.000 0.0000 3.1294
1777025584.9384 0.000 0.000 0.0000 3.1294
1777025584.9440 0.000 0.000 0.0000 3.1294
1777025584.9491 0.000 0.000 0.0000 3.1294
1777025584.9537 0.000 0.000 0.0000 3.1294
1777025584.9584 0.000 0.000 0.0000 3.1294
1777025584.9640 0.000 0.000 0.0000 3.1294
1777025584.9687 0.000 0.000 0.0000 3.1294
1777025584.9744 0.000 0.000 0.0000 3.1294
1777025584.9791 0.000 0.000 0.0000 3.1294
1777025584.9842 0.000 0.000 0.0000 3.1294
1777025584.9889 0.000 0.000 0.0000 3.1294
1777025584.9938 0.000 0.000 0.0000 3.1294
1777025584.9994 0.000 0.000 0.0000 3.1294
1777025585.0040 0.000 0.000 0.0000 3.1294
1777025585.0088 0.000 0.000 0.0000 3.1294
1777025585.0140 0.000 0.000 0.0000 3.1294
1777025585.0188 0.000 0.000 0.0000 3.1294
1777025585.0244 0.000 0.000 0.0000 3.1294
1777025585.0291 0.000 0.000 0.0000 3.1294
1777025585.0338 0.000 0.000 0.0000 3.1294
1777025585.0392 0.000 0.000 0.0000 3.1294
1777025585.0443 0.000 0.000 0.0000 3.1294
1777025585.0492 0.000 0.000 0.0000 3.1294
1777025585.0541 0.000 0.000 0.0000 3.1294
1777025585.0587 0.000 0.000 0.0000 3.1294
1777025585.0644 0.000 0.000 0.0000 3.1294
1777025585.0690 0.000 0.000 0.0000 3.1294
1777025585.0741 0.000 0.000 0.0000 3.1294
1777025585.0787 0.000 0.000 0.0000 3.1294
1777025585.0844 0.000 0.000 0.0000 3.1294
1777025585.0892 0.000 0.000 0.0000 3.1294
1777025585.0941 0.000 0.000 0.0000 3.1294
1777025585.0997 0.000 0.000 0.0000 3.1294
1777025585.1045 0.000 0.000 0.0000 3.1294
1777025585.1091 0.000 0.000 0.0000 3.1294
1777025585.1140 0.000 0.000 0.0000 3.1294
1777025585.1196 0.000 0.000 0.0000 3.1293
1777025585.1242 0.000 0.000 0.0000 3.1294
1777025585.1290 0.000 0.000 0.0000 3.1294
1777025585.1347 0.000 0.000 0.0000 3.1293
1777025585.1395 0.000 0.000 0.0000 3.1293
1777025585.1441 0.000 0.000 0.0000 3.1293
1777025585.1493 0.000 0.000 0.0000 3.1294
1777025585.1539 0.000 0.000 0.0000 3.1294
1777025585.1594 0.000 0.000 0.0000 3.1294
1777025585.1640 0.000 0.000 0.0000 3.1294
1777025585.1697 0.000 0.000 0.0000 3.1294
1777025585.1742 0.000 0.000 0.0000 3.1293
1777025585.1788 0.000 0.000 0.0000 3.1294
1777025585.1838 0.000 0.000 0.0000 3.1293
1777025585.1896 0.000 0.000 0.0000 3.1293
1777025585.1942 0.000 0.000 0.0000 3.1293
1777025585.2000 0.000 0.000 0.0000 3.1293
1777025585.2046 0.000 0.000 0.0000 3.1293
1777025585.2093 0.000 0.000 0.0000 3.1293
1777025585.2140 0.000 0.000 0.0000 3.1293
1777025585.2195 0.000 0.000 0.0000 3.1293
1777025585.2243 0.000 0.000 0.0000 3.1293
1777025585.2299 0.000 0.000 0.0000 3.1293
1777025585.2345 0.000 0.000 0.0000 3.1293
1777025585.2389 0.000 0.000 0.0000 3.1293
1777025585.2447 0.000 0.000 0.0000 3.1294
1777025585.2495 0.000 0.000 0.0000 3.1293
1777025585.2540 0.000 0.000 0.0000 3.1293
1777025585.2589 0.000 0.000 0.0000 3.1293
1777025585.2645 0.000 0.000 0.0000 3.1293
1777025585.2691 0.000 0.000 0.0000 3.1293
1777025585.2749 0.000 0.000 0.0000 3.1293
1777025585.2794 0.000 0.000 0.0000 3.1294
1777025585.2849 0.000 0.000 0.0000 3.1294
1777025585.2895 0.000 0.000 0.0000 3.1294
1777025585.2947 0.000 0.000 0.0000 3.1294
1777025585.2993 0.000 0.000 0.0000 3.1294
1777025585.3038 0.000 0.000 0.0000 3.1294
1777025585.3096 0.000 0.000 0.0000 3.1294
1777025585.3139 0.000 0.000 0.0000 3.1294
1777025585.3195 0.000 0.000 0.0000 3.1294
1777025585.3244 0.000 0.000 0.0000 3.1294
1777025585.3291 0.000 0.000 0.0000 3.1294
1777025585.3343 0.000 0.000 0.0000 3.1294
1777025585.3392 0.000 0.000 0.0000 3.1294
1777025585.3440 0.000 0.000 0.0000 3.1294
1777025585.3495 0.000 0.000 0.0000 3.1294
1777025585.3543 0.000 0.000 0.0000 3.1294
1777025585.3598 0.000 0.000 0.0000 3.1294
1777025585.3643 0.000 0.000 0.0000 3.1294
1777025585.3690 0.000 0.000 0.0000 3.1294
1777025585.3746 0.000 0.000 0.0000 3.1294
1777025585.3793 0.000 0.000 0.0000 3.1294
1777025585.3840 0.000 0.000 0.0000 3.1294
1777025585.3896 0.000 0.000 0.0000 3.1294
1777025585.3944 0.000 0.000 0.0000 3.1294
1777025585.3998 0.000 0.000 0.0000 3.1294
1777025585.4045 0.000 0.000 0.0000 3.1294
1777025585.4090 0.000 0.000 0.0000 3.1294
1777025585.4142 0.000 0.000 0.0000 3.1294
1777025585.4199 0.000 0.000 0.0000 3.1294
1777025585.4245 0.000 0.000 0.0000 3.1294
1777025585.4294 0.000 0.000 0.0000 3.1294
1777025585.4340 0.000 0.000 0.0000 3.1294
1777025585.4399 0.000 0.000 0.0000 3.1294
1777025585.4446 0.000 0.000 0.0000 3.1294
1777025585.4497 0.000 0.000 0.0000 3.1294
1777025585.4545 0.000 0.000 0.0000 3.1294
1777025585.4590 0.000 0.000 0.0000 3.1294
1777025585.4650 0.000 0.000 0.0000 3.1294
1777025585.4695 0.000 0.000 0.0000 3.1294
1777025585.4748 0.000 0.000 0.0000 3.1294
1777025585.4796 0.000 0.000 0.0000 3.1294
1777025585.4852 0.000 0.000 0.0000 3.1294
1777025585.4890 0.000 0.000 0.0000 3.1294
1777025585.4947 0.000 0.000 0.0000 3.1294
1777025585.4994 0.000 0.000 0.0000 3.1294
1777025585.5040 0.000 0.000 0.0000 3.1294
1777025585.5098 0.000 0.000 0.0000 3.1294
1777025585.5143 0.000 0.000 0.0000 3.1294
1777025585.5199 0.000 0.000 0.0000 3.1294
1777025585.5249 0.000 0.000 0.0000 3.1294
1777025585.5294 0.000 0.000 0.0000 3.1294
1777025585.5342 0.000 0.000 0.0000 3.1294
1777025585.5392 0.000 0.000 0.0000 3.1294
1777025585.5450 0.000 0.000 0.0000 3.1294
1777025585.5500 0.000 0.000 0.0000 3.1294
1777025585.5548 0.000 0.000 0.0000 3.1294
1777025585.5595 0.000 0.000 0.0000 3.1294
1777025585.5642 0.000 0.000 0.0000 3.1294
1777025585.5700 0.000 0.000 0.0000 3.1294
1777025585.5746 0.000 0.000 0.0000 3.1293
1777025585.5792 0.000 0.000 0.0000 3.1293
1777025585.5844 0.000 0.000 0.0000 3.1293
1777025585.5900 0.000 0.000 0.0000 3.1293
1777025585.5949 0.000 0.000 0.0000 3.1293
1777025585.5992 0.000 0.000 0.0000 3.1293
1777025585.6052 0.000 0.000 0.0000 3.1293
1777025585.6100 0.000 0.000 0.0000 3.1293
1777025585.6145 0.000 0.000 0.0000 3.1293
1777025585.6193 0.000 0.000 0.0000 3.1293
1777025585.6250 0.000 0.000 0.0000 3.1293
1777025585.6297 0.000 0.000 0.0000 3.1293
1777025585.6344 0.000 0.000 0.0000 3.1293
1777025585.6399 0.000 0.000 0.0000 3.1293
1777025585.6449 0.000 0.000 0.0000 3.1293
1777025585.6500 0.000 0.000 0.0000 3.1293
1777025585.6549 0.000 0.000 0.0000 3.1293
1777025585.6604 0.000 0.000 0.0000 3.1293
1777025585.6652 0.000 0.000 0.0000 3.1293
1777025585.6701 0.000 0.000 0.0000 3.1293
1777025585.6747 0.000 0.000 0.0000 3.1293
1777025585.6807 0.000 0.000 0.0000 3.1293
1777025585.6853 0.000 0.000 0.0000 3.1293
1777025585.6902 0.000 0.000 0.0000 3.1293
1777025585.6949 0.000 0.000 0.0000 3.1293
1777025585.7005 0.000 0.000 0.0000 3.1293
1777025585.7054 0.000 0.000 0.0000 3.1293
1777025585.7100 0.000 0.000 0.0000 3.1293
1777025585.7151 0.000 0.000 0.0000 3.1293
1777025585.7199 0.000 0.000 0.0000 3.1293
1777025585.7255 0.000 0.000 0.0000 3.1293
1777025585.7302 0.000 0.000 0.0000 3.1293
1777025585.7348 0.000 0.000 0.0000 3.1293
1777025585.7405 0.000 0.000 0.0000 3.1293
1777025585.7451 0.000 0.000 0.0000 3.1293
1777025585.7499 0.000 0.000 0.0000 3.1293
1777025585.7550 0.000 0.000 0.0000 3.1293
1777025585.7608 0.000 0.000 0.0000 3.1293
1777025585.7655 0.000 0.000 0.0000 3.1293
1777025585.7701 0.000 0.000 0.0000 3.1293
1777025585.7749 0.000 0.000 0.0000 3.1293
1777025585.7805 0.000 0.000 0.0000 3.1293
1777025585.7855 0.000 0.000 0.0000 3.1293
1777025585.7901 0.000 0.000 0.0000 3.1293
1777025585.7948 0.000 0.000 0.0000 3.1293
1777025585.8007 0.000 0.000 0.0000 3.1293
1777025585.8051 0.000 0.000 0.0000 3.1293
1777025585.8108 0.000 0.000 0.0000 3.1293
1777025585.8149 0.000 0.000 0.0000 3.1293
1777025585.8205 0.000 0.000 0.0000 3.1293
1777025585.8252 0.000 0.000 0.0000 3.1293
1777025585.8307 0.000 0.000 0.0000 3.1293
1777025585.8355 0.000 0.000 0.0000 3.1293
1777025585.8401 0.000 0.000 0.0000 3.1293
1777025585.8448 0.000 0.000 0.0000 3.1293
1777025585.8505 0.000 0.000 0.0000 3.1293
1777025585.8552 0.000 0.000 0.0000 3.1293
1777025585.8599 0.000 0.000 0.0000 3.1293
1777025585.8656 0.000 0.000 0.0000 3.1293
1777025585.8703 0.000 0.000 0.0000 3.1293
1777025585.8751 0.000 0.000 0.0000 3.1293
1777025585.8806 0.000 0.000 0.0000 3.1293
1777025585.8857 0.000 0.000 0.0000 3.1294
1777025585.8903 0.000 0.000 0.0000 3.1293
1777025585.8951 0.000 0.000 0.0000 3.1294
1777025585.9008 0.000 0.000 0.0000 3.1294
1777025585.9055 0.000 0.000 0.0000 3.1294
1777025585.9101 0.000 0.000 0.0000 3.1294
1777025585.9153 0.000 0.000 0.0000 3.1294
1777025585.9200 0.000 0.000 0.0000 3.1294
1777025585.9256 0.000 0.000 0.0000 3.1294
1777025585.9303 0.000 0.000 0.0000 3.1294
1777025585.9351 0.000 0.000 0.0000 3.1294
1777025585.9407 0.000 0.000 0.0000 3.1294
1777025585.9455 0.000 0.000 0.0000 3.1294
1777025585.9499 0.000 0.000 0.0000 3.1293
1777025585.9558 0.000 0.000 0.0000 3.1294
1777025585.9603 0.000 0.000 0.0000 3.1294
1777025585.9649 0.000 0.000 0.0000 3.1294
1777025585.9707 0.000 0.000 0.0000 3.1293
1777025585.9752 0.000 0.000 0.0000 3.1293
1777025585.9808 0.000 0.000 0.0000 3.1294
1777025585.9855 0.000 0.000 0.0000 3.1294
1777025585.9902 0.000 0.000 0.0000 3.1293
1777025585.9949 0.000 0.000 0.0000 3.1293
1777025586.0005 0.000 0.000 0.0000 3.1293
1777025586.0051 0.000 0.000 0.0000 3.1293
1777025586.0105 0.000 0.000 0.0000 3.1294
1777025586.0154 0.000 0.000 0.0000 3.1293
1777025586.0199 0.000 0.000 0.0000 3.1293
1777025586.0255 0.000 0.000 0.0000 3.1293
1777025586.0306 0.000 0.000 0.0000 3.1293
1777025586.0356 0.000 0.000 0.0000 3.1293
1777025586.0406 0.000 0.000 0.0000 3.1294
1777025586.0451 0.000 0.000 0.0000 3.1293
1777025586.0502 0.000 0.000 0.0000 3.1294
1777025586.0559 0.000 0.000 0.0000 3.1294
1777025586.0604 0.000 0.000 0.0000 3.1294
1777025586.0651 0.000 0.000 0.0000 3.1293
1777025586.0706 0.000 0.000 0.0000 3.1293
1777025586.0753 0.000 0.000 0.0000 3.1293
1777025586.0800 0.000 0.000 0.0000 3.1294
1777025586.0857 0.000 0.000 0.0000 3.1293
1777025586.0903 0.000 0.000 0.0000 3.1294
1777025586.0959 0.000 0.000 0.0000 3.1294
1777025586.1005 0.000 0.000 0.0000 3.1294
1777025586.1051 0.000 0.000 0.0000 3.1294
1777025586.1107 0.000 0.000 0.0000 3.1293
1777025586.1153 0.000 0.000 0.0000 3.1293
1777025586.1209 0.000 0.000 0.0000 3.1293
1777025586.1259 0.000 0.000 0.0000 3.1293
1777025586.1304 0.000 0.000 0.0000 3.1293
1777025586.1351 0.000 0.000 0.0000 3.1293
1777025586.1407 0.000 0.000 0.0000 3.1293
1777025586.1454 0.000 0.000 0.0000 3.1293
1777025586.1503 0.000 0.000 0.0000 3.1293
1777025586.1560 0.000 0.000 0.0000 3.1293
1777025586.1607 0.000 0.000 0.0000 3.1293
1777025586.1652 0.000 0.000 0.0000 3.1293
1777025586.1700 0.000 0.000 0.0000 3.1293
1777025586.1756 0.000 0.000 0.0000 3.1294
1777025586.1809 0.000 0.000 0.0000 3.1294
1777025586.1859 0.000 0.000 0.0000 3.1294
1777025586.1903 0.000 0.000 0.0000 3.1293
1777025586.1951 0.000 0.000 0.0000 3.1293
1777025586.2007 0.000 0.000 0.0000 3.1293
1777025586.2055 0.000 0.000 0.0000 3.1293
1777025586.2101 0.000 0.000 0.0000 3.1293
1777025586.2152 0.000 0.000 0.0000 3.1293
1777025586.2209 0.000 0.000 0.0000 3.1293
1777025586.2256 0.000 0.000 0.0000 3.1294
1777025586.2302 0.000 0.000 0.0000 3.1294
1777025586.2359 0.000 0.000 0.0000 3.1294
1777025586.2404 0.000 0.000 0.0000 3.1294
1777025586.2462 0.000 0.000 0.0000 3.1294
1777025586.2509 0.000 0.000 0.0000 3.1294
1777025586.2565 0.000 0.000 0.0000 3.1294
1777025586.2611 0.000 0.000 0.0000 3.1294
1777025586.2659 0.000 0.000 0.0000 3.1294
1777025586.2715 0.000 0.000 0.0000 3.1294
1777025586.2760 0.000 0.000 0.0000 3.1294
1777025586.2809 0.000 0.000 0.0000 3.1294
1777025586.2866 0.000 0.000 0.0000 3.1294
1777025586.2914 0.000 0.000 0.0000 3.1294
1777025586.2966 0.000 0.000 0.0000 3.1294
1777025586.3011 0.000 0.000 0.0000 3.1294
1777025586.3058 0.000 0.000 0.0000 3.1294
1777025586.3113 0.000 0.000 0.0000 3.1294
1777025586.3167 0.000 0.000 0.0000 3.1294
1777025586.3211 0.000 0.000 0.0000 3.1294
1777025586.3268 0.000 0.000 0.0000 3.1294
1777025586.3315 0.000 0.000 0.0000 3.1294
1777025586.3359 0.000 0.000 0.0000 3.1294
1777025586.3416 0.000 0.000 0.0000 3.1294
1777025586.3459 0.000 0.000 0.0000 3.1294
1777025586.3516 0.000 0.000 0.0000 3.1294
1777025586.3562 0.000 0.000 0.0000 3.1294
1777025586.3608 0.000 0.000 0.0000 3.1294
1777025586.3664 0.000 0.000 0.0000 3.1294
1777025586.3709 0.000 0.000 0.0000 3.1294
1777025586.3766 0.000 0.000 0.0000 3.1294
1777025586.3818 0.000 0.000 0.0000 3.1294
1777025586.3863 0.000 0.000 0.0000 3.1294
1777025586.3909 0.000 0.000 0.0000 3.1294
1777025586.3967 0.000 0.000 0.0000 3.1294
1777025586.4014 0.000 0.000 0.0000 3.1294
1777025586.4059 0.000 0.000 0.0000 3.1294
1777025586.4108 0.000 0.000 0.0000 3.1294
1777025586.4166 0.000 0.000 0.0000 3.1294
1777025586.4212 0.000 0.000 0.0000 3.1294
1777025586.4258 0.000 0.000 0.0000 3.1294
1777025586.4314 0.000 0.000 0.0000 3.1294
1777025586.4363 0.000 0.000 0.0000 3.1295
1777025586.4409 0.000 0.000 0.0000 3.1295
1777025586.4467 0.000 0.000 0.0000 3.1295
1777025586.4514 0.000 0.000 0.0000 3.1295
1777025586.4569 0.000 0.000 0.0000 3.1295
1777025586.4616 0.000 0.000 0.0000 3.1295
1777025586.4662 0.000 0.000 0.0000 3.1295
1777025586.4708 0.000 0.000 0.0000 3.1295
1777025586.4764 0.000 0.000 0.0000 3.1295
1777025586.4820 0.000 0.000 0.0000 3.1295
1777025586.4866 0.000 0.000 0.0000 3.1295
1777025586.4912 0.000 0.000 0.0000 3.1295
1777025586.4964 0.000 0.000 0.0000 3.1295
1777025586.5010 0.000 0.000 0.0000 3.1295
1777025586.5060 0.000 0.000 0.0000 3.1295
1777025586.5117 0.000 0.000 0.0000 3.1295
1777025586.5162 0.000 0.000 0.0000 3.1295
1777025586.5209 0.000 0.000 0.0000 3.1295
1777025586.5265 0.000 0.000 0.0000 3.1295
1777025586.5312 0.000 0.000 0.0000 3.1295
1777025586.5360 0.000 0.000 0.0000 3.1295
1777025586.5417 0.000 0.000 0.0000 3.1295
1777025586.5461 0.000 0.000 0.0000 3.1295
1777025586.5516 0.000 0.000 0.0000 3.1295
1777025586.5565 0.000 0.000 0.0000 3.1295
1777025586.5611 0.000 0.000 0.0000 3.1295
1777025586.5668 0.000 0.000 0.0000 3.1295
1777025586.5714 0.000 0.000 0.0000 3.1295
1777025586.5759 0.000 0.000 0.0000 3.1295
1777025586.5817 0.000 0.000 0.0000 3.1295
1777025586.5863 0.000 0.000 0.0000 3.1295
1777025586.5914 0.000 0.000 0.0000 3.1295
1777025586.5962 0.000 0.000 0.0000 3.1295
1777025586.6008 0.000 0.000 0.0000 3.1295
1777025586.6064 0.000 0.000 0.0000 3.1295
1777025586.6110 0.000 0.000 0.0000 3.1295
1777025586.6169 0.000 0.000 0.0000 3.1295
1777025586.6214 0.000 0.000 0.0000 3.1295
1777025586.6260 0.000 0.000 0.0000 3.1295
1777025586.6316 0.000 0.000 0.0000 3.1295
1777025586.6361 0.000 0.000 0.0000 3.1295
1777025586.6412 0.000 0.000 0.0000 3.1295
1777025586.6459 0.000 0.000 0.0000 3.1295
1777025586.6512 0.000 0.000 0.0000 3.1295
1777025586.6567 0.000 0.000 0.0000 3.1295
1777025586.6616 0.000 0.000 0.0000 3.1295
1777025586.6662 0.000 0.000 0.0000 3.1295
1777025586.6710 0.000 0.000 0.0000 3.1295
1777025586.6770 0.000 0.000 0.0000 3.1295
1777025586.6810 0.000 0.000 0.0000 3.1295
1777025586.6860 0.000 0.000 0.0000 3.1295
1777025586.6918 0.000 0.000 0.0000 3.1295
1777025586.6965 0.000 0.000 0.0000 3.1295
1777025586.7012 0.000 0.000 0.0000 3.1295
1777025586.7068 0.000 0.000 0.0000 3.1295
1777025586.7118 0.000 0.000 0.0000 3.1295
1777025586.7164 0.000 0.000 0.0000 3.1294
1777025586.7210 0.000 0.000 0.0000 3.1294
1777025586.7267 0.000 0.000 0.0000 3.1294
1777025586.7312 0.000 0.000 0.0000 3.1294
1777025586.7361 0.000 0.000 0.0000 3.1294
1777025586.7416 0.000 0.000 0.0000 3.1294
1777025586.7464 0.000 0.000 0.0000 3.1294
1777025586.7510 0.000 0.000 0.0000 3.1294
1777025586.7568 0.000 0.000 0.0000 3.1294
1777025586.7617 0.000 0.000 0.0000 3.1294
1777025586.7661 0.000 0.000 0.0000 3.1294
1777025586.7720 0.000 0.000 0.0000 3.1294
1777025586.7765 0.000 0.000 0.0000 3.1294
1777025586.7812 0.000 0.000 0.0000 3.1294
1777025586.7869 0.000 0.000 0.0000 3.1295
1777025586.7914 0.000 0.000 0.0000 3.1294
1777025586.7963 0.000 0.000 0.0000 3.1294
1777025586.8018 0.000 0.000 0.0000 3.1294
1777025586.8064 0.000 0.000 0.0000 3.1295
1777025586.8110 0.000 0.000 0.0000 3.1294
1777025586.8166 0.000 0.000 0.0000 3.1294
1777025586.8213 0.000 0.000 0.0000 3.1294
1777025586.8270 0.000 0.000 0.0000 3.1295
1777025586.8317 0.000 0.000 0.0000 3.1294
1777025586.8363 0.000 0.000 0.0000 3.1294
1777025586.8419 0.000 0.000 0.0000 3.1294
1777025586.8465 0.000 0.000 0.0000 3.1294
1777025586.8513 0.000 0.000 0.0000 3.1294
1777025586.8572 0.000 0.000 0.0000 3.1294
1777025586.8618 0.000 0.000 0.0000 3.1294
1777025586.8665 0.000 0.000 0.0000 3.1294
1777025586.8721 0.000 0.000 0.0000 3.1294
1777025586.8770 0.000 0.000 0.0000 3.1294
1777025586.8824 0.000 0.000 0.0000 3.1294
1777025586.8869 0.000 0.000 0.0000 3.1294
1777025586.8918 0.000 0.000 0.0000 3.1294
1777025586.8965 0.000 0.000 0.0000 3.1294
1777025586.9020 0.000 0.000 0.0000 3.1294
1777025586.9066 0.000 0.000 0.0000 3.1294
1777025586.9114 0.000 0.000 0.0000 3.1294
1777025586.9168 0.000 0.000 0.0000 3.1294
1777025586.9213 0.000 0.000 0.0000 3.1294
1777025586.9271 0.000 0.000 0.0000 3.1295
1777025586.9317 0.000 0.000 0.0000 3.1294
1777025586.9362 0.000 0.000 0.0000 3.1294
1777025586.9418 0.000 0.000 0.0000 3.1294
1777025586.9464 0.000 0.000 0.0000 3.1294
1777025586.9522 0.000 0.000 0.0000 3.1294
1777025586.9562 0.000 0.000 0.0000 3.1294
1777025586.9619 0.000 0.000 0.0000 3.1294
1777025586.9676 0.000 0.000 0.0000 3.1294
1777025586.9724 0.000 0.000 0.0000 3.1294
1777025586.9764 0.000 0.000 0.0000 3.1294
1777025586.9819 0.000 0.000 0.0000 3.1294
1777025586.9865 0.000 0.000 0.0000 3.1294
1777025586.9922 0.000 0.000 0.0000 3.1294
1777025586.9968 0.000 0.000 0.0000 3.1294
1777025587.0025 0.000 0.000 0.0000 3.1294
1777025587.0071 0.000 0.000 0.0000 3.1294
1777025587.0117 0.000 0.000 0.0000 3.1294
1777025587.0176 0.000 0.000 0.0000 3.1294
1777025587.0222 0.000 0.000 0.0000 3.1294
1777025587.0270 0.000 0.000 0.0000 3.1294
1777025587.0324 0.000 0.000 0.0000 3.1295
1777025587.0371 0.000 0.000 0.0000 3.1295
1777025587.0427 0.000 0.000 0.0000 3.1295
1777025587.0475 0.000 0.000 0.0000 3.1295
1777025587.0520 0.000 0.000 0.0000 3.1295
1777025587.0568 0.000 0.000 0.0000 3.1295
1777025587.0617 0.000 0.000 0.0000 3.1295
1777025587.0669 0.000 0.000 0.0000 3.1295
1777025587.0726 0.000 0.000 0.0000 3.1295
1777025587.0771 0.000 0.000 0.0000 3.1295
1777025587.0819 0.000 0.000 0.0000 3.1295
1777025587.0876 0.000 0.000 0.0000 3.1295
1777025587.0921 0.000 0.000 0.0000 3.1295
1777025587.0970 0.000 0.000 0.0000 3.1295
1777025587.1024 0.000 0.000 0.0000 3.1295
1777025587.1074 0.000 0.000 0.0000 3.1295
1777025587.1117 0.000 0.000 0.0000 3.1295
1777025587.1177 0.000 0.000 0.0000 3.1295
1777025587.1223 0.000 0.000 0.0000 3.1295
1777025587.1268 0.000 0.000 0.0000 3.1295
1777025587.1325 0.000 0.000 0.0000 3.1295
1777025587.1371 0.000 0.000 0.0000 3.1295
1777025587.1433 0.000 0.000 0.0000 3.1295
1777025587.1473 0.000 0.000 0.0000 3.1295
1777025587.1520 0.000 0.000 0.0000 3.1295
1777025587.1571 0.000 0.000 0.0000 3.1295
1777025587.1626 0.000 0.000 0.0000 3.1295
1777025587.1675 0.000 0.000 0.0000 3.1295
1777025587.1720 0.000 0.000 0.0000 3.1295
1777025587.1777 0.000 0.000 0.0000 3.1295
1777025587.1819 0.000 0.000 0.0000 3.1295
1777025587.1877 0.000 0.000 0.0000 3.1295
1777025587.1922 0.000 0.000 0.0000 3.1295
1777025587.1968 0.000 0.000 0.0000 3.1295
1777025587.2026 0.000 0.000 0.0000 3.1295
1777025587.2073 0.000 0.000 0.0000 3.1295
1777025587.2118 0.000 0.000 0.0000 3.1295
1777025587.2171 0.000 0.000 0.0000 3.1295
1777025587.2225 0.000 0.000 0.0000 3.1295
1777025587.2273 0.000 0.000 0.0000 3.1296
1777025587.2327 0.000 0.000 0.0000 3.1295
1777025587.2376 0.000 0.000 0.0000 3.1296
1777025587.2422 0.000 0.000 0.0000 3.1296
1777025587.2476 0.000 0.000 0.0000 3.1296
1777025587.2521 0.000 0.000 0.0000 3.1296
1777025587.2575 0.000 0.000 0.0000 3.1296
1777025587.2629 0.000 0.000 0.0000 3.1296
1777025587.2672 0.000 0.000 0.0000 3.1296
1777025587.2719 0.000 0.000 0.0000 3.1296
1777025587.2777 0.000 0.000 0.0000 3.1296
1777025587.2825 0.000 0.000 0.0000 3.1296
1777025587.2873 0.000 0.000 0.0000 3.1296
1777025587.2928 0.000 0.000 0.0000 3.1296
1777025587.2981 0.000 0.000 0.0000 3.1296
1777025587.3027 0.000 0.000 0.0000 3.1296
1777025587.3073 0.000 0.000 0.0000 3.1296
1777025587.3129 0.000 0.000 0.0000 3.1296
1777025587.3178 0.000 0.000 0.0000 3.1296
1777025587.3224 0.000 0.000 0.0000 3.1296
1777025587.3270 0.000 0.000 0.0000 3.1296
1777025587.3325 0.000 0.000 0.0000 3.1296
1777025587.3373 0.000 0.000 0.0000 3.1296
1777025587.3426 0.000 0.000 0.0000 3.1296
1777025587.3475 0.000 0.000 0.0000 3.1296
1777025587.3520 0.000 0.000 0.0000 3.1296
1777025587.3577 0.000 0.000 0.0000 3.1296
1777025587.3622 0.000 0.000 0.0000 3.1296
1777025587.3677 0.000 0.000 0.0000 3.1296
1777025587.3724 0.000 0.000 0.0000 3.1296
1777025587.3769 0.000 0.000 0.0000 3.1296
1777025587.3828 0.000 0.000 0.0000 3.1296
1777025587.3879 0.000 0.000 0.0000 3.1296
1777025587.3922 0.000 0.000 0.0000 3.1296
1777025587.3970 0.000 0.000 0.0000 3.1296
1777025587.4025 0.000 0.000 0.0000 3.1296
1777025587.4072 0.000 0.000 0.0000 3.1296
1777025587.4128 0.000 0.000 0.0000 3.1296
1777025587.4176 0.000 0.000 0.0000 3.1296
1777025587.4220 0.000 0.000 0.0000 3.1296
1777025587.4277 0.000 0.000 0.0000 3.1296
1777025587.4323 0.000 0.000 0.0000 3.1296
1777025587.4379 0.000 0.000 0.0000 3.1296
1777025587.4425 0.000 0.000 0.0000 3.1297
1777025587.4474 0.000 0.000 0.0000 3.1297
1777025587.4529 0.000 0.000 0.0000 3.1296
1777025587.4579 0.000 0.000 0.0000 3.1296
1777025587.4626 0.000 0.000 0.0000 3.1297
1777025587.4677 0.000 0.000 0.0000 3.1297
1777025587.4721 0.000 0.000 0.0000 3.1297
1777025587.4769 0.000 0.000 0.0000 3.1297
1777025587.4824 0.000 0.000 0.0000 3.1296
1777025587.4871 0.000 0.000 0.0000 3.1296
1777025587.4922 0.000 0.000 0.0000 3.1296
1777025587.4971 0.000 0.000 0.0000 3.1296
1777025587.5029 0.000 0.000 0.0000 3.1296
1777025587.5079 0.000 0.000 0.0000 3.1296
1777025587.5129 0.000 0.000 0.0000 3.1296
1777025587.5174 0.000 0.000 0.0000 3.1296
1777025587.5221 0.000 0.000 0.0000 3.1296
1777025587.5271 0.000 0.000 0.0000 3.1296
1777025587.5329 0.000 0.000 0.0000 3.1296
1777025587.5378 0.000 0.000 0.0000 3.1296
1777025587.5423 0.000 0.000 0.0000 3.1296
1777025587.5474 0.000 0.000 0.0000 3.1296
1777025587.5522 0.000 0.000 0.0000 3.1296
1777025587.5570 0.000 0.000 0.0000 3.1296
1777025587.5628 0.000 0.000 0.0000 3.1296
1777025587.5675 0.000 0.000 0.0000 3.1296
1777025587.5731 0.000 0.000 0.0000 3.1296
1777025587.5780 0.000 0.000 0.0000 3.1296
1777025587.5823 0.000 0.000 0.0000 3.1296
1777025587.5873 0.000 0.000 0.0000 3.1296
1777025587.5927 0.000 0.000 0.0000 3.1296
1777025587.5975 0.000 0.000 0.0000 3.1296
1777025587.6032 0.000 0.000 0.0000 3.1296
1777025587.6077 0.000 0.000 0.0000 3.1296
1777025587.6124 0.000 0.000 0.0000 3.1296
1777025587.6172 0.000 0.000 0.0000 3.1296
1777025587.6228 0.000 0.000 0.0000 3.1296
1777025587.6275 0.000 0.000 0.0000 3.1296
1777025587.6331 0.000 0.000 0.0000 3.1296
1777025587.6381 0.000 0.000 0.0000 3.1296
1777025587.6425 0.000 0.000 0.0000 3.1296
1777025587.6473 0.000 0.000 0.0000 3.1296
1777025587.6529 0.000 0.000 0.0000 3.1296
1777025587.6575 0.000 0.000 0.0000 3.1296
1777025587.6629 0.000 0.000 0.0000 3.1296
1777025587.6675 0.000 0.000 0.0000 3.1296
1777025587.6732 0.000 0.000 0.0000 3.1296
1777025587.6777 0.000 0.000 0.0000 3.1296
1777025587.6833 0.000 0.000 0.0000 3.1296
1777025587.6879 0.000 0.000 0.0000 3.1296
1777025587.6936 0.000 0.000 0.0000 3.1296
1777025587.6982 0.000 0.000 0.0000 3.1296
1777025587.7036 0.000 0.000 0.0000 3.1296
1777025587.7084 0.000 0.000 0.0000 3.1296
1777025587.7131 0.000 0.000 0.0000 3.1296
1777025587.7177 0.000 0.000 0.0000 3.1295
1777025587.7235 0.000 0.000 0.0000 3.1295
1777025587.7280 0.000 0.000 0.0000 3.1296
1777025587.7336 0.000 0.000 0.0000 3.1296
1777025587.7382 0.000 0.000 0.0000 3.1295
1777025587.7430 0.000 0.000 0.0000 3.1295
1777025587.7487 0.000 0.000 0.0000 3.1295
1777025587.7534 0.000 0.000 0.0000 3.1295
1777025587.7581 0.000 0.000 0.0000 3.1295
1777025587.7637 0.000 0.000 0.0000 3.1295
1777025587.7686 0.000 0.000 0.0000 3.1295
1777025587.7732 0.000 0.000 0.0000 3.1295
1777025587.7779 0.000 0.000 0.0000 3.1295
1777025587.7837 0.000 0.000 0.0000 3.1295
1777025587.7885 0.000 0.000 0.0000 3.1295
1777025587.7933 0.000 0.000 0.0000 3.1295
1777025587.7978 0.000 0.000 0.0000 3.1295
1777025587.8037 0.000 0.000 0.0000 3.1295
1777025587.8082 0.000 0.000 0.0000 3.1295
1777025587.8133 0.000 0.000 0.0000 3.1296
1777025587.8182 0.000 0.000 0.0000 3.1296
1777025587.8237 0.000 0.000 0.0000 3.1296
1777025587.8284 0.000 0.000 0.0000 3.1296
1777025587.8330 0.000 0.000 0.0000 3.1296
1777025587.8386 0.000 0.000 0.0000 3.1296
1777025587.8431 0.000 0.000 0.0000 3.1296
1777025587.8486 0.000 0.000 0.0000 3.1296
1777025587.8533 0.000 0.000 0.0000 3.1296
1777025587.8578 0.000 0.000 0.0000 3.1296
1777025587.8634 0.000 0.000 0.0000 3.1296
1777025587.8681 0.000 0.000 0.0000 3.1296
1777025587.8737 0.000 0.000 0.0000 3.1296
1777025587.8782 0.000 0.000 0.0000 3.1296
1777025587.8833 0.000 0.000 0.0000 3.1295
1777025587.8879 0.000 0.000 0.0000 3.1295
1777025587.8935 0.000 0.000 0.0000 3.1295
1777025587.8982 0.000 0.000 0.0000 3.1295
1777025587.9037 0.000 0.000 0.0000 3.1295
1777025587.9082 0.000 0.000 0.0000 3.1295
1777025587.9131 0.000 0.000 0.0000 3.1295
1777025587.9186 0.000 0.000 0.0000 3.1295
1777025587.9233 0.000 0.000 0.0000 3.1295
1777025587.9288 0.000 0.000 0.0000 3.1295
1777025587.9334 0.000 0.000 0.0000 3.1295
1777025587.9380 0.000 0.000 0.0000 3.1295
1777025587.9435 0.000 0.000 0.0000 3.1295
1777025587.9487 0.000 0.000 0.0000 3.1295
1777025587.9531 0.000 0.000 0.0000 3.1295
1777025587.9587 0.000 0.000 0.0000 3.1295
1777025587.9634 0.000 0.000 0.0000 3.1295
1777025587.9679 0.000 0.000 0.0000 3.1295
1777025587.9736 0.000 0.000 0.0000 3.1295
1777025587.9782 0.000 0.000 0.0000 3.1295
1777025587.9833 0.000 0.000 0.0000 3.1295
1777025587.9881 0.000 0.000 0.0000 3.1295
1777025587.9933 0.000 0.000 0.0000 3.1295
1777025587.9983 0.000 0.000 0.0000 3.1295
1777025588.0039 0.000 0.000 0.0000 3.1295
1777025588.0089 0.000 0.000 0.0000 3.1295
1777025588.0137 0.000 0.000 0.0000 3.1295
1777025588.0184 0.000 0.000 0.0000 3.1295
1777025588.0229 0.000 0.000 0.0000 3.1295
1777025588.0287 0.000 0.000 0.0000 3.1295
1777025588.0334 0.000 0.000 0.0000 3.1295
1777025588.0389 0.000 0.000 0.0000 3.1295
1777025588.0437 0.000 0.000 0.0000 3.1295
1777025588.0483 0.000 0.000 0.0000 3.1295
1777025588.0529 0.000 0.000 0.0000 3.1295
1777025588.0579 0.000 0.000 0.0000 3.1295
1777025588.0635 0.000 0.000 0.0000 3.1295
1777025588.0687 0.000 0.000 0.0000 3.1295
1777025588.0731 0.000 0.000 0.0000 3.1295
1777025588.0783 0.000 0.000 0.0000 3.1295
1777025588.0833 0.000 0.000 0.0000 3.1295
1777025588.0879 0.000 0.000 0.0000 3.1295
1777025588.0938 0.000 0.000 0.0000 3.1295
1777025588.0984 0.000 0.000 0.0000 3.1295
1777025588.1032 0.000 0.000 0.0000 3.1295
1777025588.1084 0.000 0.000 0.0000 3.1295
1777025588.1135 0.000 0.000 0.0000 3.1295
1777025588.1188 0.000 0.000 0.0000 3.1295
1777025588.1234 0.000 0.000 0.0000 3.1295
1777025588.1291 0.000 0.000 0.0000 3.1295
1777025588.1336 0.000 0.000 0.0000 3.1295
1777025588.1383 0.000 0.000 0.0000 3.1296
1777025588.1440 0.000 0.000 0.0000 3.1296
1777025588.1488 0.000 0.000 0.0000 3.1296
1777025588.1535 0.000 0.000 0.0000 3.1296
1777025588.1579 0.000 0.000 0.0000 3.1296
1777025588.1638 0.000 0.000 0.0000 3.1296
1777025588.1683 0.000 0.000 0.0000 3.1296
1777025588.1739 0.000 0.000 0.0000 3.1296
1777025588.1786 0.000 0.000 0.0000 3.1296
1777025588.1832 0.000 0.000 0.0000 3.1296
1777025588.1880 0.000 0.000 0.0000 3.1296
1777025588.1936 0.000 0.000 0.0000 3.1296
1777025588.1983 0.000 0.000 0.0000 3.1296
1777025588.2037 0.000 0.000 0.0000 3.1296
1777025588.2083 0.000 0.000 0.0000 3.1296
1777025588.2131 0.000 0.000 0.0000 3.1296
1777025588.2182 0.000 0.000 0.0000 3.1296
1777025588.2239 0.000 0.000 0.0000 3.1296
1777025588.2286 0.000 0.000 0.0000 3.1296
1777025588.2333 0.000 0.000 0.0000 3.1296
1777025588.2380 0.000 0.000 0.0000 3.1296
1777025588.2437 0.000 0.000 0.0000 3.1296
1777025588.2487 0.000 0.000 0.0000 3.1296
1777025588.2532 0.000 0.000 0.0000 3.1296
1777025588.2581 0.000 0.000 0.0000 3.1296
1777025588.2638 0.000 0.000 0.0000 3.1296
1777025588.2685 0.000 0.000 0.0000 3.1296
1777025588.2733 0.000 0.000 0.0000 3.1296
1777025588.2789 0.000 0.000 0.0000 3.1296
1777025588.2836 0.000 0.000 0.0000 3.1296
1777025588.2882 0.000 0.000 0.0000 3.1296
1777025588.2939 0.000 0.000 0.0000 3.1296
1777025588.2986 0.000 0.000 0.0000 3.1296
1777025588.3041 0.000 0.000 0.0000 3.1296
1777025588.3090 0.000 0.000 0.0000 3.1296
1777025588.3133 0.000 0.000 0.0000 3.1296
1777025588.3190 0.000 0.000 0.0000 3.1296
1777025588.3236 0.000 0.000 0.0000 3.1296
1777025588.3286 0.000 0.000 0.0000 3.1296
1777025588.3337 0.000 0.000 0.0000 3.1296
1777025588.3383 0.000 0.000 0.0000 3.1296
1777025588.3442 0.000 0.000 0.0000 3.1296
1777025588.3490 0.000 0.000 0.0000 3.1296
1777025588.3537 0.000 0.000 0.0000 3.1296
1777025588.3594 0.000 0.000 0.0000 3.1296
1777025588.3638 0.000 0.000 0.0000 3.1296
1777025588.3687 0.000 0.000 0.0000 3.1296
1777025588.3741 0.000 0.000 0.0000 3.1296
1777025588.3793 0.000 0.000 0.0000 3.1296
1777025588.3849 0.000 0.000 0.0000 3.1296
1777025588.3897 0.000 0.000 0.0000 3.1296
1777025588.3948 0.000 0.000 0.0000 3.1296
1777025588.3993 0.000 0.000 0.0000 3.1296
1777025588.4040 0.000 0.000 0.0000 3.1296
1777025588.4093 0.000 0.000 0.0000 3.1296
1777025588.4144 0.000 0.000 0.0000 3.1296
1777025588.4191 0.000 0.000 0.0000 3.1296
1777025588.4246 0.000 0.000 0.0000 3.1296
1777025588.4295 0.000 0.000 0.0000 3.1296
1777025588.4342 0.000 0.000 0.0000 3.1296
1777025588.4389 0.000 0.000 0.0000 3.1296
1777025588.4450 0.000 0.000 0.0000 3.1296
1777025588.4492 0.000 0.000 0.0000 3.1296
1777025588.4548 0.000 0.000 0.0000 3.1296
1777025588.4596 0.000 0.000 0.0000 3.1296
1777025588.4648 0.000 0.000 0.0000 3.1296
1777025588.4697 0.000 0.000 0.0000 3.1296
1777025588.4744 0.000 0.000 0.0000 3.1296
1777025588.4790 0.000 0.000 0.0000 3.1296
1777025588.4839 0.000 0.000 0.0000 3.1296
1777025588.4889 0.000 0.000 0.0000 3.1296
1777025588.4945 0.000 0.000 0.0000 3.1296
1777025588.4994 0.000 0.000 0.0000 3.1296
1777025588.5049 0.000 0.000 0.0000 3.1296
1777025588.5098 0.000 0.000 0.0000 3.1296
1777025588.5145 0.000 0.000 0.0000 3.1296
1777025588.5191 0.000 0.000 0.0000 3.1296
1777025588.5239 0.000 0.000 0.0000 3.1296
1777025588.5295 0.000 0.000 0.0000 3.1296
1777025588.5342 0.000 0.000 0.0000 3.1296
1777025588.5389 0.000 0.000 0.0000 3.1296
1777025588.5448 0.000 0.000 0.0000 3.1296
1777025588.5489 0.000 0.000 0.0000 3.1296
1777025588.5549 0.000 0.000 0.0000 3.1296
1777025588.5598 0.000 0.000 0.0000 3.1296
1777025588.5643 0.000 0.000 0.0000 3.1296
1777025588.5692 0.000 0.000 0.0000 3.1296
1777025588.5739 0.000 0.000 0.0000 3.1296
1777025588.5794 0.000 0.000 0.0000 3.1296
1777025588.5847 0.000 0.000 0.0000 3.1296
1777025588.5895 0.000 0.000 0.0000 3.1296
1777025588.5945 0.000 0.000 0.0000 3.1297
1777025588.5993 0.000 0.000 0.0000 3.1296
1777025588.6038 0.000 0.000 0.0000 3.1296
1777025588.6093 0.000 0.000 0.0000 3.1296
1777025588.6140 0.000 0.000 0.0000 3.1296
1777025588.6189 0.000 0.000 0.0000 3.1296
1777025588.6240 0.000 0.000 0.0000 3.1296
1777025588.6299 0.000 0.000 0.0000 3.1296
1777025588.6348 0.000 0.000 0.0000 3.1296
1777025588.6393 0.000 0.000 0.0000 3.1296
1777025588.6449 0.000 0.000 0.0000 3.1296
1777025588.6489 0.000 0.000 0.0000 3.1296
1777025588.6546 0.000 0.000 0.0000 3.1296
1777025588.6596 0.000 0.000 0.0000 3.1296
1777025588.6641 0.000 0.000 0.0000 3.1297
1777025588.6689 0.000 0.000 0.0000 3.1297
1777025588.6747 0.000 0.000 0.0000 3.1297
1777025588.6795 0.000 0.000 0.0000 3.1297
1777025588.6846 0.000 0.000 0.0000 3.1297
1777025588.6895 0.000 0.000 0.0000 3.1297
1777025588.6940 0.000 0.000 0.0000 3.1297
1777025588.6996 0.000 0.000 0.0000 3.1297
1777025588.7042 0.000 0.000 0.0000 3.1297
1777025588.7091 0.000 0.000 0.0000 3.1297
1777025588.7146 0.000 0.000 0.0000 3.1297
1777025588.7194 0.000 0.000 0.0000 3.1297
1777025588.7243 0.000 0.000 0.0000 3.1297
1777025588.7291 0.000 0.000 0.0000 3.1297
1777025588.7346 0.000 0.000 0.0000 3.1297
1777025588.7394 0.000 0.000 0.0000 3.1297
1777025588.7439 0.000 0.000 0.0000 3.1297
1777025588.7499 0.000 0.000 0.0000 3.1297
1777025588.7545 0.000 0.000 0.0000 3.1297
1777025588.7591 0.000 0.000 0.0000 3.1297
1777025588.7648 0.000 0.000 0.0000 3.1297
1777025588.7695 0.000 0.000 0.0000 3.1297
1777025588.7740 0.000 0.000 0.0000 3.1297
1777025588.7798 0.000 0.000 0.0000 3.1297
1777025588.7847 0.000 0.000 0.0000 3.1297
1777025588.7896 0.000 0.000 0.0000 3.1297
1777025588.7943 0.000 0.000 0.0000 3.1297
1777025588.7990 0.000 0.000 0.0000 3.1297
1777025588.8045 0.000 0.000 0.0000 3.1297
1777025588.8100 0.000 0.000 0.0000 3.1297
1777025588.8142 0.000 0.000 0.0000 3.1297
1777025588.8192 0.000 0.000 0.0000 3.1297
1777025588.8246 0.000 0.000 0.0000 3.1297
1777025588.8293 0.000 0.000 0.0000 3.1297
1777025588.8348 0.000 0.000 0.0000 3.1297
1777025588.8393 0.000 0.000 0.0000 3.1297
1777025588.8452 0.000 0.000 0.0000 3.1297
1777025588.8490 0.000 0.000 0.0000 3.1297
1777025588.8545 0.000 0.000 0.0000 3.1297
1777025588.8593 0.000 0.000 0.0000 3.1297
1777025588.8647 0.000 0.000 0.0000 3.1297
1777025588.8695 0.000 0.000 0.0000 3.1297
1777025588.8749 0.000 0.000 0.0000 3.1297
1777025588.8795 0.000 0.000 0.0000 3.1297
1777025588.8848 0.000 0.000 0.0000 3.1297
1777025588.8895 0.000 0.000 0.0000 3.1297
1777025588.8944 0.000 0.000 0.0000 3.1297
1777025588.8991 0.000 0.000 0.0000 3.1297
1777025588.9048 0.000 0.000 0.0000 3.1297
1777025588.9096 0.000 0.000 0.0000 3.1297
1777025588.9144 0.000 0.000 0.0000 3.1297
1777025588.9192 0.000 0.000 0.0000 3.1297
1777025588.9248 0.000 0.000 0.0000 3.1297
1777025588.9296 0.000 0.000 0.0000 3.1297
1777025588.9344 0.000 0.000 0.0000 3.1297
1777025588.9400 0.000 0.000 0.0000 3.1297
1777025588.9452 0.000 0.000 0.0000 3.1297
1777025588.9498 0.000 0.000 0.0000 3.1297
1777025588.9545 0.000 0.000 0.0000 3.1297
1777025588.9600 0.000 0.000 0.0000 3.1297
1777025588.9646 0.000 0.000 0.0000 3.1297
1777025588.9694 0.000 0.000 0.0000 3.1297
1777025588.9748 0.000 0.000 0.0000 3.1297
1777025588.9794 0.000 0.000 0.0000 3.1297
1777025588.9851 0.000 0.000 0.0000 3.1297
1777025588.9898 0.000 0.000 0.0000 3.1297
1777025588.9945 0.000 0.000 0.0000 3.1297
1777025588.9999 0.000 0.000 0.0000 3.1297
1777025589.0046 0.000 0.000 0.0000 3.1297
1777025589.0102 0.000 0.000 0.0000 3.1297
1777025589.0144 0.000 0.000 0.0000 3.1297
1777025589.0200 0.000 0.000 0.0000 3.1297
1777025589.0244 0.000 0.000 0.0000 3.1297
1777025589.0301 0.000 0.000 0.0000 3.1297
1777025589.0347 0.000 0.000 0.0000 3.1297
1777025589.0403 0.000 0.000 0.0000 3.1297
1777025589.0454 0.000 0.000 0.0000 3.1297
1777025589.0502 0.000 0.000 0.0000 3.1297
1777025589.0548 0.000 0.000 0.0000 3.1297
1777025589.0604 0.000 0.000 0.0000 3.1297
1777025589.0654 0.000 0.000 0.0000 3.1297
1777025589.0708 0.000 0.000 0.0000 3.1297
1777025589.0757 0.000 0.000 0.0000 3.1297
1777025589.0812 0.000 0.000 0.0000 3.1297
1777025589.0858 0.000 0.000 0.0000 3.1297
1777025589.0898 0.000 0.000 0.0000 3.1297
1777025589.0949 0.000 0.000 0.0000 3.1297
1777025589.1007 0.000 0.000 0.0000 3.1297
1777025589.1054 0.000 0.000 0.0000 3.1297
1777025589.1100 0.000 0.000 0.0000 3.1297
1777025589.1154 0.000 0.000 0.0000 3.1297
1777025589.1199 0.000 0.000 0.0000 3.1297
1777025589.1257 0.000 0.000 0.0000 3.1297
1777025589.1302 0.000 0.000 0.0000 3.1297
1777025589.1351 0.000 0.000 0.0000 3.1297
1777025589.1406 0.000 0.000 0.0000 3.1297
1777025589.1453 0.000 0.000 0.0000 3.1297
1777025589.1500 0.000 0.000 0.0000 3.1297
1777025589.1556 0.000 0.000 0.0000 3.1297
1777025589.1601 0.000 0.000 0.0000 3.1297
1777025589.1657 0.000 0.000 0.0000 3.1297
1777025589.1703 0.000 0.000 0.0000 3.1297
1777025589.1748 0.000 0.000 0.0000 3.1297
1777025589.1812 0.000 0.000 0.0000 3.1296
1777025589.1850 0.000 0.000 0.0000 3.1296
1777025589.1905 0.000 0.000 0.0000 3.1296
1777025589.1951 0.000 0.000 0.0000 3.1296
1777025589.2007 0.000 0.000 0.0000 3.1296
1777025589.2052 0.000 0.000 0.0000 3.1296
1777025589.2100 0.000 0.000 0.0000 3.1296
1777025589.2156 0.000 0.000 0.0000 3.1296
1777025589.2203 0.000 0.000 0.0000 3.1296
1777025589.2249 0.000 0.000 0.0000 3.1296
1777025589.2305 0.000 0.000 0.0000 3.1296
1777025589.2354 0.000 0.000 0.0000 3.1296
1777025589.2399 0.000 0.000 0.0000 3.1296
1777025589.2453 0.000 0.000 0.0000 3.1296
1777025589.2499 0.000 0.000 0.0000 3.1296
1777025589.2556 0.000 0.000 0.0000 3.1296
1777025589.2603 0.000 0.000 0.0000 3.1296
1777025589.2658 0.000 0.000 0.0000 3.1296
1777025589.2704 0.000 0.000 0.0000 3.1296
1777025589.2749 0.000 0.000 0.0000 3.1297
1777025589.2811 0.000 0.000 0.0000 3.1297
1777025589.2857 0.000 0.000 0.0000 3.1297
1777025589.2903 0.000 0.000 0.0000 3.1297
1777025589.2949 0.000 0.000 0.0000 3.1297
1777025589.2999 0.000 0.000 0.0000 3.1297
1777025589.3056 0.000 0.000 0.0000 3.1297
1777025589.3100 0.000 0.000 0.0000 3.1297
1777025589.3148 0.000 0.000 0.0000 3.1297
1777025589.3203 0.000 0.000 0.0000 3.1297
1777025589.3248 0.000 0.000 0.0000 3.1297
1777025589.3306 0.000 0.000 0.0000 3.1297
1777025589.3351 0.000 0.000 0.0000 3.1297
1777025589.3407 0.000 0.000 0.0000 3.1297
1777025589.3454 0.000 0.000 0.0000 3.1297
1777025589.3500 0.000 0.000 0.0000 3.1297
1777025589.3557 0.000 0.000 0.0000 3.1297
1777025589.3601 0.000 0.000 0.0000 3.1297
1777025589.3658 0.000 0.000 0.0000 3.1297
1777025589.3703 0.000 0.000 0.0000 3.1297
1777025589.3749 0.000 0.000 0.0000 3.1297
1777025589.3805 0.000 0.000 0.0000 3.1297
1777025589.3857 0.000 0.000 0.0000 3.1297
1777025589.3903 0.000 0.000 0.0000 3.1296
1777025589.3948 0.000 0.000 0.0000 3.1296
1777025589.4005 0.000 0.000 0.0000 3.1296
1777025589.4055 0.000 0.000 0.0000 3.1296
1777025589.4102 0.000 0.000 0.0000 3.1296
1777025589.4156 0.000 0.000 0.0000 3.1296
1777025589.4201 0.000 0.000 0.0000 3.1296
1777025589.4249 0.000 0.000 0.0000 3.1296
1777025589.4304 0.000 0.000 0.0000 3.1296
1777025589.4351 0.000 0.000 0.0000 3.1296
1777025589.4405 0.000 0.000 0.0000 3.1296
1777025589.4453 0.000 0.000 0.0000 3.1296
1777025589.4501 0.000 0.000 0.0000 3.1296
1777025589.4556 0.000 0.000 0.0000 3.1296
1777025589.4603 0.000 0.000 0.0000 3.1296
1777025589.4659 0.000 0.000 0.0000 3.1296
1777025589.4705 0.000 0.000 0.0000 3.1296
1777025589.4751 0.000 0.000 0.0000 3.1296
1777025589.4811 0.000 0.000 0.0000 3.1296
1777025589.4859 0.000 0.000 0.0000 3.1296
1777025589.4905 0.000 0.000 0.0000 3.1296
1777025589.4951 0.000 0.000 0.0000 3.1296
1777025589.5007 0.000 0.000 0.0000 3.1296
1777025589.5052 0.000 0.000 0.0000 3.1296
1777025589.5108 0.000 0.000 0.0000 3.1296
1777025589.5156 0.000 0.000 0.0000 3.1296
1777025589.5202 0.000 0.000 0.0000 3.1296
1777025589.5257 0.000 0.000 0.0000 3.1296
1777025589.5304 0.000 0.000 0.0000 3.1296
1777025589.5359 0.000 0.000 0.0000 3.1296
1777025589.5407 0.000 0.000 0.0000 3.1296
1777025589.5454 0.000 0.000 0.0000 3.1296
1777025589.5500 0.000 0.000 0.0000 3.1296
1777025589.5559 0.000 0.000 0.0000 3.1296
1777025589.5603 0.000 0.000 0.0000 3.1296
1777025589.5650 0.000 0.000 0.0000 3.1296
1777025589.5707 0.000 0.000 0.0000 3.1296
1777025589.5751 0.000 0.000 0.0000 3.1296
1777025589.5806 0.000 0.000 0.0000 3.1296
1777025589.5862 0.000 0.000 0.0000 3.1296
1777025589.5907 0.000 0.000 0.0000 3.1296
1777025589.5953 0.000 0.000 0.0000 3.1296
1777025589.6007 0.000 0.000 0.0000 3.1296
1777025589.6054 0.000 0.000 0.0000 3.1296
1777025589.6110 0.000 0.000 0.0000 3.1296
1777025589.6158 0.000 0.000 0.0000 3.1296
1777025589.6203 0.000 0.000 0.0000 3.1296
1777025589.6259 0.000 0.000 0.0000 3.1296
1777025589.6305 0.000 0.000 0.0000 3.1296
1777025589.6361 0.000 0.000 0.0000 3.1296
1777025589.6408 0.000 0.000 0.0000 3.1296
1777025589.6452 0.000 0.000 0.0000 3.1296
1777025589.6510 0.000 0.000 0.0000 3.1296
1777025589.6566 0.000 0.000 0.0000 3.1296
1777025589.6610 0.000 0.000 0.0000 3.1296
1777025589.6657 0.000 0.000 0.0000 3.1297
1777025589.6712 0.000 0.000 0.0000 3.1297
1777025589.6758 0.000 0.000 0.0000 3.1297
1777025589.6816 0.000 0.000 0.0000 3.1297
1777025589.6862 0.000 0.000 0.0000 3.1297
1777025589.6910 0.000 0.000 0.0000 3.1297
1777025589.6966 0.000 0.000 0.0000 3.1297
1777025589.7014 0.000 0.000 0.0000 3.1297
1777025589.7059 0.000 0.000 0.0000 3.1297
1777025589.7117 0.000 0.000 0.0000 3.1297
1777025589.7166 0.000 0.000 0.0000 3.1297
1777025589.7209 0.000 0.000 0.0000 3.1297
1777025589.7267 0.000 0.000 0.0000 3.1297
1777025589.7312 0.000 0.000 0.0000 3.1297
1777025589.7358 0.000 0.000 0.0000 3.1297
1777025589.7413 0.000 0.000 0.0000 3.1297
1777025589.7467 0.000 0.000 0.0000 3.1297
1777025589.7513 0.000 0.000 0.0000 3.1297
1777025589.7558 0.000 0.000 0.0000 3.1296
1777025589.7615 0.000 0.000 0.0000 3.1297
1777025589.7660 0.000 0.000 0.0000 3.1297
1777025589.7716 0.000 0.000 0.0000 3.1297
1777025589.7761 0.000 0.000 0.0000 3.1297
1777025589.7807 0.000 0.000 0.0000 3.1297
1777025589.7865 0.000 0.000 0.0000 3.1297
1777025589.7913 0.000 0.000 0.0000 3.1297
1777025589.7966 0.000 0.000 0.0000 3.1297
1777025589.8009 0.000 0.000 0.0000 3.1297
1777025589.8066 0.000 0.000 0.0000 3.1297
1777025589.8112 0.000 0.000 0.0000 3.1297
1777025589.8164 0.000 0.000 0.0000 3.1297
1777025589.8210 0.000 0.000 0.0000 3.1297
1777025589.8266 0.000 0.000 0.0000 3.1297
1777025589.8311 0.000 0.000 0.0000 3.1297
1777025589.8367 0.000 0.000 0.0000 3.1297
1777025589.8411 0.000 0.000 0.0000 3.1297
1777025589.8469 0.000 0.000 0.0000 3.1297
1777025589.8515 0.000 0.000 0.0000 3.1297
1777025589.8561 0.000 0.000 0.0000 3.1297
1777025589.8616 0.000 0.000 0.0000 3.1297
1777025589.8662 0.000 0.000 0.0000 3.1297
1777025589.8718 0.000 0.000 0.0000 3.1297
1777025589.8764 0.000 0.000 0.0000 3.1297
1777025589.8812 0.000 0.000 0.0000 3.1297
1777025589.8858 0.000 0.000 0.0000 3.1297
1777025589.8914 0.000 0.000 0.0000 3.1297
1777025589.8960 0.000 0.000 0.0000 3.1297
1777025589.9015 0.000 0.000 0.0000 3.1297
1777025589.9067 0.000 0.000 0.0000 3.1297
1777025589.9115 0.000 0.000 0.0000 3.1297
1777025589.9161 0.000 0.000 0.0000 3.1297
1777025589.9218 0.000 0.000 0.0000 3.1297
1777025589.9266 0.000 0.000 0.0000 3.1297
1777025589.9316 0.000 0.000 0.0000 3.1297
1777025589.9362 0.000 0.000 0.0000 3.1297
1777025589.9416 0.000 0.000 0.0000 3.1297
1777025589.9468 0.000 0.000 0.0000 3.1297
1777025589.9522 0.000 0.000 0.0000 3.1297
1777025589.9564 0.000 0.000 0.0000 3.1297
1777025589.9611 0.000 0.000 0.0000 3.1297
1777025589.9662 0.000 0.000 0.0000 3.1297
1777025589.9719 0.000 0.000 0.0000 3.1297
1777025589.9766 0.000 0.000 0.0000 3.1297
1777025589.9813 0.000 0.000 0.0000 3.1297
1777025589.9860 0.000 0.000 0.0000 3.1297
1777025589.9916 0.000 0.000 0.0000 3.1297
1777025589.9964 0.000 0.000 0.0000 3.1297
1777025590.0010 0.000 0.000 0.0000 3.1297
1777025590.0066 0.000 0.000 0.0000 3.1297
1777025590.0112 0.000 0.000 0.0000 3.1297
1777025590.0161 0.000 0.000 0.0000 3.1297
1777025590.0216 0.000 0.000 0.0000 3.1297
1777025590.0260 0.000 0.000 0.0000 3.1297
1777025590.0315 0.000 0.000 0.0000 3.1297
1777025590.0362 0.000 0.000 0.0000 3.1297
1777025590.0417 0.000 0.000 0.0000 3.1297
1777025590.0466 0.000 0.000 0.0000 3.1297
1777025590.0513 0.000 0.000 0.0000 3.1297
1777025590.0568 0.000 0.000 0.0000 3.1297
1777025590.0615 0.000 0.000 0.0000 3.1298
1777025590.0663 0.000 0.000 0.0000 3.1298
1777025590.0710 0.000 0.000 0.0000 3.1298
1777025590.0760 0.000 0.000 0.0000 3.1297
1777025590.0813 0.000 0.000 0.0000 3.1297
1777025590.0862 0.000 0.000 0.0000 3.1297
1777025590.0919 0.000 0.000 0.0000 3.1297
1777025590.0967 0.000 0.000 0.0000 3.1297
1777025590.1012 0.000 0.000 0.0000 3.1297
1777025590.1068 0.000 0.000 0.0000 3.1297
1777025590.1114 0.000 0.000 0.0000 3.1297
1777025590.1166 0.000 0.000 0.0000 3.1298
1777025590.1212 0.000 0.000 0.0000 3.1298
1777025590.1268 0.000 0.000 0.0000 3.1298
1777025590.1315 0.000 0.000 0.0000 3.1298
1777025590.1361 0.000 0.000 0.0000 3.1298
1777025590.1418 0.000 0.000 0.0000 3.1298
1777025590.1472 0.000 0.000 0.0000 3.1297
1777025590.1516 0.000 0.000 0.0000 3.1297
1777025590.1564 0.000 0.000 0.0000 3.1298
1777025590.1619 0.000 0.000 0.0000 3.1298
1777025590.1667 0.000 0.000 0.0000 3.1298
1777025590.1713 0.000 0.000 0.0000 3.1298
1777025590.1759 0.000 0.000 0.0000 3.1298
1777025590.1813 0.000 0.000 0.0000 3.1298
1777025590.1860 0.000 0.000 0.0000 3.1298
1777025590.1916 0.000 0.000 0.0000 3.1298
1777025590.1964 0.000 0.000 0.0000 3.1298
1777025590.2022 0.000 0.000 0.0000 3.1298
1777025590.2061 0.000 0.000 0.0000 3.1298
1777025590.2121 0.000 0.000 0.0000 3.1298
1777025590.2160 0.000 0.000 0.0000 3.1297
1777025590.2215 0.000 0.000 0.0000 3.1298
1777025590.2262 0.000 0.000 0.0000 3.1297
1777025590.2318 0.000 0.000 0.0000 3.1297
1777025590.2363 0.000 0.000 0.0000 3.1297
1777025590.2410 0.000 0.000 0.0000 3.1297
1777025590.2463 0.000 0.000 0.0000 3.1297
1777025590.2513 0.000 0.000 0.0000 3.1297
1777025590.2567 0.000 0.000 0.0000 3.1297
1777025590.2618 0.000 0.000 0.0000 3.1298
1777025590.2693 0.000 0.000 0.0000 3.1297
1777025590.2721 0.000 0.000 0.0000 3.1297
1777025590.2770 0.000 0.000 0.0000 3.1298
1777025590.2814 0.000 0.000 0.0000 3.1297
1777025590.2864 0.000 0.000 0.0000 3.1297
1777025590.2912 0.000 0.000 0.0000 3.1298
1777025590.2972 0.000 0.000 0.0000 3.1298
1777025590.3014 0.000 0.000 0.0000 3.1298
1777025590.3065 0.000 0.000 0.0000 3.1298
1777025590.3114 0.000 0.000 0.0000 3.1297
1777025590.3168 0.000 0.000 0.0000 3.1296
1777025590.3216 0.000 0.000 0.0000 3.1294
1777025590.3267 0.000 0.000 0.0000 3.1291
1777025590.3318 0.000 0.000 0.0000 3.1289
1777025590.3365 0.000 0.000 0.0000 3.1286
1777025590.3421 0.000 0.000 0.0000 3.1283
1777025590.3468 0.000 0.000 0.0000 3.1282
