1777025828.754,0.000,0.000,0.0000,delay,1
1777025828.760,0.000,0.000,0.0000,delay,1
1777025828.765,0.000,0.000,0.0000,delay,1
1777025828.765,0.000,0.000,0.0000,delay,1
1777025828.765,0.000,0.000,0.0000,delay,1
1777025828.765,0.000,0.000,0.0000,delay,1
1777025828.770,0.000,0.000,0.0000,delay,1
1777025828.770,0.000,0.000,0.0000,delay,1
1777025828.770,0.000,0.000,0.0000,delay,1
1777025828.776,0.000,0.000,0.0000,delay,1
1777025828.784,0.000,0.000,0.0000,delay,1
1777025828.790,0.000,0.000,0.0000,delay,1
1777025828.795,0.000,0.000,0.0000,delay,1
1777025828.799,0.000,0.000,0.0000,delay,1
1777025828.799,0.000,0.000,0.0000,delay,1
1777025828.799,0.000,0.000,0.0000,delay,1
1777025828.799,0.000,0.000,0.0000,delay,1
1777025828.804,0.000,0.000,0.0000,delay,1
1777025828.804,0.000,0.000,0.0000,delay,1
1777025828.810,0.000,0.000,0.0000,delay,1
1777025828.810,0.000,0.000,0.0000,delay,1
1777025828.810,0.000,0.000,0.0000,delay,1
1777025828.815,0.000,0.000,0.0000,delay,1
1777025828.815,0.000,0.000,0.0000,delay,1
1777025828.815,0.000,0.000,0.0000,delay,1
1777025828.819,0.000,0.000,0.0000,delay,1
1777025828.819,0.000,0.000,0.0000,delay,1
1777025828.819,0.000,0.000,0.0000,delay,1
1777025828.825,0.000,0.000,0.0000,delay,1
1777025828.825,0.000,0.000,0.0000,delay,1
1777025828.825,0.000,0.000,0.0000,delay,1
1777025828.830,0.000,0.000,0.0000,delay,1
1777025828.830,0.000,0.000,0.0000,delay,1
1777025828.830,0.000,0.000,0.0000,delay,1
1777025828.830,0.000,0.000,0.0000,delay,1
1777025828.835,0.000,0.000,0.0000,delay,1
1777025828.835,0.000,0.000,0.0000,delay,1
1777025828.835,0.000,0.000,0.0000,delay,1
1777025828.839,0.000,0.000,0.0000,delay,1
1777025828.839,0.000,0.000,0.0000,delay,1
1777025828.839,0.000,0.000,0.0000,delay,1
1777025828.839,0.000,0.000,0.0000,delay,1
1777025828.845,0.000,0.000,0.0000,delay,1
1777025828.845,0.000,0.000,0.0000,delay,1
1777025828.849,0.000,0.000,0.0000,delay,1
1777025828.849,0.000,0.000,0.0000,delay,1
1777025828.849,0.000,0.000,0.0000,delay,1
1777025828.849,0.000,0.000,0.0000,delay,1
1777025828.855,0.000,0.000,0.0000,delay,1
1777025828.855,0.000,0.000,0.0000,delay,1
1777025828.859,0.000,0.000,0.0000,delay,1
1777025828.859,0.000,0.000,0.0000,delay,1
1777025828.865,0.000,0.000,0.0000,delay,1
1777025828.865,0.000,0.000,0.0000,delay,1
1777025828.869,0.000,0.000,0.0000,delay,1
1777025828.875,0.000,0.000,0.0000,delay,1
1777025828.875,0.000,0.000,0.0000,delay,1
1777025828.875,0.000,0.000,0.0000,delay,1
1777025828.875,0.000,0.000,0.0000,delay,1
1777025828.879,0.000,0.000,0.0000,delay,1
1777025828.885,0.000,0.000,0.0000,delay,1
1777025828.885,0.000,0.000,0.0000,delay,1
1777025828.885,0.000,0.000,0.0000,delay,1
1777025828.889,0.000,0.000,0.0000,delay,1
1777025828.889,0.000,0.000,0.0000,delay,1
1777025828.889,0.000,0.000,0.0000,delay,1
1777025828.895,0.000,0.000,0.0000,delay,1
1777025828.895,0.000,0.000,0.0000,delay,1
1777025828.895,0.000,0.000,0.0000,delay,1
1777025828.899,0.000,0.000,0.0000,delay,1
1777025828.899,0.000,0.000,0.0000,delay,1
1777025828.899,0.000,0.000,0.0000,delay,1
1777025828.899,0.000,0.000,0.0000,delay,1
1777025828.905,0.000,0.000,0.0000,delay,1
1777025828.905,0.000,0.000,0.0000,delay,1
1777025828.910,0.000,0.000,0.0000,delay,1
1777025828.910,0.000,0.000,0.0000,delay,1
1777025828.910,0.000,0.000,0.0000,delay,1
1777025828.916,0.000,0.000,0.0000,delay,1
1777025828.916,0.000,0.000,0.0000,delay,1
1777025828.916,0.000,0.000,0.0000,delay,1
1777025828.920,0.000,0.000,0.0000,delay,1
1777025828.920,0.000,0.000,0.0000,delay,1
1777025828.920,0.000,0.000,0.0000,delay,1
1777025828.924,0.000,0.000,0.0000,delay,1
1777025828.924,0.000,0.000,0.0000,delay,1
1777025828.924,0.000,0.000,0.0000,delay,1
1777025828.924,0.000,0.000,0.0000,delay,1
1777025828.930,0.000,0.000,0.0000,delay,1
1777025828.930,0.000,0.000,0.0000,delay,1
1777025828.930,0.000,0.000,0.0000,delay,1
1777025828.935,0.000,0.000,0.0000,delay,1
1777025828.935,0.000,0.000,0.0000,delay,1
1777025828.935,0.000,0.000,0.0000,delay,1
1777025828.941,0.000,0.000,0.0000,delay,1
1777025828.941,0.000,0.000,0.0000,delay,1
1777025828.941,0.000,0.000,0.0000,delay,1
1777025828.945,0.000,0.000,0.0000,delay,1
1777025828.950,0.000,0.000,0.0000,delay,1
1777025828.950,0.000,0.000,0.0000,delay,1
1777025828.950,0.000,0.000,0.0000,delay,1
1777025828.955,0.000,0.000,0.0000,delay,1
1777025828.955,0.000,0.000,0.0000,delay,1
1777025828.955,0.000,0.000,0.0000,delay,1
1777025828.955,0.000,0.000,0.0000,delay,1
1777025828.960,0.000,0.000,0.0000,delay,1
1777025828.960,0.000,0.000,0.0000,delay,1
1777025828.960,0.000,0.000,0.0000,delay,1
1777025828.960,0.000,0.000,0.0000,delay,1
1777025828.965,0.000,0.000,0.0000,delay,1
1777025828.965,0.000,0.000,0.0000,delay,1
1777025828.965,0.000,0.000,0.0000,delay,1
1777025828.970,0.000,0.000,0.0000,delay,1
1777025828.970,0.000,0.000,0.0000,delay,1
1777025828.970,0.000,0.000,0.0000,delay,1
1777025828.970,0.000,0.000,0.0000,delay,1
1777025828.975,0.000,0.000,0.0000,delay,1
1777025828.975,0.000,0.000,0.0000,delay,1
1777025828.975,0.000,0.000,0.0000,delay,1
1777025828.980,0.000,0.000,0.0000,delay,1
1777025828.980,0.000,0.000,0.0000,delay,1
1777025828.980,0.000,0.000,0.0000,delay,1
1777025828.980,0.000,0.000,0.0000,delay,1
1777025828.988,0.000,0.000,0.0000,delay,1
1777025828.990,0.000,0.000,0.0000,delay,1
1777025828.990,0.000,0.000,0.0000,delay,1
1777025828.995,0.000,0.000,0.0000,delay,1
1777025828.995,0.000,0.000,0.0000,delay,1
1777025828.995,0.000,0.000,0.0000,delay,1
1777025828.995,0.000,0.000,0.0000,delay,1
1777025828.995,0.000,0.000,0.0000,delay,1
1777025829.000,0.000,0.000,0.0000,delay,1
1777025829.000,0.000,0.000,0.0000,delay,1
1777025829.000,0.000,0.000,0.0000,delay,1
1777025829.005,0.000,0.000,0.0000,delay,1
1777025829.005,0.000,0.000,0.0000,delay,1
1777025829.005,0.000,0.000,0.0000,delay,1
1777025829.010,0.000,0.000,0.0000,delay,1
1777025829.010,0.000,0.000,0.0000,delay,1
1777025829.010,0.000,0.000,0.0000,delay,1
1777025829.010,0.000,0.000,0.0000,delay,1
1777025829.017,0.000,0.000,0.0000,delay,1
1777025829.017,0.000,0.000,0.0000,delay,1
1777025829.021,0.000,0.000,0.0000,delay,1
1777025829.021,0.000,0.000,0.0000,delay,1
1777025829.021,0.000,0.000,0.0000,delay,1
1777025829.026,0.000,0.000,0.0000,delay,1
1777025829.026,0.000,0.000,0.0000,delay,1
1777025829.030,0.000,0.000,0.0000,delay,1
1777025829.030,0.000,0.000,0.0000,delay,1
1777025829.035,0.000,0.000,0.0000,delay,1
1777025829.035,0.000,0.000,0.0000,delay,1
1777025829.035,0.000,0.000,0.0000,delay,1
1777025829.040,0.000,0.000,0.0000,delay,1
1777025829.040,0.000,0.000,0.0000,delay,1
1777025829.040,0.000,0.000,0.0000,delay,1
1777025829.040,0.000,0.000,0.0000,delay,1
1777025829.045,0.000,0.000,0.0000,delay,1
1777025829.045,0.000,0.000,0.0000,delay,1
1777025829.045,0.000,0.000,0.0000,delay,1
1777025829.045,0.000,0.000,0.0000,delay,1
1777025829.051,0.000,0.000,0.0000,delay,1
1777025829.055,0.000,0.000,0.0000,delay,1
1777025829.055,0.000,0.000,0.0000,delay,1
1777025829.055,0.000,0.000,0.0000,delay,1
1777025829.060,0.000,0.000,0.0000,delay,1
1777025829.060,0.000,0.000,0.0000,delay,1
1777025829.060,0.000,0.000,0.0000,delay,1
1777025829.065,0.000,0.000,0.0000,delay,1
1777025829.065,0.000,0.000,0.0000,delay,1
1777025829.065,0.000,0.000,0.0000,delay,1
1777025829.065,0.000,0.000,0.0000,delay,1
1777025829.071,0.000,0.000,0.0000,delay,1
1777025829.071,0.000,0.000,0.0000,delay,1
1777025829.075,0.000,0.000,0.0000,delay,1
1777025829.075,0.000,0.000,0.0000,delay,1
1777025829.075,0.000,0.000,0.0000,delay,1
1777025829.080,0.000,0.000,0.0000,delay,1
1777025829.080,0.000,0.000,0.0000,delay,1
1777025829.080,0.000,0.000,0.0000,delay,1
1777025829.086,0.000,0.000,0.0000,delay,1
1777025829.086,0.000,0.000,0.0000,delay,1
1777025829.086,0.000,0.000,0.0000,delay,1
1777025829.086,0.000,0.000,0.0000,delay,1
1777025829.091,0.000,0.000,0.0000,delay,1
1777025829.091,0.000,0.000,0.0000,delay,1
1777025829.091,0.000,0.000,0.0000,delay,1
1777025829.095,0.000,0.000,0.0000,delay,1
1777025829.095,0.000,0.000,0.0000,delay,1
1777025829.095,0.000,0.000,0.0000,delay,1
1777025829.101,0.000,0.000,0.0000,delay,1
1777025829.101,0.000,0.000,0.0000,delay,1
1777025829.101,0.000,0.000,0.0000,delay,1
1777025829.106,0.000,0.000,0.0000,delay,1
1777025829.106,0.000,0.000,0.0000,delay,1
1777025829.106,0.000,0.000,0.0000,delay,1
1777025829.110,0.000,0.000,0.0000,delay,1
1777025829.115,0.000,0.000,0.0000,delay,1
1777025829.115,0.000,0.000,0.0000,delay,1
1777025829.115,0.000,0.000,0.0000,delay,1
1777025829.120,0.000,0.000,0.0000,delay,1
1777025829.120,0.000,0.000,0.0000,delay,1
1777025829.120,0.000,0.000,0.0000,delay,1
1777025829.120,0.000,0.000,0.0000,delay,1
1777025829.125,0.000,0.000,0.0000,delay,1
1777025829.125,0.000,0.000,0.0000,delay,1
1777025829.125,0.000,0.000,0.0000,delay,1
1777025829.130,0.000,0.000,0.0000,delay,1
1777025829.130,0.000,0.000,0.0000,delay,1
1777025829.130,0.000,0.000,0.0000,delay,1
1777025829.130,0.000,0.000,0.0000,delay,1
1777025829.135,0.000,0.000,0.0000,delay,1
1777025829.135,0.000,0.000,0.0000,delay,1
1777025829.135,0.000,0.000,0.0000,delay,1
1777025829.135,0.000,0.000,0.0000,delay,1
1777025829.135,0.000,0.000,0.0000,delay,1
1777025829.135,0.000,0.000,0.0000,delay,1
1777025829.145,0.000,0.000,0.0000,delay,1
1777025829.145,0.000,0.000,0.0000,delay,1
1777025829.150,0.000,0.000,0.0000,delay,1
1777025829.150,0.000,0.000,0.0000,delay,1
1777025829.156,0.000,0.000,0.0000,delay,1
1777025829.156,0.000,0.000,0.0000,delay,1
1777025829.156,0.000,0.000,0.0000,delay,1
1777025829.160,0.000,0.000,0.0000,delay,1
1777025829.160,0.000,0.000,0.0000,delay,1
1777025829.160,0.000,0.000,0.0000,delay,1
1777025829.165,0.000,0.000,0.0000,delay,1
1777025829.165,0.000,0.000,0.0000,delay,1
1777025829.165,0.000,0.000,0.0000,delay,1
1777025829.170,0.000,0.000,0.0000,delay,1
1777025829.170,0.000,0.000,0.0000,delay,1
1777025829.170,0.000,0.000,0.0000,delay,1
1777025829.170,0.000,0.000,0.0000,delay,1
1777025829.175,0.000,0.000,0.0000,delay,1
1777025829.175,0.000,0.000,0.0000,delay,1
1777025829.175,0.000,0.000,0.0000,delay,1
1777025829.180,0.000,0.000,0.0000,delay,1
1777025829.180,0.000,0.000,0.0000,delay,1
1777025829.180,0.000,0.000,0.0000,delay,1
1777025829.185,0.000,0.000,0.0000,delay,1
1777025829.185,0.000,0.000,0.0000,delay,1
1777025829.185,0.000,0.000,0.0000,delay,1
1777025829.190,0.000,0.000,0.0000,delay,1
1777025829.190,0.000,0.000,0.0000,delay,1
1777025829.190,0.000,0.000,0.0000,delay,1
1777025829.195,0.000,0.000,0.0000,delay,1
1777025829.195,0.000,0.000,0.0000,delay,1
1777025829.195,0.000,0.000,0.0000,delay,1
1777025829.200,0.000,0.000,0.0000,delay,1
1777025829.200,0.000,0.000,0.0000,delay,1
1777025829.200,0.000,0.000,0.0000,delay,1
1777025829.200,0.000,0.000,0.0000,delay,1
1777025829.206,0.000,0.000,0.0000,delay,1
1777025829.206,0.000,0.000,0.0000,delay,1
1777025829.206,0.000,0.000,0.0000,delay,1
1777025829.211,0.000,0.000,0.0000,delay,1
1777025829.211,0.000,0.000,0.0000,delay,1
1777025829.211,0.000,0.000,0.0000,delay,1
1777025829.217,0.000,0.000,0.0000,delay,1
1777025829.217,0.000,0.000,0.0000,delay,1
1777025829.217,0.000,0.000,0.0000,delay,1
1777025829.220,0.000,0.000,0.0000,delay,1
1777025829.220,0.000,0.000,0.0000,delay,1
1777025829.220,0.000,0.000,0.0000,delay,1
1777025829.220,0.000,0.000,0.0000,delay,1
1777025829.225,0.000,0.000,0.0000,delay,1
1777025829.225,0.000,0.000,0.0000,delay,1
1777025829.225,0.000,0.000,0.0000,delay,1
1777025829.230,0.000,0.000,0.0000,delay,1
1777025829.230,0.000,0.000,0.0000,delay,1
1777025829.236,0.000,0.000,0.0000,delay,1
1777025829.241,0.000,0.000,0.0000,delay,1
1777025829.241,0.000,0.000,0.0000,delay,1
1777025829.246,0.000,0.000,0.0000,delay,1
1777025829.246,0.000,0.000,0.0000,delay,1
1777025829.251,0.000,0.000,0.0000,delay,1
1777025829.251,0.000,0.000,0.0000,delay,1
1777025829.251,0.000,0.000,0.0000,delay,1
1777025829.255,0.000,0.000,0.0000,delay,1
1777025829.255,0.000,0.000,0.0000,delay,1
1777025829.260,0.000,0.000,0.0000,delay,1
1777025829.260,0.000,0.000,0.0000,delay,1
1777025829.266,0.000,0.000,0.0000,delay,1
1777025829.266,0.000,0.000,0.0000,delay,1
1777025829.266,0.000,0.000,0.0000,delay,1
1777025829.271,0.000,0.000,0.0000,delay,1
1777025829.271,0.000,0.000,0.0000,delay,1
1777025829.271,0.000,0.000,0.0000,delay,1
1777025829.275,0.000,0.000,0.0000,delay,1
1777025829.275,0.000,0.000,0.0000,delay,1
1777025829.281,0.000,0.000,0.0000,delay,1
1777025829.281,0.000,0.000,0.0000,delay,1
1777025829.285,0.000,0.000,0.0000,delay,1
1777025829.285,0.000,0.000,0.0000,delay,1
1777025829.285,0.000,0.000,0.0000,delay,1
1777025829.285,0.000,0.000,0.0000,delay,1
1777025829.290,0.000,0.000,0.0000,delay,1
1777025829.290,0.000,0.000,0.0000,delay,1
1777025829.290,0.000,0.000,0.0000,delay,1
1777025829.295,0.000,0.000,0.0000,delay,1
1777025829.295,0.000,0.000,0.0000,delay,1
1777025829.295,0.000,0.000,0.0000,delay,1
1777025829.300,0.000,0.000,0.0000,delay,1
1777025829.300,0.000,0.000,0.0000,delay,1
1777025829.300,0.000,0.000,0.0000,delay,1
1777025829.300,0.000,0.000,0.0000,delay,1
1777025829.306,0.000,0.000,0.0000,delay,1
1777025829.306,0.000,0.000,0.0000,delay,1
1777025829.306,0.000,0.000,0.0000,delay,1
1777025829.310,0.000,0.000,0.0000,delay,1
1777025829.310,0.000,0.000,0.0000,delay,1
1777025829.310,0.000,0.000,0.0000,delay,1
1777025829.315,0.000,0.000,0.0000,delay,1
1777025829.320,0.000,0.000,0.0000,delay,1
1777025829.320,0.000,0.000,0.0000,delay,1
1777025829.320,0.000,0.000,0.0000,delay,1
1777025829.326,0.000,0.000,0.0000,delay,1
1777025829.326,0.000,0.000,0.0000,delay,1
1777025829.326,0.000,0.000,0.0000,delay,1
1777025829.331,0.000,0.000,0.0000,delay,1
1777025829.331,0.000,0.000,0.0000,delay,1
1777025829.331,0.000,0.000,0.0000,delay,1
1777025829.331,0.000,0.000,0.0000,delay,1
1777025829.335,0.000,0.000,0.0000,delay,1
1777025829.335,0.000,0.000,0.0000,delay,1
1777025829.335,0.000,0.000,0.0000,delay,1
1777025829.340,0.000,0.000,0.0000,delay,1
1777025829.340,0.000,0.000,0.0000,delay,1
1777025829.340,0.000,0.000,0.0000,delay,1
1777025829.340,0.000,0.000,0.0000,delay,1
1777025829.346,0.000,0.000,0.0000,delay,1
1777025829.350,0.000,0.000,0.0000,delay,1
1777025829.350,0.000,0.000,0.0000,delay,1
1777025829.350,0.000,0.000,0.0000,delay,1
1777025829.355,0.000,0.000,0.0000,delay,1
1777025829.355,0.000,0.000,0.0000,delay,1
1777025829.355,0.000,0.000,0.0000,delay,1
1777025829.361,0.000,0.000,0.0000,delay,1
1777025829.361,0.000,0.000,0.0000,delay,1
1777025829.361,0.000,0.000,0.0000,delay,1
1777025829.365,0.000,0.000,0.0000,delay,1
1777025829.365,0.000,0.000,0.0000,delay,1
1777025829.365,0.000,0.000,0.0000,delay,1
1777025829.371,0.000,0.000,0.0000,delay,1
1777025829.371,0.000,0.000,0.0000,delay,1
1777025829.371,0.000,0.000,0.0000,delay,1
1777025829.371,0.000,0.000,0.0000,delay,1
1777025829.375,0.000,0.000,0.0000,delay,1
1777025829.375,0.000,0.000,0.0000,delay,1
1777025829.375,0.000,0.000,0.0000,delay,1
1777025829.381,0.000,0.000,0.0000,delay,1
1777025829.381,0.000,0.000,0.0000,delay,1
1777025829.381,0.000,0.000,0.0000,delay,1
1777025829.381,0.000,0.000,0.0000,delay,1
1777025829.386,0.000,0.000,0.0000,delay,1
1777025829.386,0.000,0.000,0.0000,delay,1
1777025829.386,0.000,0.000,0.0000,delay,1
1777025829.391,0.000,0.000,0.0000,delay,1
1777025829.391,0.000,0.000,0.0000,delay,1
1777025829.391,0.000,0.000,0.0000,delay,1
1777025829.395,0.000,0.000,0.0000,delay,1
1777025829.395,0.000,0.000,0.0000,delay,1
1777025829.401,0.000,0.000,0.0000,delay,1
1777025829.401,0.000,0.000,0.0000,delay,1
1777025829.401,0.000,0.000,0.0000,delay,1
1777025829.406,0.000,0.000,0.0000,delay,1
1777025829.406,0.000,0.000,0.0000,delay,1
1777025829.406,0.000,0.000,0.0000,delay,1
1777025829.410,0.000,0.000,0.0000,delay,1
1777025829.410,0.000,0.000,0.0000,delay,1
1777025829.410,0.000,0.000,0.0000,delay,1
1777025829.415,0.000,0.000,0.0000,delay,1
1777025829.415,0.000,0.000,0.0000,delay,1
1777025829.415,0.000,0.000,0.0000,delay,1
1777025829.421,0.000,0.000,0.0000,delay,1
1777025829.421,0.000,0.000,0.0000,delay,1
1777025829.421,0.000,0.000,0.0000,delay,1
1777025829.421,0.000,0.000,0.0000,delay,1
1777025829.425,0.000,0.000,0.0000,delay,1
1777025829.425,0.000,0.000,0.0000,delay,1
1777025829.425,0.000,0.000,0.0000,delay,1
1777025829.425,0.000,0.000,0.0000,delay,1
1777025829.425,0.000,0.000,0.0000,delay,1
1777025829.433,0.000,0.000,0.0000,delay,1
1777025829.436,0.000,0.000,0.0000,delay,1
1777025829.436,0.000,0.000,0.0000,delay,1
1777025829.436,0.000,0.000,0.0000,delay,1
1777025829.440,0.000,0.000,0.0000,delay,1
1777025829.440,0.000,0.000,0.0000,delay,1
1777025829.440,0.000,0.000,0.0000,delay,1
1777025829.446,0.000,0.000,0.0000,delay,1
1777025829.446,0.000,0.000,0.0000,delay,1
1777025829.451,0.000,0.000,0.0000,delay,1
1777025829.451,0.000,0.000,0.0000,delay,1
1777025829.451,0.000,0.000,0.0000,delay,1
1777025829.456,0.000,0.000,0.0000,delay,1
1777025829.456,0.000,0.000,0.0000,delay,1
1777025829.456,0.000,0.000,0.0000,delay,1
1777025829.456,0.000,0.000,0.0000,delay,1
1777025829.461,0.000,0.000,0.0000,delay,1
1777025829.461,0.000,0.000,0.0000,delay,1
1777025829.461,0.000,0.000,0.0000,delay,1
1777025829.465,0.000,0.000,0.0000,delay,1
1777025829.465,0.000,0.000,0.0000,delay,1
1777025829.465,0.000,0.000,0.0000,delay,1
1777025829.465,0.000,0.000,0.0000,delay,1
1777025829.470,0.000,0.000,0.0000,delay,1
1777025829.470,0.000,0.000,0.0000,delay,1
1777025829.470,0.000,0.000,0.0000,delay,1
1777025829.476,0.000,0.000,0.0000,delay,1
1777025829.476,0.000,0.000,0.0000,delay,1
1777025829.476,0.000,0.000,0.0000,delay,1
1777025829.481,0.000,0.000,0.0000,delay,1
1777025829.485,0.000,0.000,0.0000,delay,1
1777025829.485,0.000,0.000,0.0000,delay,1
1777025829.485,0.000,0.000,0.0000,delay,1
1777025829.485,0.000,0.000,0.0000,delay,1
1777025829.491,0.000,0.000,0.0000,delay,1
1777025829.491,0.000,0.000,0.0000,delay,1
1777025829.491,0.000,0.000,0.0000,delay,1
1777025829.496,0.000,0.000,0.0000,delay,1
1777025829.496,0.000,0.000,0.0000,delay,1
1777025829.496,0.000,0.000,0.0000,delay,1
1777025829.496,0.000,0.000,0.0000,delay,1
1777025829.500,0.000,0.000,0.0000,delay,1
1777025829.500,0.000,0.000,0.0000,delay,1
1777025829.500,0.000,0.000,0.0000,delay,1
1777025829.506,0.000,0.000,0.0000,delay,1
1777025829.506,0.000,0.000,0.0000,delay,1
1777025829.506,0.000,0.000,0.0000,delay,1
1777025829.506,0.000,0.000,0.0000,delay,1
1777025829.511,0.000,0.000,0.0000,delay,1
1777025829.511,0.000,0.000,0.0000,delay,1
1777025829.516,0.000,0.000,0.0000,delay,1
1777025829.516,0.000,0.000,0.0000,delay,1
1777025829.520,0.000,0.000,0.0000,delay,1
1777025829.520,0.000,0.000,0.0000,delay,1
1777025829.520,0.000,0.000,0.0000,delay,1
1777025829.526,0.000,0.000,0.0000,delay,1
1777025829.526,0.000,0.000,0.0000,delay,1
1777025829.531,0.000,0.000,0.0000,delay,1
1777025829.531,0.000,0.000,0.0000,delay,1
1777025829.531,0.000,0.000,0.0000,delay,1
1777025829.536,0.000,0.000,0.0000,delay,1
1777025829.536,0.000,0.000,0.0000,delay,1
1777025829.536,0.000,0.000,0.0000,delay,1
1777025829.540,0.000,0.000,0.0000,delay,1
1777025829.540,0.000,0.000,0.0000,delay,1
1777025829.540,0.000,0.000,0.0000,delay,1
1777025829.540,0.000,0.000,0.0000,delay,1
1777025829.546,0.000,0.000,0.0000,delay,1
1777025829.546,0.000,0.000,0.0000,delay,1
1777025829.551,0.000,0.000,0.0000,delay,1
1777025829.551,0.000,0.000,0.0000,delay,1
1777025829.551,0.000,0.000,0.0000,delay,1
1777025829.556,0.000,0.000,0.0000,delay,1
1777025829.556,0.000,0.000,0.0000,delay,1
1777025829.556,0.000,0.000,0.0000,delay,1
1777025829.556,0.000,0.000,0.0000,delay,1
1777025829.561,0.000,0.000,0.0000,delay,1
1777025829.561,0.000,0.000,0.0000,delay,1
1777025829.566,0.000,0.000,0.0000,delay,1
1777025829.566,0.000,0.000,0.0000,delay,1
1777025829.571,0.000,0.000,0.0000,delay,1
1777025829.571,0.000,0.000,0.0000,delay,1
1777025829.571,0.000,0.000,0.0000,delay,1
1777025829.576,0.000,0.000,0.0000,delay,1
1777025829.581,0.000,0.000,0.0000,delay,1
1777025829.581,0.000,0.000,0.0000,delay,1
1777025829.581,0.000,0.000,0.0000,delay,1
1777025829.586,0.000,0.000,0.0000,delay,1
1777025829.586,0.000,0.000,0.0000,delay,1
1777025829.591,0.000,0.000,0.0000,delay,1
1777025829.591,0.000,0.000,0.0000,delay,1
1777025829.595,0.000,0.000,0.0000,delay,1
1777025829.595,0.000,0.000,0.0000,delay,1
1777025829.595,0.000,0.000,0.0000,delay,1
1777025829.595,0.000,0.000,0.0000,delay,1
1777025829.601,0.000,0.000,0.0000,delay,1
1777025829.601,0.000,0.000,0.0000,delay,1
1777025829.605,0.000,0.000,0.0000,delay,1
1777025829.611,0.000,0.000,0.0000,delay,1
1777025829.616,0.000,0.000,0.0000,delay,1
1777025829.621,0.000,0.000,0.0000,delay,1
1777025829.621,0.000,0.000,0.0000,delay,1
1777025829.621,0.000,0.000,0.0000,delay,1
1777025829.625,0.000,0.000,0.0000,delay,1
1777025829.625,0.000,0.000,0.0000,delay,1
1777025829.625,0.000,0.000,0.0000,delay,1
1777025829.625,0.000,0.000,0.0000,delay,1
1777025829.625,0.000,0.000,0.0000,delay,1
1777025829.625,0.000,0.000,0.0000,delay,1
1777025829.633,0.000,0.000,0.0000,delay,1
1777025829.636,0.000,0.000,0.0000,delay,1
1777025829.636,0.000,0.000,0.0000,delay,1
1777025829.636,0.000,0.000,0.0000,delay,1
1777025829.641,0.000,0.000,0.0000,delay,1
1777025829.641,0.000,0.000,0.0000,delay,1
1777025829.641,0.000,0.000,0.0000,delay,1
1777025829.641,0.000,0.000,0.0000,delay,1
1777025829.645,0.000,0.000,0.0000,delay,1
1777025829.645,0.000,0.000,0.0000,delay,1
1777025829.651,0.000,0.000,0.0000,delay,1
1777025829.651,0.000,0.000,0.0000,delay,1
1777025829.651,0.000,0.000,0.0000,delay,1
1777025829.656,0.000,0.000,0.0000,delay,1
1777025829.656,0.000,0.000,0.0000,delay,1
1777025829.661,0.000,0.000,0.0000,delay,1
1777025829.661,0.000,0.000,0.0000,delay,1
1777025829.661,0.000,0.000,0.0000,delay,1
1777025829.661,0.000,0.000,0.0000,delay,1
1777025829.665,0.000,0.000,0.0000,delay,1
1777025829.665,0.000,0.000,0.0000,delay,1
1777025829.665,0.000,0.000,0.0000,delay,1
1777025829.671,0.000,0.000,0.0000,delay,1
1777025829.671,0.000,0.000,0.0000,delay,1
1777025829.671,0.000,0.000,0.0000,delay,1
1777025829.671,0.000,0.000,0.0000,delay,1
1777025829.675,0.000,0.000,0.0000,delay,1
1777025829.675,0.000,0.000,0.0000,delay,1
1777025829.675,0.000,0.000,0.0000,delay,1
1777025829.681,0.000,0.000,0.0000,delay,1
1777025829.681,0.000,0.000,0.0000,delay,1
1777025829.681,0.000,0.000,0.0000,delay,1
1777025829.687,0.000,0.000,0.0000,delay,1
1777025829.687,0.000,0.000,0.0000,delay,1
1777025829.687,0.000,0.000,0.0000,delay,1
1777025829.687,0.000,0.000,0.0000,delay,1
1777025829.696,0.000,0.000,0.0000,delay,1
1777025829.696,0.000,0.000,0.0000,delay,1
1777025829.696,0.000,0.000,0.0000,delay,1
1777025829.696,0.000,0.000,0.0000,delay,1
1777025829.696,0.000,0.000,0.0000,delay,1
1777025829.702,0.000,0.000,0.0000,delay,1
1777025829.702,0.000,0.000,0.0000,delay,1
1777025829.702,0.000,0.000,0.0000,delay,1
1777025829.707,0.000,0.000,0.0000,delay,1
1777025829.707,0.000,0.000,0.0000,delay,1
1777025829.707,0.000,0.000,0.0000,delay,1
1777025829.711,0.000,0.000,0.0000,delay,1
1777025829.711,0.000,0.000,0.0000,delay,1
1777025829.711,0.000,0.000,0.0000,delay,1
1777025829.716,0.000,0.000,0.0000,delay,1
1777025829.716,0.000,0.000,0.0000,delay,1
1777025829.716,0.000,0.000,0.0000,delay,1
1777025829.716,0.000,0.000,0.0000,delay,1
1777025829.721,0.000,0.000,0.0000,delay,1
1777025829.721,0.000,0.000,0.0000,delay,1
1777025829.721,0.000,0.000,0.0000,delay,1
1777025829.726,0.000,0.000,0.0000,delay,1
1777025829.726,0.000,0.000,0.0000,delay,1
1777025829.726,0.000,0.000,0.0000,delay,1
1777025829.731,0.000,0.000,0.0000,delay,1
1777025829.731,0.000,0.000,0.0000,delay,1
1777025829.731,0.000,0.000,0.0000,delay,1
1777025829.737,0.000,0.000,0.0000,delay,1
1777025829.737,0.000,0.000,0.0000,delay,1
1777025829.737,0.000,0.000,0.0000,delay,1
1777025829.742,0.000,0.000,0.0000,delay,1
1777025829.742,0.000,0.000,0.0000,delay,1
1777025829.742,0.000,0.000,0.0000,delay,1
1777025829.746,0.000,0.000,0.0000,delay,1
1777025829.746,0.000,0.000,0.0000,delay,1
1777025829.746,0.000,0.000,0.0000,delay,1
1777025829.746,0.000,0.000,0.0000,delay,1
1777025829.751,0.000,0.000,0.0000,delay,1
1777025829.751,0.000,0.000,0.0000,delay,1
1777025829.751,0.000,0.000,0.0000,delay,1
1777025829.757,0.000,0.000,0.0000,delay,1
1777025829.757,0.000,0.000,0.0000,delay,1
1777025829.757,0.000,0.000,0.0000,delay,1
1777025829.762,0.000,0.000,0.0000,delay,1
1777025829.762,0.000,0.000,0.0000,delay,1
1777025829.766,0.000,0.000,0.0000,delay,1
1777025829.766,0.000,0.000,0.0000,delay,1
1777025829.766,0.000,0.000,0.0000,delay,1
1777025829.766,0.000,0.000,0.0000,delay,1
1777025829.772,0.000,0.000,0.0000,delay,1
1777025829.777,0.000,0.000,0.0000,delay,1
1777025829.777,0.000,0.000,0.0000,delay,1
1777025829.782,0.000,0.000,0.0000,delay,1
1777025829.782,0.000,0.000,0.0000,delay,1
1777025829.782,0.000,0.000,0.0000,delay,1
1777025829.782,0.000,0.000,0.0000,delay,1
1777025829.787,0.000,0.000,0.0000,delay,1
1777025829.787,0.000,0.000,0.0000,delay,1
1777025829.791,0.000,0.000,0.0000,delay,1
1777025829.791,0.000,0.000,0.0000,delay,1
1777025829.791,0.000,0.000,0.0000,delay,1
1777025829.791,0.000,0.000,0.0000,delay,1
1777025829.797,0.000,0.000,0.0000,delay,1
1777025829.797,0.000,0.000,0.0000,delay,1
1777025829.797,0.000,0.000,0.0000,delay,1
1777025829.801,0.000,0.000,0.0000,delay,1
1777025829.801,0.000,0.000,0.0000,delay,1
1777025829.801,0.000,0.000,0.0000,delay,1
1777025829.806,0.000,0.000,0.0000,delay,1
1777025829.806,0.000,0.000,0.0000,delay,1
1777025829.806,0.000,0.000,0.0000,delay,1
1777025829.811,0.000,0.000,0.0000,delay,1
1777025829.811,0.000,0.000,0.0000,delay,1
1777025829.819,0.000,0.000,0.0000,delay,1
1777025829.822,0.000,0.000,0.0000,delay,1
1777025829.822,0.000,0.000,0.0000,delay,1
1777025829.822,0.000,0.000,0.0000,delay,1
1777025829.826,0.000,0.000,0.0000,delay,1
1777025829.826,0.000,0.000,0.0000,delay,1
1777025829.826,0.000,0.000,0.0000,delay,1
1777025829.826,0.000,0.000,0.0000,delay,1
1777025829.831,0.000,0.000,0.0000,delay,1
1777025829.831,0.000,0.000,0.0000,delay,1
1777025829.831,0.000,0.000,0.0000,delay,1
1777025829.837,0.000,0.000,0.0000,delay,1
1777025829.837,0.000,0.000,0.0000,delay,1
1777025829.837,0.000,0.000,0.0000,delay,1
1777025829.842,0.000,0.000,0.0000,delay,1
1777025829.842,0.000,0.000,0.0000,delay,1
1777025829.842,0.000,0.000,0.0000,delay,1
1777025829.847,0.000,0.000,0.0000,delay,1
1777025829.851,0.000,0.000,0.0000,delay,1
1777025829.851,0.000,0.000,0.0000,delay,1
1777025829.851,0.000,0.000,0.0000,delay,1
1777025829.856,0.000,0.000,0.0000,delay,1
1777025829.856,0.000,0.000,0.0000,delay,1
1777025829.856,0.000,0.000,0.0000,delay,1
1777025829.871,0.000,0.000,0.0000,delay,1
1777025829.871,0.000,0.000,0.0000,delay,1
1777025829.876,0.000,0.000,0.0000,delay,1
1777025829.876,0.000,0.000,0.0000,delay,1
1777025829.876,0.000,0.000,0.0000,delay,1
1777025829.876,0.000,0.000,0.0000,delay,1
1777025829.882,0.000,0.000,0.0000,delay,1
1777025829.882,0.000,0.000,0.0000,delay,1
1777025829.882,0.000,0.000,0.0000,delay,1
1777025829.887,0.000,0.000,0.0000,delay,1
1777025829.887,0.000,0.000,0.0000,delay,1
1777025829.891,0.000,0.000,0.0000,delay,1
1777025829.891,0.000,0.000,0.0000,delay,1
1777025829.891,0.000,0.000,0.0000,delay,1
1777025829.891,0.000,0.000,0.0000,delay,1
1777025829.896,0.000,0.000,0.0000,delay,1
1777025829.896,0.000,0.000,0.0000,delay,1
1777025829.896,0.000,0.000,0.0000,delay,1
1777025829.902,0.000,0.000,0.0000,delay,1
1777025829.902,0.000,0.000,0.0000,delay,1
1777025829.906,0.000,0.000,0.0000,delay,1
1777025829.906,0.000,0.000,0.0000,delay,1
1777025829.906,0.000,0.000,0.0000,delay,1
1777025829.906,0.000,0.000,0.0000,delay,1
1777025829.912,0.000,0.000,0.0000,delay,1
1777025829.912,0.000,0.000,0.0000,delay,1
1777025829.912,0.000,0.000,0.0000,delay,1
1777025829.917,0.000,0.000,0.0000,delay,1
1777025829.917,0.000,0.000,0.0000,delay,1
1777025829.917,0.000,0.000,0.0000,delay,1
1777025829.917,0.000,0.000,0.0000,delay,1
1777025829.922,0.000,0.000,0.0000,delay,1
1777025829.922,0.000,0.000,0.0000,delay,1
1777025829.922,0.000,0.000,0.0000,delay,1
1777025829.927,0.000,0.000,0.0000,delay,1
1777025829.927,0.000,0.000,0.0000,delay,1
1777025829.927,0.000,0.000,0.0000,delay,1
1777025829.931,0.000,0.000,0.0000,delay,1
1777025829.931,0.000,0.000,0.0000,delay,1
1777025829.931,0.000,0.000,0.0000,delay,1
1777025829.937,0.000,0.000,0.0000,delay,1
1777025829.937,0.000,0.000,0.0000,delay,1
1777025829.937,0.000,0.000,0.0000,delay,1
1777025829.942,0.000,0.000,0.0000,delay,1
1777025829.946,0.000,0.000,0.0000,delay,1
1777025829.951,0.000,0.000,0.0000,delay,1
1777025829.951,0.000,0.000,0.0000,delay,1
1777025829.951,0.000,0.000,0.0000,delay,1
1777025829.951,0.000,0.000,0.0000,delay,1
1777025829.957,0.000,0.000,0.0000,delay,1
1777025829.957,0.000,0.000,0.0000,delay,1
1777025829.957,0.000,0.000,0.0000,delay,1
1777025829.961,0.000,0.000,0.0000,delay,1
1777025829.961,0.000,0.000,0.0000,delay,1
1777025829.961,0.000,0.000,0.0000,delay,1
1777025829.966,0.000,0.000,0.0000,delay,1
1777025829.966,0.000,0.000,0.0000,delay,1
1777025829.971,0.000,0.000,0.0000,delay,1
1777025829.971,0.000,0.000,0.0000,delay,1
1777025829.976,0.000,0.000,0.0000,delay,1
1777025829.976,0.000,0.000,0.0000,delay,1
1777025829.976,0.000,0.000,0.0000,delay,1
1777025829.982,0.000,0.000,0.0000,delay,1
1777025829.982,0.000,0.000,0.0000,delay,1
1777025829.987,0.000,0.000,0.0000,delay,1
1777025829.987,0.000,0.000,0.0000,delay,1
1777025829.987,0.000,0.000,0.0000,delay,1
1777025829.992,0.000,0.000,0.0000,delay,1
1777025829.992,0.000,0.000,0.0000,delay,1
1777025829.996,0.000,0.000,0.0000,delay,1
1777025829.996,0.000,0.000,0.0000,delay,1
1777025829.996,0.000,0.000,0.0000,delay,1
1777025830.002,0.000,0.000,0.0000,delay,1
1777025830.002,0.000,0.000,0.0000,delay,1
1777025830.002,0.000,0.000,0.0000,delay,1
1777025830.006,0.000,0.000,0.0000,delay,1
1777025830.006,0.000,0.000,0.0000,delay,1
1777025830.006,0.000,0.000,0.0000,delay,1
1777025830.012,0.000,0.000,0.0000,delay,1
1777025830.012,0.000,0.000,0.0000,delay,1
1777025830.012,0.000,0.000,0.0000,delay,1
1777025830.017,0.000,0.000,0.0000,delay,1
1777025830.017,0.000,0.000,0.0000,delay,1
1777025830.021,0.000,0.000,0.0000,delay,1
1777025830.021,0.000,0.000,0.0000,delay,1
1777025830.021,0.000,0.000,0.0000,delay,1
1777025830.021,0.000,0.000,0.0000,delay,1
1777025830.028,0.000,0.000,0.0000,delay,1
1777025830.028,0.000,0.000,0.0000,delay,1
1777025830.033,0.000,0.000,0.0000,delay,1
1777025830.033,0.000,0.000,0.0000,delay,1
1777025830.033,0.000,0.000,0.0000,delay,1
1777025830.037,0.000,0.000,0.0000,delay,1
1777025830.037,0.000,0.000,0.0000,delay,1
1777025830.037,0.000,0.000,0.0000,delay,1
1777025830.041,0.000,0.000,0.0000,delay,1
1777025830.041,0.000,0.000,0.0000,delay,1
1777025830.041,0.000,0.000,0.0000,delay,1
1777025830.041,0.000,0.000,0.0000,delay,1
1777025830.047,0.000,0.000,0.0000,delay,1
1777025830.047,0.000,0.000,0.0000,delay,1
1777025830.051,0.000,0.000,0.0000,delay,1
1777025830.051,0.000,0.000,0.0000,delay,1
1777025830.051,0.000,0.000,0.0000,delay,1
1777025830.051,0.000,0.000,0.0000,delay,1
1777025830.057,0.000,0.000,0.0000,delay,1
1777025830.057,0.000,0.000,0.0000,delay,1
1777025830.057,0.000,0.000,0.0000,delay,1
1777025830.062,0.000,0.000,0.0000,delay,1
1777025830.062,0.000,0.000,0.0000,delay,1
1777025830.062,0.000,0.000,0.0000,delay,1
1777025830.066,0.000,0.000,0.0000,delay,1
1777025830.066,0.000,0.000,0.0000,delay,1
1777025830.066,0.000,0.000,0.0000,delay,1
1777025830.066,0.000,0.000,0.0000,delay,1
1777025830.073,0.000,0.000,0.0000,delay,1
1777025830.073,0.000,0.000,0.0000,delay,1
1777025830.077,0.000,0.000,0.0000,delay,1
1777025830.077,0.000,0.000,0.0000,delay,1
1777025830.082,0.000,0.000,0.0000,delay,1
1777025830.082,0.000,0.000,0.0000,delay,1
1777025830.082,0.000,0.000,0.0000,delay,1
1777025830.086,0.000,0.000,0.0000,delay,1
1777025830.086,0.000,0.000,0.0000,delay,1
1777025830.086,0.000,0.000,0.0000,delay,1
1777025830.092,0.000,0.000,0.0000,delay,1
1777025830.092,0.000,0.000,0.0000,delay,1
1777025830.092,0.000,0.000,0.0000,delay,1
1777025830.092,0.000,0.000,0.0000,delay,1
1777025830.102,0.000,0.000,0.0000,delay,1
1777025830.102,0.000,0.000,0.0000,delay,1
1777025830.107,0.000,0.000,0.0000,delay,1
1777025830.107,0.000,0.000,0.0000,delay,1
1777025830.107,0.000,0.000,0.0000,delay,1
1777025830.107,0.000,0.000,0.0000,delay,1
1777025830.117,0.000,0.000,0.0000,delay,1
1777025830.117,0.000,0.000,0.0000,delay,1
1777025830.122,0.000,0.000,0.0000,delay,1
1777025830.122,0.000,0.000,0.0000,delay,1
1777025830.122,0.000,0.000,0.0000,delay,1
1777025830.122,0.000,0.000,0.0000,delay,1
1777025830.127,0.000,0.000,0.0000,delay,1
1777025830.127,0.000,0.000,0.0000,delay,1
1777025830.127,0.000,0.000,0.0000,delay,1
1777025830.127,0.000,0.000,0.0000,delay,1
1777025830.132,0.000,0.000,0.0000,delay,1
1777025830.132,0.000,0.000,0.0000,delay,1
1777025830.132,0.000,0.000,0.0000,delay,1
1777025830.137,0.000,0.000,0.0000,delay,1
1777025830.137,0.000,0.000,0.0000,delay,1
1777025830.137,0.000,0.000,0.0000,delay,1
1777025830.137,0.000,0.000,0.0000,delay,1
1777025830.142,0.000,0.000,0.0000,delay,1
1777025830.142,0.000,0.000,0.0000,delay,1
1777025830.142,0.000,0.000,0.0000,delay,1
1777025830.147,0.000,0.000,0.0000,delay,1
1777025830.147,0.000,0.000,0.0000,delay,1
1777025830.151,0.000,0.000,0.0000,delay,1
1777025830.151,0.000,0.000,0.0000,delay,1
1777025830.151,0.000,0.000,0.0000,delay,1
1777025830.156,0.000,0.000,0.0000,delay,1
1777025830.156,0.000,0.000,0.0000,delay,1
1777025830.156,0.000,0.000,0.0000,delay,1
1777025830.162,0.000,0.000,0.0000,delay,1
1777025830.162,0.000,0.000,0.0000,delay,1
1777025830.162,0.000,0.000,0.0000,delay,1
1777025830.162,0.000,0.000,0.0000,delay,1
1777025830.167,0.000,0.000,0.0000,delay,1
1777025830.167,0.000,0.000,0.0000,delay,1
1777025830.167,0.000,0.000,0.0000,delay,1
1777025830.172,0.000,0.000,0.0000,delay,1
1777025830.172,0.000,0.000,0.0000,delay,1
1777025830.172,0.000,0.000,0.0000,delay,1
1777025830.172,0.000,0.000,0.0000,delay,1
1777025830.177,0.000,0.000,0.0000,delay,1
1777025830.177,0.000,0.000,0.0000,delay,1
1777025830.182,0.000,0.000,0.0000,delay,1
1777025830.182,0.000,0.000,0.0000,delay,1
1777025830.182,0.000,0.000,0.0000,delay,1
1777025830.187,0.000,0.000,0.0000,delay,1
1777025830.187,0.000,0.000,0.0000,delay,1
1777025830.187,0.000,0.000,0.0000,delay,1
1777025830.192,0.000,0.000,0.0000,delay,1
1777025830.192,0.000,0.000,0.0000,delay,1
1777025830.192,0.000,0.000,0.0000,delay,1
1777025830.192,0.000,0.000,0.0000,delay,1
1777025830.197,0.000,0.000,0.0000,delay,1
1777025830.197,0.000,0.000,0.0000,delay,1
1777025830.202,0.000,0.000,0.0000,delay,1
1777025830.202,0.000,0.000,0.0000,delay,1
1777025830.202,0.000,0.000,0.0000,delay,1
1777025830.207,0.000,0.000,0.0000,delay,1
1777025830.207,0.000,0.000,0.0000,delay,1
1777025830.207,0.000,0.000,0.0000,delay,1
1777025830.207,0.000,0.000,0.0000,delay,1
1777025830.212,0.000,0.000,0.0000,delay,1
1777025830.212,0.000,0.000,0.0000,delay,1
1777025830.212,0.000,0.000,0.0000,delay,1
1777025830.217,0.000,0.000,0.0000,delay,1
1777025830.217,0.000,0.000,0.0000,delay,1
1777025830.217,0.000,0.000,0.0000,delay,1
1777025830.222,0.000,0.000,0.0000,delay,1
1777025830.222,0.000,0.000,0.0000,delay,1
1777025830.222,0.000,0.000,0.0000,delay,1
1777025830.222,0.000,0.000,0.0000,delay,1
1777025830.227,0.000,0.000,0.0000,delay,1
1777025830.227,0.000,0.000,0.0000,delay,1
1777025830.227,0.000,0.000,0.0000,delay,1
1777025830.232,0.000,0.000,0.0000,delay,1
1777025830.232,0.000,0.000,0.0000,delay,1
1777025830.232,0.000,0.000,0.0000,delay,1
1777025830.237,0.000,0.000,0.0000,delay,1
1777025830.237,0.000,0.000,0.0000,delay,1
1777025830.241,0.000,0.000,0.0000,delay,1
1777025830.241,0.000,0.000,0.0000,delay,1
1777025830.241,0.000,0.000,0.0000,delay,1
1777025830.241,0.000,0.000,0.0000,delay,1
1777025830.247,0.000,0.000,0.0000,delay,1
1777025830.247,0.000,0.000,0.0000,delay,1
1777025830.251,0.000,0.000,0.0000,delay,1
1777025830.251,0.000,0.000,0.0000,delay,1
1777025830.251,0.000,0.000,0.0000,delay,1
1777025830.257,0.000,0.000,0.0000,delay,1
1777025830.271,0.000,0.000,0.0000,delay,1
1777025830.271,0.000,0.000,0.0000,delay,1
1777025830.271,0.000,0.000,0.0000,delay,1
1777025830.271,0.000,0.000,0.0000,delay,1
1777025830.277,0.000,0.000,0.0000,delay,1
1777025830.277,0.000,0.000,0.0000,delay,1
1777025830.281,0.000,0.000,0.0000,delay,1
1777025830.281,0.000,0.000,0.0000,delay,1
1777025830.286,0.000,0.000,0.0000,delay,1
1777025830.286,0.000,0.000,0.0000,delay,1
1777025830.286,0.000,0.000,0.0000,delay,1
1777025830.292,0.000,0.000,0.0000,delay,1
1777025830.292,0.000,0.000,0.0000,delay,1
1777025830.292,0.000,0.000,0.0000,delay,1
1777025830.292,0.000,0.000,0.0000,delay,1
1777025830.297,0.000,0.000,0.0000,delay,1
1777025830.297,0.000,0.000,0.0000,delay,1
1777025830.297,0.000,0.000,0.0000,delay,1
1777025830.302,0.000,0.000,0.0000,delay,1
1777025830.302,0.000,0.000,0.0000,delay,1
1777025830.302,0.000,0.000,0.0000,delay,1
1777025830.302,0.000,0.000,0.0000,delay,1
1777025830.307,0.000,0.000,0.0000,delay,1
1777025830.307,0.000,0.000,0.0000,delay,1
1777025830.307,0.000,0.000,0.0000,delay,1
1777025830.312,0.000,0.000,0.0000,delay,1
1777025830.312,0.000,0.000,0.0000,delay,1
1777025830.312,0.000,0.000,0.0000,delay,1
1777025830.317,0.000,0.000,0.0000,delay,1
1777025830.317,0.000,0.000,0.0000,delay,1
1777025830.317,0.000,0.000,0.0000,delay,1
1777025830.322,0.000,0.000,0.0000,delay,1
1777025830.322,0.000,0.000,0.0000,delay,1
1777025830.322,0.000,0.000,0.0000,delay,1
1777025830.327,0.000,0.000,0.0000,delay,1
1777025830.327,0.000,0.000,0.0000,delay,1
1777025830.327,0.000,0.000,0.0000,delay,1
1777025830.332,0.000,0.000,0.0000,delay,1
1777025830.332,0.000,0.000,0.0000,delay,1
1777025830.332,0.000,0.000,0.0000,delay,1
1777025830.332,0.000,0.000,0.0000,delay,1
1777025830.337,0.000,0.000,0.0000,delay,1
1777025830.337,0.000,0.000,0.0000,delay,1
1777025830.337,0.000,0.000,0.0000,delay,1
1777025830.342,0.000,0.000,0.0000,delay,1
1777025830.342,0.000,0.000,0.0000,delay,1
1777025830.342,0.000,0.000,0.0000,delay,1
1777025830.348,0.000,0.000,0.0000,delay,1
1777025830.348,0.000,0.000,0.0000,delay,1
1777025830.352,0.000,0.000,0.0000,delay,1
1777025830.352,0.000,0.000,0.0000,delay,1
1777025830.352,0.000,0.000,0.0000,delay,1
1777025830.352,0.000,0.000,0.0000,delay,1
1777025830.362,0.000,0.000,0.0000,delay,1
1777025830.363,0.000,0.000,0.0000,delay,1
1777025830.363,0.000,0.000,0.0000,delay,1
1777025830.367,0.000,0.000,0.0000,delay,1
1777025830.367,0.000,0.000,0.0000,delay,1
1777025830.367,0.000,0.000,0.0000,delay,1
1777025830.367,0.000,0.000,0.0000,delay,1
1777025830.372,0.000,0.000,0.0000,delay,1
1777025830.372,0.000,0.000,0.0000,delay,1
1777025830.372,0.000,0.000,0.0000,delay,1
1777025830.377,0.000,0.000,0.0000,delay,1
1777025830.377,0.000,0.000,0.0000,delay,1
1777025830.377,0.000,0.000,0.0000,delay,1
1777025830.383,0.000,0.000,0.0000,delay,1
1777025830.383,0.000,0.000,0.0000,delay,1
1777025830.383,0.000,0.000,0.0000,delay,1
1777025830.383,0.000,0.000,0.0000,delay,1
1777025830.388,0.000,0.000,0.0000,delay,1
1777025830.388,0.000,0.000,0.0000,delay,1
1777025830.388,0.000,0.000,0.0000,delay,1
1777025830.392,0.000,0.000,0.0000,delay,1
1777025830.392,0.000,0.000,0.0000,delay,1
1777025830.392,0.000,0.000,0.0000,delay,1
1777025830.397,0.000,0.000,0.0000,delay,1
1777025830.402,0.000,0.000,0.0000,delay,1
1777025830.402,0.000,0.000,0.0000,delay,1
1777025830.402,0.000,0.000,0.0000,delay,1
1777025830.402,0.000,0.000,0.0000,delay,1
1777025830.408,0.000,0.000,0.0000,delay,1
1777025830.408,0.000,0.000,0.0000,delay,1
1777025830.408,0.000,0.000,0.0000,delay,1
1777025830.412,0.000,0.000,0.0000,delay,1
1777025830.412,0.000,0.000,0.0000,delay,1
1777025830.417,0.000,0.000,0.0000,delay,1
1777025830.417,0.000,0.000,0.0000,delay,1
1777025830.417,0.000,0.000,0.0000,delay,1
1777025830.417,0.000,0.000,0.0000,delay,1
1777025830.422,0.000,0.000,0.0000,delay,1
1777025830.422,0.000,0.000,0.0000,delay,1
1777025830.422,0.000,0.000,0.0000,delay,1
1777025830.428,0.000,0.000,0.0000,delay,1
1777025830.428,0.000,0.000,0.0000,delay,1
1777025830.428,0.000,0.000,0.0000,delay,1
1777025830.428,0.000,0.000,0.0000,delay,1
1777025830.432,0.000,0.000,0.0000,delay,1
1777025830.432,0.000,0.000,0.0000,delay,1
1777025830.432,0.000,0.000,0.0000,delay,1
1777025830.437,0.000,0.000,0.0000,delay,1
1777025830.437,0.000,0.000,0.0000,delay,1
1777025830.437,0.000,0.000,0.0000,delay,1
1777025830.442,0.000,0.000,0.0000,delay,1
1777025830.442,0.000,0.000,0.0000,delay,1
1777025830.447,0.000,0.000,0.0000,delay,1
1777025830.447,0.000,0.000,0.0000,delay,1
1777025830.447,0.000,0.000,0.0000,delay,1
1777025830.452,0.000,0.000,0.0000,delay,1
1777025830.452,0.000,0.000,0.0000,delay,1
1777025830.452,0.000,0.000,0.0000,delay,1
1777025830.457,0.000,0.000,0.0000,delay,1
1777025830.457,0.000,0.000,0.0000,delay,1
1777025830.457,0.000,0.000,0.0000,delay,1
1777025830.457,0.000,0.000,0.0000,delay,1
1777025830.463,0.000,0.000,0.0000,delay,1
1777025830.463,0.000,0.000,0.0000,delay,1
1777025830.463,0.000,0.000,0.0000,delay,1
1777025830.463,0.000,0.000,0.0000,delay,1
1777025830.468,0.000,0.000,0.0000,delay,1
1777025830.468,0.000,0.000,0.0000,delay,1
1777025830.468,0.000,0.000,0.0000,delay,1
1777025830.473,0.000,0.000,0.0000,delay,1
1777025830.473,0.000,0.000,0.0000,delay,1
1777025830.473,0.000,0.000,0.0000,delay,1
1777025830.479,0.000,0.000,0.0000,delay,1
1777025830.479,0.000,0.000,0.0000,delay,1
1777025830.483,0.000,0.000,0.0000,delay,1
1777025830.483,0.000,0.000,0.0000,delay,1
1777025830.483,0.000,0.000,0.0000,delay,1
1777025830.488,0.000,0.000,0.0000,delay,1
1777025830.488,0.000,0.000,0.0000,delay,1
1777025830.488,0.000,0.000,0.0000,delay,1
1777025830.493,0.000,0.000,0.0000,delay,1
1777025830.493,0.000,0.000,0.0000,delay,1
1777025830.493,0.000,0.000,0.0000,delay,1
1777025830.493,0.000,0.000,0.0000,delay,1
1777025830.498,0.000,0.000,0.0000,delay,1
1777025830.498,0.000,0.000,0.0000,delay,1
1777025830.498,0.000,0.000,0.0000,delay,1
1777025830.502,0.000,0.000,0.0000,delay,1
1777025830.502,0.000,0.000,0.0000,delay,1
1777025830.502,0.000,0.000,0.0000,delay,1
1777025830.502,0.000,0.000,0.0000,delay,1
1777025830.507,0.000,0.000,0.0000,delay,1
1777025830.507,0.000,0.000,0.0000,delay,1
1777025830.507,0.000,0.000,0.0000,delay,1
1777025830.507,0.000,0.000,0.0000,delay,1
1777025830.513,0.000,0.000,0.0000,delay,1
1777025830.513,0.000,0.000,0.0000,delay,1
1777025830.518,0.000,0.000,0.0000,delay,1
1777025830.518,0.000,0.000,0.0000,delay,1
1777025830.522,0.000,0.000,0.0000,delay,1
1777025830.522,0.000,0.000,0.0000,delay,1
1777025830.528,0.000,0.000,0.0000,delay,1
1777025830.528,0.000,0.000,0.0000,delay,1
1777025830.532,0.000,0.000,0.0000,delay,1
1777025830.532,0.000,0.000,0.0000,delay,1
1777025830.532,0.000,0.000,0.0000,delay,1
1777025830.537,0.000,0.000,0.0000,delay,1
1777025830.537,0.000,0.000,0.0000,delay,1
1777025830.537,0.000,0.000,0.0000,delay,1
1777025830.542,0.000,0.000,0.0000,delay,1
1777025830.542,0.000,0.000,0.0000,delay,1
1777025830.542,0.000,0.000,0.0000,delay,1
1777025830.548,0.000,0.000,0.0000,delay,1
1777025830.548,0.000,0.000,0.0000,delay,1
1777025830.548,0.000,0.000,0.0000,delay,1
1777025830.552,0.000,0.000,0.0000,delay,1
1777025830.552,0.000,0.000,0.0000,delay,1
1777025830.552,0.000,0.000,0.0000,delay,1
1777025830.557,0.000,0.000,0.0000,delay,1
1777025830.557,0.000,0.000,0.0000,delay,1
1777025830.562,0.000,0.000,0.0000,delay,1
1777025830.562,0.000,0.000,0.0000,delay,1
1777025830.562,0.000,0.000,0.0000,delay,1
1777025830.567,0.000,0.000,0.0000,delay,1
1777025830.572,0.000,0.000,0.0000,delay,1
1777025830.572,0.000,0.000,0.0000,delay,1
1777025830.572,0.000,0.000,0.0000,delay,1
1777025830.572,0.000,0.000,0.0000,delay,1
1777025830.577,0.000,0.000,0.0000,delay,1
1777025830.577,0.000,0.000,0.0000,delay,1
1777025830.583,0.000,0.000,0.0000,delay,1
1777025830.583,0.000,0.000,0.0000,delay,1
1777025830.583,0.000,0.000,0.0000,delay,1
1777025830.588,0.000,0.000,0.0000,delay,1
1777025830.588,0.000,0.000,0.0000,delay,1
1777025830.588,0.000,0.000,0.0000,delay,1
1777025830.588,0.000,0.000,0.0000,delay,1
1777025830.593,0.000,0.000,0.0000,delay,1
1777025830.593,0.000,0.000,0.0000,delay,1
1777025830.593,0.000,0.000,0.0000,delay,1
1777025830.598,0.000,0.000,0.0000,delay,1
1777025830.598,0.000,0.000,0.0000,delay,1
1777025830.598,0.000,0.000,0.0000,delay,1
1777025830.603,0.000,0.000,0.0000,delay,1
1777025830.608,0.000,0.000,0.0000,delay,1
1777025830.608,0.000,0.000,0.0000,delay,1
1777025830.613,0.000,0.000,0.0000,delay,1
1777025830.618,0.000,0.000,0.0000,delay,1
1777025830.618,0.000,0.000,0.0000,delay,1
1777025830.623,0.000,0.000,0.0000,delay,1
1777025830.623,0.000,0.000,0.0000,delay,1
1777025830.627,0.000,0.000,0.0000,delay,1
1777025830.627,0.000,0.000,0.0000,delay,1
1777025830.627,0.000,0.000,0.0000,delay,1
1777025830.633,0.000,0.000,0.0000,delay,1
1777025830.633,0.000,0.000,0.0000,delay,1
1777025830.638,0.000,0.000,0.0000,delay,1
1777025830.638,0.000,0.000,0.0000,delay,1
1777025830.642,0.000,0.000,0.0000,delay,1
1777025830.642,0.000,0.000,0.0000,delay,1
1777025830.647,0.000,0.000,0.0000,delay,1
1777025830.647,0.000,0.000,0.0000,delay,1
1777025830.647,0.000,0.000,0.0000,delay,1
1777025830.653,0.000,0.000,0.0000,delay,1
1777025830.657,0.000,0.000,0.0000,delay,1
1777025830.657,0.000,0.000,0.0000,delay,1
1777025830.657,0.000,0.000,0.0000,delay,1
1777025830.663,0.000,0.000,0.0000,delay,1
1777025830.663,0.000,0.000,0.0000,delay,1
1777025830.667,0.000,0.000,0.0000,delay,1
1777025830.667,0.000,0.000,0.0000,delay,1
1777025830.667,0.000,0.000,0.0000,delay,1
1777025830.667,0.000,0.000,0.0000,delay,1
1777025830.672,0.000,0.000,0.0000,delay,1
1777025830.672,0.000,0.000,0.0000,delay,1
1777025830.672,0.000,0.000,0.0000,delay,1
1777025830.677,0.000,0.000,0.0000,delay,1
1777025830.677,0.000,0.000,0.0000,delay,1
1777025830.677,0.000,0.000,0.0000,delay,1
1777025830.682,0.000,0.000,0.0000,delay,1
1777025830.682,0.000,0.000,0.0000,delay,1
1777025830.682,0.000,0.000,0.0000,delay,1
1777025830.682,0.000,0.000,0.0000,delay,1
1777025830.688,0.000,0.000,0.0000,delay,1
1777025830.693,0.000,0.000,0.0000,delay,1
1777025830.693,0.000,0.000,0.0000,delay,1
1777025830.693,0.000,0.000,0.0000,delay,1
1777025830.693,0.000,0.000,0.0000,delay,1
1777025830.698,0.000,0.000,0.0000,delay,1
1777025830.698,0.000,0.000,0.0000,delay,1
1777025830.702,0.000,0.000,0.0000,delay,1
1777025830.702,0.000,0.000,0.0000,delay,1
1777025830.702,0.000,0.000,0.0000,delay,1
1777025830.707,0.000,0.000,0.0000,delay,1
1777025830.707,0.000,0.000,0.0000,delay,1
1777025830.707,0.000,0.000,0.0000,delay,1
1777025830.713,0.000,0.000,0.0000,delay,1
1777025830.713,0.000,0.000,0.0000,delay,1
1777025830.713,0.000,0.000,0.0000,delay,1
1777025830.717,0.000,0.000,0.0000,delay,1
1777025830.717,0.000,0.000,0.0000,delay,1
1777025830.717,0.000,0.000,0.0000,delay,1
1777025830.717,0.000,0.000,0.0000,delay,1
1777025830.722,0.000,0.000,0.0000,delay,1
1777025830.722,0.000,0.000,0.0000,delay,1
1777025830.722,0.000,0.000,0.0000,delay,1
1777025830.722,0.000,0.000,0.0000,delay,1
1777025830.728,0.000,0.000,0.0000,delay,1
1777025830.728,0.000,0.000,0.0000,delay,1
1777025830.733,0.000,0.000,0.0000,delay,1
1777025830.733,0.000,0.000,0.0000,delay,1
1777025830.733,0.000,0.000,0.0000,delay,1
1777025830.738,0.000,0.000,0.0000,delay,1
1777025830.743,0.000,0.000,0.0000,delay,1
1777025830.743,0.000,0.000,0.0000,delay,1
1777025830.747,0.000,0.000,0.0000,delay,1
1777025830.747,0.000,0.000,0.0000,delay,1
1777025830.747,0.000,0.000,0.0000,delay,1
1777025830.747,0.000,0.000,0.0000,delay,1
1777025830.753,0.000,0.000,0.0000,delay,1
1777025830.753,0.000,0.000,0.0000,delay,1
1777025830.753,0.000,0.000,0.0000,delay,1
1777025830.758,0.000,0.000,0.0000,delay,1
1777025830.758,0.000,0.000,0.0000,delay,1
1777025830.758,0.000,0.000,0.0000,delay,1
1777025830.763,0.000,0.000,0.0000,drive_to_line,4
1777025830.767,0.000,0.000,0.0000,drive_to_line,4
1777025830.767,0.000,0.000,0.0000,drive_to_line,4
1777025830.767,0.000,0.000,0.0000,drive_to_line,4
1777025830.773,0.000,0.000,0.0000,drive_to_line,4
1777025830.773,0.000,0.000,0.0000,drive_to_line,4
1777025830.773,0.000,0.000,0.0000,drive_to_line,4
1777025830.778,0.000,0.000,0.0000,drive_to_line,4
1777025830.782,0.000,0.000,0.0012,drive_to_line,4
1777025830.782,0.000,0.000,0.0012,drive_to_line,4
1777025830.788,0.001,0.000,0.0012,drive_to_line,4
1777025830.788,0.001,0.000,0.0012,drive_to_line,4
1777025830.788,0.001,0.000,0.0012,drive_to_line,4
1777025830.793,0.001,0.000,0.0023,drive_to_line,4
1777025830.793,0.001,0.000,0.0023,drive_to_line,4
1777025830.793,0.001,0.000,0.0023,drive_to_line,4
1777025830.793,0.001,0.000,0.0023,drive_to_line,4
1777025830.798,0.001,0.000,0.0035,drive_to_line,4
1777025830.798,0.001,0.000,0.0035,drive_to_line,4
1777025830.798,0.001,0.000,0.0035,drive_to_line,4
1777025830.803,0.002,0.000,0.0012,drive_to_line,4
1777025830.803,0.002,0.000,0.0012,drive_to_line,4
1777025830.803,0.002,0.000,0.0012,drive_to_line,4
1777025830.808,0.003,0.000,0.0012,drive_to_line,4
1777025830.808,0.003,0.000,0.0012,drive_to_line,4
1777025830.808,0.003,0.000,0.0012,drive_to_line,4
1777025830.808,0.003,0.000,0.0012,drive_to_line,4
1777025830.813,0.003,0.000,0.0023,drive_to_line,4
1777025830.813,0.003,0.000,0.0023,drive_to_line,4
1777025830.818,0.004,0.000,0.0035,drive_to_line,4
1777025830.818,0.004,0.000,0.0035,drive_to_line,4
1777025830.818,0.004,0.000,0.0035,drive_to_line,4
1777025830.818,0.004,0.000,0.0035,drive_to_line,4
1777025830.823,0.004,0.000,0.0046,drive_to_line,4
1777025830.823,0.004,0.000,0.0046,drive_to_line,4
1777025830.828,0.004,0.000,0.0046,drive_to_line,4
1777025830.828,0.004,0.000,0.0046,drive_to_line,4
1777025830.828,0.004,0.000,0.0046,drive_to_line,4
1777025830.832,0.005,0.000,0.0058,drive_to_line,4
1777025830.832,0.005,0.000,0.0058,drive_to_line,4
1777025830.832,0.005,0.000,0.0058,drive_to_line,4
1777025830.832,0.005,0.000,0.0058,drive_to_line,4
1777025830.838,0.005,0.000,0.0046,drive_to_line,4
1777025830.838,0.005,0.000,0.0046,drive_to_line,4
1777025830.838,0.005,0.000,0.0046,drive_to_line,4
1777025830.838,0.005,0.000,0.0046,drive_to_line,4
1777025830.843,0.006,0.000,0.0035,drive_to_line,4
1777025830.843,0.006,0.000,0.0035,drive_to_line,4
1777025830.848,0.006,0.000,0.0023,drive_to_line,4
1777025830.848,0.006,0.000,0.0023,drive_to_line,4
1777025830.852,0.007,0.000,0.0023,drive_to_line,4
1777025830.852,0.007,0.000,0.0023,drive_to_line,4
1777025830.852,0.007,0.000,0.0023,drive_to_line,4
1777025830.852,0.007,0.000,0.0023,drive_to_line,4
1777025830.858,0.008,0.000,0.0023,drive_to_line,4
1777025830.858,0.008,0.000,0.0023,drive_to_line,4
1777025830.858,0.008,0.000,0.0023,drive_to_line,4
1777025830.858,0.008,0.000,0.0023,drive_to_line,4
1777025830.863,0.008,0.000,0.0023,drive_to_line,4
1777025830.867,0.009,0.000,0.0023,drive_to_line,4
1777025830.867,0.009,0.000,0.0023,drive_to_line,4
1777025830.867,0.009,0.000,0.0023,drive_to_line,4
1777025830.867,0.009,0.000,0.0023,drive_to_line,4
1777025830.873,0.010,0.000,0.0023,drive_to_line,4
1777025830.873,0.010,0.000,0.0023,drive_to_line,4
1777025830.873,0.010,0.000,0.0023,drive_to_line,4
1777025830.873,0.010,0.000,0.0023,drive_to_line,4
1777025830.879,0.011,0.000,0.0012,drive_to_line,4
1777025830.882,0.012,0.000,-0.0000,drive_to_line,4
1777025830.882,0.012,0.000,-0.0000,drive_to_line,4
1777025830.882,0.012,0.000,-0.0000,drive_to_line,4
1777025830.887,0.012,0.000,-0.0012,drive_to_line,4
1777025830.887,0.012,0.000,-0.0012,drive_to_line,4
1777025830.887,0.012,0.000,-0.0012,drive_to_line,4
1777025830.887,0.012,0.000,-0.0012,drive_to_line,4
1777025830.892,0.013,0.000,-0.0012,drive_to_line,4
1777025830.892,0.013,0.000,-0.0012,drive_to_line,4
1777025830.892,0.013,0.000,-0.0012,drive_to_line,4
1777025830.892,0.013,0.000,-0.0012,drive_to_line,4
1777025830.898,0.014,0.000,-0.0000,drive_to_line,4
1777025830.898,0.014,0.000,-0.0000,drive_to_line,4
1777025830.898,0.014,0.000,-0.0000,drive_to_line,4
1777025830.903,0.015,0.000,-0.0012,drive_to_line,4
1777025830.903,0.015,0.000,-0.0012,drive_to_line,4
1777025830.903,0.015,0.000,-0.0012,drive_to_line,4
1777025830.908,0.016,0.000,-0.0012,drive_to_line,4
1777025830.908,0.016,0.000,-0.0012,drive_to_line,4
1777025830.912,0.017,0.000,-0.0023,drive_to_line,4
1777025830.912,0.017,0.000,-0.0023,drive_to_line,4
1777025830.917,0.018,0.000,-0.0035,drive_to_line,4
1777025830.917,0.018,0.000,-0.0035,drive_to_line,4
1777025830.917,0.018,0.000,-0.0035,drive_to_line,4
1777025830.922,0.020,0.000,-0.0035,drive_to_line,4
1777025830.922,0.020,0.000,-0.0035,drive_to_line,4
1777025830.922,0.020,0.000,-0.0035,drive_to_line,4
1777025830.927,0.021,0.000,-0.0035,drive_to_line,4
1777025830.927,0.021,0.000,-0.0035,drive_to_line,4
1777025830.927,0.021,0.000,-0.0035,drive_to_line,4
1777025830.927,0.021,0.000,-0.0035,drive_to_line,4
1777025830.932,0.022,0.000,-0.0035,drive_to_line,4
1777025830.932,0.022,0.000,-0.0035,drive_to_line,4
1777025830.932,0.022,0.000,-0.0035,drive_to_line,4
1777025830.932,0.022,0.000,-0.0035,drive_to_line,4
1777025830.937,0.023,0.000,-0.0035,drive_to_line,4
1777025830.937,0.023,0.000,-0.0035,drive_to_line,4
1777025830.937,0.023,0.000,-0.0035,drive_to_line,4
1777025830.937,0.023,0.000,-0.0035,drive_to_line,4
1777025830.942,0.025,-0.000,-0.0035,drive_to_line,4
1777025830.948,0.026,-0.000,-0.0046,drive_to_line,4
1777025830.948,0.026,-0.000,-0.0046,drive_to_line,4
1777025830.948,0.026,-0.000,-0.0046,drive_to_line,4
1777025830.953,0.027,-0.000,-0.0046,drive_to_line,4
1777025830.953,0.027,-0.000,-0.0046,drive_to_line,4
1777025830.957,0.028,-0.000,-0.0046,drive_to_line,4
1777025830.957,0.028,-0.000,-0.0046,drive_to_line,4
1777025830.957,0.028,-0.000,-0.0046,drive_to_line,4
1777025830.957,0.028,-0.000,-0.0046,drive_to_line,4
1777025830.962,0.030,-0.000,-0.0058,drive_to_line,4
1777025830.962,0.030,-0.000,-0.0058,drive_to_line,4
1777025830.962,0.030,-0.000,-0.0058,drive_to_line,4
1777025830.967,0.031,-0.000,-0.0058,drive_to_line,4
1777025830.967,0.031,-0.000,-0.0058,drive_to_line,4
1777025830.967,0.031,-0.000,-0.0058,drive_to_line,4
1777025830.972,0.033,-0.000,-0.0046,drive_to_line,4
1777025830.972,0.033,-0.000,-0.0046,drive_to_line,4
1777025830.972,0.033,-0.000,-0.0046,drive_to_line,4
1777025830.977,0.034,-0.000,-0.0046,drive_to_line,4
1777025830.977,0.034,-0.000,-0.0046,drive_to_line,4
1777025830.983,0.036,-0.000,-0.0046,drive_to_line,4
1777025830.983,0.036,-0.000,-0.0046,drive_to_line,4
1777025830.988,0.037,-0.000,-0.0046,drive_to_line,4
1777025830.992,0.038,-0.000,-0.0035,drive_to_line,4
1777025830.992,0.038,-0.000,-0.0035,drive_to_line,4
1777025830.992,0.038,-0.000,-0.0035,drive_to_line,4
1777025830.992,0.038,-0.000,-0.0035,drive_to_line,4
1777025830.998,0.040,-0.000,-0.0023,drive_to_line,4
1777025830.998,0.040,-0.000,-0.0023,drive_to_line,4
1777025830.998,0.040,-0.000,-0.0023,drive_to_line,4
1777025830.998,0.040,-0.000,-0.0023,drive_to_line,4
1777025831.003,0.041,-0.000,-0.0012,drive_to_line,4
1777025831.003,0.041,-0.000,-0.0012,drive_to_line,4
1777025831.003,0.041,-0.000,-0.0012,drive_to_line,4
1777025831.007,0.043,-0.000,-0.0000,drive_to_line,4
1777025831.007,0.043,-0.000,-0.0000,drive_to_line,4
1777025831.007,0.043,-0.000,-0.0000,drive_to_line,4
1777025831.007,0.043,-0.000,-0.0000,drive_to_line,4
1777025831.013,0.044,-0.000,-0.0000,drive_to_line,4
1777025831.017,0.045,-0.000,-0.0000,drive_to_line,4
1777025831.017,0.045,-0.000,-0.0000,drive_to_line,4
1777025831.017,0.045,-0.000,-0.0000,drive_to_line,4
1777025831.022,0.047,-0.000,0.0012,drive_to_line,4
1777025831.022,0.047,-0.000,0.0012,drive_to_line,4
1777025831.028,0.048,-0.000,0.0023,drive_to_line,4
1777025831.028,0.048,-0.000,0.0023,drive_to_line,4
1777025831.028,0.048,-0.000,0.0023,drive_to_line,4
1777025831.033,0.050,-0.000,0.0035,drive_to_line,4
1777025831.033,0.050,-0.000,0.0035,drive_to_line,4
1777025831.038,0.052,-0.000,0.0046,drive_to_line,4
1777025831.038,0.052,-0.000,0.0046,drive_to_line,4
1777025831.038,0.052,-0.000,0.0046,drive_to_line,4
1777025831.043,0.053,-0.000,0.0046,drive_to_line,4
1777025831.043,0.053,-0.000,0.0046,drive_to_line,4
1777025831.043,0.053,-0.000,0.0046,drive_to_line,4
1777025831.048,0.055,-0.000,0.0058,drive_to_line,4
1777025831.048,0.055,-0.000,0.0058,drive_to_line,4
1777025831.048,0.055,-0.000,0.0058,drive_to_line,4
1777025831.048,0.055,-0.000,0.0058,drive_to_line,4
1777025831.054,0.056,-0.000,0.0069,drive_to_line,4
1777025831.054,0.056,-0.000,0.0069,drive_to_line,4
1777025831.058,0.058,-0.000,0.0069,drive_to_line,4
1777025831.058,0.058,-0.000,0.0069,drive_to_line,4
1777025831.058,0.058,-0.000,0.0069,drive_to_line,4
1777025831.058,0.058,-0.000,0.0069,drive_to_line,4
1777025831.063,0.059,-0.000,0.0081,drive_to_line,4
1777025831.063,0.059,-0.000,0.0081,drive_to_line,4
1777025831.063,0.059,-0.000,0.0081,drive_to_line,4
1777025831.068,0.061,0.000,0.0093,drive_to_line,4
1777025831.068,0.061,0.000,0.0093,drive_to_line,4
1777025831.068,0.061,0.000,0.0093,drive_to_line,4
1777025831.074,0.062,0.000,0.0093,drive_to_line,4
1777025831.074,0.062,0.000,0.0093,drive_to_line,4
1777025831.074,0.062,0.000,0.0093,drive_to_line,4
1777025831.079,0.063,0.000,0.0104,drive_to_line,4
1777025831.079,0.063,0.000,0.0104,drive_to_line,4
1777025831.084,0.065,0.000,0.0104,drive_to_line,4
1777025831.084,0.065,0.000,0.0104,drive_to_line,4
1777025831.084,0.065,0.000,0.0104,drive_to_line,4
1777025831.084,0.065,0.000,0.0104,drive_to_line,4
1777025831.088,0.066,0.000,0.0104,drive_to_line,4
1777025831.088,0.066,0.000,0.0104,drive_to_line,4
1777025831.088,0.066,0.000,0.0104,drive_to_line,4
1777025831.094,0.067,0.000,0.0116,drive_to_line,4
1777025831.094,0.067,0.000,0.0116,drive_to_line,4
1777025831.094,0.067,0.000,0.0116,drive_to_line,4
1777025831.094,0.067,0.000,0.0116,drive_to_line,4
1777025831.099,0.069,0.000,0.0127,drive_to_line,4
1777025831.099,0.069,0.000,0.0127,drive_to_line,4
1777025831.099,0.069,0.000,0.0127,drive_to_line,4
1777025831.099,0.069,0.000,0.0127,drive_to_line,4
1777025831.099,0.069,0.000,0.0127,drive_to_line,4
1777025831.105,0.070,0.000,0.0139,drive_to_line,4
1777025831.109,0.072,0.000,0.0150,drive_to_line,4
1777025831.109,0.072,0.000,0.0150,drive_to_line,4
1777025831.113,0.073,0.000,0.0162,drive_to_line,4
1777025831.118,0.075,0.000,0.0162,drive_to_line,4
1777025831.118,0.075,0.000,0.0162,drive_to_line,4
1777025831.118,0.075,0.000,0.0162,drive_to_line,4
1777025831.118,0.075,0.000,0.0162,drive_to_line,4
1777025831.124,0.076,0.000,0.0162,drive_to_line,4
1777025831.124,0.076,0.000,0.0162,drive_to_line,4
1777025831.124,0.076,0.000,0.0162,drive_to_line,4
1777025831.124,0.076,0.000,0.0162,drive_to_line,4
1777025831.129,0.077,0.000,0.0185,drive_to_line,4
1777025831.129,0.077,0.000,0.0185,drive_to_line,4
1777025831.129,0.077,0.000,0.0185,drive_to_line,4
1777025831.134,0.079,0.000,0.0197,drive_to_line,4
1777025831.134,0.079,0.000,0.0197,drive_to_line,4
1777025831.134,0.079,0.000,0.0197,drive_to_line,4
1777025831.134,0.079,0.000,0.0197,drive_to_line,4
1777025831.139,0.080,0.000,0.0197,drive_to_line,4
1777025831.139,0.080,0.000,0.0197,drive_to_line,4
1777025831.139,0.080,0.000,0.0197,drive_to_line,4
1777025831.144,0.082,0.000,0.0197,drive_to_line,4
1777025831.148,0.083,0.000,0.0208,drive_to_line,4
1777025831.148,0.083,0.000,0.0208,drive_to_line,4
1777025831.148,0.083,0.000,0.0208,drive_to_line,4
1777025831.154,0.084,0.000,0.0231,drive_to_line,4
1777025831.154,0.084,0.000,0.0231,drive_to_line,4
1777025831.158,0.086,0.000,0.0243,drive_to_line,4
1777025831.158,0.086,0.000,0.0243,drive_to_line,4
1777025831.158,0.086,0.000,0.0243,drive_to_line,4
1777025831.164,0.087,0.000,0.0254,drive_to_line,4
1777025831.164,0.087,0.000,0.0254,drive_to_line,4
1777025831.164,0.087,0.000,0.0254,drive_to_line,4
1777025831.164,0.087,0.000,0.0254,drive_to_line,4
1777025831.168,0.089,0.000,0.0266,drive_to_line,4
1777025831.168,0.089,0.000,0.0266,drive_to_line,4
1777025831.168,0.089,0.000,0.0266,drive_to_line,4
1777025831.168,0.089,0.000,0.0266,drive_to_line,4
1777025831.174,0.090,0.001,0.0278,drive_to_line,4
1777025831.174,0.090,0.001,0.0278,drive_to_line,4
1777025831.174,0.090,0.001,0.0278,drive_to_line,4
1777025831.180,0.092,0.001,0.0289,drive_to_line,4
1777025831.180,0.092,0.001,0.0289,drive_to_line,4
1777025831.184,0.093,0.001,0.0289,drive_to_line,4
1777025831.184,0.093,0.001,0.0289,drive_to_line,4
1777025831.184,0.093,0.001,0.0289,drive_to_line,4
1777025831.188,0.094,0.001,0.0301,drive_to_line,4
1777025831.188,0.094,0.001,0.0301,drive_to_line,4
1777025831.188,0.094,0.001,0.0301,drive_to_line,4
1777025831.194,0.096,0.001,0.0312,drive_to_line,4
1777025831.194,0.096,0.001,0.0312,drive_to_line,4
1777025831.194,0.096,0.001,0.0312,drive_to_line,4
1777025831.198,0.097,0.001,0.0324,drive_to_line,4
1777025831.198,0.097,0.001,0.0324,drive_to_line,4
1777025831.198,0.097,0.001,0.0324,drive_to_line,4
1777025831.198,0.097,0.001,0.0324,drive_to_line,4
1777025831.203,0.098,0.001,0.0335,drive_to_line,4
1777025831.209,0.100,0.001,0.0335,drive_to_line,4
1777025831.209,0.100,0.001,0.0335,drive_to_line,4
1777025831.209,0.100,0.001,0.0335,drive_to_line,4
1777025831.213,0.101,0.001,0.0335,drive_to_line,4
1777025831.213,0.101,0.001,0.0335,drive_to_line,4
1777025831.218,0.103,0.001,0.0359,drive_to_line,4
1777025831.218,0.103,0.001,0.0359,drive_to_line,4
1777025831.218,0.103,0.001,0.0359,drive_to_line,4
1777025831.218,0.103,0.001,0.0359,drive_to_line,4
1777025831.224,0.104,0.001,0.0359,drive_to_line,4
1777025831.224,0.104,0.001,0.0359,drive_to_line,4
1777025831.224,0.104,0.001,0.0359,drive_to_line,4
1777025831.228,0.105,0.001,0.0370,drive_to_line,4
1777025831.228,0.105,0.001,0.0370,drive_to_line,4
1777025831.228,0.105,0.001,0.0370,drive_to_line,4
1777025831.228,0.105,0.001,0.0370,drive_to_line,4
1777025831.234,0.106,0.001,0.0370,drive_to_line,4
1777025831.234,0.106,0.001,0.0370,drive_to_line,4
1777025831.234,0.106,0.001,0.0370,drive_to_line,4
1777025831.234,0.106,0.001,0.0370,drive_to_line,4
1777025831.238,0.108,0.001,0.0370,drive_to_line,4
1777025831.238,0.108,0.001,0.0370,drive_to_line,4
1777025831.244,0.109,0.001,0.0370,drive_to_line,4
1777025831.249,0.110,0.001,0.0370,drive_to_line,4
1777025831.249,0.110,0.001,0.0370,drive_to_line,4
1777025831.249,0.110,0.001,0.0370,drive_to_line,4
1777025831.254,0.111,0.001,0.0370,drive_to_line,4
1777025831.254,0.111,0.001,0.0370,drive_to_line,4
1777025831.254,0.111,0.001,0.0370,drive_to_line,4
1777025831.254,0.111,0.001,0.0370,drive_to_line,4
1777025831.259,0.113,0.001,0.0382,drive_to_line,4
1777025831.259,0.113,0.001,0.0382,drive_to_line,4
1777025831.259,0.113,0.001,0.0382,drive_to_line,4
1777025831.264,0.114,0.001,0.0382,drive_to_line,4
1777025831.264,0.114,0.001,0.0382,drive_to_line,4
1777025831.264,0.114,0.001,0.0382,drive_to_line,4
1777025831.269,0.116,0.001,0.0382,drive_to_line,4
1777025831.269,0.116,0.001,0.0382,drive_to_line,4
1777025831.269,0.116,0.001,0.0382,drive_to_line,4
1777025831.269,0.116,0.001,0.0382,drive_to_line,4
1777025831.273,0.116,0.001,0.0393,drive_to_line,4
1777025831.273,0.116,0.001,0.0393,drive_to_line,4
1777025831.280,0.118,0.001,0.0393,drive_to_line,4
1777025831.283,0.119,0.002,0.0393,drive_to_line,4
1777025831.283,0.119,0.002,0.0393,drive_to_line,4
1777025831.283,0.119,0.002,0.0393,drive_to_line,4
1777025831.289,0.121,0.002,0.0405,drive_to_line,4
1777025831.289,0.121,0.002,0.0405,drive_to_line,4
1777025831.289,0.121,0.002,0.0405,drive_to_line,4
1777025831.289,0.121,0.002,0.0405,drive_to_line,4
1777025831.294,0.122,0.002,0.0405,drive_to_line,4
1777025831.294,0.122,0.002,0.0405,drive_to_line,4
1777025831.294,0.122,0.002,0.0405,drive_to_line,4
1777025831.299,0.123,0.002,0.0405,drive_to_line,4
1777025831.299,0.123,0.002,0.0405,drive_to_line,4
1777025831.299,0.123,0.002,0.0405,drive_to_line,4
1777025831.304,0.124,0.002,0.0405,drive_to_line,4
1777025831.304,0.124,0.002,0.0405,drive_to_line,4
1777025831.304,0.124,0.002,0.0405,drive_to_line,4
1777025831.309,0.126,0.002,0.0416,drive_to_line,4
1777025831.309,0.126,0.002,0.0416,drive_to_line,4
1777025831.309,0.126,0.002,0.0416,drive_to_line,4
1777025831.313,0.127,0.002,0.0416,drive_to_line,4
1777025831.318,0.128,0.002,0.0416,drive_to_line,4
1777025831.318,0.128,0.002,0.0416,drive_to_line,4
1777025831.318,0.128,0.002,0.0416,drive_to_line,4
1777025831.323,0.129,0.002,0.0405,drive_to_line,4
1777025831.323,0.129,0.002,0.0405,drive_to_line,4
1777025831.323,0.129,0.002,0.0405,drive_to_line,4
1777025831.329,0.131,0.002,0.0405,drive_to_line,4
1777025831.329,0.131,0.002,0.0405,drive_to_line,4
1777025831.329,0.131,0.002,0.0405,drive_to_line,4
1777025831.334,0.132,0.002,0.0416,drive_to_line,4
1777025831.334,0.132,0.002,0.0416,drive_to_line,4
1777025831.334,0.132,0.002,0.0416,drive_to_line,4
1777025831.334,0.132,0.002,0.0416,drive_to_line,4
1777025831.339,0.133,0.002,0.0405,drive_to_line,4
1777025831.339,0.133,0.002,0.0405,drive_to_line,4
1777025831.339,0.133,0.002,0.0405,drive_to_line,4
1777025831.339,0.133,0.002,0.0405,drive_to_line,4
1777025831.344,0.134,0.002,0.0416,drive_to_line,4
1777025831.344,0.134,0.002,0.0416,drive_to_line,4
1777025831.349,0.136,0.002,0.0405,drive_to_line,4
1777025831.349,0.136,0.002,0.0405,drive_to_line,4
1777025831.349,0.136,0.002,0.0405,drive_to_line,4
1777025831.353,0.137,0.002,0.0416,drive_to_line,4
1777025831.353,0.137,0.002,0.0416,drive_to_line,4
1777025831.353,0.137,0.002,0.0416,drive_to_line,4
1777025831.358,0.138,0.002,0.0416,drive_to_line,4
1777025831.358,0.138,0.002,0.0416,drive_to_line,4
1777025831.363,0.139,0.002,0.0416,drive_to_line,4
1777025831.363,0.139,0.002,0.0416,drive_to_line,4
1777025831.369,0.141,0.002,0.0405,drive_to_line,4
1777025831.369,0.141,0.002,0.0405,drive_to_line,4
1777025831.369,0.141,0.002,0.0405,drive_to_line,4
1777025831.374,0.142,0.002,0.0416,drive_to_line,4
1777025831.374,0.142,0.002,0.0416,drive_to_line,4
1777025831.374,0.142,0.002,0.0416,drive_to_line,4
1777025831.379,0.143,0.003,0.0416,drive_to_line,4
1777025831.379,0.143,0.003,0.0416,drive_to_line,4
1777025831.379,0.143,0.003,0.0416,drive_to_line,4
1777025831.383,0.144,0.003,0.0405,drive_to_line,4
1777025831.383,0.144,0.003,0.0405,drive_to_line,4
1777025831.383,0.144,0.003,0.0405,drive_to_line,4
1777025831.383,0.144,0.003,0.0405,drive_to_line,4
1777025831.389,0.145,0.003,0.0416,drive_to_line,4
1777025831.389,0.145,0.003,0.0416,drive_to_line,4
1777025831.389,0.145,0.003,0.0416,drive_to_line,4
1777025831.394,0.146,0.003,0.0405,drive_to_line,4
1777025831.394,0.146,0.003,0.0405,drive_to_line,4
1777025831.394,0.146,0.003,0.0405,drive_to_line,4
1777025831.394,0.146,0.003,0.0405,drive_to_line,4
1777025831.399,0.148,0.003,0.0405,drive_to_line,4
1777025831.399,0.148,0.003,0.0405,drive_to_line,4
1777025831.399,0.148,0.003,0.0405,drive_to_line,4
1777025831.404,0.149,0.003,0.0393,drive_to_line,4
1777025831.404,0.149,0.003,0.0393,drive_to_line,4
1777025831.404,0.149,0.003,0.0393,drive_to_line,4
1777025831.408,0.150,0.003,0.0393,drive_to_line,4
1777025831.408,0.150,0.003,0.0393,drive_to_line,4
1777025831.408,0.150,0.003,0.0393,drive_to_line,4
1777025831.413,0.151,0.003,0.0405,drive_to_line,4
1777025831.413,0.151,0.003,0.0405,drive_to_line,4
1777025831.413,0.151,0.003,0.0405,drive_to_line,4
1777025831.418,0.153,0.003,0.0393,drive_to_line,4
1777025831.418,0.153,0.003,0.0393,drive_to_line,4
1777025831.418,0.153,0.003,0.0393,drive_to_line,4
1777025831.418,0.153,0.003,0.0393,drive_to_line,4
1777025831.424,0.154,0.003,0.0405,drive_to_line,4
1777025831.424,0.154,0.003,0.0405,drive_to_line,4
1777025831.424,0.154,0.003,0.0405,drive_to_line,4
1777025831.424,0.154,0.003,0.0405,drive_to_line,4
1777025831.429,0.155,0.003,0.0393,drive_to_line,4
1777025831.429,0.155,0.003,0.0393,drive_to_line,4
1777025831.429,0.155,0.003,0.0393,drive_to_line,4
1777025831.433,0.156,0.003,0.0382,drive_to_line,4
1777025831.433,0.156,0.003,0.0382,drive_to_line,4
1777025831.433,0.156,0.003,0.0382,drive_to_line,4
1777025831.433,0.156,0.003,0.0382,drive_to_line,4
1777025831.438,0.157,0.003,0.0393,drive_to_line,4
1777025831.438,0.157,0.003,0.0393,drive_to_line,4
1777025831.438,0.157,0.003,0.0393,drive_to_line,4
1777025831.444,0.158,0.003,0.0382,drive_to_line,4
1777025831.448,0.160,0.003,0.0370,drive_to_line,4
1777025831.448,0.160,0.003,0.0370,drive_to_line,4
1777025831.448,0.160,0.003,0.0370,drive_to_line,4
1777025831.454,0.161,0.003,0.0382,drive_to_line,4
1777025831.454,0.161,0.003,0.0382,drive_to_line,4
1777025831.454,0.161,0.003,0.0382,drive_to_line,4
1777025831.454,0.161,0.003,0.0382,drive_to_line,4
1777025831.459,0.162,0.003,0.0370,drive_to_line,4
1777025831.459,0.162,0.003,0.0370,drive_to_line,4
1777025831.459,0.162,0.003,0.0370,drive_to_line,4
1777025831.464,0.163,0.003,0.0370,drive_to_line,4
1777025831.464,0.163,0.003,0.0370,drive_to_line,4
1777025831.464,0.163,0.003,0.0370,drive_to_line,4
1777025831.468,0.165,0.003,0.0370,drive_to_line,4
1777025831.468,0.165,0.003,0.0370,drive_to_line,4
1777025831.468,0.165,0.003,0.0370,drive_to_line,4
1777025831.474,0.166,0.003,0.0370,drive_to_line,4
1777025831.474,0.166,0.003,0.0370,drive_to_line,4
1777025831.474,0.166,0.003,0.0370,drive_to_line,4
1777025831.474,0.166,0.003,0.0370,drive_to_line,4
1777025831.479,0.167,0.003,0.0370,drive_to_line,4
1777025831.479,0.167,0.003,0.0370,drive_to_line,4
1777025831.484,0.168,0.003,0.0359,drive_to_line,4
1777025831.484,0.168,0.003,0.0359,drive_to_line,4
1777025831.484,0.168,0.003,0.0359,drive_to_line,4
1777025831.484,0.168,0.003,0.0359,drive_to_line,4
1777025831.484,0.168,0.003,0.0359,drive_to_line,4
1777025831.494,0.170,0.004,0.0370,drive_to_line,4
1777025831.494,0.170,0.004,0.0370,drive_to_line,4
1777025831.494,0.170,0.004,0.0370,drive_to_line,4
1777025831.499,0.172,0.004,0.0359,drive_to_line,4
1777025831.499,0.172,0.004,0.0359,drive_to_line,4
1777025831.499,0.172,0.004,0.0359,drive_to_line,4
1777025831.499,0.172,0.004,0.0359,drive_to_line,4
1777025831.503,0.173,0.004,0.0347,drive_to_line,4
1777025831.503,0.173,0.004,0.0347,drive_to_line,4
1777025831.503,0.173,0.004,0.0347,drive_to_line,4
1777025831.503,0.173,0.004,0.0347,drive_to_line,4
1777025831.509,0.174,0.004,0.0347,drive_to_line,4
1777025831.509,0.174,0.004,0.0347,drive_to_line,4
1777025831.513,0.175,0.004,0.0347,drive_to_line,4
1777025831.513,0.175,0.004,0.0347,drive_to_line,4
1777025831.513,0.175,0.004,0.0347,drive_to_line,4
1777025831.513,0.175,0.004,0.0347,drive_to_line,4
1777025831.519,0.176,0.004,0.0347,drive_to_line,4
1777025831.519,0.176,0.004,0.0347,drive_to_line,4
1777025831.519,0.176,0.004,0.0347,drive_to_line,4
1777025831.524,0.177,0.004,0.0335,drive_to_line,4
1777025831.524,0.177,0.004,0.0335,drive_to_line,4
1777025831.524,0.177,0.004,0.0335,drive_to_line,4
1777025831.529,0.179,0.004,0.0324,drive_to_line,4
1777025831.529,0.179,0.004,0.0324,drive_to_line,4
1777025831.534,0.179,0.004,0.0324,drive_to_line,4
1777025831.534,0.179,0.004,0.0324,drive_to_line,4
1777025831.534,0.179,0.004,0.0324,drive_to_line,4
1777025831.539,0.181,0.004,0.0324,drive_to_line,4
1777025831.539,0.181,0.004,0.0324,drive_to_line,4
1777025831.539,0.181,0.004,0.0324,drive_to_line,4
1777025831.539,0.181,0.004,0.0324,drive_to_line,4
1777025831.539,0.181,0.004,0.0324,drive_to_line,4
1777025831.544,0.182,0.004,0.0312,drive_to_line,4
1777025831.548,0.183,0.004,0.0312,drive_to_line,4
1777025831.548,0.183,0.004,0.0312,drive_to_line,4
1777025831.548,0.183,0.004,0.0312,drive_to_line,4
1777025831.554,0.184,0.004,0.0312,drive_to_line,4
1777025831.554,0.184,0.004,0.0312,drive_to_line,4
1777025831.554,0.184,0.004,0.0312,drive_to_line,4
1777025831.554,0.184,0.004,0.0312,drive_to_line,4
1777025831.559,0.186,0.004,0.0301,drive_to_line,4
1777025831.559,0.186,0.004,0.0301,drive_to_line,4
1777025831.559,0.186,0.004,0.0301,drive_to_line,4
1777025831.563,0.187,0.004,0.0289,drive_to_line,4
1777025831.563,0.187,0.004,0.0289,drive_to_line,4
1777025831.563,0.187,0.004,0.0289,drive_to_line,4
1777025831.569,0.188,0.004,0.0301,drive_to_line,4
1777025831.569,0.188,0.004,0.0301,drive_to_line,4
1777025831.569,0.188,0.004,0.0301,drive_to_line,4
1777025831.569,0.188,0.004,0.0301,drive_to_line,4
1777025831.573,0.189,0.004,0.0289,drive_to_line,4
1777025831.573,0.189,0.004,0.0289,drive_to_line,4
1777025831.579,0.191,0.004,0.0266,drive_to_line,4
1777025831.579,0.191,0.004,0.0266,drive_to_line,4
1777025831.579,0.191,0.004,0.0266,drive_to_line,4
1777025831.584,0.192,0.004,0.0266,drive_to_line,4
1777025831.584,0.192,0.004,0.0266,drive_to_line,4
1777025831.584,0.192,0.004,0.0266,drive_to_line,4
1777025831.584,0.192,0.004,0.0266,drive_to_line,4
1777025831.589,0.193,0.004,0.0266,drive_to_line,4
1777025831.589,0.193,0.004,0.0266,drive_to_line,4
1777025831.589,0.193,0.004,0.0266,drive_to_line,4
1777025831.594,0.194,0.004,0.0278,drive_to_line,4
1777025831.594,0.194,0.004,0.0278,drive_to_line,4
1777025831.594,0.194,0.004,0.0278,drive_to_line,4
1777025831.598,0.196,0.004,0.0266,drive_to_line,4
1777025831.598,0.196,0.004,0.0266,drive_to_line,4
1777025831.598,0.196,0.004,0.0266,drive_to_line,4
1777025831.598,0.196,0.004,0.0266,drive_to_line,4
1777025831.604,0.197,0.004,0.0266,drive_to_line,4
1777025831.604,0.197,0.004,0.0266,drive_to_line,4
1777025831.604,0.197,0.004,0.0266,drive_to_line,4
1777025831.604,0.197,0.004,0.0266,drive_to_line,4
1777025831.604,0.197,0.004,0.0266,drive_to_line,4
1777025831.609,0.198,0.004,0.0254,drive_to_line,4
1777025831.614,0.199,0.004,0.0254,drive_to_line,4
1777025831.614,0.199,0.004,0.0254,drive_to_line,4
1777025831.618,0.201,0.004,0.0254,drive_to_line,4
1777025831.623,0.202,0.005,0.0254,drive_to_line,4
1777025831.623,0.202,0.005,0.0254,drive_to_line,4
1777025831.623,0.202,0.005,0.0254,drive_to_line,4
1777025831.628,0.203,0.005,0.0254,drive_to_line,4
1777025831.628,0.203,0.005,0.0254,drive_to_line,4
1777025831.628,0.203,0.005,0.0254,drive_to_line,4
1777025831.633,0.204,0.005,0.0254,drive_to_line,4
1777025831.638,0.206,0.005,0.0243,drive_to_line,4
1777025831.638,0.206,0.005,0.0243,drive_to_line,4
1777025831.643,0.207,0.005,0.0243,drive_to_line,4
1777025831.643,0.207,0.005,0.0243,drive_to_line,4
1777025831.643,0.207,0.005,0.0243,drive_to_line,4
1777025831.648,0.208,0.005,0.0231,drive_to_line,4
1777025831.648,0.208,0.005,0.0231,drive_to_line,4
1777025831.648,0.208,0.005,0.0231,drive_to_line,4
1777025831.654,0.209,0.005,0.0243,drive_to_line,4
1777025831.654,0.209,0.005,0.0243,drive_to_line,4
1777025831.654,0.209,0.005,0.0243,drive_to_line,4
1777025831.654,0.209,0.005,0.0243,drive_to_line,4
1777025831.654,0.209,0.005,0.0243,drive_to_line,4
1777025831.663,0.212,0.005,0.0220,drive_to_line,4
1777025831.663,0.212,0.005,0.0220,drive_to_line,4
1777025831.663,0.212,0.005,0.0220,drive_to_line,4
1777025831.663,0.212,0.005,0.0220,drive_to_line,4
1777025831.669,0.213,0.005,0.0231,drive_to_line,4
1777025831.669,0.213,0.005,0.0231,drive_to_line,4
1777025831.669,0.213,0.005,0.0231,drive_to_line,4
1777025831.669,0.213,0.005,0.0231,drive_to_line,4
1777025831.674,0.214,0.005,0.0231,drive_to_line,4
1777025831.674,0.214,0.005,0.0231,drive_to_line,4
1777025831.680,0.216,0.005,0.0220,drive_to_line,4
1777025831.680,0.216,0.005,0.0220,drive_to_line,4
1777025831.683,0.216,0.005,0.0220,drive_to_line,4
1777025831.683,0.216,0.005,0.0220,drive_to_line,4
1777025831.683,0.216,0.005,0.0220,drive_to_line,4
1777025831.688,0.218,0.005,0.0220,drive_to_line,4
1777025831.688,0.218,0.005,0.0220,drive_to_line,4
1777025831.688,0.218,0.005,0.0220,drive_to_line,4
1777025831.688,0.218,0.005,0.0220,drive_to_line,4
1777025831.694,0.219,0.005,0.0220,drive_to_line,4
1777025831.694,0.219,0.005,0.0220,drive_to_line,4
1777025831.698,0.221,0.005,0.0220,drive_to_line,4
1777025831.698,0.221,0.005,0.0220,drive_to_line,4
1777025831.698,0.221,0.005,0.0220,drive_to_line,4
1777025831.704,0.222,0.005,0.0208,drive_to_line,4
1777025831.704,0.222,0.005,0.0208,drive_to_line,4
1777025831.704,0.222,0.005,0.0208,drive_to_line,4
1777025831.704,0.222,0.005,0.0208,drive_to_line,4
1777025831.704,0.222,0.005,0.0208,drive_to_line,4
1777025831.709,0.223,0.005,0.0208,drive_to_line,4
1777025831.709,0.223,0.005,0.0208,drive_to_line,4
1777025831.715,0.225,0.005,0.0220,drive_to_line,4
1777025831.715,0.225,0.005,0.0220,drive_to_line,4
1777025831.715,0.225,0.005,0.0220,drive_to_line,4
1777025831.719,0.226,0.005,0.0220,drive_to_line,4
1777025831.719,0.226,0.005,0.0220,drive_to_line,4
1777025831.719,0.226,0.005,0.0220,drive_to_line,4
1777025831.719,0.226,0.005,0.0220,drive_to_line,4
1777025831.724,0.227,0.005,0.0208,drive_to_line,4
1777025831.724,0.227,0.005,0.0208,drive_to_line,4
1777025831.724,0.227,0.005,0.0208,drive_to_line,4
1777025831.729,0.228,0.005,0.0208,drive_to_line,4
1777025831.729,0.228,0.005,0.0208,drive_to_line,4
1777025831.729,0.228,0.005,0.0208,drive_to_line,4
1777025831.729,0.228,0.005,0.0208,drive_to_line,4
1777025831.735,0.229,0.005,0.0208,drive_to_line,4
1777025831.735,0.229,0.005,0.0208,drive_to_line,4
1777025831.735,0.229,0.005,0.0208,drive_to_line,4
1777025831.740,0.231,0.005,0.0208,drive_to_line,4
1777025831.740,0.231,0.005,0.0208,drive_to_line,4
1777025831.744,0.232,0.005,0.0197,drive_to_line,4
1777025831.744,0.232,0.005,0.0197,drive_to_line,4
1777025831.750,0.233,0.005,0.0197,drive_to_line,4
1777025831.750,0.233,0.005,0.0197,drive_to_line,4
1777025831.750,0.233,0.005,0.0197,drive_to_line,4
1777025831.750,0.233,0.005,0.0197,drive_to_line,4
1777025831.755,0.235,0.005,0.0185,drive_to_line,4
1777025831.755,0.235,0.005,0.0185,drive_to_line,4
1777025831.755,0.235,0.005,0.0185,drive_to_line,4
1777025831.759,0.236,0.005,0.0185,drive_to_line,4
1777025831.759,0.236,0.005,0.0185,drive_to_line,4
1777025831.759,0.236,0.005,0.0185,drive_to_line,4
1777025831.764,0.237,0.005,0.0185,drive_to_line,4
1777025831.764,0.237,0.005,0.0185,drive_to_line,4
1777025831.764,0.237,0.005,0.0185,drive_to_line,4
1777025831.769,0.238,0.005,0.0173,drive_to_line,4
1777025831.769,0.238,0.005,0.0173,drive_to_line,4
1777025831.769,0.238,0.005,0.0173,drive_to_line,4
1777025831.774,0.240,0.005,0.0185,drive_to_line,4
1777025831.774,0.240,0.005,0.0185,drive_to_line,4
1777025831.774,0.240,0.005,0.0185,drive_to_line,4
1777025831.780,0.241,0.005,0.0185,drive_to_line,4
1777025831.780,0.241,0.005,0.0185,drive_to_line,4
1777025831.786,0.242,0.005,0.0185,drive_to_line,4
1777025831.786,0.242,0.005,0.0185,drive_to_line,4
1777025831.789,0.243,0.005,0.0185,drive_to_line,4
1777025831.789,0.243,0.005,0.0185,drive_to_line,4
1777025831.789,0.243,0.005,0.0185,drive_to_line,4
1777025831.789,0.243,0.005,0.0185,drive_to_line,4
1777025831.795,0.244,0.005,0.0173,drive_to_line,4
1777025831.795,0.244,0.005,0.0173,drive_to_line,4
1777025831.795,0.244,0.005,0.0173,drive_to_line,4
1777025831.795,0.244,0.005,0.0173,drive_to_line,4
1777025831.799,0.246,0.005,0.0173,drive_to_line,4
1777025831.799,0.246,0.005,0.0173,drive_to_line,4
1777025831.799,0.246,0.005,0.0173,drive_to_line,4
1777025831.805,0.247,0.005,0.0162,drive_to_line,4
1777025831.805,0.247,0.005,0.0162,drive_to_line,4
1777025831.805,0.247,0.005,0.0162,drive_to_line,4
1777025831.805,0.247,0.005,0.0162,drive_to_line,4
1777025831.810,0.248,0.005,0.0173,drive_to_line,4
1777025831.815,0.249,0.006,0.0162,drive_to_line,4
1777025831.815,0.249,0.006,0.0162,drive_to_line,4
1777025831.815,0.249,0.006,0.0162,drive_to_line,4
1777025831.819,0.250,0.006,0.0162,drive_to_line,4
1777025831.819,0.250,0.006,0.0162,drive_to_line,4
1777025831.819,0.250,0.006,0.0162,drive_to_line,4
1777025831.825,0.252,0.006,0.0162,drive_to_line,4
1777025831.825,0.252,0.006,0.0162,drive_to_line,4
1777025831.825,0.252,0.006,0.0162,drive_to_line,4
1777025831.825,0.252,0.006,0.0162,drive_to_line,4
1777025831.830,0.253,0.006,0.0150,drive_to_line,4
1777025831.830,0.253,0.006,0.0150,drive_to_line,4
1777025831.834,0.255,0.006,0.0150,drive_to_line,4
1777025831.834,0.255,0.006,0.0150,drive_to_line,4
1777025831.834,0.255,0.006,0.0150,drive_to_line,4
1777025831.834,0.255,0.006,0.0150,drive_to_line,4
1777025831.840,0.255,0.006,0.0150,drive_to_line,4
1777025831.840,0.255,0.006,0.0150,drive_to_line,4
1777025831.840,0.255,0.006,0.0150,drive_to_line,4
1777025831.844,0.257,0.006,0.0150,drive_to_line,4
1777025831.844,0.257,0.006,0.0150,drive_to_line,4
1777025831.849,0.258,0.006,0.0150,drive_to_line,4
1777025831.849,0.258,0.006,0.0150,drive_to_line,4
1777025831.849,0.258,0.006,0.0150,drive_to_line,4
1777025831.854,0.260,0.006,0.0139,drive_to_line,4
1777025831.854,0.260,0.006,0.0139,drive_to_line,4
1777025831.859,0.261,0.006,0.0139,drive_to_line,4
1777025831.859,0.261,0.006,0.0139,drive_to_line,4
1777025831.859,0.261,0.006,0.0139,drive_to_line,4
1777025831.864,0.262,0.006,0.0139,drive_to_line,4
1777025831.864,0.262,0.006,0.0139,drive_to_line,4
1777025831.864,0.262,0.006,0.0139,drive_to_line,4
1777025831.870,0.263,0.006,0.0127,drive_to_line,4
1777025831.870,0.263,0.006,0.0127,drive_to_line,4
1777025831.874,0.265,0.006,0.0127,drive_to_line,4
1777025831.874,0.265,0.006,0.0127,drive_to_line,4
1777025831.874,0.265,0.006,0.0127,drive_to_line,4
1777025831.874,0.265,0.006,0.0127,drive_to_line,4
1777025831.880,0.266,0.006,0.0127,drive_to_line,4
1777025831.880,0.266,0.006,0.0127,drive_to_line,4
1777025831.884,0.267,0.006,0.0127,drive_to_line,4
1777025831.884,0.267,0.006,0.0127,drive_to_line,4
1777025831.884,0.267,0.006,0.0127,drive_to_line,4
1777025831.889,0.268,0.006,0.0127,drive_to_line,4
1777025831.889,0.268,0.006,0.0127,drive_to_line,4
1777025831.889,0.268,0.006,0.0127,drive_to_line,4
1777025831.889,0.268,0.006,0.0127,drive_to_line,4
1777025831.894,0.270,0.006,0.0127,drive_to_line,4
1777025831.894,0.270,0.006,0.0127,drive_to_line,4
1777025831.899,0.271,0.006,0.0116,drive_to_line,4
1777025831.899,0.271,0.006,0.0116,drive_to_line,4
1777025831.899,0.271,0.006,0.0116,drive_to_line,4
1777025831.899,0.271,0.006,0.0116,drive_to_line,4
1777025831.899,0.271,0.006,0.0116,drive_to_line,4
1777025831.904,0.272,0.006,0.0127,drive_to_line,4
1777025831.909,0.273,0.006,0.0116,drive_to_line,4
1777025831.909,0.273,0.006,0.0116,drive_to_line,4
1777025831.914,0.275,0.006,0.0116,drive_to_line,4
1777025831.914,0.275,0.006,0.0116,drive_to_line,4
1777025831.914,0.275,0.006,0.0116,drive_to_line,4
1777025831.914,0.275,0.006,0.0116,drive_to_line,4
1777025831.919,0.276,0.006,0.0116,drive_to_line,4
1777025831.919,0.276,0.006,0.0116,drive_to_line,4
1777025831.919,0.276,0.006,0.0116,drive_to_line,4
1777025831.919,0.276,0.006,0.0116,drive_to_line,4
1777025831.924,0.277,0.006,0.0116,drive_to_line,4
1777025831.924,0.277,0.006,0.0116,drive_to_line,4
1777025831.924,0.277,0.006,0.0116,drive_to_line,4
1777025831.929,0.278,0.006,0.0104,drive_to_line,4
1777025831.929,0.278,0.006,0.0104,drive_to_line,4
1777025831.929,0.278,0.006,0.0104,drive_to_line,4
1777025831.929,0.278,0.006,0.0104,drive_to_line,4
1777025831.935,0.280,0.006,0.0116,drive_to_line,4
1777025831.935,0.280,0.006,0.0116,drive_to_line,4
1777025831.935,0.280,0.006,0.0116,drive_to_line,4
1777025831.939,0.281,0.006,0.0116,drive_to_line,4
1777025831.939,0.281,0.006,0.0116,drive_to_line,4
1777025831.939,0.281,0.006,0.0116,drive_to_line,4
1777025831.944,0.282,0.006,0.0104,drive_to_line,4
1777025831.944,0.282,0.006,0.0104,drive_to_line,4
1777025831.950,0.283,0.006,0.0116,drive_to_line,4
1777025831.950,0.283,0.006,0.0116,drive_to_line,4
1777025831.950,0.283,0.006,0.0116,drive_to_line,4
1777025831.950,0.283,0.006,0.0116,drive_to_line,4
1777025831.955,0.285,0.006,0.0116,drive_to_line,4
1777025831.955,0.285,0.006,0.0116,drive_to_line,4
1777025831.955,0.285,0.006,0.0116,drive_to_line,4
1777025831.960,0.286,0.006,0.0116,drive_to_line,4
1777025831.960,0.286,0.006,0.0116,drive_to_line,4
1777025831.960,0.286,0.006,0.0116,drive_to_line,4
1777025831.960,0.286,0.006,0.0116,drive_to_line,4
1777025831.965,0.287,0.006,0.0104,drive_to_line,4
1777025831.965,0.287,0.006,0.0104,drive_to_line,4
1777025831.965,0.287,0.006,0.0104,drive_to_line,4
1777025831.970,0.288,0.006,0.0104,drive_to_line,4
1777025831.970,0.288,0.006,0.0104,drive_to_line,4
1777025831.970,0.288,0.006,0.0104,drive_to_line,4
1777025831.970,0.288,0.006,0.0104,drive_to_line,4
1777025831.975,0.290,0.006,0.0104,drive_to_line,4
1777025831.975,0.290,0.006,0.0104,drive_to_line,4
1777025831.979,0.291,0.006,0.0104,drive_to_line,4
1777025831.979,0.291,0.006,0.0104,drive_to_line,4
1777025831.979,0.291,0.006,0.0104,drive_to_line,4
1777025831.984,0.292,0.006,0.0104,drive_to_line,4
1777025831.984,0.292,0.006,0.0104,drive_to_line,4
1777025831.984,0.292,0.006,0.0104,drive_to_line,4
1777025831.990,0.293,0.006,0.0104,drive_to_line,4
1777025831.990,0.293,0.006,0.0104,drive_to_line,4
1777025831.990,0.293,0.006,0.0104,drive_to_line,4
1777025831.990,0.293,0.006,0.0104,drive_to_line,4
1777025831.995,0.295,0.006,0.0093,drive_to_line,4
1777025831.995,0.295,0.006,0.0093,drive_to_line,4
1777025831.995,0.295,0.006,0.0093,drive_to_line,4
1777025832.000,0.296,0.006,0.0093,drive_to_line,4
1777025832.000,0.296,0.006,0.0093,drive_to_line,4
1777025832.000,0.296,0.006,0.0093,drive_to_line,4
1777025832.005,0.297,0.006,0.0104,drive_to_line,4
1777025832.005,0.297,0.006,0.0104,drive_to_line,4
1777025832.005,0.297,0.006,0.0104,drive_to_line,4
1777025832.005,0.297,0.006,0.0104,drive_to_line,4
1777025832.011,0.298,0.006,0.0093,drive_to_line,4
1777025832.015,0.300,0.006,0.0093,drive_to_line,4
1777025832.015,0.300,0.006,0.0093,drive_to_line,4
1777025832.015,0.300,0.006,0.0093,drive_to_line,4
1777025832.020,0.301,0.006,0.0093,drive_to_line,4
1777025832.020,0.301,0.006,0.0093,drive_to_line,4
1777025832.024,0.302,0.006,0.0093,drive_to_line,4
1777025832.024,0.302,0.006,0.0093,drive_to_line,4
1777025832.024,0.302,0.006,0.0093,drive_to_line,4
1777025832.030,0.303,0.006,0.0093,drive_to_line,4
1777025832.030,0.303,0.006,0.0093,drive_to_line,4
1777025832.030,0.303,0.006,0.0093,drive_to_line,4
1777025832.034,0.305,0.006,0.0093,drive_to_line,4
1777025832.034,0.305,0.006,0.0093,drive_to_line,4
1777025832.034,0.305,0.006,0.0093,drive_to_line,4
1777025832.039,0.306,0.006,0.0093,drive_to_line,4
1777025832.039,0.306,0.006,0.0093,drive_to_line,4
1777025832.039,0.306,0.006,0.0093,drive_to_line,4
1777025832.044,0.307,0.006,0.0093,drive_to_line,4
1777025832.044,0.307,0.006,0.0093,drive_to_line,4
1777025832.049,0.308,0.006,0.0093,drive_to_line,4
1777025832.049,0.308,0.006,0.0093,drive_to_line,4
1777025832.049,0.308,0.006,0.0093,drive_to_line,4
1777025832.049,0.308,0.006,0.0093,drive_to_line,4
1777025832.054,0.310,0.006,0.0081,drive_to_line,4
1777025832.054,0.310,0.006,0.0081,drive_to_line,4
1777025832.054,0.310,0.006,0.0081,drive_to_line,4
1777025832.059,0.311,0.006,0.0081,drive_to_line,4
1777025832.059,0.311,0.006,0.0081,drive_to_line,4
1777025832.059,0.311,0.006,0.0081,drive_to_line,4
1777025832.065,0.313,0.006,0.0081,drive_to_line,4
1777025832.070,0.314,0.006,0.0081,drive_to_line,4
1777025832.070,0.314,0.006,0.0081,drive_to_line,4
1777025832.070,0.314,0.006,0.0081,drive_to_line,4
1777025832.075,0.315,0.006,0.0069,drive_to_line,4
1777025832.075,0.315,0.006,0.0069,drive_to_line,4
1777025832.075,0.315,0.006,0.0069,drive_to_line,4
1777025832.075,0.315,0.006,0.0069,drive_to_line,4
1777025832.080,0.316,0.006,0.0069,drive_to_line,4
1777025832.080,0.316,0.006,0.0069,drive_to_line,4
1777025832.084,0.318,0.006,0.0069,drive_to_line,4
1777025832.084,0.318,0.006,0.0069,drive_to_line,4
1777025832.084,0.318,0.006,0.0069,drive_to_line,4
1777025832.084,0.318,0.006,0.0069,drive_to_line,4
1777025832.084,0.318,0.006,0.0069,drive_to_line,4
1777025832.090,0.319,0.006,0.0058,drive_to_line,4
1777025832.090,0.319,0.006,0.0058,drive_to_line,4
1777025832.090,0.319,0.006,0.0058,drive_to_line,4
1777025832.095,0.320,0.006,0.0069,drive_to_line,4
1777025832.095,0.320,0.006,0.0069,drive_to_line,4
1777025832.095,0.320,0.006,0.0069,drive_to_line,4
1777025832.100,0.321,0.006,0.0069,drive_to_line,4
1777025832.100,0.321,0.006,0.0069,drive_to_line,4
1777025832.104,0.323,0.006,0.0069,drive_to_line,4
1777025832.109,0.324,0.006,0.0069,drive_to_line,4
1777025832.109,0.324,0.006,0.0069,drive_to_line,4
1777025832.115,0.325,0.006,0.0069,drive_to_line,4
1777025832.115,0.325,0.006,0.0069,drive_to_line,4
1777025832.115,0.325,0.006,0.0069,drive_to_line,4
1777025832.120,0.326,0.006,0.0069,drive_to_line,4
1777025832.120,0.326,0.006,0.0069,drive_to_line,4
1777025832.124,0.328,0.006,0.0058,drive_to_line,4
1777025832.124,0.328,0.006,0.0058,drive_to_line,4
1777025832.124,0.328,0.006,0.0058,drive_to_line,4
1777025832.124,0.328,0.006,0.0058,drive_to_line,4
1777025832.129,0.329,0.006,0.0058,drive_to_line,4
1777025832.129,0.329,0.006,0.0058,drive_to_line,4
1777025832.129,0.329,0.006,0.0058,drive_to_line,4
1777025832.129,0.329,0.006,0.0058,drive_to_line,4
1777025832.134,0.330,0.006,0.0069,drive_to_line,4
1777025832.134,0.330,0.006,0.0069,drive_to_line,4
1777025832.134,0.330,0.006,0.0069,drive_to_line,4
1777025832.140,0.331,0.006,0.0058,drive_to_line,4
1777025832.140,0.331,0.006,0.0058,drive_to_line,4
1777025832.140,0.331,0.006,0.0058,drive_to_line,4
1777025832.145,0.333,0.006,0.0058,drive_to_line,4
1777025832.145,0.333,0.006,0.0058,drive_to_line,4
1777025832.150,0.334,0.006,0.0058,drive_to_line,4
1777025832.150,0.334,0.006,0.0058,drive_to_line,4
1777025832.154,0.335,0.006,0.0046,drive_to_line,4
1777025832.154,0.335,0.006,0.0046,drive_to_line,4
1777025832.154,0.335,0.006,0.0046,drive_to_line,4
1777025832.154,0.335,0.006,0.0046,drive_to_line,4
1777025832.160,0.336,0.006,0.0046,drive_to_line,4
1777025832.160,0.336,0.006,0.0046,drive_to_line,4
1777025832.160,0.336,0.006,0.0046,drive_to_line,4
1777025832.164,0.338,0.006,0.0058,drive_to_line,4
1777025832.164,0.338,0.006,0.0058,drive_to_line,4
1777025832.164,0.338,0.006,0.0058,drive_to_line,4
1777025832.169,0.339,0.006,0.0058,drive_to_line,4
1777025832.169,0.339,0.006,0.0058,drive_to_line,4
1777025832.169,0.339,0.006,0.0058,drive_to_line,4
1777025832.169,0.339,0.006,0.0058,drive_to_line,4
1777025832.175,0.340,0.006,0.0046,drive_to_line,4
1777025832.175,0.340,0.006,0.0046,drive_to_line,4
1777025832.180,0.341,0.006,0.0046,drive_to_line,4
1777025832.180,0.341,0.006,0.0046,drive_to_line,4
1777025832.180,0.341,0.006,0.0046,drive_to_line,4
1777025832.184,0.343,0.006,0.0046,drive_to_line,4
1777025832.184,0.343,0.006,0.0046,drive_to_line,4
1777025832.191,0.344,0.006,0.0046,drive_to_line,4
1777025832.191,0.344,0.006,0.0046,drive_to_line,4
1777025832.195,0.346,0.006,0.0035,drive_to_line,4
1777025832.195,0.346,0.006,0.0035,drive_to_line,4
1777025832.195,0.346,0.006,0.0035,drive_to_line,4
1777025832.195,0.346,0.006,0.0035,drive_to_line,4
1777025832.200,0.347,0.006,0.0035,drive_to_line,4
1777025832.200,0.347,0.006,0.0035,drive_to_line,4
1777025832.200,0.347,0.006,0.0035,drive_to_line,4
1777025832.200,0.347,0.006,0.0035,drive_to_line,4
1777025832.205,0.348,0.006,0.0046,drive_to_line,4
1777025832.205,0.348,0.006,0.0046,drive_to_line,4
1777025832.205,0.348,0.006,0.0046,drive_to_line,4
1777025832.209,0.349,0.006,0.0035,drive_to_line,4
1777025832.209,0.349,0.006,0.0035,drive_to_line,4
1777025832.209,0.349,0.006,0.0035,drive_to_line,4
1777025832.216,0.351,0.006,0.0035,drive_to_line,4
1777025832.216,0.351,0.006,0.0035,drive_to_line,4
1777025832.216,0.351,0.006,0.0035,drive_to_line,4
1777025832.219,0.352,0.006,0.0035,drive_to_line,4
1777025832.219,0.352,0.006,0.0035,drive_to_line,4
1777025832.219,0.352,0.006,0.0035,drive_to_line,4
1777025832.225,0.353,0.006,0.0023,drive_to_line,4
1777025832.229,0.354,0.006,0.0035,drive_to_line,4
1777025832.229,0.354,0.006,0.0035,drive_to_line,4
1777025832.229,0.354,0.006,0.0035,drive_to_line,4
1777025832.235,0.356,0.006,0.0023,drive_to_line,4
1777025832.235,0.356,0.006,0.0023,drive_to_line,4
1777025832.235,0.356,0.006,0.0023,drive_to_line,4
1777025832.235,0.356,0.006,0.0023,drive_to_line,4
1777025832.240,0.357,0.006,0.0023,drive_to_line,4
1777025832.240,0.357,0.006,0.0023,drive_to_line,4
1777025832.240,0.357,0.006,0.0023,drive_to_line,4
1777025832.244,0.358,0.006,0.0035,drive_to_line,4
1777025832.244,0.358,0.006,0.0035,drive_to_line,4
1777025832.244,0.358,0.006,0.0035,drive_to_line,4
1777025832.249,0.359,0.006,0.0023,drive_to_line,4
1777025832.249,0.359,0.006,0.0023,drive_to_line,4
1777025832.249,0.359,0.006,0.0023,drive_to_line,4
1777025832.254,0.361,0.006,0.0023,drive_to_line,4
1777025832.254,0.361,0.006,0.0023,drive_to_line,4
1777025832.254,0.361,0.006,0.0023,drive_to_line,4
1777025832.254,0.361,0.006,0.0023,drive_to_line,4
1777025832.260,0.362,0.006,0.0023,drive_to_line,4
1777025832.260,0.362,0.006,0.0023,drive_to_line,4
1777025832.260,0.362,0.006,0.0023,drive_to_line,4
1777025832.265,0.363,0.006,0.0035,drive_to_line,4
1777025832.265,0.363,0.006,0.0035,drive_to_line,4
1777025832.265,0.363,0.006,0.0035,drive_to_line,4
1777025832.271,0.364,0.006,0.0035,drive_to_line,4
1777025832.271,0.364,0.006,0.0035,drive_to_line,4
1777025832.275,0.366,0.006,0.0023,drive_to_line,4
1777025832.275,0.366,0.006,0.0023,drive_to_line,4
1777025832.275,0.366,0.006,0.0023,drive_to_line,4
1777025832.280,0.367,0.006,0.0023,drive_to_line,4
1777025832.280,0.367,0.006,0.0023,drive_to_line,4
1777025832.280,0.367,0.006,0.0023,drive_to_line,4
1777025832.285,0.368,0.006,0.0023,drive_to_line,4
1777025832.285,0.368,0.006,0.0023,drive_to_line,4
1777025832.285,0.368,0.006,0.0023,drive_to_line,4
1777025832.285,0.368,0.006,0.0023,drive_to_line,4
1777025832.290,0.369,0.006,0.0023,drive_to_line,4
1777025832.290,0.369,0.006,0.0023,drive_to_line,4
1777025832.290,0.369,0.006,0.0023,drive_to_line,4
1777025832.290,0.369,0.006,0.0023,drive_to_line,4
1777025832.295,0.371,0.006,0.0012,drive_to_line,4
1777025832.295,0.371,0.006,0.0012,drive_to_line,4
1777025832.295,0.371,0.006,0.0012,drive_to_line,4
1777025832.299,0.372,0.006,0.0012,drive_to_line,4
1777025832.299,0.372,0.006,0.0012,drive_to_line,4
1777025832.299,0.372,0.006,0.0012,drive_to_line,4
1777025832.305,0.373,0.006,0.0023,drive_to_line,4
1777025832.305,0.373,0.006,0.0023,drive_to_line,4
1777025832.309,0.374,0.006,0.0012,drive_to_line,4
1777025832.309,0.374,0.006,0.0012,drive_to_line,4
1777025832.315,0.376,0.007,0.0012,drive_to_line,4
1777025832.315,0.376,0.007,0.0012,drive_to_line,4
1777025832.315,0.376,0.007,0.0012,drive_to_line,4
1777025832.320,0.377,0.007,0.0012,drive_to_line,4
1777025832.320,0.377,0.007,0.0012,drive_to_line,4
1777025832.320,0.377,0.007,0.0012,drive_to_line,4
1777025832.324,0.378,0.007,-0.0000,drive_to_line,4
1777025832.324,0.378,0.007,-0.0000,drive_to_line,4
1777025832.324,0.378,0.007,-0.0000,drive_to_line,4
1777025832.324,0.378,0.007,-0.0000,drive_to_line,4
1777025832.330,0.379,0.007,0.0012,drive_to_line,4
1777025832.330,0.379,0.007,0.0012,drive_to_line,4
1777025832.330,0.379,0.007,0.0012,drive_to_line,4
1777025832.334,0.381,0.007,-0.0000,drive_to_line,4
1777025832.334,0.381,0.007,-0.0000,drive_to_line,4
1777025832.334,0.381,0.007,-0.0000,drive_to_line,4
1777025832.334,0.381,0.007,-0.0000,drive_to_line,4
1777025832.340,0.382,0.007,-0.0000,drive_to_line,4
1777025832.340,0.382,0.007,-0.0000,drive_to_line,4
1777025832.340,0.382,0.007,-0.0000,drive_to_line,4
1777025832.349,0.385,0.007,-0.0000,drive_to_line,4
1777025832.349,0.385,0.007,-0.0000,drive_to_line,4
1777025832.355,0.386,0.007,-0.0000,drive_to_line,4
1777025832.360,0.387,0.007,-0.0000,drive_to_line,4
1777025832.360,0.387,0.007,-0.0000,drive_to_line,4
1777025832.364,0.389,0.007,-0.0000,drive_to_line,4
1777025832.364,0.389,0.007,-0.0000,drive_to_line,4
1777025832.364,0.389,0.007,-0.0000,drive_to_line,4
1777025832.370,0.390,0.007,-0.0012,drive_to_line,4
1777025832.370,0.390,0.007,-0.0012,drive_to_line,4
1777025832.370,0.390,0.007,-0.0012,drive_to_line,4
1777025832.370,0.390,0.007,-0.0012,drive_to_line,4
1777025832.375,0.391,0.007,-0.0000,drive_to_line,4
1777025832.375,0.391,0.007,-0.0000,drive_to_line,4
1777025832.375,0.391,0.007,-0.0000,drive_to_line,4
1777025832.380,0.393,0.007,-0.0000,drive_to_line,4
1777025832.380,0.393,0.007,-0.0000,drive_to_line,4
1777025832.384,0.394,0.007,-0.0000,drive_to_line,4
1777025832.384,0.394,0.007,-0.0000,drive_to_line,4
1777025832.384,0.394,0.007,-0.0000,drive_to_line,4
1777025832.384,0.394,0.007,-0.0000,drive_to_line,4
1777025832.390,0.395,0.007,-0.0000,drive_to_line,4
1777025832.390,0.395,0.007,-0.0000,drive_to_line,4
1777025832.395,0.396,0.007,-0.0000,drive_to_line,4
1777025832.395,0.396,0.007,-0.0000,drive_to_line,4
1777025832.395,0.396,0.007,-0.0000,drive_to_line,4
1777025832.400,0.398,0.007,-0.0000,drive_to_line,4
1777025832.400,0.398,0.007,-0.0000,drive_to_line,4
1777025832.400,0.398,0.007,-0.0000,drive_to_line,4
1777025832.400,0.398,0.007,-0.0000,drive_to_line,4
1777025832.406,0.398,0.007,0.0012,drive_to_line,4
1777025832.406,0.398,0.007,0.0012,drive_to_line,4
1777025832.410,0.400,0.007,-0.0000,drive_to_line,4
1777025832.410,0.400,0.007,-0.0000,drive_to_line,4
1777025832.410,0.400,0.007,-0.0000,drive_to_line,4
1777025832.410,0.400,0.007,-0.0000,drive_to_line,4
1777025832.415,0.401,0.007,-0.0000,drive_to_line,4
1777025832.420,0.402,0.007,0.0012,drive_to_line,4
1777025832.420,0.402,0.007,0.0012,drive_to_line,4
1777025832.420,0.402,0.007,0.0012,drive_to_line,4
1777025832.420,0.402,0.007,0.0012,drive_to_line,4
1777025832.426,0.403,0.007,-0.0000,drive_to_line,4
1777025832.426,0.403,0.007,-0.0000,drive_to_line,4
1777025832.426,0.403,0.007,-0.0000,drive_to_line,4
1777025832.431,0.405,0.007,-0.0000,drive_to_line,4
1777025832.431,0.405,0.007,-0.0000,drive_to_line,4
1777025832.431,0.405,0.007,-0.0000,drive_to_line,4
1777025832.436,0.406,0.007,-0.0000,drive_to_line,4
1777025832.436,0.406,0.007,-0.0000,drive_to_line,4
1777025832.441,0.407,0.007,-0.0000,drive_to_line,4
1777025832.441,0.407,0.007,-0.0000,drive_to_line,4
1777025832.441,0.407,0.007,-0.0000,drive_to_line,4
1777025832.445,0.408,0.007,-0.0000,drive_to_line,4
1777025832.445,0.408,0.007,-0.0000,drive_to_line,4
1777025832.445,0.408,0.007,-0.0000,drive_to_line,4
1777025832.450,0.410,0.007,-0.0012,drive_to_line,4
1777025832.450,0.410,0.007,-0.0012,drive_to_line,4
1777025832.450,0.410,0.007,-0.0012,drive_to_line,4
1777025832.455,0.411,0.007,-0.0012,drive_to_line,4
1777025832.455,0.411,0.007,-0.0012,drive_to_line,4
1777025832.455,0.411,0.007,-0.0012,drive_to_line,4
1777025832.455,0.411,0.007,-0.0012,drive_to_line,4
1777025832.460,0.412,0.007,-0.0000,drive_to_line,4
1777025832.460,0.412,0.007,-0.0000,drive_to_line,4
1777025832.460,0.412,0.007,-0.0000,drive_to_line,4
1777025832.465,0.413,0.007,-0.0012,drive_to_line,4
1777025832.465,0.413,0.007,-0.0012,drive_to_line,4
1777025832.465,0.413,0.007,-0.0012,drive_to_line,4
1777025832.470,0.415,0.007,-0.0012,drive_to_line,4
1777025832.470,0.415,0.007,-0.0012,drive_to_line,4
1777025832.470,0.415,0.007,-0.0012,drive_to_line,4
1777025832.477,0.416,0.007,-0.0000,drive_to_line,4
1777025832.477,0.416,0.007,-0.0000,drive_to_line,4
1777025832.481,0.417,0.006,-0.0012,drive_to_line,4
1777025832.481,0.417,0.006,-0.0012,drive_to_line,4
1777025832.481,0.417,0.006,-0.0012,drive_to_line,4
1777025832.485,0.418,0.006,-0.0012,drive_to_line,4
1777025832.485,0.418,0.006,-0.0012,drive_to_line,4
1777025832.485,0.418,0.006,-0.0012,drive_to_line,4
1777025832.485,0.418,0.006,-0.0012,drive_to_line,4
1777025832.490,0.420,0.006,-0.0012,drive_to_line,4
1777025832.490,0.420,0.006,-0.0012,drive_to_line,4
1777025832.490,0.420,0.006,-0.0012,drive_to_line,4
1777025832.495,0.421,0.006,-0.0012,drive_to_line,4
1777025832.495,0.421,0.006,-0.0012,drive_to_line,4
1777025832.495,0.421,0.006,-0.0012,drive_to_line,4
1777025832.500,0.422,0.006,-0.0012,drive_to_line,4
1777025832.500,0.422,0.006,-0.0012,drive_to_line,4
1777025832.500,0.422,0.006,-0.0012,drive_to_line,4
1777025832.500,0.422,0.006,-0.0012,drive_to_line,4
1777025832.505,0.423,0.006,-0.0012,drive_to_line,4
1777025832.505,0.423,0.006,-0.0012,drive_to_line,4
1777025832.505,0.423,0.006,-0.0012,drive_to_line,4
1777025832.505,0.423,0.006,-0.0012,drive_to_line,4
1777025832.511,0.425,0.006,-0.0012,drive_to_line,4
1777025832.511,0.425,0.006,-0.0012,drive_to_line,4
1777025832.516,0.426,0.006,-0.0012,drive_to_line,4
1777025832.520,0.427,0.006,-0.0023,drive_to_line,4
1777025832.520,0.427,0.006,-0.0023,drive_to_line,4
1777025832.520,0.427,0.006,-0.0023,drive_to_line,4
1777025832.520,0.427,0.006,-0.0023,drive_to_line,4
1777025832.526,0.428,0.006,-0.0012,drive_to_line,4
1777025832.526,0.428,0.006,-0.0012,drive_to_line,4
1777025832.530,0.430,0.006,-0.0012,drive_to_line,4
1777025832.530,0.430,0.006,-0.0012,drive_to_line,4
1777025832.530,0.430,0.006,-0.0012,drive_to_line,4
1777025832.530,0.430,0.006,-0.0012,drive_to_line,4
1777025832.535,0.431,0.006,-0.0023,drive_to_line,4
1777025832.535,0.431,0.006,-0.0023,drive_to_line,4
1777025832.535,0.431,0.006,-0.0023,drive_to_line,4
1777025832.535,0.431,0.006,-0.0023,drive_to_line,4
1777025832.541,0.432,0.006,-0.0023,drive_to_line,4
1777025832.541,0.432,0.006,-0.0023,drive_to_line,4
1777025832.541,0.432,0.006,-0.0023,drive_to_line,4
1777025832.546,0.433,0.006,-0.0023,drive_to_line,4
1777025832.546,0.433,0.006,-0.0023,drive_to_line,4
1777025832.551,0.435,0.006,-0.0023,drive_to_line,4
1777025832.556,0.436,0.006,-0.0035,drive_to_line,4
1777025832.556,0.436,0.006,-0.0035,drive_to_line,4
1777025832.556,0.436,0.006,-0.0035,drive_to_line,4
1777025832.561,0.437,0.006,-0.0023,drive_to_line,4
1777025832.561,0.437,0.006,-0.0023,drive_to_line,4
1777025832.565,0.438,0.006,-0.0035,drive_to_line,4
1777025832.565,0.438,0.006,-0.0035,drive_to_line,4
1777025832.565,0.438,0.006,-0.0035,drive_to_line,4
1777025832.565,0.438,0.006,-0.0035,drive_to_line,4
1777025832.565,0.438,0.006,-0.0035,drive_to_line,4
1777025832.571,0.440,0.006,-0.0035,drive_to_line,4
1777025832.571,0.440,0.006,-0.0035,drive_to_line,4
1777025832.571,0.440,0.006,-0.0035,drive_to_line,4
1777025832.576,0.441,0.006,-0.0035,drive_to_line,4
1777025832.576,0.441,0.006,-0.0035,drive_to_line,4
1777025832.576,0.441,0.006,-0.0035,drive_to_line,4
1777025832.581,0.442,0.006,-0.0023,drive_to_line,4
1777025832.581,0.442,0.006,-0.0023,drive_to_line,4
1777025832.581,0.442,0.006,-0.0023,drive_to_line,4
1777025832.586,0.443,0.006,-0.0023,drive_to_line,4
1777025832.586,0.443,0.006,-0.0023,drive_to_line,4
1777025832.586,0.443,0.006,-0.0023,drive_to_line,4
1777025832.591,0.445,0.006,-0.0035,drive_to_line,4
1777025832.591,0.445,0.006,-0.0035,drive_to_line,4
1777025832.595,0.446,0.006,-0.0023,drive_to_line,4
1777025832.595,0.446,0.006,-0.0023,drive_to_line,4
1777025832.600,0.447,0.006,-0.0035,drive_to_line,4
1777025832.600,0.447,0.006,-0.0035,drive_to_line,4
1777025832.600,0.447,0.006,-0.0035,drive_to_line,4
1777025832.605,0.448,0.006,-0.0035,drive_to_line,4
1777025832.605,0.448,0.006,-0.0035,drive_to_line,4
1777025832.611,0.450,0.006,-0.0035,drive_to_line,4
1777025832.611,0.450,0.006,-0.0035,drive_to_line,4
1777025832.616,0.451,0.006,-0.0035,drive_to_line,4
1777025832.621,0.452,0.006,-0.0046,drive_to_line,4
1777025832.621,0.452,0.006,-0.0046,drive_to_line,4
1777025832.625,0.453,0.006,-0.0035,drive_to_line,4
1777025832.625,0.453,0.006,-0.0035,drive_to_line,4
1777025832.625,0.453,0.006,-0.0035,drive_to_line,4
1777025832.625,0.453,0.006,-0.0035,drive_to_line,4
1777025832.632,0.454,0.006,-0.0046,drive_to_line,4
1777025832.632,0.454,0.006,-0.0046,drive_to_line,4
1777025832.635,0.456,0.006,-0.0046,drive_to_line,4
1777025832.635,0.456,0.006,-0.0046,drive_to_line,4
1777025832.641,0.457,0.006,-0.0035,drive_to_line,4
1777025832.641,0.457,0.006,-0.0035,drive_to_line,4
1777025832.641,0.457,0.006,-0.0035,drive_to_line,4
1777025832.645,0.458,0.006,-0.0035,drive_to_line,4
1777025832.645,0.458,0.006,-0.0035,drive_to_line,4
1777025832.645,0.458,0.006,-0.0035,drive_to_line,4
1777025832.651,0.460,0.006,-0.0046,drive_to_line,4
1777025832.651,0.460,0.006,-0.0046,drive_to_line,4
1777025832.651,0.460,0.006,-0.0046,drive_to_line,4
1777025832.656,0.461,0.006,-0.0046,drive_to_line,4
1777025832.656,0.461,0.006,-0.0046,drive_to_line,4
1777025832.656,0.461,0.006,-0.0046,drive_to_line,4
1777025832.656,0.461,0.006,-0.0046,drive_to_line,4
1777025832.661,0.462,0.006,-0.0046,drive_to_line,4
1777025832.661,0.462,0.006,-0.0046,drive_to_line,4
1777025832.661,0.462,0.006,-0.0046,drive_to_line,4
1777025832.666,0.463,0.006,-0.0046,drive_to_line,4
1777025832.666,0.463,0.006,-0.0046,drive_to_line,4
1777025832.666,0.463,0.006,-0.0046,drive_to_line,4
1777025832.666,0.463,0.006,-0.0046,drive_to_line,4
1777025832.671,0.465,0.006,-0.0046,drive_to_line,4
1777025832.671,0.465,0.006,-0.0046,drive_to_line,4
1777025832.676,0.465,0.006,-0.0046,drive_to_line,4
1777025832.676,0.465,0.006,-0.0046,drive_to_line,4
1777025832.682,0.467,0.006,-0.0046,drive_to_line,4
1777025832.686,0.468,0.006,-0.0046,drive_to_line,4
1777025832.686,0.468,0.006,-0.0046,drive_to_line,4
1777025832.686,0.468,0.006,-0.0046,drive_to_line,4
1777025832.686,0.468,0.006,-0.0046,drive_to_line,4
1777025832.691,0.470,0.006,-0.0058,drive_to_line,4
1777025832.691,0.470,0.006,-0.0058,drive_to_line,4
1777025832.695,0.470,0.006,-0.0046,drive_to_line,4
1777025832.695,0.470,0.006,-0.0046,drive_to_line,4
1777025832.695,0.470,0.006,-0.0046,drive_to_line,4
1777025832.700,0.472,0.006,-0.0046,drive_to_line,4
1777025832.700,0.472,0.006,-0.0046,drive_to_line,4
1777025832.700,0.472,0.006,-0.0046,drive_to_line,4
1777025832.700,0.472,0.006,-0.0046,drive_to_line,4
1777025832.705,0.473,0.006,-0.0046,drive_to_line,4
1777025832.705,0.473,0.006,-0.0046,drive_to_line,4
1777025832.705,0.473,0.006,-0.0046,drive_to_line,4
1777025832.711,0.475,0.006,-0.0035,drive_to_line,4
1777025832.716,0.475,0.006,-0.0046,drive_to_line,4
1777025832.716,0.475,0.006,-0.0046,drive_to_line,4
1777025832.716,0.475,0.006,-0.0046,drive_to_line,4
1777025832.721,0.477,0.006,-0.0046,drive_to_line,4
1777025832.721,0.477,0.006,-0.0046,drive_to_line,4
1777025832.721,0.477,0.006,-0.0046,drive_to_line,4
1777025832.726,0.478,0.006,-0.0046,drive_to_line,4
1777025832.726,0.478,0.006,-0.0046,drive_to_line,4
1777025832.726,0.478,0.006,-0.0046,drive_to_line,4
1777025832.730,0.479,0.006,-0.0046,drive_to_line,4
1777025832.730,0.479,0.006,-0.0046,drive_to_line,4
1777025832.730,0.479,0.006,-0.0046,drive_to_line,4
1777025832.730,0.479,0.006,-0.0046,drive_to_line,4
1777025832.735,0.481,0.006,-0.0046,drive_to_line,4
1777025832.735,0.481,0.006,-0.0046,drive_to_line,4
1777025832.740,0.482,0.006,-0.0058,drive_to_line,4
1777025832.740,0.482,0.006,-0.0058,drive_to_line,4
1777025832.740,0.482,0.006,-0.0058,drive_to_line,4
1777025832.740,0.482,0.006,-0.0058,drive_to_line,4
1777025832.745,0.483,0.006,-0.0046,drive_to_line,4
1777025832.745,0.483,0.006,-0.0046,drive_to_line,4
1777025832.745,0.483,0.006,-0.0046,drive_to_line,4
1777025832.751,0.485,0.006,-0.0046,drive_to_line,4
1777025832.751,0.485,0.006,-0.0046,drive_to_line,4
1777025832.751,0.485,0.006,-0.0046,drive_to_line,4
1777025832.751,0.485,0.006,-0.0046,drive_to_line,4
1777025832.757,0.486,0.006,-0.0046,drive_to_line,4
1777025832.757,0.486,0.006,-0.0046,drive_to_line,4
1777025832.760,0.487,0.006,-0.0058,drive_to_line,4
1777025832.760,0.487,0.006,-0.0058,drive_to_line,4
1777025832.760,0.487,0.006,-0.0058,drive_to_line,4
1777025832.766,0.488,0.006,-0.0046,drive_to_line,4
1777025832.766,0.488,0.006,-0.0046,drive_to_line,4
1777025832.766,0.488,0.006,-0.0046,drive_to_line,4
1777025832.771,0.489,0.006,-0.0058,drive_to_line,4
1777025832.771,0.489,0.006,-0.0058,drive_to_line,4
1777025832.771,0.489,0.006,-0.0058,drive_to_line,4
1777025832.771,0.489,0.006,-0.0058,drive_to_line,4
1777025832.776,0.491,0.006,-0.0058,drive_to_line,4
1777025832.776,0.491,0.006,-0.0058,drive_to_line,4
1777025832.776,0.491,0.006,-0.0058,drive_to_line,4
1777025832.781,0.492,0.006,-0.0058,drive_to_line,4
1777025832.781,0.492,0.006,-0.0058,drive_to_line,4
1777025832.785,0.493,0.006,-0.0058,drive_to_line,4
1777025832.785,0.493,0.006,-0.0058,drive_to_line,4
1777025832.785,0.493,0.006,-0.0058,drive_to_line,4
1777025832.785,0.493,0.006,-0.0058,drive_to_line,4
1777025832.790,0.495,0.006,-0.0058,drive_to_line,4
1777025832.790,0.495,0.006,-0.0058,drive_to_line,4
1777025832.790,0.495,0.006,-0.0058,drive_to_line,4
1777025832.795,0.496,0.006,-0.0058,drive_to_line,4
1777025832.795,0.496,0.006,-0.0058,drive_to_line,4
1777025832.795,0.496,0.006,-0.0058,drive_to_line,4
1777025832.801,0.497,0.006,-0.0046,drive_to_line,4
1777025832.801,0.497,0.006,-0.0046,drive_to_line,4
1777025832.806,0.498,0.006,-0.0046,drive_to_line,4
1777025832.806,0.498,0.006,-0.0046,drive_to_line,4
1777025832.806,0.498,0.006,-0.0046,drive_to_line,4
1777025832.810,0.500,0.006,-0.0058,drive_to_line,4
1777025832.810,0.500,0.006,-0.0058,drive_to_line,4
1777025832.816,0.501,0.006,-0.0046,drive_to_line,4
1777025832.816,0.501,0.006,-0.0046,drive_to_line,4
1777025832.816,0.501,0.006,-0.0046,drive_to_line,4
1777025832.820,0.502,0.006,-0.0046,drive_to_line,4
1777025832.820,0.502,0.006,-0.0046,drive_to_line,4
1777025832.820,0.502,0.006,-0.0046,drive_to_line,4
1777025832.826,0.503,0.006,-0.0058,drive_to_line,4
1777025832.826,0.503,0.006,-0.0058,drive_to_line,4
1777025832.830,0.505,0.006,-0.0058,drive_to_line,4
1777025832.830,0.505,0.006,-0.0058,drive_to_line,4
1777025832.830,0.505,0.006,-0.0058,drive_to_line,4
1777025832.830,0.505,0.006,-0.0058,drive_to_line,4
1777025832.835,0.506,0.006,-0.0046,drive_to_line,4
1777025832.835,0.506,0.006,-0.0046,drive_to_line,4
1777025832.835,0.506,0.006,-0.0046,drive_to_line,4
1777025832.835,0.506,0.006,-0.0046,drive_to_line,4
1777025832.841,0.507,0.006,-0.0046,drive_to_line,4
1777025832.841,0.507,0.006,-0.0046,drive_to_line,4
1777025832.846,0.508,0.006,-0.0046,drive_to_line,4
1777025832.846,0.508,0.006,-0.0046,drive_to_line,4
1777025832.851,0.510,0.006,-0.0046,drive_to_line,4
1777025832.851,0.510,0.006,-0.0046,drive_to_line,4
1777025832.855,0.511,0.006,-0.0046,drive_to_line,4
1777025832.855,0.511,0.006,-0.0046,drive_to_line,4
1777025832.855,0.511,0.006,-0.0046,drive_to_line,4
1777025832.860,0.512,0.006,-0.0058,drive_to_line,4
1777025832.860,0.512,0.006,-0.0058,drive_to_line,4
1777025832.860,0.512,0.006,-0.0058,drive_to_line,4
1777025832.860,0.512,0.006,-0.0058,drive_to_line,4
1777025832.865,0.513,0.006,-0.0058,drive_to_line,4
1777025832.865,0.513,0.006,-0.0058,drive_to_line,4
1777025832.865,0.513,0.006,-0.0058,drive_to_line,4
1777025832.870,0.515,0.006,-0.0058,drive_to_line,4
1777025832.870,0.515,0.006,-0.0058,drive_to_line,4
1777025832.870,0.515,0.006,-0.0058,drive_to_line,4
1777025832.875,0.516,0.006,-0.0058,drive_to_line,4
1777025832.875,0.516,0.006,-0.0058,drive_to_line,4
1777025832.875,0.516,0.006,-0.0058,drive_to_line,4
1777025832.885,0.518,0.006,-0.0058,drive_to_line,4
1777025832.885,0.518,0.006,-0.0058,drive_to_line,4
1777025832.896,0.521,0.006,-0.0046,drive_to_line,4
1777025832.896,0.521,0.006,-0.0046,drive_to_line,4
1777025832.896,0.521,0.006,-0.0046,drive_to_line,4
1777025832.901,0.522,0.006,-0.0058,drive_to_line,4
1777025832.901,0.522,0.006,-0.0058,drive_to_line,4
1777025832.901,0.522,0.006,-0.0058,drive_to_line,4
1777025832.905,0.523,0.006,-0.0058,drive_to_line,4
1777025832.905,0.523,0.006,-0.0058,drive_to_line,4
1777025832.905,0.523,0.006,-0.0058,drive_to_line,4
1777025832.905,0.523,0.006,-0.0058,drive_to_line,4
1777025832.912,0.525,0.006,-0.0046,drive_to_line,4
1777025832.912,0.525,0.006,-0.0046,drive_to_line,4
1777025832.916,0.526,0.006,-0.0058,drive_to_line,4
1777025832.916,0.526,0.006,-0.0058,drive_to_line,4
1777025832.916,0.526,0.006,-0.0058,drive_to_line,4
1777025832.916,0.526,0.006,-0.0058,drive_to_line,4
1777025832.921,0.527,0.006,-0.0046,drive_to_line,4
1777025832.921,0.527,0.006,-0.0046,drive_to_line,4
1777025832.921,0.527,0.006,-0.0046,drive_to_line,4
1777025832.926,0.529,0.006,-0.0058,drive_to_line,4
1777025832.926,0.529,0.006,-0.0058,drive_to_line,4
1777025832.926,0.529,0.006,-0.0058,drive_to_line,4
1777025832.926,0.529,0.006,-0.0058,drive_to_line,4
1777025832.931,0.530,0.006,-0.0058,drive_to_line,4
1777025832.931,0.530,0.006,-0.0058,drive_to_line,4
1777025832.936,0.531,0.006,-0.0058,drive_to_line,4
1777025832.936,0.531,0.006,-0.0058,drive_to_line,4
1777025832.936,0.531,0.006,-0.0058,drive_to_line,4
1777025832.936,0.531,0.006,-0.0058,drive_to_line,4
1777025832.941,0.532,0.006,-0.0046,drive_to_line,4
1777025832.941,0.532,0.006,-0.0046,drive_to_line,4
1777025832.941,0.532,0.006,-0.0046,drive_to_line,4
1777025832.946,0.534,0.006,-0.0058,drive_to_line,4
1777025832.946,0.534,0.006,-0.0058,drive_to_line,4
1777025832.946,0.534,0.006,-0.0058,drive_to_line,4
1777025832.951,0.535,0.006,-0.0058,drive_to_line,4
1777025832.951,0.535,0.006,-0.0058,drive_to_line,4
1777025832.951,0.535,0.006,-0.0058,drive_to_line,4
1777025832.956,0.536,0.006,-0.0069,drive_to_line,4
1777025832.956,0.536,0.006,-0.0069,drive_to_line,4
1777025832.956,0.536,0.006,-0.0069,drive_to_line,4
1777025832.956,0.536,0.006,-0.0069,drive_to_line,4
1777025832.961,0.537,0.006,-0.0069,drive_to_line,4
1777025832.961,0.537,0.006,-0.0069,drive_to_line,4
1777025832.961,0.537,0.006,-0.0069,drive_to_line,4
1777025832.961,0.537,0.006,-0.0069,drive_to_line,4
1777025832.966,0.539,0.006,-0.0058,drive_to_line,4
1777025832.966,0.539,0.006,-0.0058,drive_to_line,4
1777025832.970,0.540,0.006,-0.0069,drive_to_line,4
1777025832.970,0.540,0.006,-0.0069,drive_to_line,4
1777025832.970,0.540,0.006,-0.0069,drive_to_line,4
1777025832.970,0.540,0.006,-0.0069,drive_to_line,4
1777025832.976,0.541,0.006,-0.0069,drive_to_line,4
1777025832.982,0.542,0.006,-0.0069,drive_to_line,4
1777025832.982,0.542,0.006,-0.0069,drive_to_line,4
1777025832.982,0.542,0.006,-0.0069,drive_to_line,4
1777025832.986,0.544,0.006,-0.0069,drive_to_line,4
1777025832.986,0.544,0.006,-0.0069,drive_to_line,4
1777025832.986,0.544,0.006,-0.0069,drive_to_line,4
1777025832.986,0.544,0.006,-0.0069,drive_to_line,4
1777025832.991,0.545,0.006,-0.0069,drive_to_line,4
1777025832.991,0.545,0.006,-0.0069,drive_to_line,4
1777025832.991,0.545,0.006,-0.0069,drive_to_line,4
1777025832.996,0.546,0.006,-0.0069,drive_to_line,4
1777025832.996,0.546,0.006,-0.0069,drive_to_line,4
1777025832.996,0.546,0.006,-0.0069,drive_to_line,4
1777025833.001,0.547,0.006,-0.0081,drive_to_line,4
1777025833.001,0.547,0.006,-0.0081,drive_to_line,4
1777025833.001,0.547,0.006,-0.0081,drive_to_line,4
1777025833.001,0.547,0.006,-0.0081,drive_to_line,4
1777025833.006,0.549,0.006,-0.0081,drive_to_line,4
1777025833.006,0.549,0.006,-0.0081,drive_to_line,4
1777025833.006,0.549,0.006,-0.0081,drive_to_line,4
1777025833.006,0.549,0.006,-0.0081,drive_to_line,4
1777025833.012,0.549,0.006,-0.0069,drive_to_line,4
1777025833.012,0.549,0.006,-0.0069,drive_to_line,4
1777025833.016,0.551,0.006,-0.0081,drive_to_line,4
1777025833.021,0.552,0.006,-0.0081,drive_to_line,4
1777025833.021,0.552,0.006,-0.0081,drive_to_line,4
1777025833.021,0.552,0.006,-0.0081,drive_to_line,4
1777025833.026,0.553,0.006,-0.0093,drive_to_line,4
1777025833.026,0.553,0.006,-0.0093,drive_to_line,4
1777025833.026,0.553,0.006,-0.0093,drive_to_line,4
1777025833.026,0.553,0.006,-0.0093,drive_to_line,4
1777025833.032,0.554,0.006,-0.0081,drive_to_line,4
1777025833.032,0.554,0.006,-0.0081,drive_to_line,4
1777025833.032,0.554,0.006,-0.0081,drive_to_line,4
1777025833.036,0.556,0.006,-0.0081,drive_to_line,4
1777025833.036,0.556,0.006,-0.0081,drive_to_line,4
1777025833.036,0.556,0.006,-0.0081,drive_to_line,4
1777025833.041,0.557,0.006,-0.0081,drive_to_line,4
1777025833.041,0.557,0.006,-0.0081,drive_to_line,4
1777025833.041,0.557,0.006,-0.0081,drive_to_line,4
1777025833.046,0.559,0.006,-0.0081,drive_to_line,4
1777025833.046,0.559,0.006,-0.0081,drive_to_line,4
1777025833.046,0.559,0.006,-0.0081,drive_to_line,4
1777025833.052,0.559,0.006,-0.0081,drive_to_line,4
1777025833.052,0.559,0.006,-0.0081,drive_to_line,4
1777025833.052,0.559,0.006,-0.0081,drive_to_line,4
1777025833.057,0.561,0.006,-0.0081,drive_to_line,4
1777025833.062,0.562,0.006,-0.0081,drive_to_line,4
1777025833.062,0.562,0.006,-0.0081,drive_to_line,4
1777025833.062,0.562,0.006,-0.0081,drive_to_line,4
1777025833.066,0.564,0.006,-0.0093,drive_to_line,4
1777025833.066,0.564,0.006,-0.0093,drive_to_line,4
1777025833.066,0.564,0.006,-0.0093,drive_to_line,4
1777025833.066,0.564,0.006,-0.0093,drive_to_line,4
1777025833.071,0.564,0.006,-0.0081,drive_to_line,4
1777025833.071,0.564,0.006,-0.0081,drive_to_line,4
1777025833.071,0.564,0.006,-0.0081,drive_to_line,4
1777025833.076,0.566,0.006,-0.0081,drive_to_line,4
1777025833.076,0.566,0.006,-0.0081,drive_to_line,4
1777025833.076,0.566,0.006,-0.0081,drive_to_line,4
1777025833.082,0.567,0.006,-0.0093,drive_to_line,4
1777025833.082,0.567,0.006,-0.0093,drive_to_line,4
1777025833.082,0.567,0.006,-0.0093,drive_to_line,4
1777025833.086,0.569,0.006,-0.0093,drive_to_line,4
1777025833.086,0.569,0.006,-0.0093,drive_to_line,4
1777025833.086,0.569,0.006,-0.0093,drive_to_line,4
1777025833.086,0.569,0.006,-0.0093,drive_to_line,4
1777025833.091,0.570,0.006,-0.0081,drive_to_line,4
1777025833.091,0.570,0.006,-0.0081,drive_to_line,4
1777025833.097,0.571,0.006,-0.0081,drive_to_line,4
1777025833.101,0.572,0.006,-0.0081,drive_to_line,4
1777025833.101,0.572,0.006,-0.0081,drive_to_line,4
1777025833.106,0.574,0.006,-0.0081,drive_to_line,4
1777025833.106,0.574,0.006,-0.0081,drive_to_line,4
1777025833.106,0.574,0.006,-0.0081,drive_to_line,4
1777025833.106,0.574,0.006,-0.0081,drive_to_line,4
1777025833.112,0.575,0.006,-0.0081,drive_to_line,4
1777025833.112,0.575,0.006,-0.0081,drive_to_line,4
1777025833.116,0.576,0.006,-0.0081,drive_to_line,4
1777025833.116,0.576,0.006,-0.0081,drive_to_line,4
1777025833.116,0.576,0.006,-0.0081,drive_to_line,4
1777025833.116,0.576,0.006,-0.0081,drive_to_line,4
1777025833.121,0.577,0.006,-0.0093,drive_to_line,4
1777025833.121,0.577,0.006,-0.0093,drive_to_line,4
1777025833.121,0.577,0.006,-0.0093,drive_to_line,4
1777025833.127,0.579,0.006,-0.0104,drive_to_line,4
1777025833.127,0.579,0.006,-0.0104,drive_to_line,4
1777025833.127,0.579,0.006,-0.0104,drive_to_line,4
1777025833.131,0.580,0.006,-0.0093,drive_to_line,4
1777025833.131,0.580,0.006,-0.0093,drive_to_line,4
1777025833.131,0.580,0.006,-0.0093,drive_to_line,4
1777025833.131,0.580,0.006,-0.0093,drive_to_line,4
1777025833.136,0.581,0.006,-0.0093,drive_to_line,4
1777025833.141,0.582,0.006,-0.0093,drive_to_line,4
1777025833.147,0.583,0.006,-0.0093,drive_to_line,4
1777025833.147,0.583,0.006,-0.0093,drive_to_line,4
1777025833.151,0.585,0.006,-0.0093,drive_to_line,4
1777025833.151,0.585,0.006,-0.0093,drive_to_line,4
1777025833.157,0.586,0.006,-0.0093,drive_to_line,4
1777025833.157,0.586,0.006,-0.0093,drive_to_line,4
1777025833.162,0.587,0.006,-0.0093,drive_to_line,4
1777025833.162,0.587,0.006,-0.0093,drive_to_line,4
1777025833.166,0.589,0.006,-0.0093,drive_to_line,4
1777025833.166,0.589,0.006,-0.0093,drive_to_line,4
1777025833.166,0.589,0.006,-0.0093,drive_to_line,4
1777025833.166,0.589,0.006,-0.0093,drive_to_line,4
1777025833.172,0.589,0.006,-0.0093,drive_to_line,4
1777025833.172,0.589,0.006,-0.0093,drive_to_line,4
1777025833.176,0.591,0.006,-0.0093,drive_to_line,4
1777025833.176,0.591,0.006,-0.0093,drive_to_line,4
1777025833.182,0.592,0.006,-0.0093,drive_to_line,4
1777025833.182,0.592,0.006,-0.0093,drive_to_line,4
1777025833.186,0.593,0.006,-0.0093,drive_to_line,4
1777025833.191,0.594,0.006,-0.0093,drive_to_line,4
1777025833.191,0.594,0.006,-0.0093,drive_to_line,4
1777025833.191,0.594,0.006,-0.0093,drive_to_line,4
1777025833.197,0.596,0.006,-0.0104,drive_to_line,4
1777025833.197,0.596,0.006,-0.0104,drive_to_line,4
1777025833.202,0.597,0.005,-0.0104,drive_to_line,4
1777025833.202,0.597,0.005,-0.0104,drive_to_line,4
1777025833.206,0.598,0.005,-0.0093,drive_to_line,4
1777025833.211,0.599,0.005,-0.0093,drive_to_line,4
1777025833.217,0.601,0.005,-0.0093,drive_to_line,4
1777025833.217,0.601,0.005,-0.0093,drive_to_line,4
1777025833.222,0.602,0.005,-0.0093,drive_to_line,4
1777025833.222,0.602,0.005,-0.0093,drive_to_line,4
1777025833.222,0.602,0.005,-0.0093,drive_to_line,4
1777025833.226,0.604,0.005,-0.0093,drive_to_line,4
1777025833.226,0.604,0.005,-0.0093,drive_to_line,4
1777025833.232,0.605,0.005,-0.0081,drive_to_line,4
1777025833.232,0.605,0.005,-0.0081,drive_to_line,4
1777025833.232,0.605,0.005,-0.0081,drive_to_line,4
1777025833.236,0.606,0.005,-0.0081,drive_to_line,4
1777025833.236,0.606,0.005,-0.0081,drive_to_line,4
1777025833.236,0.606,0.005,-0.0081,drive_to_line,4
1777025833.241,0.607,0.005,-0.0093,drive_to_line,4
1777025833.241,0.607,0.005,-0.0093,drive_to_line,4
1777025833.241,0.607,0.005,-0.0093,drive_to_line,4
1777025833.241,0.607,0.005,-0.0093,drive_to_line,4
1777025833.247,0.609,0.005,-0.0081,drive_to_line,4
1777025833.252,0.610,0.005,-0.0093,drive_to_line,4
1777025833.252,0.610,0.005,-0.0093,drive_to_line,4
1777025833.252,0.610,0.005,-0.0093,drive_to_line,4
1777025833.252,0.610,0.005,-0.0093,drive_to_line,4
1777025833.257,0.611,0.005,-0.0093,drive_to_line,4
1777025833.257,0.611,0.005,-0.0093,drive_to_line,4
1777025833.262,0.612,0.005,-0.0104,drive_to_line,4
1777025833.262,0.612,0.005,-0.0104,drive_to_line,4
1777025833.262,0.612,0.005,-0.0104,drive_to_line,4
1777025833.267,0.614,0.005,-0.0093,drive_to_line,4
1777025833.267,0.614,0.005,-0.0093,drive_to_line,4
1777025833.272,0.615,0.005,-0.0093,drive_to_line,4
1777025833.272,0.615,0.005,-0.0093,drive_to_line,4
1777025833.272,0.615,0.005,-0.0093,drive_to_line,4
1777025833.272,0.615,0.005,-0.0093,drive_to_line,4
1777025833.277,0.616,0.005,-0.0093,drive_to_line,4
1777025833.281,0.617,0.005,-0.0104,drive_to_line,4
1777025833.281,0.617,0.005,-0.0104,drive_to_line,4
1777025833.281,0.617,0.005,-0.0104,drive_to_line,4
1777025833.286,0.619,0.005,-0.0104,drive_to_line,4
1777025833.286,0.619,0.005,-0.0104,drive_to_line,4
1777025833.286,0.619,0.005,-0.0104,drive_to_line,4
1777025833.286,0.619,0.005,-0.0104,drive_to_line,4
1777025833.291,0.620,0.005,-0.0104,drive_to_line,4
1777025833.291,0.620,0.005,-0.0104,drive_to_line,4
1777025833.291,0.620,0.005,-0.0104,drive_to_line,4
1777025833.291,0.620,0.005,-0.0104,drive_to_line,4
1777025833.297,0.621,0.005,-0.0104,drive_to_line,4
1777025833.297,0.621,0.005,-0.0104,drive_to_line,4
1777025833.301,0.622,0.005,-0.0116,drive_to_line,4
1777025833.301,0.622,0.005,-0.0116,drive_to_line,4
1777025833.301,0.622,0.005,-0.0116,drive_to_line,4
1777025833.301,0.622,0.005,-0.0116,drive_to_line,4
1777025833.306,0.624,0.005,-0.0104,drive_to_line,4
1777025833.312,0.625,0.005,-0.0104,drive_to_line,4
1777025833.312,0.625,0.005,-0.0104,drive_to_line,4
1777025833.312,0.625,0.005,-0.0104,drive_to_line,4
1777025833.316,0.626,0.005,-0.0093,drive_to_line,4
1777025833.316,0.626,0.005,-0.0093,drive_to_line,4
1777025833.316,0.626,0.005,-0.0093,drive_to_line,4
1777025833.322,0.627,0.005,-0.0093,drive_to_line,4
1777025833.322,0.627,0.005,-0.0093,drive_to_line,4
1777025833.322,0.627,0.005,-0.0093,drive_to_line,4
1777025833.326,0.629,0.005,-0.0104,drive_to_line,4
1777025833.326,0.629,0.005,-0.0104,drive_to_line,4
1777025833.326,0.629,0.005,-0.0104,drive_to_line,4
1777025833.331,0.630,0.005,-0.0093,drive_to_line,4
1777025833.331,0.630,0.005,-0.0093,drive_to_line,4
1777025833.331,0.630,0.005,-0.0093,drive_to_line,4
1777025833.331,0.630,0.005,-0.0093,drive_to_line,4
1777025833.331,0.630,0.005,-0.0093,drive_to_line,4
1777025833.337,0.631,0.005,-0.0093,drive_to_line,4
1777025833.337,0.631,0.005,-0.0093,drive_to_line,4
1777025833.341,0.632,0.005,-0.0093,drive_to_line,4
1777025833.341,0.632,0.005,-0.0093,drive_to_line,4
1777025833.347,0.634,0.005,-0.0104,drive_to_line,4
1777025833.351,0.635,0.005,-0.0104,drive_to_line,4
1777025833.351,0.635,0.005,-0.0104,drive_to_line,4
1777025833.351,0.635,0.005,-0.0104,drive_to_line,4
1777025833.351,0.635,0.005,-0.0104,drive_to_line,4
1777025833.356,0.636,0.005,-0.0104,drive_to_line,4
1777025833.356,0.636,0.005,-0.0104,drive_to_line,4
1777025833.356,0.636,0.005,-0.0104,drive_to_line,4
1777025833.362,0.637,0.005,-0.0104,drive_to_line,4
1777025833.362,0.637,0.005,-0.0104,drive_to_line,4
1777025833.362,0.637,0.005,-0.0104,drive_to_line,4
1777025833.366,0.639,0.005,-0.0116,drive_to_line,4
1777025833.366,0.639,0.005,-0.0116,drive_to_line,4
1777025833.366,0.639,0.005,-0.0116,drive_to_line,4
1777025833.366,0.639,0.005,-0.0116,drive_to_line,4
1777025833.372,0.640,0.005,-0.0116,drive_to_line,4
1777025833.372,0.640,0.005,-0.0116,drive_to_line,4
1777025833.376,0.641,0.005,-0.0104,drive_to_line,4
1777025833.376,0.641,0.005,-0.0104,drive_to_line,4
1777025833.376,0.641,0.005,-0.0104,drive_to_line,4
1777025833.382,0.642,0.005,-0.0116,drive_to_line,4
1777025833.382,0.642,0.005,-0.0116,drive_to_line,4
1777025833.382,0.642,0.005,-0.0116,drive_to_line,4
1777025833.387,0.644,0.005,-0.0104,drive_to_line,4
1777025833.391,0.645,0.005,-0.0116,drive_to_line,4
1777025833.391,0.645,0.005,-0.0116,drive_to_line,4
1777025833.391,0.645,0.005,-0.0116,drive_to_line,4
1777025833.396,0.646,0.005,-0.0104,drive_to_line,4
1777025833.396,0.646,0.005,-0.0104,drive_to_line,4
1777025833.396,0.646,0.005,-0.0104,drive_to_line,4
1777025833.396,0.646,0.005,-0.0104,drive_to_line,4
1777025833.402,0.647,0.005,-0.0104,drive_to_line,4
1777025833.402,0.647,0.005,-0.0104,drive_to_line,4
1777025833.406,0.649,0.005,-0.0093,drive_to_line,4
1777025833.406,0.649,0.005,-0.0093,drive_to_line,4
1777025833.406,0.649,0.005,-0.0093,drive_to_line,4
1777025833.412,0.650,0.005,-0.0093,drive_to_line,4
1777025833.412,0.650,0.005,-0.0093,drive_to_line,4
1777025833.412,0.650,0.005,-0.0093,drive_to_line,4
1777025833.416,0.651,0.005,-0.0093,drive_to_line,4
1777025833.416,0.651,0.005,-0.0093,drive_to_line,4
1777025833.416,0.651,0.005,-0.0093,drive_to_line,4
1777025833.421,0.652,0.005,-0.0093,drive_to_line,4
1777025833.421,0.652,0.005,-0.0093,drive_to_line,4
1777025833.421,0.652,0.005,-0.0093,drive_to_line,4
1777025833.421,0.652,0.005,-0.0093,drive_to_line,4
1777025833.421,0.652,0.005,-0.0093,drive_to_line,4
1777025833.429,0.653,0.005,-0.0093,drive_to_line,4
1777025833.431,0.655,0.005,-0.0093,drive_to_line,4
1777025833.431,0.655,0.005,-0.0093,drive_to_line,4
1777025833.431,0.655,0.005,-0.0093,drive_to_line,4
1777025833.431,0.655,0.005,-0.0093,drive_to_line,4
1777025833.437,0.656,0.005,-0.0093,drive_to_line,4
1777025833.437,0.656,0.005,-0.0093,drive_to_line,4
1777025833.441,0.657,0.005,-0.0081,drive_to_line,4
1777025833.441,0.657,0.005,-0.0081,drive_to_line,4
1777025833.441,0.657,0.005,-0.0081,drive_to_line,4
1777025833.441,0.657,0.005,-0.0081,drive_to_line,4
1777025833.447,0.658,0.005,-0.0093,drive_to_line,4
1777025833.447,0.658,0.005,-0.0093,drive_to_line,4
1777025833.451,0.660,0.005,-0.0093,drive_to_line,4
1777025833.451,0.660,0.005,-0.0093,drive_to_line,4
1777025833.451,0.660,0.005,-0.0093,drive_to_line,4
1777025833.451,0.660,0.005,-0.0093,drive_to_line,4
1777025833.456,0.661,0.005,-0.0104,drive_to_line,4
1777025833.456,0.661,0.005,-0.0104,drive_to_line,4
1777025833.456,0.661,0.005,-0.0104,drive_to_line,4
1777025833.456,0.661,0.005,-0.0104,drive_to_line,4
1777025833.461,0.662,0.005,-0.0104,drive_to_line,4
1777025833.461,0.662,0.005,-0.0104,drive_to_line,4
1777025833.461,0.662,0.005,-0.0104,drive_to_line,4
1777025833.467,0.664,0.005,-0.0093,drive_to_line,4
1777025833.467,0.664,0.005,-0.0093,drive_to_line,4
1777025833.467,0.664,0.005,-0.0093,drive_to_line,4
1777025833.471,0.664,0.005,-0.0104,drive_to_line,4
1777025833.471,0.664,0.005,-0.0104,drive_to_line,4
1777025833.476,0.666,0.005,-0.0104,drive_to_line,4
1777025833.476,0.666,0.005,-0.0104,drive_to_line,4
1777025833.476,0.666,0.005,-0.0104,drive_to_line,4
1777025833.482,0.667,0.005,-0.0093,drive_to_line,4
1777025833.482,0.667,0.005,-0.0093,drive_to_line,4
1777025833.482,0.667,0.005,-0.0093,drive_to_line,4
1777025833.482,0.667,0.005,-0.0093,drive_to_line,4
1777025833.487,0.669,0.005,-0.0093,drive_to_line,4
1777025833.487,0.669,0.005,-0.0093,drive_to_line,4
1777025833.487,0.669,0.005,-0.0093,drive_to_line,4
1777025833.492,0.670,0.005,-0.0093,drive_to_line,4
1777025833.492,0.670,0.005,-0.0093,drive_to_line,4
1777025833.492,0.670,0.005,-0.0093,drive_to_line,4
1777025833.497,0.671,0.005,-0.0093,drive_to_line,4
1777025833.497,0.671,0.005,-0.0093,drive_to_line,4
1777025833.497,0.671,0.005,-0.0093,drive_to_line,4
1777025833.497,0.671,0.005,-0.0093,drive_to_line,4
1777025833.502,0.672,0.005,-0.0093,drive_to_line,4
1777025833.502,0.672,0.005,-0.0093,drive_to_line,4
1777025833.506,0.674,0.005,-0.0104,drive_to_line,4
1777025833.506,0.674,0.005,-0.0104,drive_to_line,4
1777025833.506,0.674,0.005,-0.0104,drive_to_line,4
1777025833.514,0.674,0.005,-0.0093,drive_to_line,4
1777025833.516,0.676,0.005,-0.0093,drive_to_line,4
1777025833.516,0.676,0.005,-0.0093,drive_to_line,4
1777025833.516,0.676,0.005,-0.0093,drive_to_line,4
1777025833.516,0.676,0.005,-0.0093,drive_to_line,4
1777025833.521,0.677,0.005,-0.0093,drive_to_line,4
1777025833.521,0.677,0.005,-0.0093,drive_to_line,4
1777025833.526,0.679,0.005,-0.0093,drive_to_line,4
1777025833.526,0.679,0.005,-0.0093,drive_to_line,4
1777025833.526,0.679,0.005,-0.0093,drive_to_line,4
1777025833.526,0.679,0.005,-0.0093,drive_to_line,4
1777025833.532,0.680,0.005,-0.0081,drive_to_line,4
1777025833.532,0.680,0.005,-0.0081,drive_to_line,4
1777025833.532,0.680,0.005,-0.0081,drive_to_line,4
1777025833.537,0.681,0.005,-0.0093,drive_to_line,4
1777025833.537,0.681,0.005,-0.0093,drive_to_line,4
1777025833.537,0.681,0.005,-0.0093,drive_to_line,4
1777025833.537,0.681,0.005,-0.0093,drive_to_line,4
1777025833.542,0.682,0.005,-0.0093,drive_to_line,4
1777025833.542,0.682,0.005,-0.0093,drive_to_line,4
1777025833.542,0.682,0.005,-0.0093,drive_to_line,4
1777025833.547,0.684,0.005,-0.0093,drive_to_line,4
1777025833.547,0.684,0.005,-0.0093,drive_to_line,4
1777025833.552,0.684,0.005,-0.0104,drive_to_line,4
1777025833.552,0.684,0.005,-0.0104,drive_to_line,4
1777025833.552,0.684,0.005,-0.0104,drive_to_line,4
1777025833.556,0.686,0.005,-0.0104,drive_to_line,4
1777025833.556,0.686,0.005,-0.0104,drive_to_line,4
1777025833.562,0.687,0.005,-0.0093,drive_to_line,4
1777025833.562,0.687,0.005,-0.0093,drive_to_line,4
1777025833.562,0.687,0.005,-0.0093,drive_to_line,4
1777025833.562,0.687,0.005,-0.0093,drive_to_line,4
1777025833.567,0.689,0.005,-0.0093,drive_to_line,4
1777025833.567,0.689,0.005,-0.0093,drive_to_line,4
1777025833.571,0.690,0.005,-0.0093,drive_to_line,4
1777025833.571,0.690,0.005,-0.0093,drive_to_line,4
1777025833.571,0.690,0.005,-0.0093,drive_to_line,4
1777025833.571,0.690,0.005,-0.0093,drive_to_line,4
1777025833.577,0.691,0.005,-0.0093,drive_to_line,4
1777025833.577,0.691,0.005,-0.0093,drive_to_line,4
1777025833.577,0.691,0.005,-0.0093,drive_to_line,4
1777025833.581,0.693,0.005,-0.0093,drive_to_line,4
1777025833.581,0.693,0.005,-0.0093,drive_to_line,4
1777025833.581,0.693,0.005,-0.0093,drive_to_line,4
1777025833.587,0.694,0.005,-0.0093,drive_to_line,4
1777025833.587,0.694,0.005,-0.0093,drive_to_line,4
1777025833.592,0.695,0.005,-0.0104,drive_to_line,4
1777025833.596,0.696,0.005,-0.0104,drive_to_line,4
1777025833.596,0.696,0.005,-0.0104,drive_to_line,4
1777025833.596,0.696,0.005,-0.0104,drive_to_line,4
1777025833.602,0.698,0.005,-0.0093,drive_to_line,4
1777025833.602,0.698,0.005,-0.0093,drive_to_line,4
1777025833.602,0.698,0.005,-0.0093,drive_to_line,4
1777025833.602,0.698,0.005,-0.0093,drive_to_line,4
1777025833.607,0.699,0.005,-0.0093,drive_to_line,4
1777025833.607,0.699,0.005,-0.0093,drive_to_line,4
1777025833.613,0.700,0.004,-0.0093,drive_to_line,4
1777025833.613,0.700,0.004,-0.0093,drive_to_line,4
1777025833.613,0.700,0.004,-0.0093,drive_to_line,4
1777025833.617,0.701,0.004,-0.0093,drive_to_line,4
1777025833.617,0.701,0.004,-0.0093,drive_to_line,4
1777025833.622,0.703,0.004,-0.0104,drive_to_line,4
1777025833.622,0.703,0.004,-0.0104,drive_to_line,4
1777025833.622,0.703,0.004,-0.0104,drive_to_line,4
1777025833.627,0.704,0.004,-0.0104,drive_to_line,4
1777025833.627,0.704,0.004,-0.0104,drive_to_line,4
1777025833.633,0.705,0.004,-0.0093,drive_to_line,4
1777025833.633,0.705,0.004,-0.0093,drive_to_line,4
1777025833.637,0.706,0.004,-0.0093,drive_to_line,4
1777025833.637,0.706,0.004,-0.0093,drive_to_line,4
1777025833.637,0.706,0.004,-0.0093,drive_to_line,4
1777025833.637,0.706,0.004,-0.0093,drive_to_line,4
1777025833.642,0.708,0.004,-0.0081,drive_to_line,4
1777025833.642,0.708,0.004,-0.0081,drive_to_line,4
1777025833.642,0.708,0.004,-0.0081,drive_to_line,4
1777025833.647,0.709,0.004,-0.0093,drive_to_line,4
1777025833.647,0.709,0.004,-0.0093,drive_to_line,4
1777025833.647,0.709,0.004,-0.0093,drive_to_line,4
1777025833.652,0.710,0.004,-0.0093,drive_to_line,4
1777025833.652,0.710,0.004,-0.0093,drive_to_line,4
1777025833.652,0.710,0.004,-0.0093,drive_to_line,4
1777025833.657,0.711,0.004,-0.0081,drive_to_line,4
1777025833.657,0.711,0.004,-0.0081,drive_to_line,4
1777025833.657,0.711,0.004,-0.0081,drive_to_line,4
1777025833.657,0.711,0.004,-0.0081,drive_to_line,4
1777025833.662,0.712,0.004,-0.0093,drive_to_line,4
1777025833.667,0.714,0.004,-0.0093,drive_to_line,4
1777025833.667,0.714,0.004,-0.0093,drive_to_line,4
1777025833.673,0.715,0.004,-0.0093,drive_to_line,4
1777025833.673,0.715,0.004,-0.0093,drive_to_line,4
1777025833.677,0.716,0.004,-0.0093,drive_to_line,4
1777025833.677,0.716,0.004,-0.0093,drive_to_line,4
1777025833.682,0.718,0.004,-0.0093,drive_to_line,4
1777025833.682,0.718,0.004,-0.0093,drive_to_line,4
1777025833.682,0.718,0.004,-0.0093,drive_to_line,4
1777025833.687,0.718,0.004,-0.0093,drive_to_line,4
1777025833.687,0.718,0.004,-0.0093,drive_to_line,4
1777025833.687,0.718,0.004,-0.0093,drive_to_line,4
1777025833.687,0.718,0.004,-0.0093,drive_to_line,4
1777025833.692,0.720,0.004,-0.0093,drive_to_line,4
1777025833.692,0.720,0.004,-0.0093,drive_to_line,4
1777025833.692,0.720,0.004,-0.0093,drive_to_line,4
1777025833.692,0.720,0.004,-0.0093,drive_to_line,4
1777025833.697,0.721,0.004,-0.0093,drive_to_line,4
1777025833.697,0.721,0.004,-0.0093,drive_to_line,4
1777025833.697,0.721,0.004,-0.0093,drive_to_line,4
1777025833.702,0.722,0.004,-0.0081,drive_to_line,4
1777025833.702,0.722,0.004,-0.0081,drive_to_line,4
1777025833.702,0.722,0.004,-0.0081,drive_to_line,4
1777025833.707,0.723,0.004,-0.0093,drive_to_line,4
1777025833.707,0.723,0.004,-0.0093,drive_to_line,4
1777025833.707,0.723,0.004,-0.0093,drive_to_line,4
1777025833.713,0.725,0.004,-0.0093,drive_to_line,4
1777025833.713,0.725,0.004,-0.0093,drive_to_line,4
1777025833.717,0.726,0.004,-0.0081,drive_to_line,4
1777025833.717,0.726,0.004,-0.0081,drive_to_line,4
1777025833.717,0.726,0.004,-0.0081,drive_to_line,4
1777025833.722,0.727,0.004,-0.0093,drive_to_line,4
1777025833.722,0.727,0.004,-0.0093,drive_to_line,4
1777025833.722,0.727,0.004,-0.0093,drive_to_line,4
1777025833.722,0.727,0.004,-0.0093,drive_to_line,4
1777025833.727,0.728,0.004,-0.0093,drive_to_line,4
1777025833.727,0.728,0.004,-0.0093,drive_to_line,4
1777025833.727,0.728,0.004,-0.0093,drive_to_line,4
1777025833.732,0.730,0.004,-0.0093,drive_to_line,4
1777025833.732,0.730,0.004,-0.0093,drive_to_line,4
1777025833.732,0.730,0.004,-0.0093,drive_to_line,4
1777025833.732,0.730,0.004,-0.0093,drive_to_line,4
1777025833.737,0.731,0.004,-0.0081,drive_to_line,4
1777025833.737,0.731,0.004,-0.0081,drive_to_line,4
1777025833.737,0.731,0.004,-0.0081,drive_to_line,4
1777025833.737,0.731,0.004,-0.0081,drive_to_line,4
1777025833.743,0.732,0.004,-0.0093,drive_to_line,4
1777025833.743,0.732,0.004,-0.0093,drive_to_line,4
1777025833.747,0.734,0.004,-0.0093,drive_to_line,4
1777025833.747,0.734,0.004,-0.0093,drive_to_line,4
1777025833.747,0.734,0.004,-0.0093,drive_to_line,4
1777025833.752,0.735,0.004,-0.0093,drive_to_line,4
1777025833.752,0.735,0.004,-0.0093,drive_to_line,4
1777025833.757,0.736,0.004,-0.0081,drive_to_line,4
1777025833.757,0.736,0.004,-0.0081,drive_to_line,4
1777025833.757,0.736,0.004,-0.0081,drive_to_line,4
1777025833.762,0.737,0.004,-0.0093,drive_to_line,4
1777025833.762,0.737,0.004,-0.0093,drive_to_line,4
1777025833.762,0.737,0.004,-0.0093,drive_to_line,4
1777025833.767,0.739,0.004,-0.0093,drive_to_line,4
1777025833.767,0.739,0.004,-0.0093,drive_to_line,4
1777025833.767,0.739,0.004,-0.0093,drive_to_line,4
1777025833.772,0.740,0.004,-0.0081,drive_to_line,4
1777025833.772,0.740,0.004,-0.0081,drive_to_line,4
1777025833.772,0.740,0.004,-0.0081,drive_to_line,4
1777025833.777,0.741,0.004,-0.0081,drive_to_line,4
1777025833.777,0.741,0.004,-0.0081,drive_to_line,4
1777025833.777,0.741,0.004,-0.0081,drive_to_line,4
1777025833.783,0.742,0.004,-0.0081,drive_to_line,4
1777025833.783,0.742,0.004,-0.0081,drive_to_line,4
1777025833.783,0.742,0.004,-0.0081,drive_to_line,4
1777025833.788,0.743,0.004,-0.0069,drive_to_line,4
1777025833.788,0.743,0.004,-0.0069,drive_to_line,4
1777025833.788,0.743,0.004,-0.0069,drive_to_line,4
1777025833.793,0.744,0.004,-0.0069,drive_to_line,4
1777025833.797,0.745,0.004,-0.0069,drive_to_line,4
1777025833.797,0.745,0.004,-0.0069,drive_to_line,4
1777025833.797,0.745,0.004,-0.0069,drive_to_line,4
1777025833.802,0.745,0.004,-0.0069,drive_to_line,4
1777025833.802,0.745,0.004,-0.0069,drive_to_line,4
1777025833.802,0.745,0.004,-0.0069,drive_to_line,4
1777025833.807,0.745,0.004,-0.0069,drive_to_line,4
1777025833.807,0.745,0.004,-0.0069,drive_to_line,4
1777025833.807,0.745,0.004,-0.0069,drive_to_line,4
1777025833.812,0.746,0.004,-0.0081,drive_to_line,4
1777025833.812,0.746,0.004,-0.0081,drive_to_line,4
1777025833.812,0.746,0.004,-0.0081,drive_to_line,4
1777025833.817,0.747,0.004,-0.0081,drive_to_line,4
1777025833.817,0.747,0.004,-0.0081,drive_to_line,4
1777025833.817,0.747,0.004,-0.0081,drive_to_line,4
1777025833.822,0.747,0.004,-0.0093,drive_to_line,4
1777025833.822,0.747,0.004,-0.0093,drive_to_line,4
1777025833.822,0.747,0.004,-0.0093,drive_to_line,4
1777025833.822,0.747,0.004,-0.0093,drive_to_line,4
1777025833.827,0.748,0.004,-0.0093,drive_to_line,4
1777025833.827,0.748,0.004,-0.0093,drive_to_line,4
1777025833.827,0.748,0.004,-0.0093,drive_to_line,4
1777025833.832,0.749,0.004,-0.0104,drive_to_line,4
1777025833.832,0.749,0.004,-0.0104,drive_to_line,4
1777025833.832,0.749,0.004,-0.0104,drive_to_line,4
1777025833.832,0.749,0.004,-0.0104,drive_to_line,4
1777025833.838,0.749,0.004,-0.0104,drive_to_line,4
1777025833.842,0.750,0.004,-0.0093,drive_to_line,4
1777025833.842,0.750,0.004,-0.0093,drive_to_line,4
1777025833.842,0.750,0.004,-0.0093,drive_to_line,4
1777025833.842,0.750,0.004,-0.0093,drive_to_line,4
1777025833.848,0.750,0.004,-0.0081,drive_to_line,4
1777025833.848,0.750,0.004,-0.0081,drive_to_line,4
1777025833.852,0.751,0.004,-0.0058,drive_to_line,4
1777025833.852,0.751,0.004,-0.0058,drive_to_line,4
1777025833.852,0.751,0.004,-0.0058,drive_to_line,4
1777025833.858,0.751,0.004,-0.0069,drive_to_line,4
1777025833.858,0.751,0.004,-0.0069,drive_to_line,4
1777025833.858,0.751,0.004,-0.0069,drive_to_line,4
1777025833.858,0.751,0.004,-0.0069,drive_to_line,4
1777025833.863,0.752,0.004,-0.0058,drive_to_line,4
1777025833.863,0.752,0.004,-0.0058,drive_to_line,4
1777025833.868,0.752,0.004,-0.0058,drive_to_line,4
1777025833.868,0.752,0.004,-0.0058,drive_to_line,4
1777025833.873,0.752,0.004,-0.0058,drive_to_line,4
1777025833.873,0.752,0.004,-0.0058,drive_to_line,4
1777025833.878,0.752,0.004,-0.0046,drive_to_line,4
1777025833.878,0.752,0.004,-0.0046,drive_to_line,4
1777025833.878,0.752,0.004,-0.0046,drive_to_line,4
1777025833.884,0.753,0.004,-0.0035,drive_to_line,4
1777025833.884,0.753,0.004,-0.0035,drive_to_line,4
1777025833.888,0.753,0.004,-0.0023,drive_to_line,4
1777025833.888,0.753,0.004,-0.0023,drive_to_line,4
1777025833.888,0.753,0.004,-0.0023,drive_to_line,4
1777025833.893,0.753,0.004,-0.0023,drive_to_line,4
1777025833.893,0.753,0.004,-0.0023,drive_to_line,4
1777025833.893,0.753,0.004,-0.0023,drive_to_line,4
1777025833.897,0.753,0.004,-0.0012,drive_to_line,4
1777025833.897,0.753,0.004,-0.0012,drive_to_line,4
1777025833.897,0.753,0.004,-0.0012,drive_to_line,4
1777025833.897,0.753,0.004,-0.0012,drive_to_line,4
1777025833.903,0.753,0.004,-0.0000,drive_to_line,4
1777025833.903,0.753,0.004,-0.0000,drive_to_line,4
1777025833.903,0.753,0.004,-0.0000,drive_to_line,4
1777025833.907,0.753,0.004,0.0012,drive_to_line,4
1777025833.907,0.753,0.004,0.0012,drive_to_line,4
1777025833.907,0.753,0.004,0.0012,drive_to_line,4
1777025833.913,0.753,0.004,0.0012,drive_to_line,4
1777025833.913,0.753,0.004,0.0012,drive_to_line,4
1777025833.913,0.753,0.004,0.0012,drive_to_line,4
1777025833.917,0.753,0.004,0.0012,drive_to_line,4
1777025833.917,0.753,0.004,0.0012,drive_to_line,4
1777025833.917,0.753,0.004,0.0012,drive_to_line,4
1777025833.922,0.753,0.004,0.0023,drive_to_line,4
1777025833.922,0.753,0.004,0.0023,drive_to_line,4
1777025833.927,0.753,0.004,0.0023,drive_to_line,4
1777025833.927,0.753,0.004,0.0023,drive_to_line,4
1777025833.927,0.753,0.004,0.0023,drive_to_line,4
1777025833.927,0.753,0.004,0.0023,drive_to_line,4
1777025833.932,0.753,0.004,0.0035,drive_to_line,4
1777025833.932,0.753,0.004,0.0035,drive_to_line,4
1777025833.932,0.753,0.004,0.0035,drive_to_line,4
1777025833.932,0.753,0.004,0.0035,drive_to_line,4
1777025833.937,0.753,0.004,0.0035,drive_to_line,4
1777025833.937,0.753,0.004,0.0035,drive_to_line,4
1777025833.937,0.753,0.004,0.0035,drive_to_line,4
1777025833.942,0.753,0.004,0.0035,drive_to_line,4
1777025833.942,0.753,0.004,0.0035,drive_to_line,4
1777025833.942,0.753,0.004,0.0035,drive_to_line,4
1777025833.942,0.753,0.004,0.0035,drive_to_line,4
1777025833.948,0.753,0.004,0.0035,drive_to_line,4
1777025833.948,0.753,0.004,0.0035,drive_to_line,4
1777025833.948,0.753,0.004,0.0035,drive_to_line,4
1777025833.953,0.753,0.004,0.0035,drive_to_line,4
1777025833.953,0.753,0.004,0.0035,drive_to_line,4
1777025833.953,0.753,0.004,0.0035,drive_to_line,4
1777025833.953,0.753,0.004,0.0035,drive_to_line,4
1777025833.953,0.753,0.004,0.0035,drive_to_line,4
1777025833.961,0.753,0.004,0.0035,drive_to_line,4
1777025833.961,0.753,0.004,0.0035,drive_to_line,4
1777025833.968,0.752,0.004,0.0023,drive_to_line,4
1777025833.968,0.752,0.004,0.0023,drive_to_line,4
1777025833.972,0.752,0.004,0.0023,drive_to_line,4
1777025833.972,0.752,0.004,0.0023,drive_to_line,4
1777025833.972,0.752,0.004,0.0023,drive_to_line,4
1777025833.972,0.752,0.004,0.0023,drive_to_line,4
1777025833.978,0.752,0.004,0.0023,drive_to_line,4
1777025833.978,0.752,0.004,0.0023,drive_to_line,4
1777025833.983,0.752,0.004,0.0023,drive_to_line,4
1777025833.983,0.752,0.004,0.0023,drive_to_line,4
1777025833.983,0.752,0.004,0.0023,drive_to_line,4
1777025833.988,0.752,0.004,0.0023,drive_to_line,4
1777025833.988,0.752,0.004,0.0023,drive_to_line,4
1777025833.988,0.752,0.004,0.0023,drive_to_line,4
1777025833.993,0.752,0.004,0.0012,drive_to_line,4
1777025833.993,0.752,0.004,0.0012,drive_to_line,4
1777025833.993,0.752,0.004,0.0012,drive_to_line,4
1777025833.997,0.752,0.004,0.0012,drive_to_line,4
1777025833.997,0.752,0.004,0.0012,drive_to_line,4
1777025833.997,0.752,0.004,0.0012,drive_to_line,4
1777025834.003,0.752,0.004,-0.0000,drive_to_line,4
1777025834.003,0.752,0.004,-0.0000,drive_to_line,4
1777025834.007,0.752,0.004,-0.0000,drive_to_line,4
1777025834.007,0.752,0.004,-0.0000,drive_to_line,4
1777025834.007,0.752,0.004,-0.0000,drive_to_line,4
1777025834.012,0.752,0.004,-0.0012,drive_to_line,4
1777025834.012,0.752,0.004,-0.0012,drive_to_line,4
1777025834.012,0.752,0.004,-0.0012,drive_to_line,4
1777025834.012,0.752,0.004,-0.0012,drive_to_line,4
1777025834.018,0.752,0.004,-0.0035,drive_to_line,4
1777025834.018,0.752,0.004,-0.0035,drive_to_line,4
1777025834.018,0.752,0.004,-0.0035,drive_to_line,4
1777025834.022,0.752,0.004,-0.0046,drive_to_line,4
1777025834.022,0.752,0.004,-0.0046,drive_to_line,4
1777025834.022,0.752,0.004,-0.0046,drive_to_line,4
1777025834.022,0.752,0.004,-0.0046,drive_to_line,4
1777025834.028,0.751,0.004,-0.0058,drive_to_line,4
1777025834.028,0.751,0.004,-0.0058,drive_to_line,4
1777025834.028,0.751,0.004,-0.0058,drive_to_line,4
1777025834.033,0.751,0.004,-0.0058,drive_to_line,4
1777025834.033,0.751,0.004,-0.0058,drive_to_line,4
1777025834.033,0.751,0.004,-0.0058,drive_to_line,4
1777025834.038,0.751,0.004,-0.0058,drive_to_line,4
1777025834.038,0.751,0.004,-0.0058,drive_to_line,4
1777025834.038,0.751,0.004,-0.0058,drive_to_line,4
1777025834.038,0.751,0.004,-0.0058,drive_to_line,4
1777025834.038,0.751,0.004,-0.0058,drive_to_line,4
1777025834.038,0.751,0.004,-0.0058,drive_to_line,4
1777025834.050,0.751,0.004,-0.0058,drive_to_line,4
1777025834.053,0.751,0.004,-0.0058,drive_to_line,4
1777025834.053,0.751,0.004,-0.0058,drive_to_line,4
1777025834.053,0.751,0.004,-0.0058,drive_to_line,4
1777025834.057,0.751,0.004,-0.0058,drive_to_line,4
1777025834.057,0.751,0.004,-0.0058,drive_to_line,4
1777025834.057,0.751,0.004,-0.0058,drive_to_line,4
1777025834.057,0.751,0.004,-0.0058,drive_to_line,4
1777025834.063,0.751,0.004,-0.0058,drive_to_line,4
1777025834.063,0.751,0.004,-0.0058,drive_to_line,4
1777025834.063,0.751,0.004,-0.0058,drive_to_line,4
1777025834.068,0.751,0.004,-0.0058,drive_to_line,4
1777025834.068,0.751,0.004,-0.0058,drive_to_line,4
1777025834.068,0.751,0.004,-0.0058,drive_to_line,4
1777025834.073,0.751,0.004,-0.0058,drive_to_line,4
1777025834.073,0.751,0.004,-0.0058,drive_to_line,4
1777025834.073,0.751,0.004,-0.0058,drive_to_line,4
1777025834.077,0.751,0.004,-0.0058,drive_to_line,4
1777025834.077,0.751,0.004,-0.0058,drive_to_line,4
1777025834.082,0.751,0.004,-0.0058,drive_to_line,4
1777025834.082,0.751,0.004,-0.0058,drive_to_line,4
1777025834.082,0.751,0.004,-0.0058,drive_to_line,4
1777025834.088,0.751,0.004,-0.0058,drive_to_line,4
1777025834.088,0.751,0.004,-0.0058,drive_to_line,4
1777025834.088,0.751,0.004,-0.0058,drive_to_line,4
1777025834.093,0.752,0.004,-0.0046,drive_to_line,4
1777025834.093,0.752,0.004,-0.0046,drive_to_line,4
1777025834.093,0.752,0.004,-0.0046,drive_to_line,4
1777025834.098,0.752,0.004,-0.0046,drive_to_line,4
1777025834.098,0.752,0.004,-0.0046,drive_to_line,4
1777025834.098,0.752,0.004,-0.0046,drive_to_line,4
1777025834.098,0.752,0.004,-0.0046,drive_to_line,4
1777025834.103,0.752,0.004,-0.0046,drive_to_line,4
1777025834.103,0.752,0.004,-0.0046,drive_to_line,4
1777025834.103,0.752,0.004,-0.0046,drive_to_line,4
1777025834.107,0.752,0.004,-0.0046,drive_to_line,4
1777025834.107,0.752,0.004,-0.0046,drive_to_line,4
1777025834.107,0.752,0.004,-0.0046,drive_to_line,4
1777025834.112,0.752,0.004,-0.0046,drive_to_line,4
1777025834.112,0.752,0.004,-0.0046,drive_to_line,4
1777025834.112,0.752,0.004,-0.0046,drive_to_line,4
1777025834.118,0.752,0.004,-0.0046,drive_to_line,4
1777025834.118,0.752,0.004,-0.0046,drive_to_line,4
1777025834.118,0.752,0.004,-0.0046,drive_to_line,4
1777025834.123,0.752,0.004,-0.0046,drive_to_line,4
1777025834.123,0.752,0.004,-0.0046,drive_to_line,4
1777025834.127,0.752,0.004,-0.0046,drive_to_line,4
1777025834.127,0.752,0.004,-0.0046,drive_to_line,4
1777025834.132,0.752,0.004,-0.0046,drive_to_line,4
1777025834.132,0.752,0.004,-0.0046,drive_to_line,4
1777025834.132,0.752,0.004,-0.0046,drive_to_line,4
1777025834.132,0.752,0.004,-0.0046,drive_to_line,4
1777025834.137,0.752,0.004,-0.0046,drive_to_line,4
1777025834.137,0.752,0.004,-0.0046,drive_to_line,4
1777025834.137,0.752,0.004,-0.0046,drive_to_line,4
1777025834.137,0.752,0.004,-0.0046,drive_to_line,4
1777025834.143,0.752,0.004,-0.0046,drive_to_line,4
1777025834.143,0.752,0.004,-0.0046,drive_to_line,4
1777025834.143,0.752,0.004,-0.0046,drive_to_line,4
1777025834.143,0.752,0.004,-0.0046,drive_to_line,4
1777025834.147,0.752,0.004,-0.0046,drive_to_line,4
1777025834.152,0.752,0.004,-0.0046,drive_to_line,4
1777025834.152,0.752,0.004,-0.0046,drive_to_line,4
1777025834.152,0.752,0.004,-0.0046,drive_to_line,4
1777025834.152,0.752,0.004,-0.0046,drive_to_line,4
1777025834.157,0.752,0.004,-0.0046,drive_to_line,4
1777025834.157,0.752,0.004,-0.0046,drive_to_line,4
1777025834.157,0.752,0.004,-0.0046,drive_to_line,4
1777025834.163,0.752,0.004,-0.0046,drive_to_line,4
1777025834.163,0.752,0.004,-0.0046,drive_to_line,4
1777025834.163,0.752,0.004,-0.0046,drive_to_line,4
1777025834.167,0.752,0.004,-0.0046,drive_to_line,4
1777025834.167,0.752,0.004,-0.0046,drive_to_line,4
1777025834.167,0.752,0.004,-0.0046,drive_to_line,4
1777025834.172,0.752,0.004,-0.0046,drive_to_line,4
1777025834.172,0.752,0.004,-0.0046,drive_to_line,4
1777025834.172,0.752,0.004,-0.0046,drive_to_line,4
1777025834.172,0.752,0.004,-0.0046,drive_to_line,4
1777025834.178,0.752,0.004,-0.0046,drive_to_line,4
1777025834.178,0.752,0.004,-0.0046,drive_to_line,4
1777025834.183,0.752,0.004,-0.0046,drive_to_line,4
1777025834.183,0.752,0.004,-0.0046,drive_to_line,4
1777025834.183,0.752,0.004,-0.0046,drive_to_line,4
1777025834.187,0.752,0.004,-0.0046,drive_to_line,4
1777025834.187,0.752,0.004,-0.0046,drive_to_line,4
1777025834.187,0.752,0.004,-0.0046,drive_to_line,4
1777025834.192,0.752,0.004,-0.0046,drive_to_line,4
1777025834.192,0.752,0.004,-0.0046,drive_to_line,4
1777025834.192,0.752,0.004,-0.0046,drive_to_line,4
1777025834.192,0.752,0.004,-0.0046,drive_to_line,4
1777025834.197,0.752,0.004,-0.0046,drive_to_line,4
1777025834.197,0.752,0.004,-0.0046,drive_to_line,4
1777025834.197,0.752,0.004,-0.0046,drive_to_line,4
1777025834.203,0.752,0.004,-0.0046,drive_to_line,4
1777025834.203,0.752,0.004,-0.0046,drive_to_line,4
1777025834.203,0.752,0.004,-0.0046,drive_to_line,4
1777025834.208,0.752,0.004,-0.0046,drive_to_line,4
1777025834.212,0.752,0.004,-0.0046,drive_to_line,4
1777025834.212,0.752,0.004,-0.0046,drive_to_line,4
1777025834.217,0.752,0.004,-0.0046,drive_to_line,4
1777025834.217,0.752,0.004,-0.0046,drive_to_line,4
1777025834.217,0.752,0.004,-0.0046,drive_to_line,4
1777025834.217,0.752,0.004,-0.0046,drive_to_line,4
1777025834.225,0.752,0.004,-0.0046,drive_to_line,4
1777025834.225,0.752,0.004,-0.0046,drive_to_line,4
1777025834.228,0.752,0.004,-0.0046,drive_to_line,4
1777025834.228,0.752,0.004,-0.0046,drive_to_line,4
1777025834.228,0.752,0.004,-0.0046,drive_to_line,4
1777025834.233,0.752,0.004,-0.0046,drive_to_line,4
1777025834.233,0.752,0.004,-0.0046,drive_to_line,4
1777025834.238,0.752,0.004,-0.0046,drive_to_line,4
1777025834.238,0.752,0.004,-0.0046,drive_to_line,4
1777025834.243,0.752,0.004,-0.0046,drive_to_line,4
1777025834.243,0.752,0.004,-0.0046,drive_to_line,4
1777025834.248,0.752,0.004,-0.0046,drive_to_line,4
1777025834.248,0.752,0.004,-0.0046,drive_to_line,4
1777025834.253,0.752,0.004,-0.0046,drive_to_line,4
1777025834.258,0.752,0.004,-0.0046,drive_to_line,4
1777025834.258,0.752,0.004,-0.0046,drive_to_line,4
1777025834.263,0.752,0.004,-0.0046,drive_to_line,4
1777025834.263,0.752,0.004,-0.0046,drive_to_line,4
1777025834.263,0.752,0.004,-0.0046,drive_to_line,4
1777025834.263,0.752,0.004,-0.0046,drive_to_line,4
1777025834.267,0.752,0.004,-0.0046,drive_to_line,4
1777025834.267,0.752,0.004,-0.0046,drive_to_line,4
1777025834.267,0.752,0.004,-0.0046,drive_to_line,4
1777025834.273,0.752,0.004,-0.0046,drive_to_line,4
1777025834.273,0.752,0.004,-0.0046,drive_to_line,4
1777025834.273,0.752,0.004,-0.0046,drive_to_line,4
1777025834.273,0.752,0.004,-0.0046,drive_to_line,4
1777025834.278,0.752,0.004,-0.0046,drive_to_line,4
1777025834.282,0.752,0.004,-0.0046,drive_to_line,4
1777025834.282,0.752,0.004,-0.0046,drive_to_line,4
1777025834.282,0.752,0.004,-0.0046,drive_to_line,4
1777025834.282,0.752,0.004,-0.0046,drive_to_line,4
1777025834.287,0.752,0.004,-0.0046,drive_to_line,4
1777025834.287,0.752,0.004,-0.0046,drive_to_line,4
1777025834.287,0.752,0.004,-0.0046,drive_to_line,4
1777025834.287,0.752,0.004,-0.0046,drive_to_line,4
1777025834.294,0.752,0.004,-0.0046,drive_to_line,4
1777025834.298,0.752,0.004,-0.0046,drive_to_line,4
1777025834.298,0.752,0.004,-0.0046,drive_to_line,4
1777025834.303,0.752,0.004,-0.0046,drive_to_line,4
1777025834.303,0.752,0.004,-0.0046,drive_to_line,4
1777025834.303,0.752,0.004,-0.0046,drive_to_line,4
1777025834.303,0.752,0.004,-0.0046,drive_to_line,4
1777025834.308,0.752,0.004,-0.0046,drive_to_line,4
1777025834.308,0.752,0.004,-0.0046,drive_to_line,4
1777025834.308,0.752,0.004,-0.0046,drive_to_line,4
1777025834.313,0.752,0.004,-0.0046,drive_to_line,4
1777025834.313,0.752,0.004,-0.0046,drive_to_line,4
1777025834.313,0.752,0.004,-0.0046,drive_to_line,4
1777025834.318,0.752,0.004,-0.0046,drive_to_line,4
1777025834.318,0.752,0.004,-0.0046,drive_to_line,4
1777025834.318,0.752,0.004,-0.0046,drive_to_line,4
1777025834.322,0.752,0.004,-0.0046,drive_to_line,4
1777025834.322,0.752,0.004,-0.0046,drive_to_line,4
1777025834.322,0.752,0.004,-0.0046,drive_to_line,4
1777025834.322,0.752,0.004,-0.0046,drive_to_line,4
1777025834.322,0.752,0.004,-0.0046,drive_to_line,4
1777025834.328,0.752,0.004,-0.0046,drive_to_line,4
1777025834.328,0.752,0.004,-0.0046,drive_to_line,4
1777025834.328,0.752,0.004,-0.0046,drive_to_line,4
1777025834.333,0.752,0.004,-0.0046,drive_to_line,4
1777025834.333,0.752,0.004,-0.0046,drive_to_line,4
1777025834.333,0.752,0.004,-0.0046,drive_to_line,4
1777025834.333,0.752,0.004,-0.0046,drive_to_line,4
1777025834.338,0.752,0.004,-0.0046,drive_to_line,4
1777025834.342,0.752,0.004,-0.0046,drive_to_line,4
1777025834.342,0.752,0.004,-0.0046,drive_to_line,4
1777025834.342,0.752,0.004,-0.0046,drive_to_line,4
1777025834.348,0.752,0.004,-0.0046,drive_to_line,4
1777025834.348,0.752,0.004,-0.0046,drive_to_line,4
1777025834.348,0.752,0.004,-0.0046,drive_to_line,4
1777025834.353,0.752,0.004,-0.0046,drive_to_line,4
1777025834.353,0.752,0.004,-0.0046,drive_to_line,4
1777025834.353,0.752,0.004,-0.0046,drive_to_line,4
1777025834.358,0.752,0.004,-0.0046,drive_to_line,4
1777025834.358,0.752,0.004,-0.0046,drive_to_line,4
1777025834.358,0.752,0.004,-0.0046,drive_to_line,4
1777025834.363,0.752,0.004,-0.0046,drive_to_line,4
1777025834.368,0.752,0.004,-0.0046,drive_to_line,4
1777025834.368,0.752,0.004,-0.0046,drive_to_line,4
1777025834.368,0.752,0.004,-0.0046,drive_to_line,4
1777025834.373,0.752,0.004,-0.0046,drive_to_line,4
1777025834.373,0.752,0.004,-0.0046,drive_to_line,4
1777025834.373,0.752,0.004,-0.0046,drive_to_line,4
1777025834.373,0.752,0.004,-0.0046,drive_to_line,4
1777025834.378,0.752,0.004,-0.0046,drive_to_line,4
1777025834.383,0.752,0.004,-0.0046,drive_to_line,4
1777025834.383,0.752,0.004,-0.0046,drive_to_line,4
1777025834.387,0.752,0.004,-0.0046,drive_to_line,4
1777025834.387,0.752,0.004,-0.0046,drive_to_line,4
1777025834.387,0.752,0.004,-0.0046,drive_to_line,4
1777025834.387,0.752,0.004,-0.0046,drive_to_line,4
1777025834.393,0.752,0.004,-0.0046,drive_to_line,4
1777025834.393,0.752,0.004,-0.0046,drive_to_line,4
1777025834.393,0.752,0.004,-0.0046,drive_to_line,4
1777025834.397,0.752,0.004,-0.0046,drive_to_line,4
1777025834.397,0.752,0.004,-0.0046,drive_to_line,4
1777025834.397,0.752,0.004,-0.0046,drive_to_line,4
1777025834.397,0.752,0.004,-0.0046,drive_to_line,4
1777025834.402,0.752,0.004,-0.0046,drive_to_line,4
1777025834.402,0.752,0.004,-0.0046,drive_to_line,4
1777025834.402,0.752,0.004,-0.0046,drive_to_line,4
1777025834.402,0.752,0.004,-0.0046,drive_to_line,4
1777025834.407,0.752,0.004,-0.0046,drive_to_line,4
1777025834.407,0.752,0.004,-0.0046,drive_to_line,4
1777025834.413,0.752,0.004,-0.0046,drive_to_line,4
1777025834.413,0.752,0.004,-0.0046,drive_to_line,4
1777025834.413,0.752,0.004,-0.0046,drive_to_line,4
1777025834.418,0.752,0.004,-0.0046,drive_to_line,4
1777025834.418,0.752,0.004,-0.0046,drive_to_line,4
1777025834.424,0.752,0.004,-0.0046,drive_to_line,4
1777025834.424,0.752,0.004,-0.0046,drive_to_line,4
1777025834.424,0.752,0.004,-0.0046,drive_to_line,4
1777025834.428,0.752,0.004,-0.0046,drive_to_line,4
1777025834.428,0.752,0.004,-0.0046,drive_to_line,4
1777025834.428,0.752,0.004,-0.0046,drive_to_line,4
1777025834.428,0.752,0.004,-0.0046,drive_to_line,4
1777025834.433,0.752,0.004,-0.0046,drive_to_line,4
1777025834.433,0.752,0.004,-0.0046,drive_to_line,4
1777025834.433,0.752,0.004,-0.0046,drive_to_line,4
1777025834.433,0.752,0.004,-0.0046,drive_to_line,4
1777025834.438,0.752,0.004,-0.0046,drive_to_line,4
1777025834.438,0.752,0.004,-0.0046,drive_to_line,4
1777025834.438,0.752,0.004,-0.0046,drive_to_line,4
1777025834.443,0.752,0.004,-0.0046,drive_to_line,4
1777025834.443,0.752,0.004,-0.0046,drive_to_line,4
1777025834.443,0.752,0.004,-0.0046,drive_to_line,4
1777025834.443,0.752,0.004,-0.0046,drive_to_line,4
1777025834.448,0.752,0.004,-0.0046,drive_to_line,4
1777025834.448,0.752,0.004,-0.0046,drive_to_line,4
1777025834.448,0.752,0.004,-0.0046,drive_to_line,4
1777025834.453,0.752,0.004,-0.0046,drive_to_line,4
1777025834.453,0.752,0.004,-0.0046,drive_to_line,4
1777025834.453,0.752,0.004,-0.0046,drive_to_line,4
1777025834.459,0.752,0.004,-0.0046,drive_to_line,4
1777025834.459,0.752,0.004,-0.0046,drive_to_line,4
1777025834.459,0.752,0.004,-0.0046,drive_to_line,4
1777025834.463,0.752,0.004,-0.0046,drive_to_line,4
1777025834.463,0.752,0.004,-0.0046,drive_to_line,4
1777025834.463,0.752,0.004,-0.0046,drive_to_line,4
1777025834.468,0.752,0.004,-0.0046,drive_to_line,4
1777025834.468,0.752,0.004,-0.0046,drive_to_line,4
1777025834.468,0.752,0.004,-0.0046,drive_to_line,4
1777025834.474,0.752,0.004,-0.0046,drive_to_line,4
1777025834.474,0.752,0.004,-0.0046,drive_to_line,4
1777025834.474,0.752,0.004,-0.0046,drive_to_line,4
1777025834.474,0.752,0.004,-0.0046,drive_to_line,4
1777025834.478,0.752,0.004,-0.0046,drive_to_line,4
1777025834.478,0.752,0.004,-0.0046,drive_to_line,4
1777025834.484,0.752,0.004,-0.0046,drive_to_line,4
1777025834.484,0.752,0.004,-0.0046,drive_to_line,4
1777025834.484,0.752,0.004,-0.0046,drive_to_line,4
1777025834.484,0.752,0.004,-0.0046,drive_to_line,4
1777025834.489,0.752,0.004,-0.0046,drive_to_line,4
1777025834.489,0.752,0.004,-0.0046,drive_to_line,4
1777025834.489,0.752,0.004,-0.0046,drive_to_line,4
1777025834.493,0.752,0.004,-0.0046,drive_to_line,4
1777025834.493,0.752,0.004,-0.0046,drive_to_line,4
1777025834.493,0.752,0.004,-0.0046,drive_to_line,4
1777025834.498,0.752,0.004,-0.0046,drive_to_line,4
1777025834.498,0.752,0.004,-0.0046,drive_to_line,4
1777025834.498,0.752,0.004,-0.0046,drive_to_line,4
1777025834.498,0.752,0.004,-0.0046,drive_to_line,4
1777025834.504,0.752,0.004,-0.0046,drive_to_line,4
1777025834.504,0.752,0.004,-0.0046,drive_to_line,4
1777025834.504,0.752,0.004,-0.0046,drive_to_line,4
1777025834.509,0.752,0.004,-0.0046,drive_to_line,4
1777025834.509,0.752,0.004,-0.0046,drive_to_line,4
1777025834.509,0.752,0.004,-0.0046,drive_to_line,4
1777025834.514,0.752,0.004,-0.0046,drive_to_line,4
1777025834.514,0.752,0.004,-0.0046,drive_to_line,4
1777025834.518,0.752,0.004,-0.0046,drive_to_line,4
1777025834.518,0.752,0.004,-0.0046,drive_to_line,4
1777025834.518,0.752,0.004,-0.0046,drive_to_line,4
1777025834.524,0.752,0.004,-0.0046,drive_to_line,4
1777025834.524,0.752,0.004,-0.0046,delay,5
1777025834.529,0.752,0.004,-0.0046,delay,5
1777025834.529,0.752,0.004,-0.0046,delay,5
1777025834.529,0.752,0.004,-0.0046,delay,5
1777025834.529,0.752,0.004,-0.0046,delay,5
1777025834.533,0.752,0.004,-0.0046,delay,5
1777025834.533,0.752,0.004,-0.0046,delay,5
1777025834.533,0.752,0.004,-0.0046,delay,5
1777025834.533,0.752,0.004,-0.0046,delay,5
1777025834.533,0.752,0.004,-0.0046,delay,5
1777025834.533,0.752,0.004,-0.0046,delay,5
1777025834.533,0.752,0.004,-0.0046,delay,5
1777025834.533,0.752,0.004,-0.0046,delay,5
1777025834.533,0.752,0.004,-0.0046,delay,5
1777025834.533,0.752,0.004,-0.0046,delay,5
1777025834.533,0.752,0.004,-0.0046,delay,5
1777025834.533,0.752,0.004,-0.0046,delay,5
1777025834.533,0.752,0.004,-0.0046,delay,5
1777025834.533,0.752,0.004,-0.0046,delay,5
1777025834.533,0.752,0.004,-0.0046,delay,5
1777025834.533,0.752,0.004,-0.0046,delay,5
1777025834.533,0.752,0.004,-0.0046,delay,5
1777025834.533,0.752,0.004,-0.0046,delay,5
1777025834.533,0.752,0.004,-0.0046,delay,5
1777025834.533,0.752,0.004,-0.0046,delay,5
1777025834.533,0.752,0.004,-0.0046,delay,5
1777025834.533,0.752,0.004,-0.0046,delay,5
1777025834.533,0.752,0.004,-0.0046,delay,5
1777025834.533,0.752,0.004,-0.0046,delay,5
1777025834.533,0.752,0.004,-0.0046,delay,5
1777025834.533,0.752,0.004,-0.0046,delay,5
1777025834.533,0.752,0.004,-0.0046,delay,5
1777025834.533,0.752,0.004,-0.0046,delay,5
1777025834.553,0.752,0.004,-0.0046,delay,5
1777025834.553,0.752,0.004,-0.0046,delay,5
1777025834.564,0.752,0.004,-0.0046,delay,5
1777025834.579,0.752,0.004,-0.0046,delay,5
1777025834.599,0.752,0.004,-0.0046,delay,5
1777025834.603,0.752,0.004,-0.0046,delay,5
1777025834.603,0.752,0.004,-0.0046,delay,5
1777025834.603,0.752,0.004,-0.0046,delay,5
1777025834.603,0.752,0.004,-0.0046,delay,5
1777025834.608,0.752,0.004,-0.0046,delay,5
1777025834.613,0.752,0.004,-0.0046,delay,5
1777025834.613,0.752,0.004,-0.0046,delay,5
1777025834.619,0.752,0.004,-0.0046,delay,5
1777025834.619,0.752,0.004,-0.0046,delay,5
1777025834.619,0.752,0.004,-0.0046,delay,5
1777025834.623,0.752,0.004,-0.0046,delay,5
1777025834.623,0.752,0.004,-0.0046,delay,5
1777025834.623,0.752,0.004,-0.0046,delay,5
1777025834.623,0.752,0.004,-0.0046,delay,5
1777025834.629,0.752,0.004,-0.0046,delay,5
1777025834.634,0.752,0.004,-0.0046,delay,5
1777025834.638,0.752,0.004,-0.0046,delay,5
1777025834.638,0.752,0.004,-0.0046,delay,5
1777025834.638,0.752,0.004,-0.0046,delay,5
1777025834.638,0.752,0.004,-0.0046,delay,5
1777025834.644,0.752,0.004,-0.0046,delay,5
1777025834.644,0.752,0.004,-0.0046,delay,5
1777025834.644,0.752,0.004,-0.0046,delay,5
1777025834.648,0.752,0.004,-0.0046,delay,5
1777025834.648,0.752,0.004,-0.0046,delay,5
1777025834.648,0.752,0.004,-0.0046,delay,5
1777025834.654,0.752,0.004,-0.0046,delay,5
1777025834.654,0.752,0.004,-0.0046,delay,5
1777025834.654,0.752,0.004,-0.0046,delay,5
1777025834.654,0.752,0.004,-0.0046,delay,5
1777025834.659,0.752,0.004,-0.0046,delay,5
1777025834.659,0.752,0.004,-0.0046,delay,5
1777025834.659,0.752,0.004,-0.0046,delay,5
1777025834.664,0.752,0.004,-0.0046,delay,5
1777025834.664,0.752,0.004,-0.0046,delay,5
1777025834.664,0.752,0.004,-0.0046,delay,5
1777025834.664,0.752,0.004,-0.0046,delay,5
1777025834.669,0.752,0.004,-0.0046,delay,5
1777025834.669,0.752,0.004,-0.0046,delay,5
1777025834.669,0.752,0.004,-0.0046,delay,5
1777025834.669,0.752,0.004,-0.0046,delay,5
1777025834.669,0.752,0.004,-0.0046,delay,5
1777025834.674,0.752,0.004,-0.0046,delay,5
1777025834.680,0.752,0.004,-0.0046,delay,5
1777025834.683,0.752,0.004,-0.0046,delay,5
1777025834.683,0.752,0.004,-0.0046,delay,5
1777025834.683,0.752,0.004,-0.0046,delay,5
1777025834.688,0.752,0.004,-0.0046,delay,5
1777025834.688,0.752,0.004,-0.0046,delay,5
1777025834.688,0.752,0.004,-0.0046,delay,5
1777025834.688,0.752,0.004,-0.0046,delay,5
1777025834.694,0.752,0.004,-0.0046,delay,5
1777025834.694,0.752,0.004,-0.0046,delay,5
1777025834.694,0.752,0.004,-0.0046,delay,5
1777025834.698,0.752,0.004,-0.0046,delay,5
1777025834.698,0.752,0.004,-0.0046,delay,5
1777025834.698,0.752,0.004,-0.0046,delay,5
1777025834.698,0.752,0.004,-0.0046,delay,5
1777025834.703,0.752,0.004,-0.0046,delay,5
1777025834.703,0.752,0.004,-0.0046,delay,5
1777025834.703,0.752,0.004,-0.0046,delay,5
1777025834.703,0.752,0.004,-0.0046,delay,5
1777025834.709,0.752,0.004,-0.0046,delay,5
1777025834.709,0.752,0.004,-0.0046,delay,5
1777025834.714,0.752,0.004,-0.0046,delay,5
1777025834.714,0.752,0.004,-0.0046,delay,5
1777025834.718,0.752,0.004,-0.0046,delay,5
1777025834.718,0.752,0.004,-0.0046,delay,5
1777025834.718,0.752,0.004,-0.0046,delay,5
1777025834.724,0.752,0.004,-0.0046,delay,5
1777025834.724,0.752,0.004,-0.0046,delay,5
1777025834.724,0.752,0.004,-0.0046,delay,5
1777025834.724,0.752,0.004,-0.0046,delay,5
1777025834.728,0.752,0.004,-0.0046,delay,5
1777025834.728,0.752,0.004,-0.0046,delay,5
1777025834.728,0.752,0.004,-0.0046,delay,5
1777025834.734,0.752,0.004,-0.0046,delay,5
1777025834.734,0.752,0.004,-0.0046,delay,5
1777025834.734,0.752,0.004,-0.0046,delay,5
1777025834.734,0.752,0.004,-0.0046,delay,5
1777025834.739,0.752,0.004,-0.0046,delay,5
1777025834.739,0.752,0.004,-0.0046,delay,5
1777025834.739,0.752,0.004,-0.0046,delay,5
1777025834.743,0.752,0.004,-0.0046,delay,5
1777025834.743,0.752,0.004,-0.0046,delay,5
1777025834.748,0.752,0.004,-0.0046,delay,5
1777025834.748,0.752,0.004,-0.0046,delay,5
1777025834.748,0.752,0.004,-0.0046,delay,5
1777025834.748,0.752,0.004,-0.0046,delay,5
1777025834.753,0.752,0.004,-0.0046,delay,5
1777025834.758,0.752,0.004,-0.0046,delay,5
1777025834.758,0.752,0.004,-0.0046,delay,5
1777025834.758,0.752,0.004,-0.0046,delay,5
1777025834.764,0.752,0.004,-0.0046,delay,5
1777025834.764,0.752,0.004,-0.0046,delay,5
1777025834.764,0.752,0.004,-0.0046,delay,5
1777025834.768,0.752,0.004,-0.0046,delay,5
1777025834.768,0.752,0.004,-0.0046,delay,5
1777025834.768,0.752,0.004,-0.0046,delay,5
1777025834.768,0.752,0.004,-0.0046,delay,5
1777025834.774,0.752,0.004,-0.0046,delay,5
1777025834.774,0.752,0.004,-0.0046,delay,5
1777025834.774,0.752,0.004,-0.0046,delay,5
1777025834.779,0.752,0.004,-0.0046,delay,5
1777025834.779,0.752,0.004,-0.0046,delay,5
1777025834.783,0.752,0.004,-0.0046,delay,5
1777025834.783,0.752,0.004,-0.0046,delay,5
1777025834.783,0.752,0.004,-0.0046,delay,5
1777025834.788,0.752,0.004,-0.0046,delay,5
1777025834.788,0.752,0.004,-0.0046,delay,5
1777025834.788,0.752,0.004,-0.0046,delay,5
1777025834.793,0.752,0.004,-0.0046,delay,5
1777025834.793,0.752,0.004,-0.0046,delay,5
1777025834.793,0.752,0.004,-0.0046,delay,5
1777025834.793,0.752,0.004,-0.0046,delay,5
1777025834.793,0.752,0.004,-0.0046,delay,5
1777025834.798,0.752,0.004,-0.0046,delay,5
1777025834.798,0.752,0.004,-0.0046,delay,5
1777025834.804,0.752,0.004,-0.0046,delay,5
1777025834.804,0.752,0.004,-0.0046,delay,5
1777025834.804,0.752,0.004,-0.0046,delay,5
1777025834.809,0.752,0.004,-0.0046,delay,5
1777025834.809,0.752,0.004,-0.0046,delay,5
1777025834.813,0.752,0.004,-0.0046,delay,5
1777025834.813,0.752,0.004,-0.0046,delay,5
1777025834.813,0.752,0.004,-0.0046,delay,5
1777025834.818,0.752,0.004,-0.0046,delay,5
1777025834.818,0.752,0.004,-0.0046,delay,5
1777025834.818,0.752,0.004,-0.0046,delay,5
1777025834.823,0.752,0.004,-0.0046,delay,5
1777025834.823,0.752,0.004,-0.0046,delay,5
1777025834.823,0.752,0.004,-0.0046,delay,5
1777025834.823,0.752,0.004,-0.0046,delay,5
1777025834.828,0.752,0.004,-0.0046,delay,5
1777025834.828,0.752,0.004,-0.0046,delay,5
1777025834.828,0.752,0.004,-0.0046,delay,5
1777025834.828,0.752,0.004,-0.0046,delay,5
1777025834.834,0.752,0.004,-0.0046,delay,5
1777025834.834,0.752,0.004,-0.0046,delay,5
1777025834.834,0.752,0.004,-0.0046,delay,5
1777025834.839,0.752,0.004,-0.0046,delay,5
1777025834.844,0.752,0.004,-0.0046,delay,5
1777025834.849,0.752,0.004,-0.0046,delay,5
1777025834.849,0.752,0.004,-0.0046,delay,5
1777025834.849,0.752,0.004,-0.0046,delay,5
1777025834.849,0.752,0.004,-0.0046,delay,5
1777025834.854,0.752,0.004,-0.0046,delay,5
1777025834.854,0.752,0.004,-0.0046,delay,5
1777025834.854,0.752,0.004,-0.0046,delay,5
1777025834.859,0.752,0.004,-0.0046,delay,5
1777025834.859,0.752,0.004,-0.0046,delay,5
1777025834.859,0.752,0.004,-0.0046,delay,5
1777025834.859,0.752,0.004,-0.0046,delay,5
1777025834.864,0.752,0.004,-0.0046,delay,5
1777025834.864,0.752,0.004,-0.0046,delay,5
1777025834.864,0.752,0.004,-0.0046,delay,5
1777025834.864,0.752,0.004,-0.0046,delay,5
1777025834.869,0.752,0.004,-0.0046,delay,5
1777025834.869,0.752,0.004,-0.0046,delay,5
1777025834.874,0.752,0.004,-0.0046,delay,5
1777025834.874,0.752,0.004,-0.0046,delay,5
1777025834.874,0.752,0.004,-0.0046,delay,5
1777025834.880,0.752,0.004,-0.0046,delay,5
1777025834.888,0.752,0.004,-0.0046,delay,5
1777025834.888,0.752,0.004,-0.0046,delay,5
1777025834.888,0.752,0.004,-0.0046,delay,5
1777025834.894,0.752,0.004,-0.0046,delay,5
1777025834.894,0.752,0.004,-0.0046,delay,5
1777025834.894,0.752,0.004,-0.0046,delay,5
1777025834.899,0.752,0.004,-0.0046,delay,5
1777025834.899,0.752,0.004,-0.0046,delay,5
1777025834.899,0.752,0.004,-0.0046,delay,5
1777025834.899,0.752,0.004,-0.0046,delay,5
1777025834.904,0.752,0.004,-0.0046,delay,5
1777025834.904,0.752,0.004,-0.0046,delay,5
1777025834.904,0.752,0.004,-0.0046,delay,5
1777025834.909,0.752,0.004,-0.0046,delay,5
1777025834.909,0.752,0.004,-0.0046,delay,5
1777025834.909,0.752,0.004,-0.0046,delay,5
1777025834.914,0.752,0.004,-0.0046,delay,5
1777025834.914,0.752,0.004,-0.0046,delay,5
1777025834.914,0.752,0.004,-0.0046,delay,5
1777025834.919,0.752,0.004,-0.0046,delay,5
1777025834.919,0.752,0.004,-0.0046,delay,5
1777025834.919,0.752,0.004,-0.0046,delay,5
1777025834.924,0.752,0.004,-0.0046,delay,5
1777025834.924,0.752,0.004,-0.0046,delay,5
1777025834.924,0.752,0.004,-0.0046,delay,5
1777025834.929,0.752,0.004,-0.0046,delay,5
1777025834.929,0.752,0.004,-0.0046,delay,5
1777025834.929,0.752,0.004,-0.0046,delay,5
1777025834.929,0.752,0.004,-0.0046,delay,5
1777025834.934,0.752,0.004,-0.0046,delay,5
1777025834.934,0.752,0.004,-0.0046,delay,5
1777025834.934,0.752,0.004,-0.0046,delay,5
1777025834.939,0.752,0.004,-0.0046,delay,5
1777025834.939,0.752,0.004,-0.0046,delay,5
1777025834.939,0.752,0.004,-0.0046,delay,5
1777025834.944,0.752,0.004,-0.0046,delay,5
1777025834.944,0.752,0.004,-0.0046,delay,5
1777025834.948,0.752,0.004,-0.0046,delay,5
1777025834.948,0.752,0.004,-0.0046,delay,5
1777025834.948,0.752,0.004,-0.0046,delay,5
1777025834.948,0.752,0.004,-0.0046,delay,5
1777025834.954,0.752,0.004,-0.0046,delay,5
1777025834.954,0.752,0.004,-0.0046,delay,5
1777025834.954,0.752,0.004,-0.0046,delay,5
1777025834.958,0.752,0.004,-0.0046,delay,5
1777025834.958,0.752,0.004,-0.0046,delay,5
1777025834.964,0.752,0.004,-0.0046,delay,5
1777025834.964,0.752,0.004,-0.0046,delay,5
1777025834.964,0.752,0.004,-0.0046,delay,5
1777025834.968,0.752,0.004,-0.0046,delay,5
1777025834.968,0.752,0.004,-0.0046,delay,5
1777025834.968,0.752,0.004,-0.0046,delay,5
1777025834.973,0.752,0.004,-0.0046,delay,5
1777025834.973,0.752,0.004,-0.0046,delay,5
1777025834.973,0.752,0.004,-0.0046,delay,5
1777025834.973,0.752,0.004,-0.0046,delay,5
1777025834.980,0.752,0.004,-0.0046,delay,5
1777025834.984,0.752,0.004,-0.0046,delay,5
1777025834.984,0.752,0.004,-0.0046,delay,5
1777025834.984,0.752,0.004,-0.0046,delay,5
1777025834.989,0.752,0.004,-0.0046,delay,5
1777025834.989,0.752,0.004,-0.0046,delay,5
1777025834.989,0.752,0.004,-0.0046,delay,5
1777025834.989,0.752,0.004,-0.0046,delay,5
1777025834.994,0.752,0.004,-0.0046,delay,5
1777025834.994,0.752,0.004,-0.0046,delay,5
1777025834.994,0.752,0.004,-0.0046,delay,5
1777025834.999,0.752,0.004,-0.0046,delay,5
1777025834.999,0.752,0.004,-0.0046,delay,5
1777025835.004,0.752,0.004,-0.0046,delay,5
1777025835.004,0.752,0.004,-0.0046,delay,5
1777025835.009,0.752,0.004,-0.0046,delay,5
1777025835.009,0.752,0.004,-0.0046,delay,5
1777025835.009,0.752,0.004,-0.0046,delay,5
1777025835.013,0.752,0.004,-0.0046,delay,5
1777025835.013,0.752,0.004,-0.0046,delay,5
1777025835.013,0.752,0.004,-0.0046,delay,5
1777025835.018,0.752,0.004,-0.0046,delay,5
1777025835.018,0.752,0.004,-0.0046,delay,5
1777025835.018,0.752,0.004,-0.0046,delay,5
1777025835.018,0.752,0.004,-0.0046,delay,5
1777025835.023,0.752,0.004,-0.0046,delay,5
1777025835.023,0.752,0.004,-0.0046,delay,5
1777025835.023,0.752,0.004,-0.0046,delay,5
1777025835.023,0.752,0.004,-0.0046,delay,5
1777025835.028,0.752,0.004,-0.0046,drive_distance_meter,6
1777025835.028,0.752,0.004,-0.0046,drive_distance_meter,6
1777025835.034,0.752,0.004,-0.0046,drive_distance_meter,6
1777025835.039,0.752,0.004,-0.0046,drive_distance_meter,6
1777025835.039,0.752,0.004,-0.0046,drive_distance_meter,6
1777025835.039,0.752,0.004,-0.0046,drive_distance_meter,6
1777025835.043,0.752,0.004,-0.0046,drive_distance_meter,6
1777025835.043,0.752,0.004,-0.0046,drive_distance_meter,6
1777025835.049,0.752,0.004,-0.0046,drive_distance_meter,6
1777025835.054,0.752,0.004,-0.0046,drive_distance_meter,6
1777025835.054,0.752,0.004,-0.0046,drive_distance_meter,6
1777025835.054,0.752,0.004,-0.0046,drive_distance_meter,6
1777025835.059,0.753,0.004,-0.0058,drive_distance_meter,6
1777025835.059,0.753,0.004,-0.0058,drive_distance_meter,6
1777025835.064,0.754,0.004,-0.0046,drive_distance_meter,6
1777025835.064,0.754,0.004,-0.0046,drive_distance_meter,6
1777025835.068,0.755,0.004,-0.0012,drive_distance_meter,6
1777025835.068,0.755,0.004,-0.0012,drive_distance_meter,6
1777025835.068,0.755,0.004,-0.0012,drive_distance_meter,6
1777025835.074,0.755,0.004,-0.0000,drive_distance_meter,6
1777025835.074,0.755,0.004,-0.0000,drive_distance_meter,6
1777025835.079,0.756,0.004,0.0035,drive_distance_meter,6
1777025835.079,0.756,0.004,0.0035,drive_distance_meter,6
1777025835.084,0.757,0.004,0.0058,drive_distance_meter,6
1777025835.084,0.757,0.004,0.0058,drive_distance_meter,6
1777025835.089,0.758,0.004,0.0058,drive_distance_meter,6
1777025835.095,0.758,0.004,0.0046,drive_distance_meter,6
1777025835.095,0.758,0.004,0.0046,drive_distance_meter,6
1777025835.095,0.758,0.004,0.0046,drive_distance_meter,6
1777025835.099,0.759,0.004,0.0023,drive_distance_meter,6
1777025835.099,0.759,0.004,0.0023,drive_distance_meter,6
1777025835.099,0.759,0.004,0.0023,drive_distance_meter,6
1777025835.105,0.759,0.004,0.0012,drive_distance_meter,6
1777025835.105,0.759,0.004,0.0012,drive_distance_meter,6
1777025835.110,0.760,0.004,0.0012,drive_distance_meter,6
1777025835.110,0.760,0.004,0.0012,drive_distance_meter,6
1777025835.110,0.760,0.004,0.0012,drive_distance_meter,6
1777025835.114,0.761,0.004,0.0023,drive_distance_meter,6
1777025835.114,0.761,0.004,0.0023,drive_distance_meter,6
1777025835.124,0.763,0.004,0.0035,drive_distance_meter,6
1777025835.124,0.763,0.004,0.0035,drive_distance_meter,6
1777025835.124,0.763,0.004,0.0035,drive_distance_meter,6
1777025835.130,0.764,0.004,0.0035,drive_distance_meter,6
1777025835.134,0.766,0.004,0.0035,drive_distance_meter,6
1777025835.139,0.766,0.004,0.0046,drive_distance_meter,6
1777025835.139,0.766,0.004,0.0046,drive_distance_meter,6
1777025835.145,0.768,0.004,0.0035,drive_distance_meter,6
1777025835.149,0.769,0.004,0.0046,drive_distance_meter,6
1777025835.149,0.769,0.004,0.0046,drive_distance_meter,6
1777025835.149,0.769,0.004,0.0046,drive_distance_meter,6
1777025835.154,0.770,0.004,0.0046,drive_distance_meter,6
1777025835.154,0.770,0.004,0.0046,drive_distance_meter,6
1777025835.154,0.770,0.004,0.0046,drive_distance_meter,6
1777025835.160,0.772,0.004,0.0069,drive_distance_meter,6
1777025835.160,0.772,0.004,0.0069,drive_distance_meter,6
1777025835.164,0.773,0.004,0.0069,drive_distance_meter,6
1777025835.164,0.773,0.004,0.0069,drive_distance_meter,6
1777025835.164,0.773,0.004,0.0069,drive_distance_meter,6
1777025835.170,0.774,0.004,0.0069,drive_distance_meter,6
1777025835.170,0.774,0.004,0.0069,drive_distance_meter,6
1777025835.170,0.774,0.004,0.0069,drive_distance_meter,6
1777025835.170,0.774,0.004,0.0069,drive_distance_meter,6
1777025835.177,0.776,0.004,0.0081,drive_distance_meter,6
1777025835.184,0.779,0.004,0.0081,drive_distance_meter,6
1777025835.184,0.779,0.004,0.0081,drive_distance_meter,6
1777025835.190,0.780,0.004,0.0081,drive_distance_meter,6
1777025835.190,0.780,0.004,0.0081,drive_distance_meter,6
1777025835.194,0.782,0.004,0.0093,drive_distance_meter,6
1777025835.194,0.782,0.004,0.0093,drive_distance_meter,6
1777025835.194,0.782,0.004,0.0093,drive_distance_meter,6
1777025835.199,0.783,0.004,0.0104,drive_distance_meter,6
1777025835.199,0.783,0.004,0.0104,drive_distance_meter,6
1777025835.199,0.783,0.004,0.0104,drive_distance_meter,6
1777025835.204,0.785,0.004,0.0104,drive_distance_meter,6
1777025835.204,0.785,0.004,0.0104,drive_distance_meter,6
1777025835.210,0.787,0.004,0.0104,drive_distance_meter,6
1777025835.210,0.787,0.004,0.0104,drive_distance_meter,6
1777025835.214,0.789,0.004,0.0116,drive_distance_meter,6
1777025835.214,0.789,0.004,0.0116,drive_distance_meter,6
1777025835.219,0.790,0.004,0.0116,drive_distance_meter,6
1777025835.224,0.792,0.004,0.0104,drive_distance_meter,6
1777025835.224,0.792,0.004,0.0104,drive_distance_meter,6
1777025835.230,0.793,0.004,0.0116,drive_distance_meter,6
1777025835.230,0.793,0.004,0.0116,drive_distance_meter,6
1777025835.230,0.793,0.004,0.0116,drive_distance_meter,6
1777025835.234,0.795,0.004,0.0104,drive_distance_meter,6
1777025835.234,0.795,0.004,0.0104,drive_distance_meter,6
1777025835.234,0.795,0.004,0.0104,drive_distance_meter,6
1777025835.239,0.797,0.004,0.0104,drive_distance_meter,6
1777025835.245,0.799,0.004,0.0104,drive_distance_meter,6
1777025835.245,0.799,0.004,0.0104,drive_distance_meter,6
1777025835.245,0.799,0.004,0.0104,drive_distance_meter,6
1777025835.250,0.800,0.004,0.0104,drive_distance_meter,6
1777025835.250,0.800,0.004,0.0104,drive_distance_meter,6
1777025835.254,0.802,0.004,0.0116,drive_distance_meter,6
1777025835.254,0.802,0.004,0.0116,drive_distance_meter,6
1777025835.254,0.802,0.004,0.0116,drive_distance_meter,6
1777025835.260,0.803,0.004,0.0116,drive_distance_meter,6
1777025835.260,0.803,0.004,0.0116,drive_distance_meter,6
1777025835.260,0.803,0.004,0.0116,drive_distance_meter,6
1777025835.264,0.805,0.004,0.0104,drive_distance_meter,6
1777025835.270,0.807,0.004,0.0104,drive_distance_meter,6
1777025835.270,0.807,0.004,0.0104,drive_distance_meter,6
1777025835.270,0.807,0.004,0.0104,drive_distance_meter,6
1777025835.274,0.809,0.004,0.0104,drive_distance_meter,6
1777025835.274,0.809,0.004,0.0104,drive_distance_meter,6
1777025835.274,0.809,0.004,0.0104,drive_distance_meter,6
1777025835.274,0.809,0.004,0.0104,drive_distance_meter,6
1777025835.274,0.809,0.004,0.0104,drive_distance_meter,6
1777025835.274,0.809,0.004,0.0104,drive_distance_meter,6
1777025835.284,0.812,0.004,0.0104,drive_distance_meter,6
1777025835.284,0.812,0.004,0.0104,drive_distance_meter,6
1777025835.289,0.813,0.004,0.0104,drive_distance_meter,6
1777025835.289,0.813,0.004,0.0104,drive_distance_meter,6
1777025835.289,0.813,0.004,0.0104,drive_distance_meter,6
1777025835.294,0.816,0.005,0.0104,drive_distance_meter,6
1777025835.294,0.816,0.005,0.0104,drive_distance_meter,6
1777025835.294,0.816,0.005,0.0104,drive_distance_meter,6
1777025835.294,0.816,0.005,0.0104,drive_distance_meter,6
1777025835.294,0.816,0.005,0.0104,drive_distance_meter,6
1777025835.294,0.816,0.005,0.0104,drive_distance_meter,6
1777025835.305,0.819,0.005,0.0104,drive_distance_meter,6
1777025835.309,0.820,0.005,0.0104,drive_distance_meter,6
1777025835.309,0.820,0.005,0.0104,drive_distance_meter,6
1777025835.315,0.822,0.005,0.0104,drive_distance_meter,6
1777025835.315,0.822,0.005,0.0104,drive_distance_meter,6
1777025835.319,0.824,0.005,0.0104,drive_distance_meter,6
1777025835.319,0.824,0.005,0.0104,drive_distance_meter,6
1777025835.324,0.826,0.005,0.0116,drive_distance_meter,6
1777025835.324,0.826,0.005,0.0116,drive_distance_meter,6
1777025835.329,0.827,0.005,0.0116,drive_distance_meter,6
1777025835.329,0.827,0.005,0.0116,drive_distance_meter,6
1777025835.334,0.829,0.005,0.0127,drive_distance_meter,6
1777025835.334,0.829,0.005,0.0127,drive_distance_meter,6
1777025835.334,0.829,0.005,0.0127,drive_distance_meter,6
1777025835.340,0.830,0.005,0.0127,drive_distance_meter,6
1777025835.345,0.832,0.005,0.0127,drive_distance_meter,6
1777025835.349,0.834,0.005,0.0127,drive_distance_meter,6
1777025835.355,0.836,0.005,0.0139,drive_distance_meter,6
1777025835.355,0.836,0.005,0.0139,drive_distance_meter,6
1777025835.359,0.837,0.005,0.0139,drive_distance_meter,6
1777025835.359,0.837,0.005,0.0139,drive_distance_meter,6
1777025835.359,0.837,0.005,0.0139,drive_distance_meter,6
1777025835.364,0.839,0.005,0.0139,drive_distance_meter,6
1777025835.364,0.839,0.005,0.0139,drive_distance_meter,6
1777025835.364,0.839,0.005,0.0139,drive_distance_meter,6
1777025835.369,0.840,0.005,0.0139,drive_distance_meter,6
1777025835.369,0.840,0.005,0.0139,drive_distance_meter,6
1777025835.369,0.840,0.005,0.0139,drive_distance_meter,6
1777025835.374,0.842,0.005,0.0150,drive_distance_meter,6
1777025835.380,0.843,0.005,0.0150,drive_distance_meter,6
1777025835.380,0.843,0.005,0.0150,drive_distance_meter,6
1777025835.380,0.843,0.005,0.0150,drive_distance_meter,6
1777025835.384,0.845,0.005,0.0162,drive_distance_meter,6
1777025835.399,0.850,0.005,0.0173,drive_distance_meter,6
1777025835.399,0.850,0.005,0.0173,drive_distance_meter,6
1777025835.404,0.852,0.005,0.0173,drive_distance_meter,6
1777025835.404,0.852,0.005,0.0173,drive_distance_meter,6
1777025835.404,0.852,0.005,0.0173,drive_distance_meter,6
1777025835.409,0.853,0.005,0.0173,drive_distance_meter,6
1777025835.415,0.855,0.005,0.0185,drive_distance_meter,6
1777025835.415,0.855,0.005,0.0185,drive_distance_meter,6
1777025835.420,0.856,0.005,0.0185,drive_distance_meter,6
1777025835.420,0.856,0.005,0.0185,drive_distance_meter,6
1777025835.425,0.858,0.005,0.0197,drive_distance_meter,6
1777025835.425,0.858,0.005,0.0197,drive_distance_meter,6
1777025835.425,0.858,0.005,0.0197,drive_distance_meter,6
1777025835.430,0.859,0.005,0.0185,drive_distance_meter,6
1777025835.434,0.861,0.005,0.0185,drive_distance_meter,6
1777025835.434,0.861,0.005,0.0185,drive_distance_meter,6
1777025835.440,0.862,0.005,0.0197,drive_distance_meter,6
1777025835.440,0.862,0.005,0.0197,drive_distance_meter,6
1777025835.445,0.864,0.005,0.0208,drive_distance_meter,6
1777025835.445,0.864,0.005,0.0208,drive_distance_meter,6
1777025835.450,0.865,0.005,0.0208,drive_distance_meter,6
1777025835.450,0.865,0.005,0.0208,drive_distance_meter,6
1777025835.454,0.867,0.005,0.0208,drive_distance_meter,6
1777025835.454,0.867,0.005,0.0208,drive_distance_meter,6
1777025835.454,0.867,0.005,0.0208,drive_distance_meter,6
1777025835.460,0.868,0.005,0.0220,drive_distance_meter,6
1777025835.460,0.868,0.005,0.0220,drive_distance_meter,6
1777025835.465,0.870,0.005,0.0220,drive_distance_meter,6
1777025835.465,0.870,0.005,0.0220,drive_distance_meter,6
1777025835.469,0.872,0.005,0.0220,drive_distance_meter,6
1777025835.469,0.872,0.005,0.0220,drive_distance_meter,6
1777025835.469,0.872,0.005,0.0220,drive_distance_meter,6
1777025835.469,0.872,0.005,0.0220,drive_distance_meter,6
1777025835.469,0.872,0.005,0.0220,drive_distance_meter,6
1777025835.479,0.875,0.005,0.0220,drive_distance_meter,6
1777025835.484,0.877,0.006,0.0220,drive_distance_meter,6
1777025835.484,0.877,0.006,0.0220,drive_distance_meter,6
1777025835.484,0.877,0.006,0.0220,drive_distance_meter,6
1777025835.490,0.878,0.006,0.0220,drive_distance_meter,6
1777025835.490,0.878,0.006,0.0220,drive_distance_meter,6
1777025835.495,0.880,0.006,0.0220,drive_distance_meter,6
1777025835.495,0.880,0.006,0.0220,drive_distance_meter,6
1777025835.495,0.880,0.006,0.0220,drive_distance_meter,6
1777025835.500,0.881,0.006,0.0220,drive_distance_meter,6
1777025835.500,0.881,0.006,0.0220,drive_distance_meter,6
1777025835.500,0.881,0.006,0.0220,drive_distance_meter,6
1777025835.505,0.882,0.006,0.0231,drive_distance_meter,6
1777025835.505,0.882,0.006,0.0231,drive_distance_meter,6
1777025835.511,0.884,0.006,0.0231,drive_distance_meter,6
1777025835.515,0.885,0.006,0.0231,drive_distance_meter,6
1777025835.515,0.885,0.006,0.0231,drive_distance_meter,6
1777025835.519,0.887,0.006,0.0231,drive_distance_meter,6
1777025835.519,0.887,0.006,0.0231,drive_distance_meter,6
1777025835.525,0.889,0.006,0.0231,drive_distance_meter,6
1777025835.525,0.889,0.006,0.0231,drive_distance_meter,6
1777025835.525,0.889,0.006,0.0231,drive_distance_meter,6
1777025835.530,0.890,0.006,0.0231,drive_distance_meter,6
1777025835.530,0.890,0.006,0.0231,drive_distance_meter,6
1777025835.535,0.891,0.006,0.0231,drive_distance_meter,6
1777025835.535,0.891,0.006,0.0231,drive_distance_meter,6
1777025835.535,0.891,0.006,0.0231,drive_distance_meter,6
1777025835.540,0.893,0.006,0.0231,drive_distance_meter,6
1777025835.540,0.893,0.006,0.0231,drive_distance_meter,6
1777025835.544,0.894,0.006,0.0231,drive_distance_meter,6
1777025835.549,0.896,0.006,0.0220,drive_distance_meter,6
1777025835.549,0.896,0.006,0.0220,drive_distance_meter,6
1777025835.555,0.897,0.006,0.0220,drive_distance_meter,6
1777025835.555,0.897,0.006,0.0220,drive_distance_meter,6
1777025835.555,0.897,0.006,0.0220,drive_distance_meter,6
1777025835.559,0.898,0.006,0.0231,drive_distance_meter,6
1777025835.559,0.898,0.006,0.0231,drive_distance_meter,6
1777025835.559,0.898,0.006,0.0231,drive_distance_meter,6
1777025835.575,0.903,0.006,0.0231,drive_distance_meter,6
1777025835.575,0.903,0.006,0.0231,drive_distance_meter,6
1777025835.575,0.903,0.006,0.0231,drive_distance_meter,6
1777025835.580,0.904,0.006,0.0220,drive_distance_meter,6
1777025835.585,0.906,0.006,0.0231,drive_distance_meter,6
1777025835.595,0.909,0.006,0.0231,drive_distance_meter,6
1777025835.601,0.910,0.006,0.0243,drive_distance_meter,6
1777025835.601,0.910,0.006,0.0243,drive_distance_meter,6
1777025835.601,0.910,0.006,0.0243,drive_distance_meter,6
1777025835.621,0.916,0.006,0.0231,drive_distance_meter,6
1777025835.621,0.916,0.006,0.0231,drive_distance_meter,6
1777025835.625,0.918,0.006,0.0220,drive_distance_meter,6
1777025835.629,0.919,0.006,0.0231,drive_distance_meter,6
1777025835.629,0.919,0.006,0.0231,drive_distance_meter,6
1777025835.635,0.921,0.007,0.0220,drive_distance_meter,6
1777025835.639,0.922,0.007,0.0220,drive_distance_meter,6
1777025835.639,0.922,0.007,0.0220,drive_distance_meter,6
1777025835.639,0.922,0.007,0.0220,drive_distance_meter,6
1777025835.645,0.924,0.007,0.0220,drive_distance_meter,6
1777025835.645,0.924,0.007,0.0220,drive_distance_meter,6
1777025835.656,0.926,0.007,0.0220,drive_distance_meter,6
1777025835.666,0.929,0.007,0.0220,drive_distance_meter,6
1777025835.666,0.929,0.007,0.0220,drive_distance_meter,6
1777025835.670,0.931,0.007,0.0208,drive_distance_meter,6
1777025835.670,0.931,0.007,0.0208,drive_distance_meter,6
1777025835.670,0.931,0.007,0.0208,drive_distance_meter,6
1777025835.675,0.932,0.007,0.0208,drive_distance_meter,6
1777025835.680,0.934,0.007,0.0208,drive_distance_meter,6
1777025835.680,0.934,0.007,0.0208,drive_distance_meter,6
1777025835.684,0.935,0.007,0.0208,drive_distance_meter,6
1777025835.684,0.935,0.007,0.0208,drive_distance_meter,6
1777025835.684,0.935,0.007,0.0208,drive_distance_meter,6
1777025835.690,0.937,0.007,0.0208,drive_distance_meter,6
1777025835.690,0.937,0.007,0.0208,drive_distance_meter,6
1777025835.696,0.938,0.007,0.0208,drive_distance_meter,6
1777025835.700,0.940,0.007,0.0197,drive_distance_meter,6
1777025835.700,0.940,0.007,0.0197,drive_distance_meter,6
1777025835.705,0.941,0.007,0.0197,drive_distance_meter,6
1777025835.717,0.944,0.007,0.0185,drive_distance_meter,6
1777025835.725,0.947,0.007,0.0185,drive_distance_meter,6
1777025835.725,0.947,0.007,0.0185,drive_distance_meter,6
1777025835.725,0.947,0.007,0.0185,drive_distance_meter,6
1777025835.731,0.949,0.007,0.0185,drive_distance_meter,6
1777025835.731,0.949,0.007,0.0185,drive_distance_meter,6
1777025835.735,0.950,0.007,0.0173,drive_distance_meter,6
1777025835.740,0.952,0.007,0.0173,drive_distance_meter,6
1777025835.745,0.953,0.007,0.0173,drive_distance_meter,6
1777025835.745,0.953,0.007,0.0173,drive_distance_meter,6
1777025835.750,0.955,0.007,0.0173,drive_distance_meter,6
1777025835.750,0.955,0.007,0.0173,drive_distance_meter,6
1777025835.750,0.955,0.007,0.0173,drive_distance_meter,6
1777025835.756,0.956,0.007,0.0173,drive_distance_meter,6
1777025835.756,0.956,0.007,0.0173,drive_distance_meter,6
1777025835.759,0.958,0.007,0.0173,drive_distance_meter,6
1777025835.759,0.958,0.007,0.0173,drive_distance_meter,6
1777025835.765,0.959,0.007,0.0162,drive_distance_meter,6
1777025835.765,0.959,0.007,0.0162,drive_distance_meter,6
1777025835.765,0.959,0.007,0.0162,drive_distance_meter,6
1777025835.765,0.959,0.007,0.0162,drive_distance_meter,6
1777025835.770,0.961,0.007,0.0162,drive_distance_meter,6
1777025835.775,0.962,0.007,0.0162,drive_distance_meter,6
1777025835.775,0.962,0.007,0.0162,drive_distance_meter,6
1777025835.781,0.964,0.007,0.0162,drive_distance_meter,6
1777025835.781,0.964,0.007,0.0162,drive_distance_meter,6
1777025835.781,0.964,0.007,0.0162,drive_distance_meter,6
1777025835.791,0.967,0.007,0.0150,drive_distance_meter,6
1777025835.791,0.967,0.007,0.0150,drive_distance_meter,6
1777025835.795,0.968,0.007,0.0162,drive_distance_meter,6
1777025835.795,0.968,0.007,0.0162,drive_distance_meter,6
1777025835.795,0.968,0.007,0.0162,drive_distance_meter,6
1777025835.800,0.970,0.007,0.0150,drive_distance_meter,6
1777025835.800,0.970,0.007,0.0150,drive_distance_meter,6
1777025835.805,0.971,0.007,0.0139,drive_distance_meter,6
1777025835.805,0.971,0.007,0.0139,drive_distance_meter,6
1777025835.810,0.973,0.007,0.0139,drive_distance_meter,6
1777025835.816,0.974,0.007,0.0139,drive_distance_meter,6
1777025835.816,0.974,0.007,0.0139,drive_distance_meter,6
1777025835.821,0.976,0.008,0.0139,drive_distance_meter,6
1777025835.821,0.976,0.008,0.0139,drive_distance_meter,6
1777025835.827,0.977,0.008,0.0139,drive_distance_meter,6
1777025835.827,0.977,0.008,0.0139,drive_distance_meter,6
1777025835.831,0.979,0.008,0.0127,drive_distance_meter,6
1777025835.831,0.979,0.008,0.0127,drive_distance_meter,6
1777025835.835,0.980,0.008,0.0116,drive_distance_meter,6
1777025835.835,0.980,0.008,0.0116,drive_distance_meter,6
1777025835.841,0.982,0.008,0.0116,drive_distance_meter,6
1777025835.841,0.982,0.008,0.0116,drive_distance_meter,6
1777025835.845,0.983,0.008,0.0127,drive_distance_meter,6
1777025835.845,0.983,0.008,0.0127,drive_distance_meter,6
1777025835.850,0.985,0.008,0.0127,drive_distance_meter,6
1777025835.850,0.985,0.008,0.0127,drive_distance_meter,6
1777025835.850,0.985,0.008,0.0127,drive_distance_meter,6
1777025835.856,0.986,0.008,0.0116,drive_distance_meter,6
1777025835.856,0.986,0.008,0.0116,drive_distance_meter,6
1777025835.860,0.988,0.008,0.0127,drive_distance_meter,6
1777025835.860,0.988,0.008,0.0127,drive_distance_meter,6
1777025835.860,0.988,0.008,0.0127,drive_distance_meter,6
1777025835.860,0.988,0.008,0.0127,drive_distance_meter,6
1777025835.866,0.989,0.008,0.0116,drive_distance_meter,6
1777025835.871,0.991,0.008,0.0116,drive_distance_meter,6
1777025835.871,0.991,0.008,0.0116,drive_distance_meter,6
1777025835.875,0.992,0.008,0.0116,drive_distance_meter,6
1777025835.875,0.992,0.008,0.0116,drive_distance_meter,6
1777025835.880,0.994,0.008,0.0116,drive_distance_meter,6
1777025835.880,0.994,0.008,0.0116,drive_distance_meter,6
1777025835.880,0.994,0.008,0.0116,drive_distance_meter,6
1777025835.886,0.995,0.008,0.0116,drive_distance_meter,6
1777025835.891,0.997,0.008,0.0116,drive_distance_meter,6
1777025835.891,0.997,0.008,0.0116,drive_distance_meter,6
1777025835.895,0.998,0.008,0.0127,drive_distance_meter,6
1777025835.895,0.998,0.008,0.0127,drive_distance_meter,6
1777025835.895,0.998,0.008,0.0127,drive_distance_meter,6
1777025835.901,0.999,0.008,0.0116,drive_distance_meter,6
1777025835.901,0.999,0.008,0.0116,drive_distance_meter,6
1777025835.906,1.001,0.008,0.0116,drive_distance_meter,6
1777025835.906,1.001,0.008,0.0116,drive_distance_meter,6
1777025835.910,1.003,0.008,0.0116,drive_distance_meter,6
1777025835.910,1.003,0.008,0.0116,drive_distance_meter,6
1777025835.916,1.004,0.008,0.0104,drive_distance_meter,6
1777025835.920,1.006,0.008,0.0093,drive_distance_meter,6
1777025835.920,1.006,0.008,0.0093,drive_distance_meter,6
1777025835.920,1.006,0.008,0.0093,drive_distance_meter,6
1777025835.925,1.007,0.008,0.0104,drive_distance_meter,6
1777025835.925,1.007,0.008,0.0104,drive_distance_meter,6
1777025835.925,1.007,0.008,0.0104,drive_distance_meter,6
1777025835.931,1.009,0.008,0.0093,drive_distance_meter,6
1777025835.931,1.009,0.008,0.0093,drive_distance_meter,6
1777025835.935,1.010,0.008,0.0104,drive_distance_meter,6
1777025835.935,1.010,0.008,0.0104,drive_distance_meter,6
1777025835.941,1.012,0.008,0.0104,drive_distance_meter,6
1777025835.941,1.012,0.008,0.0104,drive_distance_meter,6
1777025835.945,1.013,0.008,0.0093,drive_distance_meter,6
1777025835.945,1.013,0.008,0.0093,drive_distance_meter,6
1777025835.945,1.013,0.008,0.0093,drive_distance_meter,6
1777025835.951,1.015,0.008,0.0093,drive_distance_meter,6
1777025835.951,1.015,0.008,0.0093,drive_distance_meter,6
1777025835.955,1.016,0.008,0.0093,drive_distance_meter,6
1777025835.955,1.016,0.008,0.0093,drive_distance_meter,6
1777025835.961,1.017,0.008,0.0081,drive_distance_meter,6
1777025835.961,1.017,0.008,0.0081,drive_distance_meter,6
1777025835.966,1.019,0.008,0.0093,drive_distance_meter,6
1777025835.966,1.019,0.008,0.0093,drive_distance_meter,6
1777025835.966,1.019,0.008,0.0093,drive_distance_meter,6
1777025835.971,1.020,0.008,0.0081,drive_distance_meter,6
1777025835.975,1.022,0.008,0.0081,drive_distance_meter,6
1777025835.980,1.023,0.008,0.0081,drive_distance_meter,6
1777025835.980,1.023,0.008,0.0081,drive_distance_meter,6
1777025835.980,1.023,0.008,0.0081,drive_distance_meter,6
1777025835.986,1.024,0.008,0.0069,drive_distance_meter,6
1777025835.986,1.024,0.008,0.0069,drive_distance_meter,6
1777025835.986,1.024,0.008,0.0069,drive_distance_meter,6
1777025835.991,1.026,0.008,0.0069,drive_distance_meter,6
1777025835.991,1.026,0.008,0.0069,drive_distance_meter,6
1777025835.991,1.026,0.008,0.0069,drive_distance_meter,6
1777025835.995,1.027,0.008,0.0069,drive_distance_meter,6
1777025836.000,1.029,0.008,0.0069,drive_distance_meter,6
1777025836.000,1.029,0.008,0.0069,drive_distance_meter,6
1777025836.005,1.030,0.008,0.0058,drive_distance_meter,6
1777025836.005,1.030,0.008,0.0058,drive_distance_meter,6
1777025836.010,1.032,0.008,0.0058,drive_distance_meter,6
1777025836.016,1.033,0.008,0.0058,drive_distance_meter,6
1777025836.016,1.033,0.008,0.0058,drive_distance_meter,6
1777025836.016,1.033,0.008,0.0058,drive_distance_meter,6
1777025836.021,1.035,0.008,0.0058,drive_distance_meter,6
1777025836.021,1.035,0.008,0.0058,drive_distance_meter,6
1777025836.021,1.035,0.008,0.0058,drive_distance_meter,6
1777025836.026,1.037,0.008,0.0058,drive_distance_meter,6
1777025836.026,1.037,0.008,0.0058,drive_distance_meter,6
1777025836.026,1.037,0.008,0.0058,drive_distance_meter,6
1777025836.031,1.038,0.008,0.0046,drive_distance_meter,6
1777025836.031,1.038,0.008,0.0046,drive_distance_meter,6
1777025836.035,1.039,0.008,0.0058,drive_distance_meter,6
1777025836.040,1.041,0.008,0.0035,drive_distance_meter,6
1777025836.040,1.041,0.008,0.0035,drive_distance_meter,6
1777025836.040,1.041,0.008,0.0035,drive_distance_meter,6
1777025836.050,1.044,0.008,0.0046,drive_distance_meter,6
1777025836.056,1.045,0.008,0.0046,drive_distance_meter,6
1777025836.061,1.047,0.008,0.0046,drive_distance_meter,6
1777025836.061,1.047,0.008,0.0046,drive_distance_meter,6
1777025836.061,1.047,0.008,0.0046,drive_distance_meter,6
1777025836.066,1.048,0.008,0.0046,drive_distance_meter,6
1777025836.066,1.048,0.008,0.0046,drive_distance_meter,6
1777025836.071,1.050,0.008,0.0046,drive_distance_meter,6
1777025836.071,1.050,0.008,0.0046,drive_distance_meter,6
1777025836.076,1.051,0.008,0.0035,drive_distance_meter,6
1777025836.076,1.051,0.008,0.0035,drive_distance_meter,6
1777025836.076,1.051,0.008,0.0035,drive_distance_meter,6
1777025836.082,1.053,0.008,0.0035,drive_distance_meter,6
1777025836.086,1.055,0.008,0.0046,drive_distance_meter,6
1777025836.086,1.055,0.008,0.0046,drive_distance_meter,6
1777025836.090,1.056,0.008,0.0035,drive_distance_meter,6
1777025836.096,1.058,0.008,0.0035,drive_distance_meter,6
1777025836.101,1.059,0.008,0.0035,drive_distance_meter,6
1777025836.101,1.059,0.008,0.0035,drive_distance_meter,6
1777025836.106,1.061,0.008,0.0035,drive_distance_meter,6
1777025836.110,1.062,0.008,0.0035,drive_distance_meter,6
1777025836.110,1.062,0.008,0.0035,drive_distance_meter,6
1777025836.110,1.062,0.008,0.0035,drive_distance_meter,6
1777025836.110,1.062,0.008,0.0035,drive_distance_meter,6
1777025836.110,1.062,0.008,0.0035,drive_distance_meter,6
1777025836.122,1.065,0.008,0.0023,drive_distance_meter,6
1777025836.126,1.067,0.008,0.0023,drive_distance_meter,6
1777025836.126,1.067,0.008,0.0023,drive_distance_meter,6
1777025836.131,1.068,0.008,0.0023,drive_distance_meter,6
1777025836.131,1.068,0.008,0.0023,drive_distance_meter,6
1777025836.135,1.070,0.008,0.0023,drive_distance_meter,6
1777025836.145,1.073,0.008,0.0023,drive_distance_meter,6
1777025836.145,1.073,0.008,0.0023,drive_distance_meter,6
1777025836.145,1.073,0.008,0.0023,drive_distance_meter,6
1777025836.151,1.074,0.008,0.0023,drive_distance_meter,6
1777025836.151,1.074,0.008,0.0023,drive_distance_meter,6
1777025836.156,1.076,0.008,0.0012,drive_distance_meter,6
1777025836.156,1.076,0.008,0.0012,drive_distance_meter,6
1777025836.156,1.076,0.008,0.0012,drive_distance_meter,6
1777025836.161,1.078,0.008,0.0012,drive_distance_meter,6
1777025836.161,1.078,0.008,0.0012,drive_distance_meter,6
1777025836.165,1.079,0.008,0.0012,drive_distance_meter,6
1777025836.165,1.079,0.008,0.0012,drive_distance_meter,6
1777025836.165,1.079,0.008,0.0012,drive_distance_meter,6
1777025836.171,1.080,0.008,0.0012,drive_distance_meter,6
1777025836.175,1.082,0.008,0.0012,drive_distance_meter,6
1777025836.175,1.082,0.008,0.0012,drive_distance_meter,6
1777025836.175,1.082,0.008,0.0012,drive_distance_meter,6
1777025836.184,1.084,0.008,0.0012,drive_distance_meter,6
1777025836.186,1.085,0.008,0.0012,drive_distance_meter,6
1777025836.186,1.085,0.008,0.0012,drive_distance_meter,6
1777025836.190,1.087,0.008,0.0012,drive_distance_meter,6
1777025836.190,1.087,0.008,0.0012,drive_distance_meter,6
1777025836.190,1.087,0.008,0.0012,drive_distance_meter,6
1777025836.196,1.088,0.008,0.0012,drive_distance_meter,6
1777025836.196,1.088,0.008,0.0012,drive_distance_meter,6
1777025836.200,1.090,0.008,-0.0000,drive_distance_meter,6
1777025836.200,1.090,0.008,-0.0000,drive_distance_meter,6
1777025836.200,1.090,0.008,-0.0000,drive_distance_meter,6
1777025836.206,1.091,0.008,0.0012,drive_distance_meter,6
1777025836.206,1.091,0.008,0.0012,drive_distance_meter,6
1777025836.211,1.093,0.008,0.0012,drive_distance_meter,6
1777025836.216,1.094,0.008,0.0012,drive_distance_meter,6
1777025836.220,1.096,0.008,0.0012,drive_distance_meter,6
1777025836.220,1.096,0.008,0.0012,drive_distance_meter,6
1777025836.220,1.096,0.008,0.0012,drive_distance_meter,6
1777025836.227,1.097,0.008,-0.0000,drive_distance_meter,6
1777025836.231,1.099,0.008,0.0012,drive_distance_meter,6
1777025836.231,1.099,0.008,0.0012,drive_distance_meter,6
1777025836.236,1.100,0.008,0.0012,drive_distance_meter,6
1777025836.236,1.100,0.008,0.0012,drive_distance_meter,6
1777025836.236,1.100,0.008,0.0012,drive_distance_meter,6
1777025836.241,1.102,0.008,-0.0000,drive_distance_meter,6
1777025836.246,1.103,0.008,-0.0000,drive_distance_meter,6
1777025836.246,1.103,0.008,-0.0000,drive_distance_meter,6
1777025836.246,1.103,0.008,-0.0000,drive_distance_meter,6
