% teensy communication to/from Teensy
% 1 	Time (sec) from system
% 2 	(Tx) Send to Teensy
%   	(Rx) Received from Teensy
%   	(Qu N) Put in queue to Teensy, now queue size N
% 3 	Message string queued, send or received
1773149667.7381 ## Connection to USB open
1773149667.7433 Txd ;35alive
1773149667.7439 Txd ;28hbti
1773149667.7445 Txd ;31leave
1773149667.7451 Rx ;30# USB back up at 10158.444s; went off at 10120.700s (since Teensy boot) as too long idle
1773149667.7456 Rx ;61hbt 10158.4453 105 1033 15.58 4 8 8.9 0.48 0
1773149667.7477 Qu 1 ;74!batcal 1.000000
1773149667.7481 Tx ;74!batcal 1.000000
1773149667.7493 Rx ;35# USB back up at 10158.449s; went off at 10120.700s (since Teensy boot) as too long idle
1773149667.7497 Rx ;04# 10158.449 Unhandled message: batcal 1.000000
1773149667.7500 Rx ;64confirm !batcal 1.000000
1773149667.7559 Qu 1 ;24!disp #  10.197.218.199
1773149667.7562 Tx ;24!disp #  10.197.218.199
1773149667.7574 Rx ;14confirm !disp #  10.197.218.199
1773149667.7583 Qu 1 ;95!enc0
1773149667.7587 Tx ;95!enc0
1773149667.7598 Rx ;85confirm !enc0
1773149667.8409 Qu 1 ;92!servo 1 -900 200
1773149667.8410 Qu 2 ;81!sub svo 50
1773149667.8416 Tx ;92!servo 1 -900 200
1773149667.8427 Rx ;82confirm !servo 1 -900 200
1773149667.8429 Tx ;81!sub svo 50
1773149667.8440 Rx ;71confirm !sub svo 50
1773149667.8441 Rx ;37svo 1 -2 200  0 0 0  0 0 0  0 0 0  0 0 0
1773149667.8937 Rx ;90svo 1 -52 200  0 0 0  0 0 0  0 0 0  0 0 0
1773149667.9435 Rx ;35svo 1 -102 200  0 0 0  0 0 0  0 0 0  0 0 0
1773149667.9936 Rx ;40svo 1 -152 200  0 0 0  0 0 0  0 0 0  0 0 0
1773149668.0435 Rx ;36svo 1 -202 200  0 0 0  0 0 0  0 0 0  0 0 0
1773149668.0941 Rx ;41svo 1 -252 200  0 0 0  0 0 0  0 0 0  0 0 0
1773149668.1437 Rx ;37svo 1 -302 200  0 0 0  0 0 0  0 0 0  0 0 0
1773149668.1949 Rx ;42svo 1 -352 200  0 0 0  0 0 0  0 0 0  0 0 0
1773149668.2435 Rx ;38svo 1 -402 200  0 0 0  0 0 0  0 0 0  0 0 0
1773149668.2940 Rx ;43svo 1 -452 200  0 0 0  0 0 0  0 0 0  0 0 0
1773149668.3435 Rx ;39svo 1 -502 200  0 0 0  0 0 0  0 0 0  0 0 0
1773149668.3936 Rx ;44svo 1 -552 200  0 0 0  0 0 0  0 0 0  0 0 0
1773149668.4443 Rx ;40svo 1 -602 200  0 0 0  0 0 0  0 0 0  0 0 0
1773149668.4936 Rx ;45svo 1 -652 200  0 0 0  0 0 0  0 0 0  0 0 0
1773149668.5440 Rx ;41svo 1 -702 200  0 0 0  0 0 0  0 0 0  0 0 0
1773149668.5941 Rx ;46svo 1 -752 200  0 0 0  0 0 0  0 0 0  0 0 0
1773149668.6443 Rx ;42svo 1 -802 200  0 0 0  0 0 0  0 0 0  0 0 0
1773149668.6943 Rx ;47svo 1 -852 200  0 0 0  0 0 0  0 0 0  0 0 0
1773149668.7411 Txd ;35alive
1773149668.7437 Rx ;41svo 1 -900 200  0 0 0  0 0 0  0 0 0  0 0 0
1773149668.7937 Rx ;41svo 1 -900 200  0 0 0  0 0 0  0 0 0  0 0 0
1773149668.8437 Rx ;41svo 1 -900 200  0 0 0  0 0 0  0 0 0  0 0 0
1773149668.8937 Rx ;41svo 1 -900 200  0 0 0  0 0 0  0 0 0  0 0 0
1773149668.9436 Rx ;41svo 1 -900 200  0 0 0  0 0 0  0 0 0  0 0 0
1773149668.9940 Rx ;41svo 1 -900 200  0 0 0  0 0 0  0 0 0  0 0 0
1773149669.0437 Rx ;41svo 1 -900 200  0 0 0  0 0 0  0 0 0  0 0 0
1773149669.0940 Rx ;41svo 1 -900 200  0 0 0  0 0 0  0 0 0  0 0 0
1773149669.1442 Rx ;41svo 1 -900 200  0 0 0  0 0 0  0 0 0  0 0 0
1773149669.1935 Rx ;41svo 1 -900 200  0 0 0  0 0 0  0 0 0  0 0 0
1773149669.2445 Rx ;41svo 1 -900 200  0 0 0  0 0 0  0 0 0  0 0 0
1773149669.2945 Rx ;41svo 1 -900 200  0 0 0  0 0 0  0 0 0  0 0 0
1773149669.3439 Rx ;41svo 1 -900 200  0 0 0  0 0 0  0 0 0  0 0 0
1773149669.3940 Rx ;41svo 1 -900 200  0 0 0  0 0 0  0 0 0  0 0 0
1773149669.4441 Rx ;41svo 1 -900 200  0 0 0  0 0 0  0 0 0  0 0 0
1773149669.4941 Rx ;41svo 1 -900 200  0 0 0  0 0 0  0 0 0  0 0 0
1773149669.5440 Rx ;41svo 1 -900 200  0 0 0  0 0 0  0 0 0  0 0 0
1773149669.5943 Rx ;41svo 1 -900 200  0 0 0  0 0 0  0 0 0  0 0 0
1773149669.6417 Txd ;35alive
1773149669.6444 Rx ;41svo 1 -900 200  0 0 0  0 0 0  0 0 0  0 0 0
1773149669.6943 Rx ;41svo 1 -900 200  0 0 0  0 0 0  0 0 0  0 0 0
1773149669.7443 Rx ;41svo 1 -900 200  0 0 0  0 0 0  0 0 0  0 0 0
1773149669.7942 Rx ;41svo 1 -900 200  0 0 0  0 0 0  0 0 0  0 0 0
1773149669.8442 Rx ;41svo 1 -900 200  0 0 0  0 0 0  0 0 0  0 0 0
1773149669.8941 Rx ;41svo 1 -900 200  0 0 0  0 0 0  0 0 0  0 0 0
1773149669.9441 Rx ;41svo 1 -900 200  0 0 0  0 0 0  0 0 0  0 0 0
1773149669.9935 Rx ;41svo 1 -900 200  0 0 0  0 0 0  0 0 0  0 0 0
1773149670.0444 Rx ;41svo 1 -900 200  0 0 0  0 0 0  0 0 0  0 0 0
1773149670.0944 Rx ;41svo 1 -900 200  0 0 0  0 0 0  0 0 0  0 0 0
1773149670.1444 Rx ;41svo 1 -900 200  0 0 0  0 0 0  0 0 0  0 0 0
1773149670.1936 Rx ;41svo 1 -900 200  0 0 0  0 0 0  0 0 0  0 0 0
1773149670.2436 Rx ;41svo 1 -900 200  0 0 0  0 0 0  0 0 0  0 0 0
1773149670.2936 Rx ;41svo 1 -900 200  0 0 0  0 0 0  0 0 0  0 0 0
1773149670.3435 Rx ;41svo 1 -900 200  0 0 0  0 0 0  0 0 0  0 0 0
1773149670.3939 Rx ;41svo 1 -900 200  0 0 0  0 0 0  0 0 0  0 0 0
1773149670.4438 Rx ;41svo 1 -900 200  0 0 0  0 0 0  0 0 0  0 0 0
1773149670.4937 Rx ;41svo 1 -900 200  0 0 0  0 0 0  0 0 0  0 0 0
1773149670.5426 Txd ;35alive
1773149670.5443 Rx ;41svo 1 -900 200  0 0 0  0 0 0  0 0 0  0 0 0
1773149670.5942 Rx ;41svo 1 -900 200  0 0 0  0 0 0  0 0 0  0 0 0
1773149670.6442 Rx ;41svo 1 -900 200  0 0 0  0 0 0  0 0 0  0 0 0
1773149670.6941 Rx ;41svo 1 -900 200  0 0 0  0 0 0  0 0 0  0 0 0
1773149670.7440 Rx ;41svo 1 -900 200  0 0 0  0 0 0  0 0 0  0 0 0
1773149670.7939 Rx ;41svo 1 -900 200  0 0 0  0 0 0  0 0 0  0 0 0
1773149670.8439 Rx ;41svo 1 -900 200  0 0 0  0 0 0  0 0 0  0 0 0
1773149670.8938 Rx ;41svo 1 -900 200  0 0 0  0 0 0  0 0 0  0 0 0
1773149670.9437 Rx ;41svo 1 -900 200  0 0 0  0 0 0  0 0 0  0 0 0
1773149670.9938 Rx ;41svo 1 -900 200  0 0 0  0 0 0  0 0 0  0 0 0
1773149671.0438 Rx ;41svo 1 -900 200  0 0 0  0 0 0  0 0 0  0 0 0
1773149671.0937 Rx ;41svo 1 -900 200  0 0 0  0 0 0  0 0 0  0 0 0
1773149671.1437 Rx ;41svo 1 -900 200  0 0 0  0 0 0  0 0 0  0 0 0
1773149671.1937 Rx ;41svo 1 -900 200  0 0 0  0 0 0  0 0 0  0 0 0
1773149671.2437 Rx ;41svo 1 -900 200  0 0 0  0 0 0  0 0 0  0 0 0
1773149671.2936 Rx ;41svo 1 -900 200  0 0 0  0 0 0  0 0 0  0 0 0
1773149671.3435 Rx ;41svo 1 -900 200  0 0 0  0 0 0  0 0 0  0 0 0
1773149671.3936 Rx ;41svo 1 -900 200  0 0 0  0 0 0  0 0 0  0 0 0
1773149671.4436 Txd ;35alive
1773149671.4441 Rx ;41svo 1 -900 200  0 0 0  0 0 0  0 0 0  0 0 0
1773149671.4941 Rx ;41svo 1 -900 200  0 0 0  0 0 0  0 0 0  0 0 0
1773149671.5441 Rx ;41svo 1 -900 200  0 0 0  0 0 0  0 0 0  0 0 0
1773149671.5942 Rx ;41svo 1 -900 200  0 0 0  0 0 0  0 0 0  0 0 0
1773149671.6441 Rx ;41svo 1 -900 200  0 0 0  0 0 0  0 0 0  0 0 0
1773149671.6941 Rx ;41svo 1 -900 200  0 0 0  0 0 0  0 0 0  0 0 0
1773149671.7440 Rx ;41svo 1 -900 200  0 0 0  0 0 0  0 0 0  0 0 0
1773149671.7940 Rx ;41svo 1 -900 200  0 0 0  0 0 0  0 0 0  0 0 0
1773149671.8436 Rx ;41svo 1 -900 200  0 0 0  0 0 0  0 0 0  0 0 0
1773149671.8937 Rx ;41svo 1 -900 200  0 0 0  0 0 0  0 0 0  0 0 0
1773149671.9436 Rx ;41svo 1 -900 200  0 0 0  0 0 0  0 0 0  0 0 0
1773149671.9947 Rx ;41svo 1 -900 200  0 0 0  0 0 0  0 0 0  0 0 0
1773149672.0436 Rx ;41svo 1 -900 200  0 0 0  0 0 0  0 0 0  0 0 0
1773149672.0946 Rx ;41svo 1 -900 200  0 0 0  0 0 0  0 0 0  0 0 0
1773149672.1446 Rx ;41svo 1 -900 200  0 0 0  0 0 0  0 0 0  0 0 0
1773149672.1945 Rx ;41svo 1 -900 200  0 0 0  0 0 0  0 0 0  0 0 0
1773149672.2445 Rx ;41svo 1 -900 200  0 0 0  0 0 0  0 0 0  0 0 0
1773149672.2944 Rx ;41svo 1 -900 200  0 0 0  0 0 0  0 0 0  0 0 0
1773149672.3444 Txd ;35alive
1773149672.3449 Rx ;41svo 1 -900 200  0 0 0  0 0 0  0 0 0  0 0 0
1773149672.3943 Rx ;41svo 1 -900 200  0 0 0  0 0 0  0 0 0  0 0 0
1773149672.4442 Rx ;41svo 1 -900 200  0 0 0  0 0 0  0 0 0  0 0 0
1773149672.4940 Rx ;41svo 1 -900 200  0 0 0  0 0 0  0 0 0  0 0 0
1773149672.5439 Rx ;41svo 1 -900 200  0 0 0  0 0 0  0 0 0  0 0 0
1773149672.5938 Rx ;41svo 1 -900 200  0 0 0  0 0 0  0 0 0  0 0 0
1773149672.6436 Rx ;41svo 1 -900 200  0 0 0  0 0 0  0 0 0  0 0 0
1773149672.6945 Rx ;41svo 1 -900 200  0 0 0  0 0 0  0 0 0  0 0 0
1773149672.7443 Rx ;41svo 1 -900 200  0 0 0  0 0 0  0 0 0  0 0 0
1773149672.7942 Rx ;41svo 1 -900 200  0 0 0  0 0 0  0 0 0  0 0 0
1773149672.8442 Rx ;41svo 1 -900 200  0 0 0  0 0 0  0 0 0  0 0 0
1773149672.8947 Rx ;41svo 1 -900 200  0 0 0  0 0 0  0 0 0  0 0 0
1773149672.9436 Rx ;41svo 1 -900 200  0 0 0  0 0 0  0 0 0  0 0 0
1773149672.9946 Rx ;41svo 1 -900 200  0 0 0  0 0 0  0 0 0  0 0 0
1773149673.0445 Rx ;41svo 1 -900 200  0 0 0  0 0 0  0 0 0  0 0 0
1773149673.0944 Rx ;41svo 1 -900 200  0 0 0  0 0 0  0 0 0  0 0 0
1773149673.1443 Rx ;41svo 1 -900 200  0 0 0  0 0 0  0 0 0  0 0 0
1773149673.1941 Rx ;41svo 1 -900 200  0 0 0  0 0 0  0 0 0  0 0 0
1773149673.2440 Rx ;41svo 1 -900 200  0 0 0  0 0 0  0 0 0  0 0 0
1773149673.2452 Txd ;35alive
1773149673.2945 Rx ;41svo 1 -900 200  0 0 0  0 0 0  0 0 0  0 0 0
1773149673.3444 Rx ;41svo 1 -900 200  0 0 0  0 0 0  0 0 0  0 0 0
1773149673.3942 Rx ;41svo 1 -900 200  0 0 0  0 0 0  0 0 0  0 0 0
1773149673.4440 Rx ;41svo 1 -900 200  0 0 0  0 0 0  0 0 0  0 0 0
1773149673.4940 Rx ;41svo 1 -900 200  0 0 0  0 0 0  0 0 0  0 0 0
1773149673.5439 Rx ;41svo 1 -900 200  0 0 0  0 0 0  0 0 0  0 0 0
1773149673.5938 Rx ;41svo 1 -900 200  0 0 0  0 0 0  0 0 0  0 0 0
1773149673.6443 Rx ;41svo 1 -900 200  0 0 0  0 0 0  0 0 0  0 0 0
1773149673.6940 Rx ;41svo 1 -900 200  0 0 0  0 0 0  0 0 0  0 0 0
1773149673.7437 Rx ;41svo 1 -900 200  0 0 0  0 0 0  0 0 0  0 0 0
1773149673.7942 Rx ;41svo 1 -900 200  0 0 0  0 0 0  0 0 0  0 0 0
1773149673.8441 Rx ;41svo 1 -900 200  0 0 0  0 0 0  0 0 0  0 0 0
1773149673.8938 Rx ;41svo 1 -900 200  0 0 0  0 0 0  0 0 0  0 0 0
1773149673.9445 Rx ;41svo 1 -900 200  0 0 0  0 0 0  0 0 0  0 0 0
1773149673.9945 Rx ;41svo 1 -900 200  0 0 0  0 0 0  0 0 0  0 0 0
1773149674.0443 Rx ;41svo 1 -900 200  0 0 0  0 0 0  0 0 0  0 0 0
1773149674.0940 Rx ;41svo 1 -900 200  0 0 0  0 0 0  0 0 0  0 0 0
1773149674.1445 Rx ;41svo 1 -900 200  0 0 0  0 0 0  0 0 0  0 0 0
1773149674.1458 Txd ;35alive
1773149674.1963 Rx ;41svo 1 -900 200  0 0 0  0 0 0  0 0 0  0 0 0
1773149674.2443 Rx ;41svo 1 -900 200  0 0 0  0 0 0  0 0 0  0 0 0
1773149674.2940 Rx ;41svo 1 -900 200  0 0 0  0 0 0  0 0 0  0 0 0
1773149674.3440 Rx ;41svo 1 -900 200  0 0 0  0 0 0  0 0 0  0 0 0
1773149674.3943 Rx ;41svo 1 -900 200  0 0 0  0 0 0  0 0 0  0 0 0
1773149674.4440 Rx ;41svo 1 -900 200  0 0 0  0 0 0  0 0 0  0 0 0
1773149674.4939 Rx ;41svo 1 -900 200  0 0 0  0 0 0  0 0 0  0 0 0
1773149674.5437 Rx ;41svo 1 -900 200  0 0 0  0 0 0  0 0 0  0 0 0
1773149674.5947 Rx ;41svo 1 -900 200  0 0 0  0 0 0  0 0 0  0 0 0
1773149674.6447 Rx ;41svo 1 -900 200  0 0 0  0 0 0  0 0 0  0 0 0
1773149674.6946 Rx ;41svo 1 -900 200  0 0 0  0 0 0  0 0 0  0 0 0
1773149674.7444 Rx ;41svo 1 -900 200  0 0 0  0 0 0  0 0 0  0 0 0
1773149674.7946 Rx ;41svo 1 -900 200  0 0 0  0 0 0  0 0 0  0 0 0
1773149674.8442 Rx ;41svo 1 -900 200  0 0 0  0 0 0  0 0 0  0 0 0
1773149674.8944 Rx ;41svo 1 -900 200  0 0 0  0 0 0  0 0 0  0 0 0
1773149674.9444 Rx ;41svo 1 -900 200  0 0 0  0 0 0  0 0 0  0 0 0
1773149674.9947 Rx ;41svo 1 -900 200  0 0 0  0 0 0  0 0 0  0 0 0
1773149675.0446 Rx ;41svo 1 -900 200  0 0 0  0 0 0  0 0 0  0 0 0
1773149675.0469 Txd ;35alive
1773149675.0944 Rx ;41svo 1 -900 200  0 0 0  0 0 0  0 0 0  0 0 0
1773149675.1443 Rx ;41svo 1 -900 200  0 0 0  0 0 0  0 0 0  0 0 0
1773149675.1943 Rx ;41svo 1 -900 200  0 0 0  0 0 0  0 0 0  0 0 0
1773149675.2441 Rx ;41svo 1 -900 200  0 0 0  0 0 0  0 0 0  0 0 0
1773149675.2941 Rx ;41svo 1 -900 200  0 0 0  0 0 0  0 0 0  0 0 0
1773149675.3440 Rx ;41svo 1 -900 200  0 0 0  0 0 0  0 0 0  0 0 0
1773149675.3943 Rx ;41svo 1 -900 200  0 0 0  0 0 0  0 0 0  0 0 0
1773149675.4442 Rx ;41svo 1 -900 200  0 0 0  0 0 0  0 0 0  0 0 0
1773149675.4942 Rx ;41svo 1 -900 200  0 0 0  0 0 0  0 0 0  0 0 0
1773149675.5441 Rx ;41svo 1 -900 200  0 0 0  0 0 0  0 0 0  0 0 0
1773149675.5942 Rx ;41svo 1 -900 200  0 0 0  0 0 0  0 0 0  0 0 0
1773149675.6441 Rx ;41svo 1 -900 200  0 0 0  0 0 0  0 0 0  0 0 0
1773149675.6941 Rx ;41svo 1 -900 200  0 0 0  0 0 0  0 0 0  0 0 0
1773149675.7440 Rx ;41svo 1 -900 200  0 0 0  0 0 0  0 0 0  0 0 0
1773149675.7947 Rx ;41svo 1 -900 200  0 0 0  0 0 0  0 0 0  0 0 0
1773149675.8447 Rx ;41svo 1 -900 200  0 0 0  0 0 0  0 0 0  0 0 0
1773149675.8947 Rx ;41svo 1 -900 200  0 0 0  0 0 0  0 0 0  0 0 0
1773149675.9447 Rx ;41svo 1 -900 200  0 0 0  0 0 0  0 0 0  0 0 0
1773149675.9481 Txd ;35alive
1773149675.9946 Rx ;41svo 1 -900 200  0 0 0  0 0 0  0 0 0  0 0 0
1773149676.0445 Rx ;41svo 1 -900 200  0 0 0  0 0 0  0 0 0  0 0 0
1773149676.0945 Rx ;41svo 1 -900 200  0 0 0  0 0 0  0 0 0  0 0 0
1773149676.1445 Rx ;41svo 1 -900 200  0 0 0  0 0 0  0 0 0  0 0 0
1773149676.1945 Rx ;41svo 1 -900 200  0 0 0  0 0 0  0 0 0  0 0 0
1773149676.2444 Rx ;41svo 1 -900 200  0 0 0  0 0 0  0 0 0  0 0 0
1773149676.2944 Rx ;41svo 1 -900 200  0 0 0  0 0 0  0 0 0  0 0 0
1773149676.3443 Rx ;41svo 1 -900 200  0 0 0  0 0 0  0 0 0  0 0 0
1773149676.3942 Rx ;41svo 1 -900 200  0 0 0  0 0 0  0 0 0  0 0 0
1773149676.4442 Rx ;41svo 1 -900 200  0 0 0  0 0 0  0 0 0  0 0 0
1773149676.4943 Rx ;41svo 1 -900 200  0 0 0  0 0 0  0 0 0  0 0 0
1773149676.5443 Rx ;41svo 1 -900 200  0 0 0  0 0 0  0 0 0  0 0 0
1773149676.5946 Rx ;41svo 1 -900 200  0 0 0  0 0 0  0 0 0  0 0 0
1773149676.6446 Rx ;41svo 1 -900 200  0 0 0  0 0 0  0 0 0  0 0 0
1773149676.6945 Rx ;41svo 1 -900 200  0 0 0  0 0 0  0 0 0  0 0 0
1773149676.7445 Rx ;41svo 1 -900 200  0 0 0  0 0 0  0 0 0  0 0 0
1773149676.7947 Rx ;41svo 1 -900 200  0 0 0  0 0 0  0 0 0  0 0 0
1773149676.7966 Qu 1 ;90!servo 1 -250 200
1773149676.7972 Tx ;90!servo 1 -250 200
1773149676.7985 Rx ;80confirm !servo 1 -250 200
1773149676.8445 Rx ;49svo 1 -854 200  0 0 0  0 0 0  0 0 0  0 0 0
1773149676.8947 Rx ;44svo 1 -804 200  0 0 0  0 0 0  0 0 0  0 0 0
1773149676.9447 Rx ;48svo 1 -754 200  0 0 0  0 0 0  0 0 0  0 0 0
1773149676.9938 Rx ;43svo 1 -704 200  0 0 0  0 0 0  0 0 0  0 0 0
1773149677.0437 Rx ;47svo 1 -654 200  0 0 0  0 0 0  0 0 0  0 0 0
1773149677.0948 Rx ;42svo 1 -604 200  0 0 0  0 0 0  0 0 0  0 0 0
1773149677.1447 Rx ;46svo 1 -554 200  0 0 0  0 0 0  0 0 0  0 0 0
1773149677.1947 Rx ;41svo 1 -504 200  0 0 0  0 0 0  0 0 0  0 0 0
1773149677.2447 Rx ;45svo 1 -454 200  0 0 0  0 0 0  0 0 0  0 0 0
1773149677.2946 Rx ;40svo 1 -404 200  0 0 0  0 0 0  0 0 0  0 0 0
1773149677.3445 Rx ;44svo 1 -354 200  0 0 0  0 0 0  0 0 0  0 0 0
1773149677.3944 Rx ;39svo 1 -304 200  0 0 0  0 0 0  0 0 0  0 0 0
1773149677.4444 Rx ;43svo 1 -254 200  0 0 0  0 0 0  0 0 0  0 0 0
1773149677.4943 Rx ;39svo 1 -250 200  0 0 0  0 0 0  0 0 0  0 0 0
1773149677.5441 Rx ;39svo 1 -250 200  0 0 0  0 0 0  0 0 0  0 0 0
1773149677.5940 Rx ;39svo 1 -250 200  0 0 0  0 0 0  0 0 0  0 0 0
1773149677.6439 Rx ;39svo 1 -250 200  0 0 0  0 0 0  0 0 0  0 0 0
1773149677.6938 Rx ;39svo 1 -250 200  0 0 0  0 0 0  0 0 0  0 0 0
1773149677.6971 Txd ;35alive
1773149677.7442 Rx ;39svo 1 -250 200  0 0 0  0 0 0  0 0 0  0 0 0
1773149677.7945 Rx ;39svo 1 -250 200  0 0 0  0 0 0  0 0 0  0 0 0
1773149677.8441 Rx ;39svo 1 -250 200  0 0 0  0 0 0  0 0 0  0 0 0
1773149677.8941 Rx ;39svo 1 -250 200  0 0 0  0 0 0  0 0 0  0 0 0
1773149677.9439 Rx ;39svo 1 -250 200  0 0 0  0 0 0  0 0 0  0 0 0
1773149677.9939 Rx ;39svo 1 -250 200  0 0 0  0 0 0  0 0 0  0 0 0
1773149678.0438 Rx ;39svo 1 -250 200  0 0 0  0 0 0  0 0 0  0 0 0
1773149678.0948 Rx ;39svo 1 -250 200  0 0 0  0 0 0  0 0 0  0 0 0
1773149678.1447 Rx ;39svo 1 -250 200  0 0 0  0 0 0  0 0 0  0 0 0
1773149678.1948 Rx ;39svo 1 -250 200  0 0 0  0 0 0  0 0 0  0 0 0
1773149678.2448 Rx ;39svo 1 -250 200  0 0 0  0 0 0  0 0 0  0 0 0
1773149678.2947 Rx ;39svo 1 -250 200  0 0 0  0 0 0  0 0 0  0 0 0
1773149678.3446 Rx ;39svo 1 -250 200  0 0 0  0 0 0  0 0 0  0 0 0
1773149678.3947 Rx ;39svo 1 -250 200  0 0 0  0 0 0  0 0 0  0 0 0
1773149678.4447 Rx ;39svo 1 -250 200  0 0 0  0 0 0  0 0 0  0 0 0
1773149678.4946 Rx ;39svo 1 -250 200  0 0 0  0 0 0  0 0 0  0 0 0
1773149678.5446 Rx ;39svo 1 -250 200  0 0 0  0 0 0  0 0 0  0 0 0
1773149678.5946 Rx ;39svo 1 -250 200  0 0 0  0 0 0  0 0 0  0 0 0
1773149678.5979 Txd ;35alive
1773149678.6440 Rx ;39svo 1 -250 200  0 0 0  0 0 0  0 0 0  0 0 0
1773149678.6939 Rx ;39svo 1 -250 200  0 0 0  0 0 0  0 0 0  0 0 0
1773149678.7448 Rx ;39svo 1 -250 200  0 0 0  0 0 0  0 0 0  0 0 0
1773149678.7947 Rx ;39svo 1 -250 200  0 0 0  0 0 0  0 0 0  0 0 0
1773149678.8448 Rx ;39svo 1 -250 200  0 0 0  0 0 0  0 0 0  0 0 0
1773149678.8943 Rx ;39svo 1 -250 200  0 0 0  0 0 0  0 0 0  0 0 0
1773149678.9442 Rx ;39svo 1 -250 200  0 0 0  0 0 0  0 0 0  0 0 0
1773149678.9945 Rx ;39svo 1 -250 200  0 0 0  0 0 0  0 0 0  0 0 0
1773149679.0444 Rx ;39svo 1 -250 200  0 0 0  0 0 0  0 0 0  0 0 0
1773149679.0944 Rx ;39svo 1 -250 200  0 0 0  0 0 0  0 0 0  0 0 0
1773149679.1443 Rx ;39svo 1 -250 200  0 0 0  0 0 0  0 0 0  0 0 0
1773149679.1944 Rx ;39svo 1 -250 200  0 0 0  0 0 0  0 0 0  0 0 0
1773149679.2448 Rx ;39svo 1 -250 200  0 0 0  0 0 0  0 0 0  0 0 0
1773149679.2946 Rx ;39svo 1 -250 200  0 0 0  0 0 0  0 0 0  0 0 0
1773149679.3442 Rx ;39svo 1 -250 200  0 0 0  0 0 0  0 0 0  0 0 0
1773149679.3945 Rx ;39svo 1 -250 200  0 0 0  0 0 0  0 0 0  0 0 0
1773149679.4449 Rx ;39svo 1 -250 200  0 0 0  0 0 0  0 0 0  0 0 0
1773149679.4945 Rx ;39svo 1 -250 200  0 0 0  0 0 0  0 0 0  0 0 0
1773149679.4989 Txd ;35alive
1773149679.5446 Rx ;39svo 1 -250 200  0 0 0  0 0 0  0 0 0  0 0 0
1773149679.5949 Rx ;39svo 1 -250 200  0 0 0  0 0 0  0 0 0  0 0 0
1773149679.6442 Rx ;39svo 1 -250 200  0 0 0  0 0 0  0 0 0  0 0 0
1773149679.6941 Rx ;39svo 1 -250 200  0 0 0  0 0 0  0 0 0  0 0 0
1773149679.7441 Rx ;39svo 1 -250 200  0 0 0  0 0 0  0 0 0  0 0 0
1773149679.7943 Rx ;39svo 1 -250 200  0 0 0  0 0 0  0 0 0  0 0 0
1773149679.8443 Rx ;39svo 1 -250 200  0 0 0  0 0 0  0 0 0  0 0 0
1773149679.8943 Rx ;39svo 1 -250 200  0 0 0  0 0 0  0 0 0  0 0 0
1773149679.9440 Rx ;39svo 1 -250 200  0 0 0  0 0 0  0 0 0  0 0 0
1773149679.9944 Rx ;39svo 1 -250 200  0 0 0  0 0 0  0 0 0  0 0 0
1773149680.0443 Rx ;39svo 1 -250 200  0 0 0  0 0 0  0 0 0  0 0 0
1773149680.0941 Rx ;39svo 1 -250 200  0 0 0  0 0 0  0 0 0  0 0 0
1773149680.1440 Rx ;39svo 1 -250 200  0 0 0  0 0 0  0 0 0  0 0 0
1773149680.1941 Rx ;39svo 1 -250 200  0 0 0  0 0 0  0 0 0  0 0 0
1773149680.2440 Rx ;39svo 1 -250 200  0 0 0  0 0 0  0 0 0  0 0 0
1773149680.2940 Rx ;39svo 1 -250 200  0 0 0  0 0 0  0 0 0  0 0 0
1773149680.3440 Rx ;39svo 1 -250 200  0 0 0  0 0 0  0 0 0  0 0 0
1773149680.3940 Rx ;39svo 1 -250 200  0 0 0  0 0 0  0 0 0  0 0 0
1773149680.4005 Txd ;35alive
1773149680.4445 Rx ;39svo 1 -250 200  0 0 0  0 0 0  0 0 0  0 0 0
1773149680.4945 Rx ;39svo 1 -250 200  0 0 0  0 0 0  0 0 0  0 0 0
1773149680.5444 Rx ;39svo 1 -250 200  0 0 0  0 0 0  0 0 0  0 0 0
1773149680.5944 Rx ;39svo 1 -250 200  0 0 0  0 0 0  0 0 0  0 0 0
1773149680.6443 Rx ;39svo 1 -250 200  0 0 0  0 0 0  0 0 0  0 0 0
1773149680.6942 Rx ;39svo 1 -250 200  0 0 0  0 0 0  0 0 0  0 0 0
1773149680.7440 Rx ;39svo 1 -250 200  0 0 0  0 0 0  0 0 0  0 0 0
1773149680.7941 Rx ;39svo 1 -250 200  0 0 0  0 0 0  0 0 0  0 0 0
1773149680.8440 Rx ;39svo 1 -250 200  0 0 0  0 0 0  0 0 0  0 0 0
1773149680.8939 Rx ;39svo 1 -250 200  0 0 0  0 0 0  0 0 0  0 0 0
1773149680.9450 Rx ;39svo 1 -250 200  0 0 0  0 0 0  0 0 0  0 0 0
1773149680.9941 Rx ;39svo 1 -250 200  0 0 0  0 0 0  0 0 0  0 0 0
1773149681.0440 Rx ;39svo 1 -250 200  0 0 0  0 0 0  0 0 0  0 0 0
1773149681.0940 Rx ;39svo 1 -250 200  0 0 0  0 0 0  0 0 0  0 0 0
1773149681.1440 Rx ;39svo 1 -250 200  0 0 0  0 0 0  0 0 0  0 0 0
1773149681.1941 Rx ;39svo 1 -250 200  0 0 0  0 0 0  0 0 0  0 0 0
1773149681.2440 Rx ;39svo 1 -250 200  0 0 0  0 0 0  0 0 0  0 0 0
1773149681.2949 Rx ;39svo 1 -250 200  0 0 0  0 0 0  0 0 0  0 0 0
1773149681.3014 Txd ;35alive
1773149681.3444 Rx ;39svo 1 -250 200  0 0 0  0 0 0  0 0 0  0 0 0
1773149681.3944 Rx ;39svo 1 -250 200  0 0 0  0 0 0  0 0 0  0 0 0
1773149681.4444 Rx ;39svo 1 -250 200  0 0 0  0 0 0  0 0 0  0 0 0
1773149681.4943 Rx ;39svo 1 -250 200  0 0 0  0 0 0  0 0 0  0 0 0
1773149681.5443 Rx ;39svo 1 -250 200  0 0 0  0 0 0  0 0 0  0 0 0
1773149681.5943 Rx ;39svo 1 -250 200  0 0 0  0 0 0  0 0 0  0 0 0
1773149681.6442 Rx ;39svo 1 -250 200  0 0 0  0 0 0  0 0 0  0 0 0
1773149681.6941 Rx ;39svo 1 -250 200  0 0 0  0 0 0  0 0 0  0 0 0
1773149681.7441 Rx ;39svo 1 -250 200  0 0 0  0 0 0  0 0 0  0 0 0
1773149681.7940 Rx ;39svo 1 -250 200  0 0 0  0 0 0  0 0 0  0 0 0
1773149681.8447 Rx ;39svo 1 -250 200  0 0 0  0 0 0  0 0 0  0 0 0
1773149681.8944 Rx ;39svo 1 -250 200  0 0 0  0 0 0  0 0 0  0 0 0
1773149681.9443 Rx ;39svo 1 -250 200  0 0 0  0 0 0  0 0 0  0 0 0
1773149681.9944 Rx ;39svo 1 -250 200  0 0 0  0 0 0  0 0 0  0 0 0
1773149682.0443 Rx ;39svo 1 -250 200  0 0 0  0 0 0  0 0 0  0 0 0
1773149682.0943 Rx ;39svo 1 -250 200  0 0 0  0 0 0  0 0 0  0 0 0
1773149682.1443 Rx ;39svo 1 -250 200  0 0 0  0 0 0  0 0 0  0 0 0
1773149682.1944 Rx ;39svo 1 -250 200  0 0 0  0 0 0  0 0 0  0 0 0
1773149682.2030 Txd ;35alive
1773149682.2449 Rx ;39svo 1 -250 200  0 0 0  0 0 0  0 0 0  0 0 0
1773149682.2949 Rx ;39svo 1 -250 200  0 0 0  0 0 0  0 0 0  0 0 0
1773149682.3448 Rx ;39svo 1 -250 200  0 0 0  0 0 0  0 0 0  0 0 0
1773149682.3949 Rx ;39svo 1 -250 200  0 0 0  0 0 0  0 0 0  0 0 0
1773149682.4449 Rx ;39svo 1 -250 200  0 0 0  0 0 0  0 0 0  0 0 0
1773149682.4948 Rx ;39svo 1 -250 200  0 0 0  0 0 0  0 0 0  0 0 0
1773149682.5448 Rx ;39svo 1 -250 200  0 0 0  0 0 0  0 0 0  0 0 0
1773149682.5949 Rx ;39svo 1 -250 200  0 0 0  0 0 0  0 0 0  0 0 0
1773149682.6448 Rx ;39svo 1 -250 200  0 0 0  0 0 0  0 0 0  0 0 0
1773149682.6947 Rx ;39svo 1 -250 200  0 0 0  0 0 0  0 0 0  0 0 0
1773149682.7448 Rx ;39svo 1 -250 200  0 0 0  0 0 0  0 0 0  0 0 0
1773149682.7949 Rx ;39svo 1 -250 200  0 0 0  0 0 0  0 0 0  0 0 0
1773149682.8449 Rx ;39svo 1 -250 200  0 0 0  0 0 0  0 0 0  0 0 0
1773149682.8950 Rx ;39svo 1 -250 200  0 0 0  0 0 0  0 0 0  0 0 0
1773149682.9448 Rx ;39svo 1 -250 200  0 0 0  0 0 0  0 0 0  0 0 0
1773149682.9947 Rx ;39svo 1 -250 200  0 0 0  0 0 0  0 0 0  0 0 0
1773149683.0447 Rx ;39svo 1 -250 200  0 0 0  0 0 0  0 0 0  0 0 0
1773149683.0946 Rx ;39svo 1 -250 200  0 0 0  0 0 0  0 0 0  0 0 0
1773149683.1043 Txd ;35alive
1773149683.1441 Rx ;39svo 1 -250 200  0 0 0  0 0 0  0 0 0  0 0 0
1773149683.1942 Rx ;39svo 1 -250 200  0 0 0  0 0 0  0 0 0  0 0 0
1773149683.2442 Rx ;39svo 1 -250 200  0 0 0  0 0 0  0 0 0  0 0 0
1773149683.2941 Rx ;39svo 1 -250 200  0 0 0  0 0 0  0 0 0  0 0 0
1773149683.3440 Rx ;39svo 1 -250 200  0 0 0  0 0 0  0 0 0  0 0 0
1773149683.3941 Rx ;39svo 1 -250 200  0 0 0  0 0 0  0 0 0  0 0 0
1773149683.4440 Rx ;39svo 1 -250 200  0 0 0  0 0 0  0 0 0  0 0 0
1773149683.4940 Rx ;39svo 1 -250 200  0 0 0  0 0 0  0 0 0  0 0 0
1773149683.5450 Rx ;39svo 1 -250 200  0 0 0  0 0 0  0 0 0  0 0 0
1773149683.5949 Rx ;39svo 1 -250 200  0 0 0  0 0 0  0 0 0  0 0 0
1773149683.6449 Rx ;39svo 1 -250 200  0 0 0  0 0 0  0 0 0  0 0 0
1773149683.6948 Rx ;39svo 1 -250 200  0 0 0  0 0 0  0 0 0  0 0 0
1773149683.7447 Rx ;39svo 1 -250 200  0 0 0  0 0 0  0 0 0  0 0 0
1773149683.7947 Rx ;39svo 1 -250 200  0 0 0  0 0 0  0 0 0  0 0 0
1773149683.8447 Rx ;39svo 1 -250 200  0 0 0  0 0 0  0 0 0  0 0 0
1773149683.8947 Rx ;39svo 1 -250 200  0 0 0  0 0 0  0 0 0  0 0 0
1773149683.9446 Rx ;39svo 1 -250 200  0 0 0  0 0 0  0 0 0  0 0 0
1773149683.9946 Rx ;39svo 1 -250 200  0 0 0  0 0 0  0 0 0  0 0 0
1773149684.0054 Txd ;35alive
1773149684.0441 Rx ;39svo 1 -250 200  0 0 0  0 0 0  0 0 0  0 0 0
1773149684.0941 Rx ;39svo 1 -250 200  0 0 0  0 0 0  0 0 0  0 0 0
1773149684.1441 Rx ;39svo 1 -250 200  0 0 0  0 0 0  0 0 0  0 0 0
1773149684.1943 Rx ;39svo 1 -250 200  0 0 0  0 0 0  0 0 0  0 0 0
1773149684.2442 Rx ;39svo 1 -250 200  0 0 0  0 0 0  0 0 0  0 0 0
1773149684.2941 Rx ;39svo 1 -250 200  0 0 0  0 0 0  0 0 0  0 0 0
1773149684.3440 Rx ;39svo 1 -250 200  0 0 0  0 0 0  0 0 0  0 0 0
1773149684.3940 Rx ;39svo 1 -250 200  0 0 0  0 0 0  0 0 0  0 0 0
1773149684.4446 Rx ;39svo 1 -250 200  0 0 0  0 0 0  0 0 0  0 0 0
1773149684.4944 Rx ;39svo 1 -250 200  0 0 0  0 0 0  0 0 0  0 0 0
1773149684.5446 Rx ;39svo 1 -250 200  0 0 0  0 0 0  0 0 0  0 0 0
1773149684.5946 Rx ;39svo 1 -250 200  0 0 0  0 0 0  0 0 0  0 0 0
1773149684.6445 Rx ;39svo 1 -250 200  0 0 0  0 0 0  0 0 0  0 0 0
1773149684.6950 Rx ;39svo 1 -250 200  0 0 0  0 0 0  0 0 0  0 0 0
1773149684.7451 Rx ;39svo 1 -250 200  0 0 0  0 0 0  0 0 0  0 0 0
1773149684.7947 Rx ;39svo 1 -250 200  0 0 0  0 0 0  0 0 0  0 0 0
1773149684.8441 Rx ;39svo 1 -250 200  0 0 0  0 0 0  0 0 0  0 0 0
1773149684.8944 Rx ;39svo 1 -250 200  0 0 0  0 0 0  0 0 0  0 0 0
1773149684.9062 Txd ;35alive
1773149684.9450 Rx ;39svo 1 -250 200  0 0 0  0 0 0  0 0 0  0 0 0
1773149684.9944 Rx ;39svo 1 -250 200  0 0 0  0 0 0  0 0 0  0 0 0
1773149685.0448 Rx ;39svo 1 -250 200  0 0 0  0 0 0  0 0 0  0 0 0
1773149685.0948 Rx ;39svo 1 -250 200  0 0 0  0 0 0  0 0 0  0 0 0
1773149685.1447 Rx ;39svo 1 -250 200  0 0 0  0 0 0  0 0 0  0 0 0
1773149685.1947 Rx ;39svo 1 -250 200  0 0 0  0 0 0  0 0 0  0 0 0
1773149685.2447 Rx ;39svo 1 -250 200  0 0 0  0 0 0  0 0 0  0 0 0
1773149685.2946 Rx ;39svo 1 -250 200  0 0 0  0 0 0  0 0 0  0 0 0
1773149685.3445 Rx ;39svo 1 -250 200  0 0 0  0 0 0  0 0 0  0 0 0
1773149685.3945 Rx ;39svo 1 -250 200  0 0 0  0 0 0  0 0 0  0 0 0
1773149685.4445 Rx ;39svo 1 -250 200  0 0 0  0 0 0  0 0 0  0 0 0
1773149685.4944 Rx ;39svo 1 -250 200  0 0 0  0 0 0  0 0 0  0 0 0
1773149685.5444 Rx ;39svo 1 -250 200  0 0 0  0 0 0  0 0 0  0 0 0
1773149685.5944 Rx ;39svo 1 -250 200  0 0 0  0 0 0  0 0 0  0 0 0
1773149685.6443 Rx ;39svo 1 -250 200  0 0 0  0 0 0  0 0 0  0 0 0
1773149685.6943 Rx ;39svo 1 -250 200  0 0 0  0 0 0  0 0 0  0 0 0
1773149685.7442 Rx ;39svo 1 -250 200  0 0 0  0 0 0  0 0 0  0 0 0
1773149685.7943 Rx ;39svo 1 -250 200  0 0 0  0 0 0  0 0 0  0 0 0
1773149685.8071 Txd ;35alive
1773149685.8447 Rx ;39svo 1 -250 200  0 0 0  0 0 0  0 0 0  0 0 0
1773149685.8946 Rx ;39svo 1 -250 200  0 0 0  0 0 0  0 0 0  0 0 0
1773149685.9445 Rx ;39svo 1 -250 200  0 0 0  0 0 0  0 0 0  0 0 0
1773149685.9946 Rx ;39svo 1 -250 200  0 0 0  0 0 0  0 0 0  0 0 0
1773149686.0446 Rx ;39svo 1 -250 200  0 0 0  0 0 0  0 0 0  0 0 0
1773149686.0944 Rx ;39svo 1 -250 200  0 0 0  0 0 0  0 0 0  0 0 0
1773149686.1443 Rx ;39svo 1 -250 200  0 0 0  0 0 0  0 0 0  0 0 0
1773149686.1943 Rx ;39svo 1 -250 200  0 0 0  0 0 0  0 0 0  0 0 0
1773149686.2443 Rx ;39svo 1 -250 200  0 0 0  0 0 0  0 0 0  0 0 0
1773149686.2942 Rx ;39svo 1 -250 200  0 0 0  0 0 0  0 0 0  0 0 0
1773149686.3441 Rx ;39svo 1 -250 200  0 0 0  0 0 0  0 0 0  0 0 0
1773149686.3941 Rx ;39svo 1 -250 200  0 0 0  0 0 0  0 0 0  0 0 0
1773149686.4451 Rx ;39svo 1 -250 200  0 0 0  0 0 0  0 0 0  0 0 0
1773149686.4942 Rx ;39svo 1 -250 200  0 0 0  0 0 0  0 0 0  0 0 0
1773149686.5442 Rx ;39svo 1 -250 200  0 0 0  0 0 0  0 0 0  0 0 0
1773149686.5941 Rx ;39svo 1 -250 200  0 0 0  0 0 0  0 0 0  0 0 0
1773149686.6451 Rx ;39svo 1 -250 200  0 0 0  0 0 0  0 0 0  0 0 0
1773149686.6951 Rx ;39svo 1 -250 200  0 0 0  0 0 0  0 0 0  0 0 0
1773149686.7079 Txd ;35alive
1773149686.7445 Rx ;39svo 1 -250 200  0 0 0  0 0 0  0 0 0  0 0 0
1773149686.7944 Rx ;39svo 1 -250 200  0 0 0  0 0 0  0 0 0  0 0 0
1773149686.8443 Rx ;39svo 1 -250 200  0 0 0  0 0 0  0 0 0  0 0 0
1773149686.8950 Rx ;39svo 1 -250 200  0 0 0  0 0 0  0 0 0  0 0 0
1773149686.9449 Rx ;39svo 1 -250 200  0 0 0  0 0 0  0 0 0  0 0 0
1773149686.9949 Rx ;39svo 1 -250 200  0 0 0  0 0 0  0 0 0  0 0 0
1773149687.0448 Rx ;39svo 1 -250 200  0 0 0  0 0 0  0 0 0  0 0 0
1773149687.0949 Rx ;39svo 1 -250 200  0 0 0  0 0 0  0 0 0  0 0 0
1773149687.1449 Rx ;39svo 1 -250 200  0 0 0  0 0 0  0 0 0  0 0 0
1773149687.1949 Rx ;39svo 1 -250 200  0 0 0  0 0 0  0 0 0  0 0 0
1773149687.2448 Rx ;39svo 1 -250 200  0 0 0  0 0 0  0 0 0  0 0 0
1773149687.2948 Rx ;39svo 1 -250 200  0 0 0  0 0 0  0 0 0  0 0 0
1773149687.3447 Rx ;39svo 1 -250 200  0 0 0  0 0 0  0 0 0  0 0 0
1773149687.3947 Rx ;39svo 1 -250 200  0 0 0  0 0 0  0 0 0  0 0 0
1773149687.4447 Rx ;39svo 1 -250 200  0 0 0  0 0 0  0 0 0  0 0 0
1773149687.4947 Rx ;39svo 1 -250 200  0 0 0  0 0 0  0 0 0  0 0 0
1773149687.5447 Rx ;39svo 1 -250 200  0 0 0  0 0 0  0 0 0  0 0 0
1773149687.5947 Rx ;39svo 1 -250 200  0 0 0  0 0 0  0 0 0  0 0 0
1773149687.6086 Txd ;35alive
1773149687.6442 Rx ;39svo 1 -250 200  0 0 0  0 0 0  0 0 0  0 0 0
1773149687.6941 Rx ;39svo 1 -250 200  0 0 0  0 0 0  0 0 0  0 0 0
1773149687.7443 Rx ;39svo 1 -250 200  0 0 0  0 0 0  0 0 0  0 0 0
1773149687.7946 Rx ;39svo 1 -250 200  0 0 0  0 0 0  0 0 0  0 0 0
1773149687.8452 Rx ;39svo 1 -250 200  0 0 0  0 0 0  0 0 0  0 0 0
1773149687.8951 Rx ;39svo 1 -250 200  0 0 0  0 0 0  0 0 0  0 0 0
1773149687.9450 Rx ;39svo 1 -250 200  0 0 0  0 0 0  0 0 0  0 0 0
1773149687.9951 Rx ;39svo 1 -250 200  0 0 0  0 0 0  0 0 0  0 0 0
1773149688.0451 Rx ;39svo 1 -250 200  0 0 0  0 0 0  0 0 0  0 0 0
1773149688.0946 Rx ;39svo 1 -250 200  0 0 0  0 0 0  0 0 0  0 0 0
1773149688.1446 Rx ;39svo 1 -250 200  0 0 0  0 0 0  0 0 0  0 0 0
1773149688.1949 Rx ;39svo 1 -250 200  0 0 0  0 0 0  0 0 0  0 0 0
1773149688.2449 Rx ;39svo 1 -250 200  0 0 0  0 0 0  0 0 0  0 0 0
1773149688.2948 Rx ;39svo 1 -250 200  0 0 0  0 0 0  0 0 0  0 0 0
1773149688.3447 Rx ;39svo 1 -250 200  0 0 0  0 0 0  0 0 0  0 0 0
1773149688.3947 Rx ;39svo 1 -250 200  0 0 0  0 0 0  0 0 0  0 0 0
1773149688.4448 Rx ;39svo 1 -250 200  0 0 0  0 0 0  0 0 0  0 0 0
1773149688.4947 Rx ;39svo 1 -250 200  0 0 0  0 0 0  0 0 0  0 0 0
1773149688.5096 Txd ;35alive
1773149688.5452 Rx ;39svo 1 -250 200  0 0 0  0 0 0  0 0 0  0 0 0
1773149688.5942 Rx ;39svo 1 -250 200  0 0 0  0 0 0  0 0 0  0 0 0
1773149688.6442 Rx ;39svo 1 -250 200  0 0 0  0 0 0  0 0 0  0 0 0
1773149688.6952 Rx ;39svo 1 -250 200  0 0 0  0 0 0  0 0 0  0 0 0
1773149688.7451 Rx ;39svo 1 -250 200  0 0 0  0 0 0  0 0 0  0 0 0
1773149688.7950 Rx ;39svo 1 -250 200  0 0 0  0 0 0  0 0 0  0 0 0
1773149688.8449 Rx ;39svo 1 -250 200  0 0 0  0 0 0  0 0 0  0 0 0
1773149688.8948 Rx ;39svo 1 -250 200  0 0 0  0 0 0  0 0 0  0 0 0
1773149688.9446 Rx ;39svo 1 -250 200  0 0 0  0 0 0  0 0 0  0 0 0
1773149688.9949 Rx ;39svo 1 -250 200  0 0 0  0 0 0  0 0 0  0 0 0
1773149689.0449 Rx ;39svo 1 -250 200  0 0 0  0 0 0  0 0 0  0 0 0
1773149689.0948 Rx ;39svo 1 -250 200  0 0 0  0 0 0  0 0 0  0 0 0
1773149689.1448 Rx ;39svo 1 -250 200  0 0 0  0 0 0  0 0 0  0 0 0
1773149689.1948 Rx ;39svo 1 -250 200  0 0 0  0 0 0  0 0 0  0 0 0
1773149689.2447 Rx ;39svo 1 -250 200  0 0 0  0 0 0  0 0 0  0 0 0
1773149689.2946 Rx ;39svo 1 -250 200  0 0 0  0 0 0  0 0 0  0 0 0
1773149689.3446 Rx ;39svo 1 -250 200  0 0 0  0 0 0  0 0 0  0 0 0
1773149689.3945 Rx ;39svo 1 -250 200  0 0 0  0 0 0  0 0 0  0 0 0
1773149689.4105 Txd ;35alive
1773149689.4450 Rx ;39svo 1 -250 200  0 0 0  0 0 0  0 0 0  0 0 0
1773149689.4949 Rx ;39svo 1 -250 200  0 0 0  0 0 0  0 0 0  0 0 0
1773149689.5447 Rx ;39svo 1 -250 200  0 0 0  0 0 0  0 0 0  0 0 0
1773149689.5948 Rx ;39svo 1 -250 200  0 0 0  0 0 0  0 0 0  0 0 0
1773149689.6450 Rx ;39svo 1 -250 200  0 0 0  0 0 0  0 0 0  0 0 0
1773149689.6955 Rx ;39svo 1 -250 200  0 0 0  0 0 0  0 0 0  0 0 0
1773149689.7446 Rx ;39svo 1 -250 200  0 0 0  0 0 0  0 0 0  0 0 0
1773149689.8003 Rx ;39svo 1 -250 200  0 0 0  0 0 0  0 0 0  0 0 0
1773149689.8447 Rx ;39svo 1 -250 200  0 0 0  0 0 0  0 0 0  0 0 0
1773149689.8950 Rx ;39svo 1 -250 200  0 0 0  0 0 0  0 0 0  0 0 0
1773149689.9450 Rx ;39svo 1 -250 200  0 0 0  0 0 0  0 0 0  0 0 0
1773149689.9946 Rx ;39svo 1 -250 200  0 0 0  0 0 0  0 0 0  0 0 0
1773149690.0450 Rx ;39svo 1 -250 200  0 0 0  0 0 0  0 0 0  0 0 0
1773149690.0950 Rx ;39svo 1 -250 200  0 0 0  0 0 0  0 0 0  0 0 0
1773149690.1450 Rx ;39svo 1 -250 200  0 0 0  0 0 0  0 0 0  0 0 0
1773149690.1950 Rx ;39svo 1 -250 200  0 0 0  0 0 0  0 0 0  0 0 0
1773149690.2448 Rx ;39svo 1 -250 200  0 0 0  0 0 0  0 0 0  0 0 0
1773149690.2947 Rx ;39svo 1 -250 200  0 0 0  0 0 0  0 0 0  0 0 0
1773149690.3122 Txd ;35alive
1773149690.3448 Rx ;39svo 1 -250 200  0 0 0  0 0 0  0 0 0  0 0 0
1773149690.3947 Rx ;39svo 1 -250 200  0 0 0  0 0 0  0 0 0  0 0 0
1773149690.4450 Rx ;39svo 1 -250 200  0 0 0  0 0 0  0 0 0  0 0 0
1773149690.4949 Rx ;39svo 1 -250 200  0 0 0  0 0 0  0 0 0  0 0 0
1773149690.5448 Rx ;39svo 1 -250 200  0 0 0  0 0 0  0 0 0  0 0 0
1773149690.5948 Rx ;39svo 1 -250 200  0 0 0  0 0 0  0 0 0  0 0 0
1773149690.6452 Rx ;39svo 1 -250 200  0 0 0  0 0 0  0 0 0  0 0 0
1773149690.6952 Rx ;39svo 1 -250 200  0 0 0  0 0 0  0 0 0  0 0 0
1773149690.7452 Rx ;39svo 1 -250 200  0 0 0  0 0 0  0 0 0  0 0 0
1773149690.7952 Rx ;39svo 1 -250 200  0 0 0  0 0 0  0 0 0  0 0 0
1773149690.8451 Rx ;39svo 1 -250 200  0 0 0  0 0 0  0 0 0  0 0 0
1773149690.8951 Rx ;39svo 1 -250 200  0 0 0  0 0 0  0 0 0  0 0 0
1773149690.9450 Rx ;39svo 1 -250 200  0 0 0  0 0 0  0 0 0  0 0 0
1773149690.9951 Rx ;39svo 1 -250 200  0 0 0  0 0 0  0 0 0  0 0 0
1773149691.0450 Rx ;39svo 1 -250 200  0 0 0  0 0 0  0 0 0  0 0 0
1773149691.0950 Rx ;39svo 1 -250 200  0 0 0  0 0 0  0 0 0  0 0 0
1773149691.1450 Rx ;39svo 1 -250 200  0 0 0  0 0 0  0 0 0  0 0 0
1773149691.1951 Rx ;39svo 1 -250 200  0 0 0  0 0 0  0 0 0  0 0 0
1773149691.2132 Txd ;35alive
1773149691.2445 Rx ;39svo 1 -250 200  0 0 0  0 0 0  0 0 0  0 0 0
1773149691.2944 Rx ;39svo 1 -250 200  0 0 0  0 0 0  0 0 0  0 0 0
1773149691.3453 Rx ;39svo 1 -250 200  0 0 0  0 0 0  0 0 0  0 0 0
1773149691.3952 Rx ;39svo 1 -250 200  0 0 0  0 0 0  0 0 0  0 0 0
1773149691.4452 Rx ;39svo 1 -250 200  0 0 0  0 0 0  0 0 0  0 0 0
1773149691.4951 Rx ;39svo 1 -250 200  0 0 0  0 0 0  0 0 0  0 0 0
1773149691.5450 Rx ;39svo 1 -250 200  0 0 0  0 0 0  0 0 0  0 0 0
1773149691.5950 Rx ;39svo 1 -250 200  0 0 0  0 0 0  0 0 0  0 0 0
1773149691.6446 Rx ;39svo 1 -250 200  0 0 0  0 0 0  0 0 0  0 0 0
1773149691.6949 Rx ;39svo 1 -250 200  0 0 0  0 0 0  0 0 0  0 0 0
1773149691.7448 Rx ;39svo 1 -250 200  0 0 0  0 0 0  0 0 0  0 0 0
1773149691.7951 Rx ;39svo 1 -250 200  0 0 0  0 0 0  0 0 0  0 0 0
1773149691.8450 Rx ;39svo 1 -250 200  0 0 0  0 0 0  0 0 0  0 0 0
1773149691.8949 Rx ;39svo 1 -250 200  0 0 0  0 0 0  0 0 0  0 0 0
1773149691.9246 Qu 1 ;41!servo 1 120 200
1773149691.9247 Tx ;41!servo 1 120 200
1773149691.9261 Rx ;31confirm !servo 1 120 200
1773149691.9453 Rx ;39svo 1 -232 200  0 0 0  0 0 0  0 0 0  0 0 0
1773149691.9945 Rx ;43svo 1 -182 200  0 0 0  0 0 0  0 0 0  0 0 0
1773149692.0446 Rx ;38svo 1 -132 200  0 0 0  0 0 0  0 0 0  0 0 0
1773149692.0947 Rx ;93svo 1 -82 200  0 0 0  0 0 0  0 0 0  0 0 0
1773149692.1447 Rx ;88svo 1 -32 200  0 0 0  0 0 0  0 0 0  0 0 0
1773149692.1948 Rx ;47svo 1 18 200  0 0 0  0 0 0  0 0 0  0 0 0
1773149692.2447 Rx ;52svo 1 68 200  0 0 0  0 0 0  0 0 0  0 0 0
1773149692.2946 Rx ;96svo 1 118 200  0 0 0  0 0 0  0 0 0  0 0 0
1773149692.3445 Rx ;89svo 1 120 200  0 0 0  0 0 0  0 0 0  0 0 0
1773149692.3945 Rx ;89svo 1 120 200  0 0 0  0 0 0  0 0 0  0 0 0
1773149692.4444 Rx ;89svo 1 120 200  0 0 0  0 0 0  0 0 0  0 0 0
1773149692.4944 Rx ;89svo 1 120 200  0 0 0  0 0 0  0 0 0  0 0 0
1773149692.5453 Rx ;89svo 1 120 200  0 0 0  0 0 0  0 0 0  0 0 0
1773149692.5953 Rx ;89svo 1 120 200  0 0 0  0 0 0  0 0 0  0 0 0
1773149692.6453 Rx ;89svo 1 120 200  0 0 0  0 0 0  0 0 0  0 0 0
1773149692.6954 Rx ;89svo 1 120 200  0 0 0  0 0 0  0 0 0  0 0 0
1773149692.7453 Rx ;89svo 1 120 200  0 0 0  0 0 0  0 0 0  0 0 0
1773149692.7951 Rx ;89svo 1 120 200  0 0 0  0 0 0  0 0 0  0 0 0
1773149692.8249 Txd ;35alive
1773149692.8446 Rx ;89svo 1 120 200  0 0 0  0 0 0  0 0 0  0 0 0
1773149692.8945 Rx ;89svo 1 120 200  0 0 0  0 0 0  0 0 0  0 0 0
1773149692.9448 Rx ;89svo 1 120 200  0 0 0  0 0 0  0 0 0  0 0 0
1773149692.9953 Rx ;89svo 1 120 200  0 0 0  0 0 0  0 0 0  0 0 0
1773149693.0452 Rx ;89svo 1 120 200  0 0 0  0 0 0  0 0 0  0 0 0
1773149693.0951 Rx ;89svo 1 120 200  0 0 0  0 0 0  0 0 0  0 0 0
1773149693.1450 Rx ;89svo 1 120 200  0 0 0  0 0 0  0 0 0  0 0 0
1773149693.1949 Rx ;89svo 1 120 200  0 0 0  0 0 0  0 0 0  0 0 0
1773149693.2448 Rx ;89svo 1 120 200  0 0 0  0 0 0  0 0 0  0 0 0
1773149693.2946 Rx ;89svo 1 120 200  0 0 0  0 0 0  0 0 0  0 0 0
1773149693.3445 Rx ;89svo 1 120 200  0 0 0  0 0 0  0 0 0  0 0 0
1773149693.3944 Rx ;89svo 1 120 200  0 0 0  0 0 0  0 0 0  0 0 0
1773149693.4454 Rx ;89svo 1 120 200  0 0 0  0 0 0  0 0 0  0 0 0
1773149693.4954 Rx ;89svo 1 120 200  0 0 0  0 0 0  0 0 0  0 0 0
1773149693.5452 Rx ;89svo 1 120 200  0 0 0  0 0 0  0 0 0  0 0 0
1773149693.5952 Rx ;89svo 1 120 200  0 0 0  0 0 0  0 0 0  0 0 0
1773149693.6451 Rx ;89svo 1 120 200  0 0 0  0 0 0  0 0 0  0 0 0
1773149693.6950 Rx ;89svo 1 120 200  0 0 0  0 0 0  0 0 0  0 0 0
1773149693.7259 Txd ;35alive
1773149693.7444 Rx ;89svo 1 120 200  0 0 0  0 0 0  0 0 0  0 0 0
1773149693.7944 Rx ;89svo 1 120 200  0 0 0  0 0 0  0 0 0  0 0 0
1773149693.8444 Rx ;89svo 1 120 200  0 0 0  0 0 0  0 0 0  0 0 0
1773149693.8954 Rx ;89svo 1 120 200  0 0 0  0 0 0  0 0 0  0 0 0
1773149693.9453 Rx ;89svo 1 120 200  0 0 0  0 0 0  0 0 0  0 0 0
1773149693.9951 Rx ;89svo 1 120 200  0 0 0  0 0 0  0 0 0  0 0 0
1773149694.0451 Rx ;89svo 1 120 200  0 0 0  0 0 0  0 0 0  0 0 0
1773149694.0954 Rx ;89svo 1 120 200  0 0 0  0 0 0  0 0 0  0 0 0
1773149694.1454 Rx ;89svo 1 120 200  0 0 0  0 0 0  0 0 0  0 0 0
1773149694.1947 Rx ;89svo 1 120 200  0 0 0  0 0 0  0 0 0  0 0 0
1773149694.2445 Rx ;89svo 1 120 200  0 0 0  0 0 0  0 0 0  0 0 0
1773149694.2955 Rx ;89svo 1 120 200  0 0 0  0 0 0  0 0 0  0 0 0
1773149694.3453 Rx ;89svo 1 120 200  0 0 0  0 0 0  0 0 0  0 0 0
1773149694.3952 Rx ;89svo 1 120 200  0 0 0  0 0 0  0 0 0  0 0 0
1773149694.4451 Rx ;89svo 1 120 200  0 0 0  0 0 0  0 0 0  0 0 0
1773149694.4948 Rx ;89svo 1 120 200  0 0 0  0 0 0  0 0 0  0 0 0
1773149694.5447 Rx ;89svo 1 120 200  0 0 0  0 0 0  0 0 0  0 0 0
1773149694.5947 Rx ;89svo 1 120 200  0 0 0  0 0 0  0 0 0  0 0 0
1773149694.6266 Txd ;35alive
1773149694.6452 Rx ;89svo 1 120 200  0 0 0  0 0 0  0 0 0  0 0 0
1773149694.6952 Rx ;89svo 1 120 200  0 0 0  0 0 0  0 0 0  0 0 0
1773149694.7451 Rx ;89svo 1 120 200  0 0 0  0 0 0  0 0 0  0 0 0
1773149694.7952 Rx ;89svo 1 120 200  0 0 0  0 0 0  0 0 0  0 0 0
1773149694.8446 Rx ;89svo 1 120 200  0 0 0  0 0 0  0 0 0  0 0 0
1773149694.8954 Rx ;89svo 1 120 200  0 0 0  0 0 0  0 0 0  0 0 0
1773149694.9454 Rx ;89svo 1 120 200  0 0 0  0 0 0  0 0 0  0 0 0
1773149694.9953 Rx ;89svo 1 120 200  0 0 0  0 0 0  0 0 0  0 0 0
1773149695.0451 Rx ;89svo 1 120 200  0 0 0  0 0 0  0 0 0  0 0 0
1773149695.0947 Rx ;89svo 1 120 200  0 0 0  0 0 0  0 0 0  0 0 0
1773149695.1447 Rx ;89svo 1 120 200  0 0 0  0 0 0  0 0 0  0 0 0
1773149695.1952 Rx ;89svo 1 120 200  0 0 0  0 0 0  0 0 0  0 0 0
1773149695.2447 Rx ;89svo 1 120 200  0 0 0  0 0 0  0 0 0  0 0 0
1773149695.2954 Rx ;89svo 1 120 200  0 0 0  0 0 0  0 0 0  0 0 0
1773149695.3453 Rx ;89svo 1 120 200  0 0 0  0 0 0  0 0 0  0 0 0
1773149695.3955 Rx ;89svo 1 120 200  0 0 0  0 0 0  0 0 0  0 0 0
1773149695.4455 Rx ;89svo 1 120 200  0 0 0  0 0 0  0 0 0  0 0 0
1773149695.4954 Rx ;89svo 1 120 200  0 0 0  0 0 0  0 0 0  0 0 0
1773149695.5275 Txd ;35alive
1773149695.5448 Rx ;89svo 1 120 200  0 0 0  0 0 0  0 0 0  0 0 0
1773149695.5951 Rx ;89svo 1 120 200  0 0 0  0 0 0  0 0 0  0 0 0
1773149695.6450 Rx ;89svo 1 120 200  0 0 0  0 0 0  0 0 0  0 0 0
1773149695.6950 Rx ;89svo 1 120 200  0 0 0  0 0 0  0 0 0  0 0 0
1773149695.7449 Rx ;89svo 1 120 200  0 0 0  0 0 0  0 0 0  0 0 0
1773149695.7949 Rx ;89svo 1 120 200  0 0 0  0 0 0  0 0 0  0 0 0
1773149695.8449 Rx ;89svo 1 120 200  0 0 0  0 0 0  0 0 0  0 0 0
1773149695.8948 Rx ;89svo 1 120 200  0 0 0  0 0 0  0 0 0  0 0 0
1773149695.9448 Rx ;89svo 1 120 200  0 0 0  0 0 0  0 0 0  0 0 0
1773149695.9948 Rx ;89svo 1 120 200  0 0 0  0 0 0  0 0 0  0 0 0
1773149696.0447 Rx ;89svo 1 120 200  0 0 0  0 0 0  0 0 0  0 0 0
1773149696.0945 Rx ;89svo 1 120 200  0 0 0  0 0 0  0 0 0  0 0 0
1773149696.1456 Rx ;89svo 1 120 200  0 0 0  0 0 0  0 0 0  0 0 0
1773149696.1955 Rx ;89svo 1 120 200  0 0 0  0 0 0  0 0 0  0 0 0
1773149696.2453 Rx ;89svo 1 120 200  0 0 0  0 0 0  0 0 0  0 0 0
1773149696.2952 Rx ;89svo 1 120 200  0 0 0  0 0 0  0 0 0  0 0 0
1773149696.3451 Rx ;89svo 1 120 200  0 0 0  0 0 0  0 0 0  0 0 0
1773149696.3951 Rx ;89svo 1 120 200  0 0 0  0 0 0  0 0 0  0 0 0
1773149696.4291 Txd ;35alive
1773149696.4446 Rx ;89svo 1 120 200  0 0 0  0 0 0  0 0 0  0 0 0
1773149696.4946 Rx ;89svo 1 120 200  0 0 0  0 0 0  0 0 0  0 0 0
1773149696.5446 Rx ;89svo 1 120 200  0 0 0  0 0 0  0 0 0  0 0 0
1773149696.5947 Rx ;89svo 1 120 200  0 0 0  0 0 0  0 0 0  0 0 0
1773149696.6446 Rx ;89svo 1 120 200  0 0 0  0 0 0  0 0 0  0 0 0
1773149696.6948 Rx ;89svo 1 120 200  0 0 0  0 0 0  0 0 0  0 0 0
1773149696.7446 Rx ;89svo 1 120 200  0 0 0  0 0 0  0 0 0  0 0 0
1773149696.7946 Rx ;89svo 1 120 200  0 0 0  0 0 0  0 0 0  0 0 0
1773149696.8451 Rx ;89svo 1 120 200  0 0 0  0 0 0  0 0 0  0 0 0
1773149696.8952 Rx ;89svo 1 120 200  0 0 0  0 0 0  0 0 0  0 0 0
1773149696.9452 Rx ;89svo 1 120 200  0 0 0  0 0 0  0 0 0  0 0 0
1773149696.9953 Rx ;89svo 1 120 200  0 0 0  0 0 0  0 0 0  0 0 0
1773149697.0452 Rx ;89svo 1 120 200  0 0 0  0 0 0  0 0 0  0 0 0
1773149697.0950 Rx ;89svo 1 120 200  0 0 0  0 0 0  0 0 0  0 0 0
1773149697.1450 Rx ;89svo 1 120 200  0 0 0  0 0 0  0 0 0  0 0 0
1773149697.1947 Rx ;89svo 1 120 200  0 0 0  0 0 0  0 0 0  0 0 0
1773149697.2447 Rx ;89svo 1 120 200  0 0 0  0 0 0  0 0 0  0 0 0
1773149697.2946 Rx ;89svo 1 120 200  0 0 0  0 0 0  0 0 0  0 0 0
1773149697.3298 Txd ;35alive
1773149697.3452 Rx ;89svo 1 120 200  0 0 0  0 0 0  0 0 0  0 0 0
1773149697.3953 Rx ;89svo 1 120 200  0 0 0  0 0 0  0 0 0  0 0 0
1773149697.4452 Rx ;89svo 1 120 200  0 0 0  0 0 0  0 0 0  0 0 0
1773149697.4952 Rx ;89svo 1 120 200  0 0 0  0 0 0  0 0 0  0 0 0
1773149697.5451 Rx ;89svo 1 120 200  0 0 0  0 0 0  0 0 0  0 0 0
1773149697.5951 Rx ;89svo 1 120 200  0 0 0  0 0 0  0 0 0  0 0 0
1773149697.6451 Rx ;89svo 1 120 200  0 0 0  0 0 0  0 0 0  0 0 0
1773149697.6955 Rx ;89svo 1 120 200  0 0 0  0 0 0  0 0 0  0 0 0
1773149697.7455 Rx ;89svo 1 120 200  0 0 0  0 0 0  0 0 0  0 0 0
1773149697.7955 Rx ;89svo 1 120 200  0 0 0  0 0 0  0 0 0  0 0 0
1773149697.8455 Rx ;89svo 1 120 200  0 0 0  0 0 0  0 0 0  0 0 0
1773149697.8954 Rx ;89svo 1 120 200  0 0 0  0 0 0  0 0 0  0 0 0
1773149697.9454 Rx ;89svo 1 120 200  0 0 0  0 0 0  0 0 0  0 0 0
1773149697.9954 Rx ;89svo 1 120 200  0 0 0  0 0 0  0 0 0  0 0 0
1773149698.0454 Rx ;89svo 1 120 200  0 0 0  0 0 0  0 0 0  0 0 0
1773149698.0953 Rx ;89svo 1 120 200  0 0 0  0 0 0  0 0 0  0 0 0
1773149698.1453 Rx ;89svo 1 120 200  0 0 0  0 0 0  0 0 0  0 0 0
1773149698.1953 Rx ;89svo 1 120 200  0 0 0  0 0 0  0 0 0  0 0 0
1773149698.2304 Txd ;35alive
1773149698.2448 Rx ;89svo 1 120 200  0 0 0  0 0 0  0 0 0  0 0 0
1773149698.2947 Rx ;89svo 1 120 200  0 0 0  0 0 0  0 0 0  0 0 0
1773149698.3446 Rx ;89svo 1 120 200  0 0 0  0 0 0  0 0 0  0 0 0
1773149698.3947 Rx ;89svo 1 120 200  0 0 0  0 0 0  0 0 0  0 0 0
1773149698.4447 Rx ;89svo 1 120 200  0 0 0  0 0 0  0 0 0  0 0 0
1773149698.4946 Rx ;89svo 1 120 200  0 0 0  0 0 0  0 0 0  0 0 0
1773149698.5445 Rx ;89svo 1 120 200  0 0 0  0 0 0  0 0 0  0 0 0
1773149698.5949 Rx ;89svo 1 120 200  0 0 0  0 0 0  0 0 0  0 0 0
1773149698.6448 Rx ;89svo 1 120 200  0 0 0  0 0 0  0 0 0  0 0 0
1773149698.6948 Rx ;89svo 1 120 200  0 0 0  0 0 0  0 0 0  0 0 0
1773149698.7447 Rx ;89svo 1 120 200  0 0 0  0 0 0  0 0 0  0 0 0
1773149698.7946 Rx ;89svo 1 120 200  0 0 0  0 0 0  0 0 0  0 0 0
1773149698.8455 Rx ;89svo 1 120 200  0 0 0  0 0 0  0 0 0  0 0 0
1773149698.8955 Rx ;89svo 1 120 200  0 0 0  0 0 0  0 0 0  0 0 0
1773149698.9454 Rx ;89svo 1 120 200  0 0 0  0 0 0  0 0 0  0 0 0
1773149698.9953 Rx ;89svo 1 120 200  0 0 0  0 0 0  0 0 0  0 0 0
1773149699.0452 Rx ;89svo 1 120 200  0 0 0  0 0 0  0 0 0  0 0 0
1773149699.0951 Rx ;89svo 1 120 200  0 0 0  0 0 0  0 0 0  0 0 0
1773149699.1313 Txd ;35alive
1773149699.1446 Rx ;89svo 1 120 200  0 0 0  0 0 0  0 0 0  0 0 0
1773149699.1947 Rx ;89svo 1 120 200  0 0 0  0 0 0  0 0 0  0 0 0
1773149699.2454 Rx ;89svo 1 120 200  0 0 0  0 0 0  0 0 0  0 0 0
1773149699.2953 Rx ;89svo 1 120 200  0 0 0  0 0 0  0 0 0  0 0 0
1773149699.3452 Rx ;89svo 1 120 200  0 0 0  0 0 0  0 0 0  0 0 0
1773149699.3951 Rx ;89svo 1 120 200  0 0 0  0 0 0  0 0 0  0 0 0
1773149699.4450 Rx ;89svo 1 120 200  0 0 0  0 0 0  0 0 0  0 0 0
1773149699.4949 Rx ;89svo 1 120 200  0 0 0  0 0 0  0 0 0  0 0 0
1773149699.5448 Rx ;89svo 1 120 200  0 0 0  0 0 0  0 0 0  0 0 0
1773149699.5947 Rx ;89svo 1 120 200  0 0 0  0 0 0  0 0 0  0 0 0
1773149699.6455 Rx ;89svo 1 120 200  0 0 0  0 0 0  0 0 0  0 0 0
1773149699.6953 Rx ;89svo 1 120 200  0 0 0  0 0 0  0 0 0  0 0 0
1773149699.7451 Rx ;89svo 1 120 200  0 0 0  0 0 0  0 0 0  0 0 0
1773149699.7950 Rx ;89svo 1 120 200  0 0 0  0 0 0  0 0 0  0 0 0
1773149699.8449 Rx ;89svo 1 120 200  0 0 0  0 0 0  0 0 0  0 0 0
1773149699.8948 Rx ;89svo 1 120 200  0 0 0  0 0 0  0 0 0  0 0 0
1773149699.9456 Rx ;89svo 1 120 200  0 0 0  0 0 0  0 0 0  0 0 0
1773149699.9956 Rx ;89svo 1 120 200  0 0 0  0 0 0  0 0 0  0 0 0
1773149700.0322 Txd ;35alive
1773149700.0457 Rx ;89svo 1 120 200  0 0 0  0 0 0  0 0 0  0 0 0
1773149700.0957 Rx ;89svo 1 120 200  0 0 0  0 0 0  0 0 0  0 0 0
1773149700.1447 Rx ;89svo 1 120 200  0 0 0  0 0 0  0 0 0  0 0 0
1773149700.1956 Rx ;89svo 1 120 200  0 0 0  0 0 0  0 0 0  0 0 0
1773149700.2450 Rx ;89svo 1 120 200  0 0 0  0 0 0  0 0 0  0 0 0
1773149700.2953 Rx ;89svo 1 120 200  0 0 0  0 0 0  0 0 0  0 0 0
1773149700.3452 Rx ;89svo 1 120 200  0 0 0  0 0 0  0 0 0  0 0 0
1773149700.3947 Rx ;89svo 1 120 200  0 0 0  0 0 0  0 0 0  0 0 0
1773149700.4450 Rx ;89svo 1 120 200  0 0 0  0 0 0  0 0 0  0 0 0
1773149700.4950 Rx ;89svo 1 120 200  0 0 0  0 0 0  0 0 0  0 0 0
1773149700.5449 Rx ;89svo 1 120 200  0 0 0  0 0 0  0 0 0  0 0 0
1773149700.5954 Rx ;89svo 1 120 200  0 0 0  0 0 0  0 0 0  0 0 0
1773149700.6453 Rx ;89svo 1 120 200  0 0 0  0 0 0  0 0 0  0 0 0
1773149700.6952 Rx ;89svo 1 120 200  0 0 0  0 0 0  0 0 0  0 0 0
1773149700.7455 Rx ;89svo 1 120 200  0 0 0  0 0 0  0 0 0  0 0 0
1773149700.7956 Rx ;89svo 1 120 200  0 0 0  0 0 0  0 0 0  0 0 0
1773149700.8455 Rx ;89svo 1 120 200  0 0 0  0 0 0  0 0 0  0 0 0
1773149700.8955 Rx ;89svo 1 120 200  0 0 0  0 0 0  0 0 0  0 0 0
1773149700.9338 Txd ;35alive
1773149700.9450 Rx ;89svo 1 120 200  0 0 0  0 0 0  0 0 0  0 0 0
1773149700.9950 Rx ;89svo 1 120 200  0 0 0  0 0 0  0 0 0  0 0 0
1773149701.0449 Rx ;89svo 1 120 200  0 0 0  0 0 0  0 0 0  0 0 0
1773149701.0949 Rx ;89svo 1 120 200  0 0 0  0 0 0  0 0 0  0 0 0
1773149701.1448 Rx ;89svo 1 120 200  0 0 0  0 0 0  0 0 0  0 0 0
1773149701.1948 Rx ;89svo 1 120 200  0 0 0  0 0 0  0 0 0  0 0 0
1773149701.2448 Rx ;89svo 1 120 200  0 0 0  0 0 0  0 0 0  0 0 0
1773149701.2957 Rx ;89svo 1 120 200  0 0 0  0 0 0  0 0 0  0 0 0
1773149701.3456 Rx ;89svo 1 120 200  0 0 0  0 0 0  0 0 0  0 0 0
1773149701.3957 Rx ;89svo 1 120 200  0 0 0  0 0 0  0 0 0  0 0 0
1773149701.4457 Rx ;89svo 1 120 200  0 0 0  0 0 0  0 0 0  0 0 0
1773149701.4956 Rx ;89svo 1 120 200  0 0 0  0 0 0  0 0 0  0 0 0
1773149701.5455 Rx ;89svo 1 120 200  0 0 0  0 0 0  0 0 0  0 0 0
1773149701.5956 Rx ;89svo 1 120 200  0 0 0  0 0 0  0 0 0  0 0 0
1773149701.6455 Rx ;89svo 1 120 200  0 0 0  0 0 0  0 0 0  0 0 0
1773149701.6953 Rx ;89svo 1 120 200  0 0 0  0 0 0  0 0 0  0 0 0
1773149701.7452 Rx ;89svo 1 120 200  0 0 0  0 0 0  0 0 0  0 0 0
1773149701.7952 Rx ;89svo 1 120 200  0 0 0  0 0 0  0 0 0  0 0 0
1773149701.8345 Txd ;35alive
1773149701.8457 Rx ;89svo 1 120 200  0 0 0  0 0 0  0 0 0  0 0 0
1773149701.8955 Rx ;89svo 1 120 200  0 0 0  0 0 0  0 0 0  0 0 0
1773149701.9454 Rx ;89svo 1 120 200  0 0 0  0 0 0  0 0 0  0 0 0
1773149701.9955 Rx ;89svo 1 120 200  0 0 0  0 0 0  0 0 0  0 0 0
1773149702.0454 Rx ;89svo 1 120 200  0 0 0  0 0 0  0 0 0  0 0 0
1773149702.0952 Rx ;89svo 1 120 200  0 0 0  0 0 0  0 0 0  0 0 0
1773149702.1452 Rx ;89svo 1 120 200  0 0 0  0 0 0  0 0 0  0 0 0
1773149702.1953 Rx ;89svo 1 120 200  0 0 0  0 0 0  0 0 0  0 0 0
1773149702.2452 Rx ;89svo 1 120 200  0 0 0  0 0 0  0 0 0  0 0 0
1773149702.2951 Rx ;89svo 1 120 200  0 0 0  0 0 0  0 0 0  0 0 0
1773149702.3451 Rx ;89svo 1 120 200  0 0 0  0 0 0  0 0 0  0 0 0
1773149702.3952 Rx ;89svo 1 120 200  0 0 0  0 0 0  0 0 0  0 0 0
1773149702.4451 Rx ;89svo 1 120 200  0 0 0  0 0 0  0 0 0  0 0 0
1773149702.4950 Rx ;89svo 1 120 200  0 0 0  0 0 0  0 0 0  0 0 0
1773149702.5450 Rx ;89svo 1 120 200  0 0 0  0 0 0  0 0 0  0 0 0
1773149702.5949 Rx ;89svo 1 120 200  0 0 0  0 0 0  0 0 0  0 0 0
1773149702.6448 Rx ;89svo 1 120 200  0 0 0  0 0 0  0 0 0  0 0 0
1773149702.6958 Rx ;89svo 1 120 200  0 0 0  0 0 0  0 0 0  0 0 0
1773149702.7362 Txd ;35alive
1773149702.7452 Rx ;89svo 1 120 200  0 0 0  0 0 0  0 0 0  0 0 0
1773149702.7954 Rx ;89svo 1 120 200  0 0 0  0 0 0  0 0 0  0 0 0
1773149702.8453 Rx ;89svo 1 120 200  0 0 0  0 0 0  0 0 0  0 0 0
1773149702.8952 Rx ;89svo 1 120 200  0 0 0  0 0 0  0 0 0  0 0 0
1773149702.9452 Rx ;89svo 1 120 200  0 0 0  0 0 0  0 0 0  0 0 0
1773149702.9952 Rx ;89svo 1 120 200  0 0 0  0 0 0  0 0 0  0 0 0
1773149703.0451 Rx ;89svo 1 120 200  0 0 0  0 0 0  0 0 0  0 0 0
1773149703.0949 Rx ;89svo 1 120 200  0 0 0  0 0 0  0 0 0  0 0 0
1773149703.1448 Rx ;89svo 1 120 200  0 0 0  0 0 0  0 0 0  0 0 0
1773149703.1958 Rx ;89svo 1 120 200  0 0 0  0 0 0  0 0 0  0 0 0
1773149703.2457 Rx ;89svo 1 120 200  0 0 0  0 0 0  0 0 0  0 0 0
1773149703.2958 Rx ;89svo 1 120 200  0 0 0  0 0 0  0 0 0  0 0 0
1773149703.3449 Rx ;89svo 1 120 200  0 0 0  0 0 0  0 0 0  0 0 0
1773149703.3951 Rx ;89svo 1 120 200  0 0 0  0 0 0  0 0 0  0 0 0
1773149703.4450 Rx ;89svo 1 120 200  0 0 0  0 0 0  0 0 0  0 0 0
1773149703.4950 Rx ;89svo 1 120 200  0 0 0  0 0 0  0 0 0  0 0 0
1773149703.5449 Rx ;89svo 1 120 200  0 0 0  0 0 0  0 0 0  0 0 0
1773149703.5949 Rx ;89svo 1 120 200  0 0 0  0 0 0  0 0 0  0 0 0
1773149703.6374 Txd ;35alive
1773149703.6454 Rx ;89svo 1 120 200  0 0 0  0 0 0  0 0 0  0 0 0
1773149703.6953 Rx ;89svo 1 120 200  0 0 0  0 0 0  0 0 0  0 0 0
1773149703.7453 Rx ;89svo 1 120 200  0 0 0  0 0 0  0 0 0  0 0 0
1773149703.7955 Rx ;89svo 1 120 200  0 0 0  0 0 0  0 0 0  0 0 0
1773149703.8455 Rx ;89svo 1 120 200  0 0 0  0 0 0  0 0 0  0 0 0
1773149703.8954 Rx ;89svo 1 120 200  0 0 0  0 0 0  0 0 0  0 0 0
1773149703.9454 Rx ;89svo 1 120 200  0 0 0  0 0 0  0 0 0  0 0 0
1773149703.9954 Rx ;89svo 1 120 200  0 0 0  0 0 0  0 0 0  0 0 0
1773149704.0454 Rx ;89svo 1 120 200  0 0 0  0 0 0  0 0 0  0 0 0
1773149704.0953 Rx ;89svo 1 120 200  0 0 0  0 0 0  0 0 0  0 0 0
1773149704.1457 Rx ;89svo 1 120 200  0 0 0  0 0 0  0 0 0  0 0 0
1773149704.1958 Rx ;89svo 1 120 200  0 0 0  0 0 0  0 0 0  0 0 0
1773149704.2457 Rx ;89svo 1 120 200  0 0 0  0 0 0  0 0 0  0 0 0
1773149704.2957 Rx ;89svo 1 120 200  0 0 0  0 0 0  0 0 0  0 0 0
1773149704.3456 Rx ;89svo 1 120 200  0 0 0  0 0 0  0 0 0  0 0 0
1773149704.3949 Rx ;89svo 1 120 200  0 0 0  0 0 0  0 0 0  0 0 0
1773149704.4459 Rx ;89svo 1 120 200  0 0 0  0 0 0  0 0 0  0 0 0
1773149704.4527 Qu 1 ;92!servo 1 -900 200
1773149704.4537 Tx ;92!servo 1 -900 200
1773149704.4554 Rx ;82confirm !servo 1 -900 200
1773149704.4954 Rx ;53svo 1 78 200  0 0 0  0 0 0  0 0 0  0 0 0
1773149704.5464 Rx ;48svo 1 28 200  0 0 0  0 0 0  0 0 0  0 0 0
1773149704.5964 Rx ;87svo 1 -22 200  0 0 0  0 0 0  0 0 0  0 0 0
1773149704.6464 Rx ;92svo 1 -72 200  0 0 0  0 0 0  0 0 0  0 0 0
1773149704.6963 Rx ;37svo 1 -122 200  0 0 0  0 0 0  0 0 0  0 0 0
1773149704.7463 Rx ;42svo 1 -172 200  0 0 0  0 0 0  0 0 0  0 0 0
1773149704.7962 Rx ;38svo 1 -222 200  0 0 0  0 0 0  0 0 0  0 0 0
1773149704.8462 Rx ;43svo 1 -272 200  0 0 0  0 0 0  0 0 0  0 0 0
1773149704.8961 Rx ;39svo 1 -322 200  0 0 0  0 0 0  0 0 0  0 0 0
1773149704.9460 Rx ;44svo 1 -372 200  0 0 0  0 0 0  0 0 0  0 0 0
1773149704.9959 Rx ;40svo 1 -422 200  0 0 0  0 0 0  0 0 0  0 0 0
1773149705.0458 Rx ;45svo 1 -472 200  0 0 0  0 0 0  0 0 0  0 0 0
1773149705.0958 Rx ;41svo 1 -522 200  0 0 0  0 0 0  0 0 0  0 0 0
1773149705.1457 Rx ;46svo 1 -572 200  0 0 0  0 0 0  0 0 0  0 0 0
1773149705.1960 Rx ;42svo 1 -622 200  0 0 0  0 0 0  0 0 0  0 0 0
1773149705.2464 Rx ;47svo 1 -672 200  0 0 0  0 0 0  0 0 0  0 0 0
1773149705.2961 Rx ;43svo 1 -722 200  0 0 0  0 0 0  0 0 0  0 0 0
1773149705.3470 Rx ;48svo 1 -772 200  0 0 0  0 0 0  0 0 0  0 0 0
1773149705.3538 Txd ;35alive
1773149705.3971 Rx ;44svo 1 -822 200  0 0 0  0 0 0  0 0 0  0 0 0
1773149705.4457 Rx ;49svo 1 -872 200  0 0 0  0 0 0  0 0 0  0 0 0
1773149705.4962 Rx ;41svo 1 -900 200  0 0 0  0 0 0  0 0 0  0 0 0
1773149705.5462 Rx ;41svo 1 -900 200  0 0 0  0 0 0  0 0 0  0 0 0
1773149705.5963 Rx ;41svo 1 -900 200  0 0 0  0 0 0  0 0 0  0 0 0
1773149705.6466 Rx ;41svo 1 -900 200  0 0 0  0 0 0  0 0 0  0 0 0
1773149705.6966 Rx ;41svo 1 -900 200  0 0 0  0 0 0  0 0 0  0 0 0
1773149705.7466 Rx ;41svo 1 -900 200  0 0 0  0 0 0  0 0 0  0 0 0
1773149705.7959 Rx ;41svo 1 -900 200  0 0 0  0 0 0  0 0 0  0 0 0
1773149705.8459 Rx ;41svo 1 -900 200  0 0 0  0 0 0  0 0 0  0 0 0
1773149705.8959 Rx ;41svo 1 -900 200  0 0 0  0 0 0  0 0 0  0 0 0
1773149705.9463 Rx ;41svo 1 -900 200  0 0 0  0 0 0  0 0 0  0 0 0
1773149705.9964 Rx ;41svo 1 -900 200  0 0 0  0 0 0  0 0 0  0 0 0
1773149706.0463 Rx ;41svo 1 -900 200  0 0 0  0 0 0  0 0 0  0 0 0
1773149706.0962 Rx ;41svo 1 -900 200  0 0 0  0 0 0  0 0 0  0 0 0
1773149706.1460 Rx ;41svo 1 -900 200  0 0 0  0 0 0  0 0 0  0 0 0
1773149706.1960 Rx ;41svo 1 -900 200  0 0 0  0 0 0  0 0 0  0 0 0
1773149706.2461 Rx ;41svo 1 -900 200  0 0 0  0 0 0  0 0 0  0 0 0
1773149706.2547 Txd ;35alive
1773149706.2967 Rx ;41svo 1 -900 200  0 0 0  0 0 0  0 0 0  0 0 0
1773149706.3466 Rx ;41svo 1 -900 200  0 0 0  0 0 0  0 0 0  0 0 0
1773149706.3966 Rx ;41svo 1 -900 200  0 0 0  0 0 0  0 0 0  0 0 0
1773149706.4466 Rx ;41svo 1 -900 200  0 0 0  0 0 0  0 0 0  0 0 0
1773149706.4966 Rx ;41svo 1 -900 200  0 0 0  0 0 0  0 0 0  0 0 0
1773149706.5466 Rx ;41svo 1 -900 200  0 0 0  0 0 0  0 0 0  0 0 0
1773149706.5966 Rx ;41svo 1 -900 200  0 0 0  0 0 0  0 0 0  0 0 0
1773149706.6465 Rx ;41svo 1 -900 200  0 0 0  0 0 0  0 0 0  0 0 0
1773149706.6964 Rx ;41svo 1 -900 200  0 0 0  0 0 0  0 0 0  0 0 0
1773149706.7463 Rx ;41svo 1 -900 200  0 0 0  0 0 0  0 0 0  0 0 0
1773149706.7964 Rx ;41svo 1 -900 200  0 0 0  0 0 0  0 0 0  0 0 0
1773149706.8464 Rx ;41svo 1 -900 200  0 0 0  0 0 0  0 0 0  0 0 0
1773149706.8963 Rx ;41svo 1 -900 200  0 0 0  0 0 0  0 0 0  0 0 0
1773149706.9464 Rx ;41svo 1 -900 200  0 0 0  0 0 0  0 0 0  0 0 0
1773149706.9964 Rx ;41svo 1 -900 200  0 0 0  0 0 0  0 0 0  0 0 0
1773149707.0463 Rx ;41svo 1 -900 200  0 0 0  0 0 0  0 0 0  0 0 0
1773149707.0963 Rx ;41svo 1 -900 200  0 0 0  0 0 0  0 0 0  0 0 0
1773149707.1463 Rx ;41svo 1 -900 200  0 0 0  0 0 0  0 0 0  0 0 0
1773149707.1559 Txd ;35alive
1773149707.1958 Rx ;41svo 1 -900 200  0 0 0  0 0 0  0 0 0  0 0 0
1773149707.2457 Rx ;41svo 1 -900 200  0 0 0  0 0 0  0 0 0  0 0 0
1773149707.2957 Rx ;41svo 1 -900 200  0 0 0  0 0 0  0 0 0  0 0 0
1773149707.3466 Rx ;41svo 1 -900 200  0 0 0  0 0 0  0 0 0  0 0 0
1773149707.3966 Rx ;41svo 1 -900 200  0 0 0  0 0 0  0 0 0  0 0 0
1773149707.4465 Rx ;41svo 1 -900 200  0 0 0  0 0 0  0 0 0  0 0 0
1773149707.4965 Rx ;41svo 1 -900 200  0 0 0  0 0 0  0 0 0  0 0 0
1773149707.5464 Rx ;41svo 1 -900 200  0 0 0  0 0 0  0 0 0  0 0 0
1773149707.5963 Rx ;41svo 1 -900 200  0 0 0  0 0 0  0 0 0  0 0 0
1773149707.6462 Rx ;41svo 1 -900 200  0 0 0  0 0 0  0 0 0  0 0 0
1773149707.6961 Rx ;41svo 1 -900 200  0 0 0  0 0 0  0 0 0  0 0 0
1773149707.7461 Rx ;41svo 1 -900 200  0 0 0  0 0 0  0 0 0  0 0 0
1773149707.7962 Rx ;41svo 1 -900 200  0 0 0  0 0 0  0 0 0  0 0 0
1773149707.8461 Rx ;41svo 1 -900 200  0 0 0  0 0 0  0 0 0  0 0 0
1773149707.8961 Rx ;41svo 1 -900 200  0 0 0  0 0 0  0 0 0  0 0 0
1773149707.9460 Rx ;41svo 1 -900 200  0 0 0  0 0 0  0 0 0  0 0 0
1773149707.9959 Rx ;41svo 1 -900 200  0 0 0  0 0 0  0 0 0  0 0 0
1773149708.0458 Rx ;41svo 1 -900 200  0 0 0  0 0 0  0 0 0  0 0 0
1773149708.0565 Txd ;35alive
1773149708.0963 Rx ;41svo 1 -900 200  0 0 0  0 0 0  0 0 0  0 0 0
1773149708.1462 Rx ;41svo 1 -900 200  0 0 0  0 0 0  0 0 0  0 0 0
1773149708.1962 Rx ;41svo 1 -900 200  0 0 0  0 0 0  0 0 0  0 0 0
1773149708.2461 Rx ;41svo 1 -900 200  0 0 0  0 0 0  0 0 0  0 0 0
1773149708.2961 Rx ;41svo 1 -900 200  0 0 0  0 0 0  0 0 0  0 0 0
1773149708.3460 Rx ;41svo 1 -900 200  0 0 0  0 0 0  0 0 0  0 0 0
1773149708.3958 Rx ;41svo 1 -900 200  0 0 0  0 0 0  0 0 0  0 0 0
1773149708.4458 Rx ;41svo 1 -900 200  0 0 0  0 0 0  0 0 0  0 0 0
1773149708.4967 Rx ;41svo 1 -900 200  0 0 0  0 0 0  0 0 0  0 0 0
1773149708.5467 Rx ;41svo 1 -900 200  0 0 0  0 0 0  0 0 0  0 0 0
1773149708.5967 Rx ;41svo 1 -900 200  0 0 0  0 0 0  0 0 0  0 0 0
1773149708.6466 Rx ;41svo 1 -900 200  0 0 0  0 0 0  0 0 0  0 0 0
1773149708.6966 Rx ;41svo 1 -900 200  0 0 0  0 0 0  0 0 0  0 0 0
1773149708.7465 Rx ;41svo 1 -900 200  0 0 0  0 0 0  0 0 0  0 0 0
1773149708.7958 Rx ;41svo 1 -900 200  0 0 0  0 0 0  0 0 0  0 0 0
1773149708.8458 Rx ;41svo 1 -900 200  0 0 0  0 0 0  0 0 0  0 0 0
1773149708.8967 Rx ;41svo 1 -900 200  0 0 0  0 0 0  0 0 0  0 0 0
1773149708.9467 Rx ;41svo 1 -900 200  0 0 0  0 0 0  0 0 0  0 0 0
1773149708.9574 Txd ;35alive
1773149708.9962 Rx ;41svo 1 -900 200  0 0 0  0 0 0  0 0 0  0 0 0
1773149709.0462 Rx ;41svo 1 -900 200  0 0 0  0 0 0  0 0 0  0 0 0
1773149709.0961 Rx ;41svo 1 -900 200  0 0 0  0 0 0  0 0 0  0 0 0
1773149709.1460 Rx ;41svo 1 -900 200  0 0 0  0 0 0  0 0 0  0 0 0
1773149709.1960 Rx ;41svo 1 -900 200  0 0 0  0 0 0  0 0 0  0 0 0
1773149709.2460 Rx ;41svo 1 -900 200  0 0 0  0 0 0  0 0 0  0 0 0
1773149709.2960 Rx ;41svo 1 -900 200  0 0 0  0 0 0  0 0 0  0 0 0
1773149709.3460 Rx ;41svo 1 -900 200  0 0 0  0 0 0  0 0 0  0 0 0
1773149709.3962 Rx ;41svo 1 -900 200  0 0 0  0 0 0  0 0 0  0 0 0
1773149709.4461 Rx ;41svo 1 -900 200  0 0 0  0 0 0  0 0 0  0 0 0
1773149709.4960 Rx ;41svo 1 -900 200  0 0 0  0 0 0  0 0 0  0 0 0
1773149709.5459 Rx ;41svo 1 -900 200  0 0 0  0 0 0  0 0 0  0 0 0
1773149709.5959 Rx ;41svo 1 -900 200  0 0 0  0 0 0  0 0 0  0 0 0
1773149709.6468 Rx ;41svo 1 -900 200  0 0 0  0 0 0  0 0 0  0 0 0
1773149709.6967 Rx ;41svo 1 -900 200  0 0 0  0 0 0  0 0 0  0 0 0
1773149709.7466 Rx ;41svo 1 -900 200  0 0 0  0 0 0  0 0 0  0 0 0
1773149709.7968 Rx ;41svo 1 -900 200  0 0 0  0 0 0  0 0 0  0 0 0
1773149709.8468 Rx ;41svo 1 -900 200  0 0 0  0 0 0  0 0 0  0 0 0
1773149709.8585 Txd ;35alive
1773149709.8962 Rx ;41svo 1 -900 200  0 0 0  0 0 0  0 0 0  0 0 0
1773149709.9461 Rx ;41svo 1 -900 200  0 0 0  0 0 0  0 0 0  0 0 0
1773149709.9966 Rx ;41svo 1 -900 200  0 0 0  0 0 0  0 0 0  0 0 0
1773149710.0465 Rx ;41svo 1 -900 200  0 0 0  0 0 0  0 0 0  0 0 0
1773149710.0964 Rx ;41svo 1 -900 200  0 0 0  0 0 0  0 0 0  0 0 0
1773149710.1459 Rx ;41svo 1 -900 200  0 0 0  0 0 0  0 0 0  0 0 0
1773149710.1961 Rx ;41svo 1 -900 200  0 0 0  0 0 0  0 0 0  0 0 0
1773149710.2460 Rx ;41svo 1 -900 200  0 0 0  0 0 0  0 0 0  0 0 0
1773149710.2960 Rx ;41svo 1 -900 200  0 0 0  0 0 0  0 0 0  0 0 0
1773149710.3459 Rx ;41svo 1 -900 200  0 0 0  0 0 0  0 0 0  0 0 0
1773149710.3961 Rx ;41svo 1 -900 200  0 0 0  0 0 0  0 0 0  0 0 0
1773149710.4465 Rx ;41svo 1 -900 200  0 0 0  0 0 0  0 0 0  0 0 0
1773149710.4963 Rx ;41svo 1 -900 200  0 0 0  0 0 0  0 0 0  0 0 0
1773149710.5461 Rx ;41svo 1 -900 200  0 0 0  0 0 0  0 0 0  0 0 0
1773149710.5960 Rx ;41svo 1 -900 200  0 0 0  0 0 0  0 0 0  0 0 0
1773149710.6467 Rx ;41svo 1 -900 200  0 0 0  0 0 0  0 0 0  0 0 0
1773149710.6959 Rx ;41svo 1 -900 200  0 0 0  0 0 0  0 0 0  0 0 0
1773149710.7460 Rx ;41svo 1 -900 200  0 0 0  0 0 0  0 0 0  0 0 0
1773149710.7601 Txd ;35alive
1773149710.7963 Rx ;41svo 1 -900 200  0 0 0  0 0 0  0 0 0  0 0 0
1773149710.8465 Rx ;41svo 1 -900 200  0 0 0  0 0 0  0 0 0  0 0 0
1773149710.8966 Rx ;41svo 1 -900 200  0 0 0  0 0 0  0 0 0  0 0 0
1773149710.9465 Rx ;41svo 1 -900 200  0 0 0  0 0 0  0 0 0  0 0 0
1773149710.9959 Rx ;41svo 1 -900 200  0 0 0  0 0 0  0 0 0  0 0 0
1773149711.0469 Rx ;41svo 1 -900 200  0 0 0  0 0 0  0 0 0  0 0 0
1773149711.0969 Rx ;41svo 1 -900 200  0 0 0  0 0 0  0 0 0  0 0 0
1773149711.1459 Rx ;41svo 1 -900 200  0 0 0  0 0 0  0 0 0  0 0 0
1773149711.1969 Rx ;41svo 1 -900 200  0 0 0  0 0 0  0 0 0  0 0 0
1773149711.2468 Rx ;41svo 1 -900 200  0 0 0  0 0 0  0 0 0  0 0 0
1773149711.2967 Rx ;41svo 1 -900 200  0 0 0  0 0 0  0 0 0  0 0 0
1773149711.3465 Rx ;41svo 1 -900 200  0 0 0  0 0 0  0 0 0  0 0 0
1773149711.3965 Rx ;41svo 1 -900 200  0 0 0  0 0 0  0 0 0  0 0 0
1773149711.4465 Rx ;41svo 1 -900 200  0 0 0  0 0 0  0 0 0  0 0 0
1773149711.4964 Rx ;41svo 1 -900 200  0 0 0  0 0 0  0 0 0  0 0 0
1773149711.5464 Rx ;41svo 1 -900 200  0 0 0  0 0 0  0 0 0  0 0 0
1773149711.5966 Rx ;41svo 1 -900 200  0 0 0  0 0 0  0 0 0  0 0 0
1773149711.6465 Rx ;41svo 1 -900 200  0 0 0  0 0 0  0 0 0  0 0 0
1773149711.6615 Txd ;35alive
1773149711.6960 Rx ;41svo 1 -900 200  0 0 0  0 0 0  0 0 0  0 0 0
1773149711.7460 Rx ;41svo 1 -900 200  0 0 0  0 0 0  0 0 0  0 0 0
1773149711.7963 Rx ;41svo 1 -900 200  0 0 0  0 0 0  0 0 0  0 0 0
1773149711.8462 Rx ;41svo 1 -900 200  0 0 0  0 0 0  0 0 0  0 0 0
1773149711.8962 Rx ;41svo 1 -900 200  0 0 0  0 0 0  0 0 0  0 0 0
1773149711.9461 Rx ;41svo 1 -900 200  0 0 0  0 0 0  0 0 0  0 0 0
1773149711.9961 Rx ;41svo 1 -900 200  0 0 0  0 0 0  0 0 0  0 0 0
1773149712.0461 Rx ;41svo 1 -900 200  0 0 0  0 0 0  0 0 0  0 0 0
1773149712.0960 Rx ;41svo 1 -900 200  0 0 0  0 0 0  0 0 0  0 0 0
1773149712.1459 Rx ;41svo 1 -900 200  0 0 0  0 0 0  0 0 0  0 0 0
1773149712.1962 Rx ;41svo 1 -900 200  0 0 0  0 0 0  0 0 0  0 0 0
1773149712.2461 Rx ;41svo 1 -900 200  0 0 0  0 0 0  0 0 0  0 0 0
1773149712.2962 Rx ;41svo 1 -900 200  0 0 0  0 0 0  0 0 0  0 0 0
1773149712.3463 Rx ;41svo 1 -900 200  0 0 0  0 0 0  0 0 0  0 0 0
1773149712.3963 Rx ;41svo 1 -900 200  0 0 0  0 0 0  0 0 0  0 0 0
1773149712.4463 Rx ;41svo 1 -900 200  0 0 0  0 0 0  0 0 0  0 0 0
1773149712.4962 Rx ;41svo 1 -900 200  0 0 0  0 0 0  0 0 0  0 0 0
1773149712.5462 Rx ;41svo 1 -900 200  0 0 0  0 0 0  0 0 0  0 0 0
1773149712.5622 Txd ;35alive
1773149712.5967 Rx ;41svo 1 -900 200  0 0 0  0 0 0  0 0 0  0 0 0
1773149712.6466 Rx ;41svo 1 -900 200  0 0 0  0 0 0  0 0 0  0 0 0
1773149712.6965 Rx ;41svo 1 -900 200  0 0 0  0 0 0  0 0 0  0 0 0
1773149712.7466 Rx ;41svo 1 -900 200  0 0 0  0 0 0  0 0 0  0 0 0
1773149712.7966 Rx ;41svo 1 -900 200  0 0 0  0 0 0  0 0 0  0 0 0
1773149712.8465 Rx ;41svo 1 -900 200  0 0 0  0 0 0  0 0 0  0 0 0
1773149712.8965 Rx ;41svo 1 -900 200  0 0 0  0 0 0  0 0 0  0 0 0
1773149712.9464 Rx ;41svo 1 -900 200  0 0 0  0 0 0  0 0 0  0 0 0
1773149712.9964 Rx ;41svo 1 -900 200  0 0 0  0 0 0  0 0 0  0 0 0
1773149713.0464 Rx ;41svo 1 -900 200  0 0 0  0 0 0  0 0 0  0 0 0
1773149713.0964 Rx ;41svo 1 -900 200  0 0 0  0 0 0  0 0 0  0 0 0
1773149713.1464 Rx ;41svo 1 -900 200  0 0 0  0 0 0  0 0 0  0 0 0
1773149713.1965 Rx ;41svo 1 -900 200  0 0 0  0 0 0  0 0 0  0 0 0
1773149713.2464 Rx ;41svo 1 -900 200  0 0 0  0 0 0  0 0 0  0 0 0
1773149713.2963 Rx ;41svo 1 -900 200  0 0 0  0 0 0  0 0 0  0 0 0
1773149713.3462 Rx ;41svo 1 -900 200  0 0 0  0 0 0  0 0 0  0 0 0
1773149713.3962 Rx ;41svo 1 -900 200  0 0 0  0 0 0  0 0 0  0 0 0
1773149713.4462 Rx ;41svo 1 -900 200  0 0 0  0 0 0  0 0 0  0 0 0
1773149713.4632 Txd ;35alive
1773149713.4967 Rx ;41svo 1 -900 200  0 0 0  0 0 0  0 0 0  0 0 0
1773149713.5466 Rx ;41svo 1 -900 200  0 0 0  0 0 0  0 0 0  0 0 0
1773149713.5966 Rx ;41svo 1 -900 200  0 0 0  0 0 0  0 0 0  0 0 0
1773149713.6465 Rx ;41svo 1 -900 200  0 0 0  0 0 0  0 0 0  0 0 0
1773149713.6964 Rx ;41svo 1 -900 200  0 0 0  0 0 0  0 0 0  0 0 0
1773149713.7464 Rx ;41svo 1 -900 200  0 0 0  0 0 0  0 0 0  0 0 0
1773149713.7964 Rx ;41svo 1 -900 200  0 0 0  0 0 0  0 0 0  0 0 0
1773149713.8464 Rx ;41svo 1 -900 200  0 0 0  0 0 0  0 0 0  0 0 0
1773149713.8963 Rx ;41svo 1 -900 200  0 0 0  0 0 0  0 0 0  0 0 0
1773149713.9463 Rx ;41svo 1 -900 200  0 0 0  0 0 0  0 0 0  0 0 0
1773149713.9965 Rx ;41svo 1 -900 200  0 0 0  0 0 0  0 0 0  0 0 0
1773149714.0464 Rx ;41svo 1 -900 200  0 0 0  0 0 0  0 0 0  0 0 0
1773149714.0964 Rx ;41svo 1 -900 200  0 0 0  0 0 0  0 0 0  0 0 0
1773149714.1463 Rx ;41svo 1 -900 200  0 0 0  0 0 0  0 0 0  0 0 0
1773149714.1963 Rx ;41svo 1 -900 200  0 0 0  0 0 0  0 0 0  0 0 0
1773149714.2463 Rx ;41svo 1 -900 200  0 0 0  0 0 0  0 0 0  0 0 0
1773149714.2962 Rx ;41svo 1 -900 200  0 0 0  0 0 0  0 0 0  0 0 0
1773149714.3461 Rx ;41svo 1 -900 200  0 0 0  0 0 0  0 0 0  0 0 0
1773149714.3643 Txd ;35alive
1773149714.3968 Rx ;41svo 1 -900 200  0 0 0  0 0 0  0 0 0  0 0 0
1773149714.4467 Rx ;41svo 1 -900 200  0 0 0  0 0 0  0 0 0  0 0 0
1773149714.4966 Rx ;41svo 1 -900 200  0 0 0  0 0 0  0 0 0  0 0 0
1773149714.5466 Rx ;41svo 1 -900 200  0 0 0  0 0 0  0 0 0  0 0 0
1773149714.5966 Rx ;41svo 1 -900 200  0 0 0  0 0 0  0 0 0  0 0 0
1773149714.6465 Rx ;41svo 1 -900 200  0 0 0  0 0 0  0 0 0  0 0 0
1773149714.6965 Rx ;41svo 1 -900 200  0 0 0  0 0 0  0 0 0  0 0 0
1773149714.7464 Rx ;41svo 1 -900 200  0 0 0  0 0 0  0 0 0  0 0 0
1773149714.7966 Rx ;41svo 1 -900 200  0 0 0  0 0 0  0 0 0  0 0 0
1773149714.8465 Rx ;41svo 1 -900 200  0 0 0  0 0 0  0 0 0  0 0 0
1773149714.8966 Rx ;41svo 1 -900 200  0 0 0  0 0 0  0 0 0  0 0 0
1773149714.9465 Rx ;41svo 1 -900 200  0 0 0  0 0 0  0 0 0  0 0 0
1773149714.9965 Rx ;41svo 1 -900 200  0 0 0  0 0 0  0 0 0  0 0 0
1773149715.0464 Rx ;41svo 1 -900 200  0 0 0  0 0 0  0 0 0  0 0 0
1773149715.0964 Rx ;41svo 1 -900 200  0 0 0  0 0 0  0 0 0  0 0 0
1773149715.1463 Rx ;41svo 1 -900 200  0 0 0  0 0 0  0 0 0  0 0 0
1773149715.1963 Rx ;41svo 1 -900 200  0 0 0  0 0 0  0 0 0  0 0 0
1773149715.2462 Rx ;41svo 1 -900 200  0 0 0  0 0 0  0 0 0  0 0 0
1773149715.2654 Txd ;35alive
1773149715.2967 Rx ;41svo 1 -900 200  0 0 0  0 0 0  0 0 0  0 0 0
1773149715.3466 Rx ;41svo 1 -900 200  0 0 0  0 0 0  0 0 0  0 0 0
1773149715.3969 Rx ;41svo 1 -900 200  0 0 0  0 0 0  0 0 0  0 0 0
1773149715.4469 Rx ;41svo 1 -900 200  0 0 0  0 0 0  0 0 0  0 0 0
1773149715.4968 Rx ;41svo 1 -900 200  0 0 0  0 0 0  0 0 0  0 0 0
1773149715.5467 Rx ;41svo 1 -900 200  0 0 0  0 0 0  0 0 0  0 0 0
1773149715.5967 Rx ;41svo 1 -900 200  0 0 0  0 0 0  0 0 0  0 0 0
1773149715.6470 Rx ;41svo 1 -900 200  0 0 0  0 0 0  0 0 0  0 0 0
1773149715.6963 Rx ;41svo 1 -900 200  0 0 0  0 0 0  0 0 0  0 0 0
1773149715.7464 Rx ;41svo 1 -900 200  0 0 0  0 0 0  0 0 0  0 0 0
1773149715.7970 Rx ;41svo 1 -900 200  0 0 0  0 0 0  0 0 0  0 0 0
1773149715.8470 Rx ;41svo 1 -900 200  0 0 0  0 0 0  0 0 0  0 0 0
1773149715.8964 Rx ;41svo 1 -900 200  0 0 0  0 0 0  0 0 0  0 0 0
1773149715.9464 Rx ;41svo 1 -900 200  0 0 0  0 0 0  0 0 0  0 0 0
1773149715.9967 Rx ;41svo 1 -900 200  0 0 0  0 0 0  0 0 0  0 0 0
1773149716.0469 Rx ;41svo 1 -900 200  0 0 0  0 0 0  0 0 0  0 0 0
1773149716.0969 Rx ;41svo 1 -900 200  0 0 0  0 0 0  0 0 0  0 0 0
1773149716.1467 Rx ;41svo 1 -900 200  0 0 0  0 0 0  0 0 0  0 0 0
1773149716.1670 Txd ;35alive
1773149716.1963 Rx ;41svo 1 -900 200  0 0 0  0 0 0  0 0 0  0 0 0
1773149716.2463 Rx ;41svo 1 -900 200  0 0 0  0 0 0  0 0 0  0 0 0
1773149716.2969 Rx ;41svo 1 -900 200  0 0 0  0 0 0  0 0 0  0 0 0
1773149716.3470 Rx ;41svo 1 -900 200  0 0 0  0 0 0  0 0 0  0 0 0
1773149716.3969 Rx ;41svo 1 -900 200  0 0 0  0 0 0  0 0 0  0 0 0
1773149716.4467 Rx ;41svo 1 -900 200  0 0 0  0 0 0  0 0 0  0 0 0
1773149716.4966 Rx ;41svo 1 -900 200  0 0 0  0 0 0  0 0 0  0 0 0
1773149716.5466 Rx ;41svo 1 -900 200  0 0 0  0 0 0  0 0 0  0 0 0
1773149716.5965 Rx ;41svo 1 -900 200  0 0 0  0 0 0  0 0 0  0 0 0
1773149716.6464 Rx ;41svo 1 -900 200  0 0 0  0 0 0  0 0 0  0 0 0
1773149716.6963 Rx ;41svo 1 -900 200  0 0 0  0 0 0  0 0 0  0 0 0
1773149716.7462 Rx ;41svo 1 -900 200  0 0 0  0 0 0  0 0 0  0 0 0
1773149716.7962 Rx ;41svo 1 -900 200  0 0 0  0 0 0  0 0 0  0 0 0
1773149716.8471 Rx ;41svo 1 -900 200  0 0 0  0 0 0  0 0 0  0 0 0
1773149716.8970 Rx ;41svo 1 -900 200  0 0 0  0 0 0  0 0 0  0 0 0
1773149716.9469 Rx ;41svo 1 -900 200  0 0 0  0 0 0  0 0 0  0 0 0
1773149716.9968 Rx ;41svo 1 -900 200  0 0 0  0 0 0  0 0 0  0 0 0
1773149717.0468 Rx ;41svo 1 -900 200  0 0 0  0 0 0  0 0 0  0 0 0
1773149717.0682 Txd ;35alive
1773149717.0964 Rx ;41svo 1 -900 200  0 0 0  0 0 0  0 0 0  0 0 0
1773149717.1464 Rx ;41svo 1 -900 200  0 0 0  0 0 0  0 0 0  0 0 0
1773149717.1966 Rx ;41svo 1 -900 200  0 0 0  0 0 0  0 0 0  0 0 0
1773149717.2465 Rx ;41svo 1 -900 200  0 0 0  0 0 0  0 0 0  0 0 0
1773149717.2964 Rx ;41svo 1 -900 200  0 0 0  0 0 0  0 0 0  0 0 0
1773149717.3463 Rx ;41svo 1 -900 200  0 0 0  0 0 0  0 0 0  0 0 0
1773149717.3964 Rx ;41svo 1 -900 200  0 0 0  0 0 0  0 0 0  0 0 0
1773149717.4463 Rx ;41svo 1 -900 200  0 0 0  0 0 0  0 0 0  0 0 0
1773149717.4963 Rx ;41svo 1 -900 200  0 0 0  0 0 0  0 0 0  0 0 0
1773149717.5463 Rx ;41svo 1 -900 200  0 0 0  0 0 0  0 0 0  0 0 0
1773149717.5963 Rx ;41svo 1 -900 200  0 0 0  0 0 0  0 0 0  0 0 0
1773149717.6462 Rx ;41svo 1 -900 200  0 0 0  0 0 0  0 0 0  0 0 0
1773149717.6962 Rx ;41svo 1 -900 200  0 0 0  0 0 0  0 0 0  0 0 0
1773149717.7462 Rx ;41svo 1 -900 200  0 0 0  0 0 0  0 0 0  0 0 0
1773149717.7963 Rx ;41svo 1 -900 200  0 0 0  0 0 0  0 0 0  0 0 0
1773149717.8462 Rx ;41svo 1 -900 200  0 0 0  0 0 0  0 0 0  0 0 0
1773149717.8972 Rx ;41svo 1 -900 200  0 0 0  0 0 0  0 0 0  0 0 0
1773149717.9471 Rx ;41svo 1 -900 200  0 0 0  0 0 0  0 0 0  0 0 0
1773149717.9695 Txd ;35alive
1773149717.9966 Rx ;41svo 1 -900 200  0 0 0  0 0 0  0 0 0  0 0 0
1773149718.0465 Rx ;41svo 1 -900 200  0 0 0  0 0 0  0 0 0  0 0 0
1773149718.0964 Rx ;41svo 1 -900 200  0 0 0  0 0 0  0 0 0  0 0 0
1773149718.1464 Rx ;41svo 1 -900 200  0 0 0  0 0 0  0 0 0  0 0 0
1773149718.1965 Rx ;41svo 1 -900 200  0 0 0  0 0 0  0 0 0  0 0 0
1773149718.2465 Rx ;41svo 1 -900 200  0 0 0  0 0 0  0 0 0  0 0 0
1773149718.2964 Rx ;41svo 1 -900 200  0 0 0  0 0 0  0 0 0  0 0 0
1773149718.3465 Rx ;41svo 1 -900 200  0 0 0  0 0 0  0 0 0  0 0 0
1773149718.3970 Rx ;41svo 1 -900 200  0 0 0  0 0 0  0 0 0  0 0 0
1773149718.4470 Rx ;41svo 1 -900 200  0 0 0  0 0 0  0 0 0  0 0 0
1773149718.4970 Rx ;41svo 1 -900 200  0 0 0  0 0 0  0 0 0  0 0 0
1773149718.5469 Rx ;41svo 1 -900 200  0 0 0  0 0 0  0 0 0  0 0 0
1773149718.5972 Rx ;41svo 1 -900 200  0 0 0  0 0 0  0 0 0  0 0 0
1773149718.6472 Rx ;41svo 1 -900 200  0 0 0  0 0 0  0 0 0  0 0 0
1773149718.6971 Rx ;41svo 1 -900 200  0 0 0  0 0 0  0 0 0  0 0 0
1773149718.7470 Rx ;41svo 1 -900 200  0 0 0  0 0 0  0 0 0  0 0 0
1773149718.7967 Rx ;41svo 1 -900 200  0 0 0  0 0 0  0 0 0  0 0 0
1773149718.8467 Rx ;41svo 1 -900 200  0 0 0  0 0 0  0 0 0  0 0 0
1773149718.8701 Txd ;35alive
1773149718.8972 Rx ;41svo 1 -900 200  0 0 0  0 0 0  0 0 0  0 0 0
1773149718.9471 Rx ;41svo 1 -900 200  0 0 0  0 0 0  0 0 0  0 0 0
1773149718.9965 Rx ;41svo 1 -900 200  0 0 0  0 0 0  0 0 0  0 0 0
1773149719.0465 Rx ;41svo 1 -900 200  0 0 0  0 0 0  0 0 0  0 0 0
1773149719.0964 Rx ;41svo 1 -900 200  0 0 0  0 0 0  0 0 0  0 0 0
1773149719.1464 Rx ;41svo 1 -900 200  0 0 0  0 0 0  0 0 0  0 0 0
1773149719.1966 Rx ;41svo 1 -900 200  0 0 0  0 0 0  0 0 0  0 0 0
1773149719.2466 Rx ;41svo 1 -900 200  0 0 0  0 0 0  0 0 0  0 0 0
1773149719.2965 Rx ;41svo 1 -900 200  0 0 0  0 0 0  0 0 0  0 0 0
1773149719.3465 Rx ;41svo 1 -900 200  0 0 0  0 0 0  0 0 0  0 0 0
1773149719.3964 Rx ;41svo 1 -900 200  0 0 0  0 0 0  0 0 0  0 0 0
1773149719.4464 Rx ;41svo 1 -900 200  0 0 0  0 0 0  0 0 0  0 0 0
1773149719.4963 Rx ;41svo 1 -900 200  0 0 0  0 0 0  0 0 0  0 0 0
1773149719.5462 Rx ;41svo 1 -900 200  0 0 0  0 0 0  0 0 0  0 0 0
1773149719.5966 Rx ;41svo 1 -900 200  0 0 0  0 0 0  0 0 0  0 0 0
1773149719.6465 Rx ;41svo 1 -900 200  0 0 0  0 0 0  0 0 0  0 0 0
1773149719.6965 Rx ;41svo 1 -900 200  0 0 0  0 0 0  0 0 0  0 0 0
1773149719.7464 Rx ;41svo 1 -900 200  0 0 0  0 0 0  0 0 0  0 0 0
1773149719.7710 Txd ;35alive
1773149719.7971 Rx ;41svo 1 -900 200  0 0 0  0 0 0  0 0 0  0 0 0
1773149719.8470 Rx ;41svo 1 -900 200  0 0 0  0 0 0  0 0 0  0 0 0
1773149719.8970 Rx ;41svo 1 -900 200  0 0 0  0 0 0  0 0 0  0 0 0
1773149719.9469 Rx ;41svo 1 -900 200  0 0 0  0 0 0  0 0 0  0 0 0
1773149719.9968 Rx ;41svo 1 -900 200  0 0 0  0 0 0  0 0 0  0 0 0
1773149720.0467 Rx ;41svo 1 -900 200  0 0 0  0 0 0  0 0 0  0 0 0
1773149720.0968 Rx ;41svo 1 -900 200  0 0 0  0 0 0  0 0 0  0 0 0
1773149720.1467 Rx ;41svo 1 -900 200  0 0 0  0 0 0  0 0 0  0 0 0
1773149720.1968 Rx ;41svo 1 -900 200  0 0 0  0 0 0  0 0 0  0 0 0
1773149720.2467 Rx ;41svo 1 -900 200  0 0 0  0 0 0  0 0 0  0 0 0
1773149720.2966 Rx ;41svo 1 -900 200  0 0 0  0 0 0  0 0 0  0 0 0
1773149720.3466 Rx ;41svo 1 -900 200  0 0 0  0 0 0  0 0 0  0 0 0
1773149720.3968 Rx ;41svo 1 -900 200  0 0 0  0 0 0  0 0 0  0 0 0
1773149720.4467 Rx ;41svo 1 -900 200  0 0 0  0 0 0  0 0 0  0 0 0
1773149720.4966 Rx ;41svo 1 -900 200  0 0 0  0 0 0  0 0 0  0 0 0
1773149720.5466 Rx ;41svo 1 -900 200  0 0 0  0 0 0  0 0 0  0 0 0
1773149720.5967 Rx ;41svo 1 -900 200  0 0 0  0 0 0  0 0 0  0 0 0
1773149720.6466 Rx ;41svo 1 -900 200  0 0 0  0 0 0  0 0 0  0 0 0
1773149720.6722 Txd ;35alive
1773149720.6971 Rx ;41svo 1 -900 200  0 0 0  0 0 0  0 0 0  0 0 0
1773149720.7470 Rx ;41svo 1 -900 200  0 0 0  0 0 0  0 0 0  0 0 0
1773149720.7971 Rx ;41svo 1 -900 200  0 0 0  0 0 0  0 0 0  0 0 0
1773149720.8464 Rx ;41svo 1 -900 200  0 0 0  0 0 0  0 0 0  0 0 0
1773149720.8967 Rx ;41svo 1 -900 200  0 0 0  0 0 0  0 0 0  0 0 0
1773149720.9469 Rx ;41svo 1 -900 200  0 0 0  0 0 0  0 0 0  0 0 0
1773149720.9965 Rx ;41svo 1 -900 200  0 0 0  0 0 0  0 0 0  0 0 0
1773149721.0464 Rx ;41svo 1 -900 200  0 0 0  0 0 0  0 0 0  0 0 0
1773149721.0969 Rx ;41svo 1 -900 200  0 0 0  0 0 0  0 0 0  0 0 0
1773149721.1468 Rx ;41svo 1 -900 200  0 0 0  0 0 0  0 0 0  0 0 0
1773149721.1973 Rx ;41svo 1 -900 200  0 0 0  0 0 0  0 0 0  0 0 0
1773149721.2465 Rx ;41svo 1 -900 200  0 0 0  0 0 0  0 0 0  0 0 0
1773149721.2965 Rx ;41svo 1 -900 200  0 0 0  0 0 0  0 0 0  0 0 0
1773149721.3464 Rx ;41svo 1 -900 200  0 0 0  0 0 0  0 0 0  0 0 0
1773149721.3965 Rx ;41svo 1 -900 200  0 0 0  0 0 0  0 0 0  0 0 0
1773149721.4472 Rx ;41svo 1 -900 200  0 0 0  0 0 0  0 0 0  0 0 0
1773149721.4967 Rx ;41svo 1 -900 200  0 0 0  0 0 0  0 0 0  0 0 0
1773149721.5469 Rx ;41svo 1 -900 200  0 0 0  0 0 0  0 0 0  0 0 0
1773149721.5735 Txd ;35alive
1773149721.5966 Rx ;41svo 1 -900 200  0 0 0  0 0 0  0 0 0  0 0 0
1773149721.6465 Rx ;41svo 1 -900 200  0 0 0  0 0 0  0 0 0  0 0 0
1773149721.6964 Rx ;41svo 1 -900 200  0 0 0  0 0 0  0 0 0  0 0 0
1773149721.7463 Rx ;41svo 1 -900 200  0 0 0  0 0 0  0 0 0  0 0 0
1773149721.7974 Rx ;41svo 1 -900 200  0 0 0  0 0 0  0 0 0  0 0 0
1773149721.8473 Rx ;41svo 1 -900 200  0 0 0  0 0 0  0 0 0  0 0 0
1773149721.8972 Rx ;41svo 1 -900 200  0 0 0  0 0 0  0 0 0  0 0 0
1773149721.9472 Rx ;41svo 1 -900 200  0 0 0  0 0 0  0 0 0  0 0 0
1773149721.9972 Rx ;41svo 1 -900 200  0 0 0  0 0 0  0 0 0  0 0 0
1773149722.0471 Rx ;41svo 1 -900 200  0 0 0  0 0 0  0 0 0  0 0 0
1773149722.0970 Rx ;41svo 1 -900 200  0 0 0  0 0 0  0 0 0  0 0 0
1773149722.1470 Rx ;41svo 1 -900 200  0 0 0  0 0 0  0 0 0  0 0 0
1773149722.1970 Rx ;41svo 1 -900 200  0 0 0  0 0 0  0 0 0  0 0 0
1773149722.2468 Rx ;41svo 1 -900 200  0 0 0  0 0 0  0 0 0  0 0 0
1773149722.2968 Rx ;41svo 1 -900 200  0 0 0  0 0 0  0 0 0  0 0 0
1773149722.3466 Rx ;41svo 1 -900 200  0 0 0  0 0 0  0 0 0  0 0 0
1773149722.3966 Rx ;41svo 1 -900 200  0 0 0  0 0 0  0 0 0  0 0 0
1773149722.4466 Rx ;41svo 1 -900 200  0 0 0  0 0 0  0 0 0  0 0 0
1773149722.4743 Txd ;35alive
1773149722.4971 Rx ;41svo 1 -900 200  0 0 0  0 0 0  0 0 0  0 0 0
1773149722.5471 Rx ;41svo 1 -900 200  0 0 0  0 0 0  0 0 0  0 0 0
1773149722.5971 Rx ;41svo 1 -900 200  0 0 0  0 0 0  0 0 0  0 0 0
1773149722.6470 Rx ;41svo 1 -900 200  0 0 0  0 0 0  0 0 0  0 0 0
1773149722.6969 Rx ;41svo 1 -900 200  0 0 0  0 0 0  0 0 0  0 0 0
1773149722.7469 Rx ;41svo 1 -900 200  0 0 0  0 0 0  0 0 0  0 0 0
1773149722.7965 Rx ;41svo 1 -900 200  0 0 0  0 0 0  0 0 0  0 0 0
1773149722.8464 Rx ;41svo 1 -900 200  0 0 0  0 0 0  0 0 0  0 0 0
1773149722.8974 Rx ;41svo 1 -900 200  0 0 0  0 0 0  0 0 0  0 0 0
1773149722.9473 Rx ;41svo 1 -900 200  0 0 0  0 0 0  0 0 0  0 0 0
1773149722.9974 Rx ;41svo 1 -900 200  0 0 0  0 0 0  0 0 0  0 0 0
1773149723.0473 Rx ;41svo 1 -900 200  0 0 0  0 0 0  0 0 0  0 0 0
1773149723.0973 Rx ;41svo 1 -900 200  0 0 0  0 0 0  0 0 0  0 0 0
1773149723.1472 Rx ;41svo 1 -900 200  0 0 0  0 0 0  0 0 0  0 0 0
1773149723.1973 Rx ;41svo 1 -900 200  0 0 0  0 0 0  0 0 0  0 0 0
1773149723.2472 Rx ;41svo 1 -900 200  0 0 0  0 0 0  0 0 0  0 0 0
1773149723.2971 Rx ;41svo 1 -900 200  0 0 0  0 0 0  0 0 0  0 0 0
1773149723.3470 Rx ;41svo 1 -900 200  0 0 0  0 0 0  0 0 0  0 0 0
1773149723.3757 Txd ;35alive
1773149723.3965 Rx ;41svo 1 -900 200  0 0 0  0 0 0  0 0 0  0 0 0
1773149723.4464 Rx ;41svo 1 -900 200  0 0 0  0 0 0  0 0 0  0 0 0
1773149723.4964 Rx ;41svo 1 -900 200  0 0 0  0 0 0  0 0 0  0 0 0
1773149723.5474 Rx ;41svo 1 -900 200  0 0 0  0 0 0  0 0 0  0 0 0
1773149723.5967 Rx ;41svo 1 -900 200  0 0 0  0 0 0  0 0 0  0 0 0
1773149723.6466 Rx ;41svo 1 -900 200  0 0 0  0 0 0  0 0 0  0 0 0
1773149723.6965 Rx ;41svo 1 -900 200  0 0 0  0 0 0  0 0 0  0 0 0
1773149723.7465 Rx ;41svo 1 -900 200  0 0 0  0 0 0  0 0 0  0 0 0
1773149723.7968 Rx ;41svo 1 -900 200  0 0 0  0 0 0  0 0 0  0 0 0
1773149723.8467 Rx ;41svo 1 -900 200  0 0 0  0 0 0  0 0 0  0 0 0
1773149723.8966 Rx ;41svo 1 -900 200  0 0 0  0 0 0  0 0 0  0 0 0
1773149723.9467 Rx ;41svo 1 -900 200  0 0 0  0 0 0  0 0 0  0 0 0
1773149723.9967 Rx ;41svo 1 -900 200  0 0 0  0 0 0  0 0 0  0 0 0
1773149724.0466 Rx ;41svo 1 -900 200  0 0 0  0 0 0  0 0 0  0 0 0
1773149724.0965 Rx ;41svo 1 -900 200  0 0 0  0 0 0  0 0 0  0 0 0
1773149724.1466 Rx ;41svo 1 -900 200  0 0 0  0 0 0  0 0 0  0 0 0
1773149724.1967 Rx ;41svo 1 -900 200  0 0 0  0 0 0  0 0 0  0 0 0
1773149724.2467 Rx ;41svo 1 -900 200  0 0 0  0 0 0  0 0 0  0 0 0
1773149724.2765 Txd ;35alive
1773149724.2972 Rx ;41svo 1 -900 200  0 0 0  0 0 0  0 0 0  0 0 0
1773149724.3471 Rx ;41svo 1 -900 200  0 0 0  0 0 0  0 0 0  0 0 0
1773149724.3973 Rx ;41svo 1 -900 200  0 0 0  0 0 0  0 0 0  0 0 0
1773149724.4466 Rx ;41svo 1 -900 200  0 0 0  0 0 0  0 0 0  0 0 0
1773149724.4966 Rx ;41svo 1 -900 200  0 0 0  0 0 0  0 0 0  0 0 0
1773149724.5465 Rx ;41svo 1 -900 200  0 0 0  0 0 0  0 0 0  0 0 0
1773149724.5965 Rx ;41svo 1 -900 200  0 0 0  0 0 0  0 0 0  0 0 0
1773149724.6474 Rx ;41svo 1 -900 200  0 0 0  0 0 0  0 0 0  0 0 0
1773149724.6973 Rx ;41svo 1 -900 200  0 0 0  0 0 0  0 0 0  0 0 0
1773149724.7472 Rx ;41svo 1 -900 200  0 0 0  0 0 0  0 0 0  0 0 0
1773149724.7971 Rx ;41svo 1 -900 200  0 0 0  0 0 0  0 0 0  0 0 0
1773149724.8471 Rx ;41svo 1 -900 200  0 0 0  0 0 0  0 0 0  0 0 0
1773149724.8970 Rx ;41svo 1 -900 200  0 0 0  0 0 0  0 0 0  0 0 0
1773149724.9470 Rx ;41svo 1 -900 200  0 0 0  0 0 0  0 0 0  0 0 0
1773149724.9970 Rx ;41svo 1 -900 200  0 0 0  0 0 0  0 0 0  0 0 0
1773149725.0470 Rx ;41svo 1 -900 200  0 0 0  0 0 0  0 0 0  0 0 0
1773149725.0969 Rx ;41svo 1 -900 200  0 0 0  0 0 0  0 0 0  0 0 0
1773149725.1470 Rx ;41svo 1 -900 200  0 0 0  0 0 0  0 0 0  0 0 0
1773149725.1779 Txd ;35alive
1773149725.1965 Rx ;41svo 1 -900 200  0 0 0  0 0 0  0 0 0  0 0 0
1773149725.2465 Rx ;41svo 1 -900 200  0 0 0  0 0 0  0 0 0  0 0 0
1773149725.2974 Rx ;41svo 1 -900 200  0 0 0  0 0 0  0 0 0  0 0 0
1773149725.3474 Rx ;41svo 1 -900 200  0 0 0  0 0 0  0 0 0  0 0 0
1773149725.3973 Rx ;41svo 1 -900 200  0 0 0  0 0 0  0 0 0  0 0 0
1773149725.4473 Rx ;41svo 1 -900 200  0 0 0  0 0 0  0 0 0  0 0 0
1773149725.4974 Rx ;41svo 1 -900 200  0 0 0  0 0 0  0 0 0  0 0 0
1773149725.5473 Rx ;41svo 1 -900 200  0 0 0  0 0 0  0 0 0  0 0 0
1773149725.5973 Rx ;41svo 1 -900 200  0 0 0  0 0 0  0 0 0  0 0 0
1773149725.6472 Rx ;41svo 1 -900 200  0 0 0  0 0 0  0 0 0  0 0 0
1773149725.6972 Rx ;41svo 1 -900 200  0 0 0  0 0 0  0 0 0  0 0 0
1773149725.7471 Rx ;41svo 1 -900 200  0 0 0  0 0 0  0 0 0  0 0 0
1773149725.7974 Rx ;41svo 1 -900 200  0 0 0  0 0 0  0 0 0  0 0 0
1773149725.8473 Rx ;41svo 1 -900 200  0 0 0  0 0 0  0 0 0  0 0 0
1773149725.8973 Rx ;41svo 1 -900 200  0 0 0  0 0 0  0 0 0  0 0 0
1773149725.9472 Rx ;41svo 1 -900 200  0 0 0  0 0 0  0 0 0  0 0 0
1773149725.9966 Rx ;41svo 1 -900 200  0 0 0  0 0 0  0 0 0  0 0 0
1773149726.0470 Rx ;41svo 1 -900 200  0 0 0  0 0 0  0 0 0  0 0 0
1773149726.0792 Txd ;35alive
1773149726.0972 Rx ;41svo 1 -900 200  0 0 0  0 0 0  0 0 0  0 0 0
1773149726.1473 Rx ;41svo 1 -900 200  0 0 0  0 0 0  0 0 0  0 0 0
1773149726.1974 Rx ;41svo 1 -900 200  0 0 0  0 0 0  0 0 0  0 0 0
1773149726.2475 Rx ;41svo 1 -900 200  0 0 0  0 0 0  0 0 0  0 0 0
1773149726.2970 Rx ;41svo 1 -900 200  0 0 0  0 0 0  0 0 0  0 0 0
1773149726.3470 Rx ;41svo 1 -900 200  0 0 0  0 0 0  0 0 0  0 0 0
1773149726.3966 Rx ;41svo 1 -900 200  0 0 0  0 0 0  0 0 0  0 0 0
1773149726.4470 Rx ;41svo 1 -900 200  0 0 0  0 0 0  0 0 0  0 0 0
1773149726.4970 Rx ;41svo 1 -900 200  0 0 0  0 0 0  0 0 0  0 0 0
1773149726.5469 Rx ;41svo 1 -900 200  0 0 0  0 0 0  0 0 0  0 0 0
1773149726.5973 Rx ;41svo 1 -900 200  0 0 0  0 0 0  0 0 0  0 0 0
1773149726.6472 Rx ;41svo 1 -900 200  0 0 0  0 0 0  0 0 0  0 0 0
1773149726.6971 Rx ;41svo 1 -900 200  0 0 0  0 0 0  0 0 0  0 0 0
1773149726.7469 Rx ;41svo 1 -900 200  0 0 0  0 0 0  0 0 0  0 0 0
1773149726.7972 Rx ;41svo 1 -900 200  0 0 0  0 0 0  0 0 0  0 0 0
1773149726.8471 Rx ;41svo 1 -900 200  0 0 0  0 0 0  0 0 0  0 0 0
1773149726.8971 Rx ;41svo 1 -900 200  0 0 0  0 0 0  0 0 0  0 0 0
1773149726.9470 Rx ;41svo 1 -900 200  0 0 0  0 0 0  0 0 0  0 0 0
1773149726.9801 Txd ;35alive
1773149726.9966 Rx ;41svo 1 -900 200  0 0 0  0 0 0  0 0 0  0 0 0
1773149727.0475 Rx ;41svo 1 -900 200  0 0 0  0 0 0  0 0 0  0 0 0
1773149727.0974 Rx ;41svo 1 -900 200  0 0 0  0 0 0  0 0 0  0 0 0
1773149727.1473 Rx ;41svo 1 -900 200  0 0 0  0 0 0  0 0 0  0 0 0
1773149727.1973 Rx ;41svo 1 -900 200  0 0 0  0 0 0  0 0 0  0 0 0
1773149727.2474 Rx ;41svo 1 -900 200  0 0 0  0 0 0  0 0 0  0 0 0
1773149727.2973 Rx ;41svo 1 -900 200  0 0 0  0 0 0  0 0 0  0 0 0
1773149727.3472 Rx ;41svo 1 -900 200  0 0 0  0 0 0  0 0 0  0 0 0
1773149727.3974 Rx ;41svo 1 -900 200  0 0 0  0 0 0  0 0 0  0 0 0
1773149727.4475 Rx ;41svo 1 -900 200  0 0 0  0 0 0  0 0 0  0 0 0
1773149727.4976 Rx ;41svo 1 -900 200  0 0 0  0 0 0  0 0 0  0 0 0
1773149727.5466 Rx ;41svo 1 -900 200  0 0 0  0 0 0  0 0 0  0 0 0
1773149727.5968 Rx ;41svo 1 -900 200  0 0 0  0 0 0  0 0 0  0 0 0
1773149727.6467 Rx ;41svo 1 -900 200  0 0 0  0 0 0  0 0 0  0 0 0
1773149727.6967 Rx ;41svo 1 -900 200  0 0 0  0 0 0  0 0 0  0 0 0
1773149727.7466 Rx ;41svo 1 -900 200  0 0 0  0 0 0  0 0 0  0 0 0
1773149727.7967 Rx ;41svo 1 -900 200  0 0 0  0 0 0  0 0 0  0 0 0
1773149727.8466 Rx ;41svo 1 -900 200  0 0 0  0 0 0  0 0 0  0 0 0
1773149727.8817 Txd ;35alive
1773149727.8970 Rx ;41svo 1 -900 200  0 0 0  0 0 0  0 0 0  0 0 0
1773149727.9469 Rx ;41svo 1 -900 200  0 0 0  0 0 0  0 0 0  0 0 0
1773149727.9968 Rx ;41svo 1 -900 200  0 0 0  0 0 0  0 0 0  0 0 0
1773149728.0467 Rx ;41svo 1 -900 200  0 0 0  0 0 0  0 0 0  0 0 0
1773149728.0976 Rx ;41svo 1 -900 200  0 0 0  0 0 0  0 0 0  0 0 0
1773149728.1474 Rx ;41svo 1 -900 200  0 0 0  0 0 0  0 0 0  0 0 0
1773149728.1973 Rx ;41svo 1 -900 200  0 0 0  0 0 0  0 0 0  0 0 0
1773149728.2472 Rx ;41svo 1 -900 200  0 0 0  0 0 0  0 0 0  0 0 0
1773149728.2971 Rx ;41svo 1 -900 200  0 0 0  0 0 0  0 0 0  0 0 0
1773149728.3469 Rx ;41svo 1 -900 200  0 0 0  0 0 0  0 0 0  0 0 0
1773149728.3970 Rx ;41svo 1 -900 200  0 0 0  0 0 0  0 0 0  0 0 0
1773149728.4469 Rx ;41svo 1 -900 200  0 0 0  0 0 0  0 0 0  0 0 0
1773149728.4967 Rx ;41svo 1 -900 200  0 0 0  0 0 0  0 0 0  0 0 0
1773149728.5476 Rx ;41svo 1 -900 200  0 0 0  0 0 0  0 0 0  0 0 0
1773149728.5976 Rx ;41svo 1 -900 200  0 0 0  0 0 0  0 0 0  0 0 0
1773149728.6475 Rx ;41svo 1 -900 200  0 0 0  0 0 0  0 0 0  0 0 0
1773149728.6974 Rx ;41svo 1 -900 200  0 0 0  0 0 0  0 0 0  0 0 0
1773149728.7473 Rx ;41svo 1 -900 200  0 0 0  0 0 0  0 0 0  0 0 0
1773149728.7824 Txd ;35alive
1773149728.7967 Rx ;41svo 1 -900 200  0 0 0  0 0 0  0 0 0  0 0 0
1773149728.8466 Rx ;41svo 1 -900 200  0 0 0  0 0 0  0 0 0  0 0 0
1773149728.8976 Rx ;41svo 1 -900 200  0 0 0  0 0 0  0 0 0  0 0 0
1773149728.9475 Rx ;41svo 1 -900 200  0 0 0  0 0 0  0 0 0  0 0 0
1773149728.9967 Rx ;41svo 1 -900 200  0 0 0  0 0 0  0 0 0  0 0 0
1773149729.0477 Rx ;41svo 1 -900 200  0 0 0  0 0 0  0 0 0  0 0 0
1773149729.0976 Rx ;41svo 1 -900 200  0 0 0  0 0 0  0 0 0  0 0 0
1773149729.1476 Rx ;41svo 1 -900 200  0 0 0  0 0 0  0 0 0  0 0 0
1773149729.1967 Rx ;41svo 1 -900 200  0 0 0  0 0 0  0 0 0  0 0 0
1773149729.2466 Rx ;41svo 1 -900 200  0 0 0  0 0 0  0 0 0  0 0 0
1773149729.2977 Rx ;41svo 1 -900 200  0 0 0  0 0 0  0 0 0  0 0 0
1773149729.3476 Rx ;41svo 1 -900 200  0 0 0  0 0 0  0 0 0  0 0 0
1773149729.3976 Rx ;41svo 1 -900 200  0 0 0  0 0 0  0 0 0  0 0 0
1773149729.4475 Rx ;41svo 1 -900 200  0 0 0  0 0 0  0 0 0  0 0 0
1773149729.4976 Rx ;41svo 1 -900 200  0 0 0  0 0 0  0 0 0  0 0 0
1773149729.5476 Rx ;41svo 1 -900 200  0 0 0  0 0 0  0 0 0  0 0 0
1773149729.5977 Rx ;41svo 1 -900 200  0 0 0  0 0 0  0 0 0  0 0 0
1773149729.6476 Rx ;41svo 1 -900 200  0 0 0  0 0 0  0 0 0  0 0 0
1773149729.6837 Txd ;35alive
1773149729.6970 Rx ;41svo 1 -900 200  0 0 0  0 0 0  0 0 0  0 0 0
1773149729.7468 Rx ;41svo 1 -900 200  0 0 0  0 0 0  0 0 0  0 0 0
1773149729.7968 Rx ;41svo 1 -900 200  0 0 0  0 0 0  0 0 0  0 0 0
1773149729.8467 Rx ;41svo 1 -900 200  0 0 0  0 0 0  0 0 0  0 0 0
1773149729.8976 Rx ;41svo 1 -900 200  0 0 0  0 0 0  0 0 0  0 0 0
1773149729.9474 Rx ;41svo 1 -900 200  0 0 0  0 0 0  0 0 0  0 0 0
1773149729.9974 Rx ;41svo 1 -900 200  0 0 0  0 0 0  0 0 0  0 0 0
1773149730.0473 Rx ;41svo 1 -900 200  0 0 0  0 0 0  0 0 0  0 0 0
1773149730.0972 Rx ;41svo 1 -900 200  0 0 0  0 0 0  0 0 0  0 0 0
1773149730.1471 Rx ;41svo 1 -900 200  0 0 0  0 0 0  0 0 0  0 0 0
1773149730.1971 Rx ;41svo 1 -900 200  0 0 0  0 0 0  0 0 0  0 0 0
1773149730.2470 Rx ;41svo 1 -900 200  0 0 0  0 0 0  0 0 0  0 0 0
1773149730.2968 Rx ;41svo 1 -900 200  0 0 0  0 0 0  0 0 0  0 0 0
1773149730.3468 Rx ;41svo 1 -900 200  0 0 0  0 0 0  0 0 0  0 0 0
1773149730.3971 Rx ;41svo 1 -900 200  0 0 0  0 0 0  0 0 0  0 0 0
1773149730.4469 Rx ;41svo 1 -900 200  0 0 0  0 0 0  0 0 0  0 0 0
1773149730.4970 Rx ;41svo 1 -900 200  0 0 0  0 0 0  0 0 0  0 0 0
1773149730.5476 Rx ;41svo 1 -900 200  0 0 0  0 0 0  0 0 0  0 0 0
1773149730.5851 Txd ;35alive
1773149730.5974 Rx ;41svo 1 -900 200  0 0 0  0 0 0  0 0 0  0 0 0
1773149730.6473 Rx ;41svo 1 -900 200  0 0 0  0 0 0  0 0 0  0 0 0
1773149730.6973 Rx ;41svo 1 -900 200  0 0 0  0 0 0  0 0 0  0 0 0
1773149730.7473 Rx ;41svo 1 -900 200  0 0 0  0 0 0  0 0 0  0 0 0
1773149730.7972 Rx ;41svo 1 -900 200  0 0 0  0 0 0  0 0 0  0 0 0
1773149730.8471 Rx ;41svo 1 -900 200  0 0 0  0 0 0  0 0 0  0 0 0
1773149730.8970 Rx ;41svo 1 -900 200  0 0 0  0 0 0  0 0 0  0 0 0
1773149730.9470 Rx ;41svo 1 -900 200  0 0 0  0 0 0  0 0 0  0 0 0
1773149730.9970 Rx ;41svo 1 -900 200  0 0 0  0 0 0  0 0 0  0 0 0
1773149731.0469 Rx ;41svo 1 -900 200  0 0 0  0 0 0  0 0 0  0 0 0
1773149731.0969 Rx ;41svo 1 -900 200  0 0 0  0 0 0  0 0 0  0 0 0
1773149731.1468 Rx ;41svo 1 -900 200  0 0 0  0 0 0  0 0 0  0 0 0
1773149731.1968 Rx ;41svo 1 -900 200  0 0 0  0 0 0  0 0 0  0 0 0
1773149731.2471 Rx ;41svo 1 -900 200  0 0 0  0 0 0  0 0 0  0 0 0
1773149731.2973 Rx ;41svo 1 -900 200  0 0 0  0 0 0  0 0 0  0 0 0
1773149731.3472 Rx ;41svo 1 -900 200  0 0 0  0 0 0  0 0 0  0 0 0
1773149731.3974 Rx ;41svo 1 -900 200  0 0 0  0 0 0  0 0 0  0 0 0
1773149731.4478 Rx ;41svo 1 -900 200  0 0 0  0 0 0  0 0 0  0 0 0
1773149731.4862 Txd ;35alive
1773149731.4973 Rx ;41svo 1 -900 200  0 0 0  0 0 0  0 0 0  0 0 0
1773149731.5471 Rx ;41svo 1 -900 200  0 0 0  0 0 0  0 0 0  0 0 0
1773149731.5975 Rx ;41svo 1 -900 200  0 0 0  0 0 0  0 0 0  0 0 0
1773149731.6476 Rx ;41svo 1 -900 200  0 0 0  0 0 0  0 0 0  0 0 0
1773149731.6976 Rx ;41svo 1 -900 200  0 0 0  0 0 0  0 0 0  0 0 0
1773149731.7475 Rx ;41svo 1 -900 200  0 0 0  0 0 0  0 0 0  0 0 0
1773149731.7976 Rx ;41svo 1 -900 200  0 0 0  0 0 0  0 0 0  0 0 0
1773149731.8475 Rx ;41svo 1 -900 200  0 0 0  0 0 0  0 0 0  0 0 0
1773149731.8977 Rx ;41svo 1 -900 200  0 0 0  0 0 0  0 0 0  0 0 0
1773149731.9469 Rx ;41svo 1 -900 200  0 0 0  0 0 0  0 0 0  0 0 0
1773149731.9970 Rx ;41svo 1 -900 200  0 0 0  0 0 0  0 0 0  0 0 0
1773149732.0468 Rx ;41svo 1 -900 200  0 0 0  0 0 0  0 0 0  0 0 0
1773149732.0978 Rx ;41svo 1 -900 200  0 0 0  0 0 0  0 0 0  0 0 0
1773149732.1477 Rx ;41svo 1 -900 200  0 0 0  0 0 0  0 0 0  0 0 0
1773149732.1976 Rx ;41svo 1 -900 200  0 0 0  0 0 0  0 0 0  0 0 0
1773149732.2475 Rx ;41svo 1 -900 200  0 0 0  0 0 0  0 0 0  0 0 0
1773149732.2976 Rx ;41svo 1 -900 200  0 0 0  0 0 0  0 0 0  0 0 0
1773149732.3475 Rx ;41svo 1 -900 200  0 0 0  0 0 0  0 0 0  0 0 0
1773149732.3871 Txd ;35alive
1773149732.3972 Rx ;41svo 1 -900 200  0 0 0  0 0 0  0 0 0  0 0 0
1773149732.4472 Rx ;41svo 1 -900 200  0 0 0  0 0 0  0 0 0  0 0 0
1773149732.4971 Rx ;41svo 1 -900 200  0 0 0  0 0 0  0 0 0  0 0 0
1773149732.5471 Rx ;41svo 1 -900 200  0 0 0  0 0 0  0 0 0  0 0 0
1773149732.5976 Rx ;41svo 1 -900 200  0 0 0  0 0 0  0 0 0  0 0 0
1773149732.6476 Rx ;41svo 1 -900 200  0 0 0  0 0 0  0 0 0  0 0 0
1773149732.6975 Rx ;41svo 1 -900 200  0 0 0  0 0 0  0 0 0  0 0 0
1773149732.7475 Rx ;41svo 1 -900 200  0 0 0  0 0 0  0 0 0  0 0 0
1773149732.7970 Rx ;41svo 1 -900 200  0 0 0  0 0 0  0 0 0  0 0 0
1773149732.8469 Rx ;41svo 1 -900 200  0 0 0  0 0 0  0 0 0  0 0 0
1773149732.8970 Rx ;41svo 1 -900 200  0 0 0  0 0 0  0 0 0  0 0 0
1773149732.9469 Rx ;41svo 1 -900 200  0 0 0  0 0 0  0 0 0  0 0 0
1773149732.9969 Rx ;41svo 1 -900 200  0 0 0  0 0 0  0 0 0  0 0 0
1773149733.0468 Rx ;41svo 1 -900 200  0 0 0  0 0 0  0 0 0  0 0 0
1773149733.0978 Rx ;41svo 1 -900 200  0 0 0  0 0 0  0 0 0  0 0 0
1773149733.1477 Rx ;41svo 1 -900 200  0 0 0  0 0 0  0 0 0  0 0 0
1773149733.1978 Rx ;41svo 1 -900 200  0 0 0  0 0 0  0 0 0  0 0 0
1773149733.2478 Rx ;41svo 1 -900 200  0 0 0  0 0 0  0 0 0  0 0 0
1773149733.2882 Txd ;35alive
1773149733.2980 Rx ;41svo 1 -900 200  0 0 0  0 0 0  0 0 0  0 0 0
1773149733.3469 Rx ;41svo 1 -900 200  0 0 0  0 0 0  0 0 0  0 0 0
1773149733.3971 Rx ;41svo 1 -900 200  0 0 0  0 0 0  0 0 0  0 0 0
1773149733.4472 Rx ;41svo 1 -900 200  0 0 0  0 0 0  0 0 0  0 0 0
1773149733.4973 Rx ;41svo 1 -900 200  0 0 0  0 0 0  0 0 0  0 0 0
1773149733.5476 Rx ;41svo 1 -900 200  0 0 0  0 0 0  0 0 0  0 0 0
1773149733.5977 Rx ;41svo 1 -900 200  0 0 0  0 0 0  0 0 0  0 0 0
1773149733.6477 Rx ;41svo 1 -900 200  0 0 0  0 0 0  0 0 0  0 0 0
1773149733.6976 Rx ;41svo 1 -900 200  0 0 0  0 0 0  0 0 0  0 0 0
1773149733.7475 Rx ;41svo 1 -900 200  0 0 0  0 0 0  0 0 0  0 0 0
1773149733.7978 Rx ;41svo 1 -900 200  0 0 0  0 0 0  0 0 0  0 0 0
1773149733.8478 Rx ;41svo 1 -900 200  0 0 0  0 0 0  0 0 0  0 0 0
1773149733.8977 Rx ;41svo 1 -900 200  0 0 0  0 0 0  0 0 0  0 0 0
1773149733.9477 Rx ;41svo 1 -900 200  0 0 0  0 0 0  0 0 0  0 0 0
1773149733.9978 Rx ;41svo 1 -900 200  0 0 0  0 0 0  0 0 0  0 0 0
1773149734.0478 Rx ;41svo 1 -900 200  0 0 0  0 0 0  0 0 0  0 0 0
1773149734.0978 Rx ;41svo 1 -900 200  0 0 0  0 0 0  0 0 0  0 0 0
1773149734.1477 Rx ;41svo 1 -900 200  0 0 0  0 0 0  0 0 0  0 0 0
1773149734.1894 Txd ;35alive
1773149734.1974 Rx ;41svo 1 -900 200  0 0 0  0 0 0  0 0 0  0 0 0
1773149734.2474 Rx ;41svo 1 -900 200  0 0 0  0 0 0  0 0 0  0 0 0
1773149734.2973 Rx ;41svo 1 -900 200  0 0 0  0 0 0  0 0 0  0 0 0
1773149734.3472 Rx ;41svo 1 -900 200  0 0 0  0 0 0  0 0 0  0 0 0
1773149734.3972 Rx ;41svo 1 -900 200  0 0 0  0 0 0  0 0 0  0 0 0
1773149734.4472 Rx ;41svo 1 -900 200  0 0 0  0 0 0  0 0 0  0 0 0
1773149734.4970 Rx ;41svo 1 -900 200  0 0 0  0 0 0  0 0 0  0 0 0
1773149734.5469 Rx ;41svo 1 -900 200  0 0 0  0 0 0  0 0 0  0 0 0
1773149734.5970 Rx ;41svo 1 -900 200  0 0 0  0 0 0  0 0 0  0 0 0
1773149734.6469 Rx ;41svo 1 -900 200  0 0 0  0 0 0  0 0 0  0 0 0
1773149734.6978 Rx ;41svo 1 -900 200  0 0 0  0 0 0  0 0 0  0 0 0
1773149734.7477 Rx ;41svo 1 -900 200  0 0 0  0 0 0  0 0 0  0 0 0
1773149734.7972 Rx ;41svo 1 -900 200  0 0 0  0 0 0  0 0 0  0 0 0
1773149734.8471 Rx ;41svo 1 -900 200  0 0 0  0 0 0  0 0 0  0 0 0
1773149734.8972 Rx ;41svo 1 -900 200  0 0 0  0 0 0  0 0 0  0 0 0
1773149734.9471 Rx ;41svo 1 -900 200  0 0 0  0 0 0  0 0 0  0 0 0
1773149734.9971 Rx ;41svo 1 -900 200  0 0 0  0 0 0  0 0 0  0 0 0
1773149735.0470 Rx ;41svo 1 -900 200  0 0 0  0 0 0  0 0 0  0 0 0
1773149735.0906 Txd ;35alive
1773149735.0975 Rx ;41svo 1 -900 200  0 0 0  0 0 0  0 0 0  0 0 0
1773149735.1475 Rx ;41svo 1 -900 200  0 0 0  0 0 0  0 0 0  0 0 0
1773149735.1969 Rx ;41svo 1 -900 200  0 0 0  0 0 0  0 0 0  0 0 0
1773149735.2470 Rx ;41svo 1 -900 200  0 0 0  0 0 0  0 0 0  0 0 0
1773149735.2971 Rx ;41svo 1 -900 200  0 0 0  0 0 0  0 0 0  0 0 0
1773149735.3470 Rx ;41svo 1 -900 200  0 0 0  0 0 0  0 0 0  0 0 0
1773149735.3975 Rx ;41svo 1 -900 200  0 0 0  0 0 0  0 0 0  0 0 0
1773149735.4474 Rx ;41svo 1 -900 200  0 0 0  0 0 0  0 0 0  0 0 0
1773149735.4974 Rx ;41svo 1 -900 200  0 0 0  0 0 0  0 0 0  0 0 0
1773149735.5473 Rx ;41svo 1 -900 200  0 0 0  0 0 0  0 0 0  0 0 0
1773149735.5973 Rx ;41svo 1 -900 200  0 0 0  0 0 0  0 0 0  0 0 0
1773149735.6473 Rx ;41svo 1 -900 200  0 0 0  0 0 0  0 0 0  0 0 0
1773149735.6973 Rx ;41svo 1 -900 200  0 0 0  0 0 0  0 0 0  0 0 0
1773149735.7472 Rx ;41svo 1 -900 200  0 0 0  0 0 0  0 0 0  0 0 0
1773149735.7972 Rx ;41svo 1 -900 200  0 0 0  0 0 0  0 0 0  0 0 0
1773149735.8471 Rx ;41svo 1 -900 200  0 0 0  0 0 0  0 0 0  0 0 0
1773149735.8971 Rx ;41svo 1 -900 200  0 0 0  0 0 0  0 0 0  0 0 0
1773149735.9470 Rx ;41svo 1 -900 200  0 0 0  0 0 0  0 0 0  0 0 0
1773149735.9914 Txd ;35alive
1773149735.9973 Rx ;41svo 1 -900 200  0 0 0  0 0 0  0 0 0  0 0 0
1773149736.0473 Rx ;41svo 1 -900 200  0 0 0  0 0 0  0 0 0  0 0 0
1773149736.0972 Rx ;41svo 1 -900 200  0 0 0  0 0 0  0 0 0  0 0 0
1773149736.1472 Rx ;41svo 1 -900 200  0 0 0  0 0 0  0 0 0  0 0 0
1773149736.1972 Rx ;41svo 1 -900 200  0 0 0  0 0 0  0 0 0  0 0 0
1773149736.2472 Rx ;41svo 1 -900 200  0 0 0  0 0 0  0 0 0  0 0 0
1773149736.2972 Rx ;41svo 1 -900 200  0 0 0  0 0 0  0 0 0  0 0 0
1773149736.3471 Rx ;41svo 1 -900 200  0 0 0  0 0 0  0 0 0  0 0 0
1773149736.3972 Rx ;41svo 1 -900 200  0 0 0  0 0 0  0 0 0  0 0 0
1773149736.4476 Rx ;41svo 1 -900 200  0 0 0  0 0 0  0 0 0  0 0 0
1773149736.4980 Rx ;41svo 1 -900 200  0 0 0  0 0 0  0 0 0  0 0 0
1773149736.5478 Rx ;41svo 1 -900 200  0 0 0  0 0 0  0 0 0  0 0 0
1773149736.5972 Rx ;41svo 1 -900 200  0 0 0  0 0 0  0 0 0  0 0 0
1773149736.6477 Rx ;41svo 1 -900 200  0 0 0  0 0 0  0 0 0  0 0 0
1773149736.6979 Rx ;41svo 1 -900 200  0 0 0  0 0 0  0 0 0  0 0 0
1773149736.7479 Rx ;41svo 1 -900 200  0 0 0  0 0 0  0 0 0  0 0 0
1773149736.7976 Rx ;41svo 1 -900 200  0 0 0  0 0 0  0 0 0  0 0 0
1773149736.8477 Rx ;41svo 1 -900 200  0 0 0  0 0 0  0 0 0  0 0 0
1773149736.8925 Txd ;35alive
1773149736.8973 Rx ;41svo 1 -900 200  0 0 0  0 0 0  0 0 0  0 0 0
1773149736.9473 Rx ;41svo 1 -900 200  0 0 0  0 0 0  0 0 0  0 0 0
1773149736.9978 Rx ;41svo 1 -900 200  0 0 0  0 0 0  0 0 0  0 0 0
1773149737.0478 Rx ;41svo 1 -900 200  0 0 0  0 0 0  0 0 0  0 0 0
1773149737.0970 Rx ;41svo 1 -900 200  0 0 0  0 0 0  0 0 0  0 0 0
1773149737.1471 Rx ;41svo 1 -900 200  0 0 0  0 0 0  0 0 0  0 0 0
1773149737.1975 Rx ;41svo 1 -900 200  0 0 0  0 0 0  0 0 0  0 0 0
1773149737.2473 Rx ;41svo 1 -900 200  0 0 0  0 0 0  0 0 0  0 0 0
1773149737.2971 Rx ;41svo 1 -900 200  0 0 0  0 0 0  0 0 0  0 0 0
1773149737.3470 Rx ;41svo 1 -900 200  0 0 0  0 0 0  0 0 0  0 0 0
1773149737.3980 Rx ;41svo 1 -900 200  0 0 0  0 0 0  0 0 0  0 0 0
1773149737.4480 Rx ;41svo 1 -900 200  0 0 0  0 0 0  0 0 0  0 0 0
1773149737.4979 Rx ;41svo 1 -900 200  0 0 0  0 0 0  0 0 0  0 0 0
1773149737.5478 Rx ;41svo 1 -900 200  0 0 0  0 0 0  0 0 0  0 0 0
1773149737.5980 Rx ;41svo 1 -900 200  0 0 0  0 0 0  0 0 0  0 0 0
1773149737.6479 Rx ;41svo 1 -900 200  0 0 0  0 0 0  0 0 0  0 0 0
1773149737.6978 Rx ;41svo 1 -900 200  0 0 0  0 0 0  0 0 0  0 0 0
1773149737.7477 Rx ;41svo 1 -900 200  0 0 0  0 0 0  0 0 0  0 0 0
1773149737.7934 Txd ;35alive
1773149737.7973 Rx ;41svo 1 -900 200  0 0 0  0 0 0  0 0 0  0 0 0
1773149737.8473 Rx ;41svo 1 -900 200  0 0 0  0 0 0  0 0 0  0 0 0
1773149737.8972 Rx ;41svo 1 -900 200  0 0 0  0 0 0  0 0 0  0 0 0
1773149737.9470 Rx ;41svo 1 -900 200  0 0 0  0 0 0  0 0 0  0 0 0
1773149737.9974 Rx ;41svo 1 -900 200  0 0 0  0 0 0  0 0 0  0 0 0
1773149738.0473 Rx ;41svo 1 -900 200  0 0 0  0 0 0  0 0 0  0 0 0
1773149738.0972 Rx ;41svo 1 -900 200  0 0 0  0 0 0  0 0 0  0 0 0
1773149738.1472 Rx ;41svo 1 -900 200  0 0 0  0 0 0  0 0 0  0 0 0
1773149738.1971 Rx ;41svo 1 -900 200  0 0 0  0 0 0  0 0 0  0 0 0
1773149738.2472 Rx ;41svo 1 -900 200  0 0 0  0 0 0  0 0 0  0 0 0
1773149738.2971 Rx ;41svo 1 -900 200  0 0 0  0 0 0  0 0 0  0 0 0
1773149738.3470 Rx ;41svo 1 -900 200  0 0 0  0 0 0  0 0 0  0 0 0
1773149738.3971 Rx ;41svo 1 -900 200  0 0 0  0 0 0  0 0 0  0 0 0
1773149738.4470 Rx ;41svo 1 -900 200  0 0 0  0 0 0  0 0 0  0 0 0
1773149738.4980 Rx ;41svo 1 -900 200  0 0 0  0 0 0  0 0 0  0 0 0
1773149738.5479 Rx ;41svo 1 -900 200  0 0 0  0 0 0  0 0 0  0 0 0
1773149738.5972 Rx ;41svo 1 -900 200  0 0 0  0 0 0  0 0 0  0 0 0
1773149738.6472 Rx ;41svo 1 -900 200  0 0 0  0 0 0  0 0 0  0 0 0
1773149738.6950 Txd ;35alive
1773149738.6977 Rx ;41svo 1 -900 200  0 0 0  0 0 0  0 0 0  0 0 0
1773149738.7477 Rx ;41svo 1 -900 200  0 0 0  0 0 0  0 0 0  0 0 0
1773149738.7982 Rx ;41svo 1 -900 200  0 0 0  0 0 0  0 0 0  0 0 0
1773149738.8480 Rx ;41svo 1 -900 200  0 0 0  0 0 0  0 0 0  0 0 0
1773149738.8979 Rx ;41svo 1 -900 200  0 0 0  0 0 0  0 0 0  0 0 0
1773149738.9478 Rx ;41svo 1 -900 200  0 0 0  0 0 0  0 0 0  0 0 0
1773149738.9979 Rx ;41svo 1 -900 200  0 0 0  0 0 0  0 0 0  0 0 0
1773149739.0478 Rx ;41svo 1 -900 200  0 0 0  0 0 0  0 0 0  0 0 0
1773149739.0978 Rx ;41svo 1 -900 200  0 0 0  0 0 0  0 0 0  0 0 0
1773149739.1480 Rx ;41svo 1 -900 200  0 0 0  0 0 0  0 0 0  0 0 0
1773149739.1979 Rx ;41svo 1 -900 200  0 0 0  0 0 0  0 0 0  0 0 0
1773149739.2478 Rx ;41svo 1 -900 200  0 0 0  0 0 0  0 0 0  0 0 0
1773149739.2977 Rx ;41svo 1 -900 200  0 0 0  0 0 0  0 0 0  0 0 0
1773149739.3476 Rx ;41svo 1 -900 200  0 0 0  0 0 0  0 0 0  0 0 0
1773149739.3976 Rx ;41svo 1 -900 200  0 0 0  0 0 0  0 0 0  0 0 0
1773149739.4475 Rx ;41svo 1 -900 200  0 0 0  0 0 0  0 0 0  0 0 0
1773149739.4973 Rx ;41svo 1 -900 200  0 0 0  0 0 0  0 0 0  0 0 0
1773149739.5482 Rx ;41svo 1 -900 200  0 0 0  0 0 0  0 0 0  0 0 0
1773149739.5961 Txd ;35alive
1773149739.5978 Rx ;41svo 1 -900 200  0 0 0  0 0 0  0 0 0  0 0 0
1773149739.6478 Rx ;41svo 1 -900 200  0 0 0  0 0 0  0 0 0  0 0 0
1773149739.6977 Rx ;41svo 1 -900 200  0 0 0  0 0 0  0 0 0  0 0 0
1773149739.7487 Rx ;41svo 1 -900 200  0 0 0  0 0 0  0 0 0  0 0 0
1773149739.7978 Rx ;41svo 1 -900 200  0 0 0  0 0 0  0 0 0  0 0 0
1773149739.8477 Rx ;41svo 1 -900 200  0 0 0  0 0 0  0 0 0  0 0 0
1773149739.8987 Rx ;41svo 1 -900 200  0 0 0  0 0 0  0 0 0  0 0 0
1773149739.9485 Rx ;41svo 1 -900 200  0 0 0  0 0 0  0 0 0  0 0 0
1773149739.9985 Rx ;41svo 1 -900 200  0 0 0  0 0 0  0 0 0  0 0 0
1773149740.0485 Rx ;41svo 1 -900 200  0 0 0  0 0 0  0 0 0  0 0 0
1773149740.0984 Rx ;41svo 1 -900 200  0 0 0  0 0 0  0 0 0  0 0 0
1773149740.1484 Rx ;41svo 1 -900 200  0 0 0  0 0 0  0 0 0  0 0 0
1773149740.1984 Rx ;41svo 1 -900 200  0 0 0  0 0 0  0 0 0  0 0 0
1773149740.2484 Rx ;41svo 1 -900 200  0 0 0  0 0 0  0 0 0  0 0 0
1773149740.2983 Rx ;41svo 1 -900 200  0 0 0  0 0 0  0 0 0  0 0 0
1773149740.3482 Rx ;41svo 1 -900 200  0 0 0  0 0 0  0 0 0  0 0 0
1773149740.3982 Rx ;41svo 1 -900 200  0 0 0  0 0 0  0 0 0  0 0 0
1773149740.4482 Rx ;41svo 1 -900 200  0 0 0  0 0 0  0 0 0  0 0 0
1773149740.4976 Txd ;35alive
1773149740.4982 Rx ;41svo 1 -900 200  0 0 0  0 0 0  0 0 0  0 0 0
1773149740.5481 Rx ;41svo 1 -900 200  0 0 0  0 0 0  0 0 0  0 0 0
1773149740.5981 Rx ;41svo 1 -900 200  0 0 0  0 0 0  0 0 0  0 0 0
1773149740.6481 Rx ;41svo 1 -900 200  0 0 0  0 0 0  0 0 0  0 0 0
1773149740.6980 Rx ;41svo 1 -900 200  0 0 0  0 0 0  0 0 0  0 0 0
1773149740.7480 Rx ;41svo 1 -900 200  0 0 0  0 0 0  0 0 0  0 0 0
1773149740.7980 Rx ;41svo 1 -900 200  0 0 0  0 0 0  0 0 0  0 0 0
1773149740.8480 Rx ;41svo 1 -900 200  0 0 0  0 0 0  0 0 0  0 0 0
1773149740.8980 Rx ;41svo 1 -900 200  0 0 0  0 0 0  0 0 0  0 0 0
1773149740.9480 Rx ;41svo 1 -900 200  0 0 0  0 0 0  0 0 0  0 0 0
1773149740.9980 Rx ;41svo 1 -900 200  0 0 0  0 0 0  0 0 0  0 0 0
1773149741.0480 Rx ;41svo 1 -900 200  0 0 0  0 0 0  0 0 0  0 0 0
1773149741.0979 Rx ;41svo 1 -900 200  0 0 0  0 0 0  0 0 0  0 0 0
1773149741.1479 Rx ;41svo 1 -900 200  0 0 0  0 0 0  0 0 0  0 0 0
1773149741.1979 Rx ;41svo 1 -900 200  0 0 0  0 0 0  0 0 0  0 0 0
1773149741.2479 Rx ;41svo 1 -900 200  0 0 0  0 0 0  0 0 0  0 0 0
1773149741.2988 Rx ;41svo 1 -900 200  0 0 0  0 0 0  0 0 0  0 0 0
1773149741.3487 Rx ;41svo 1 -900 200  0 0 0  0 0 0  0 0 0  0 0 0
1773149741.3988 Txd ;35alive
1773149741.3994 Rx ;41svo 1 -900 200  0 0 0  0 0 0  0 0 0  0 0 0
1773149741.4482 Rx ;41svo 1 -900 200  0 0 0  0 0 0  0 0 0  0 0 0
1773149741.4981 Rx ;41svo 1 -900 200  0 0 0  0 0 0  0 0 0  0 0 0
1773149741.5480 Rx ;41svo 1 -900 200  0 0 0  0 0 0  0 0 0  0 0 0
1773149741.5980 Rx ;41svo 1 -900 200  0 0 0  0 0 0  0 0 0  0 0 0
1773149741.6484 Rx ;41svo 1 -900 200  0 0 0  0 0 0  0 0 0  0 0 0
1773149741.6985 Rx ;41svo 1 -900 200  0 0 0  0 0 0  0 0 0  0 0 0
1773149741.7484 Rx ;41svo 1 -900 200  0 0 0  0 0 0  0 0 0  0 0 0
1773149741.7983 Rx ;41svo 1 -900 200  0 0 0  0 0 0  0 0 0  0 0 0
1773149741.8479 Rx ;41svo 1 -900 200  0 0 0  0 0 0  0 0 0  0 0 0
1773149741.8979 Rx ;41svo 1 -900 200  0 0 0  0 0 0  0 0 0  0 0 0
1773149741.9479 Rx ;41svo 1 -900 200  0 0 0  0 0 0  0 0 0  0 0 0
1773149741.9983 Rx ;41svo 1 -900 200  0 0 0  0 0 0  0 0 0  0 0 0
1773149742.0484 Rx ;41svo 1 -900 200  0 0 0  0 0 0  0 0 0  0 0 0
1773149742.0983 Rx ;41svo 1 -900 200  0 0 0  0 0 0  0 0 0  0 0 0
1773149742.1482 Rx ;41svo 1 -900 200  0 0 0  0 0 0  0 0 0  0 0 0
1773149742.1982 Rx ;41svo 1 -900 200  0 0 0  0 0 0  0 0 0  0 0 0
1773149742.2480 Rx ;41svo 1 -900 200  0 0 0  0 0 0  0 0 0  0 0 0
1773149742.2983 Rx ;41svo 1 -900 200  0 0 0  0 0 0  0 0 0  0 0 0
1773149742.2995 Txd ;35alive
1773149742.3479 Rx ;41svo 1 -900 200  0 0 0  0 0 0  0 0 0  0 0 0
1773149742.3979 Rx ;41svo 1 -900 200  0 0 0  0 0 0  0 0 0  0 0 0
1773149742.4479 Rx ;41svo 1 -900 200  0 0 0  0 0 0  0 0 0  0 0 0
1773149742.4989 Rx ;41svo 1 -900 200  0 0 0  0 0 0  0 0 0  0 0 0
1773149742.5488 Rx ;41svo 1 -900 200  0 0 0  0 0 0  0 0 0  0 0 0
1773149742.5988 Rx ;41svo 1 -900 200  0 0 0  0 0 0  0 0 0  0 0 0
1773149742.6488 Rx ;41svo 1 -900 200  0 0 0  0 0 0  0 0 0  0 0 0
1773149742.6987 Rx ;41svo 1 -900 200  0 0 0  0 0 0  0 0 0  0 0 0
1773149742.7486 Rx ;41svo 1 -900 200  0 0 0  0 0 0  0 0 0  0 0 0
1773149742.7987 Rx ;41svo 1 -900 200  0 0 0  0 0 0  0 0 0  0 0 0
1773149742.8485 Rx ;41svo 1 -900 200  0 0 0  0 0 0  0 0 0  0 0 0
1773149742.8984 Rx ;41svo 1 -900 200  0 0 0  0 0 0  0 0 0  0 0 0
1773149742.9488 Rx ;41svo 1 -900 200  0 0 0  0 0 0  0 0 0  0 0 0
1773149742.9981 Rx ;41svo 1 -900 200  0 0 0  0 0 0  0 0 0  0 0 0
1773149743.0481 Rx ;41svo 1 -900 200  0 0 0  0 0 0  0 0 0  0 0 0
1773149743.0980 Rx ;41svo 1 -900 200  0 0 0  0 0 0  0 0 0  0 0 0
1773149743.1481 Rx ;41svo 1 -900 200  0 0 0  0 0 0  0 0 0  0 0 0
1773149743.1982 Rx ;41svo 1 -900 200  0 0 0  0 0 0  0 0 0  0 0 0
1773149743.2004 Txd ;35alive
1773149743.2487 Rx ;41svo 1 -900 200  0 0 0  0 0 0  0 0 0  0 0 0
1773149743.2986 Rx ;41svo 1 -900 200  0 0 0  0 0 0  0 0 0  0 0 0
1773149743.3485 Rx ;41svo 1 -900 200  0 0 0  0 0 0  0 0 0  0 0 0
1773149743.3987 Rx ;41svo 1 -900 200  0 0 0  0 0 0  0 0 0  0 0 0
1773149743.4486 Rx ;41svo 1 -900 200  0 0 0  0 0 0  0 0 0  0 0 0
1773149743.4984 Rx ;41svo 1 -900 200  0 0 0  0 0 0  0 0 0  0 0 0
1773149743.5483 Rx ;41svo 1 -900 200  0 0 0  0 0 0  0 0 0  0 0 0
1773149743.5983 Rx ;41svo 1 -900 200  0 0 0  0 0 0  0 0 0  0 0 0
1773149743.6482 Rx ;41svo 1 -900 200  0 0 0  0 0 0  0 0 0  0 0 0
1773149743.6982 Rx ;41svo 1 -900 200  0 0 0  0 0 0  0 0 0  0 0 0
1773149743.7481 Rx ;41svo 1 -900 200  0 0 0  0 0 0  0 0 0  0 0 0
1773149743.7982 Rx ;41svo 1 -900 200  0 0 0  0 0 0  0 0 0  0 0 0
1773149743.8481 Rx ;41svo 1 -900 200  0 0 0  0 0 0  0 0 0  0 0 0
1773149743.8980 Rx ;41svo 1 -900 200  0 0 0  0 0 0  0 0 0  0 0 0
1773149743.9480 Rx ;41svo 1 -900 200  0 0 0  0 0 0  0 0 0  0 0 0
1773149743.9982 Rx ;41svo 1 -900 200  0 0 0  0 0 0  0 0 0  0 0 0
1773149744.0481 Rx ;41svo 1 -900 200  0 0 0  0 0 0  0 0 0  0 0 0
1773149744.0981 Rx ;41svo 1 -900 200  0 0 0  0 0 0  0 0 0  0 0 0
1773149744.1014 Txd ;35alive
1773149744.1486 Rx ;41svo 1 -900 200  0 0 0  0 0 0  0 0 0  0 0 0
1773149744.1987 Rx ;41svo 1 -900 200  0 0 0  0 0 0  0 0 0  0 0 0
1773149744.2486 Rx ;41svo 1 -900 200  0 0 0  0 0 0  0 0 0  0 0 0
1773149744.2988 Rx ;41svo 1 -900 200  0 0 0  0 0 0  0 0 0  0 0 0
1773149744.3487 Rx ;41svo 1 -900 200  0 0 0  0 0 0  0 0 0  0 0 0
1773149744.3989 Rx ;41svo 1 -900 200  0 0 0  0 0 0  0 0 0  0 0 0
1773149744.4489 Rx ;41svo 1 -900 200  0 0 0  0 0 0  0 0 0  0 0 0
1773149744.4988 Rx ;41svo 1 -900 200  0 0 0  0 0 0  0 0 0  0 0 0
1773149744.5487 Rx ;41svo 1 -900 200  0 0 0  0 0 0  0 0 0  0 0 0
1773149744.5988 Rx ;41svo 1 -900 200  0 0 0  0 0 0  0 0 0  0 0 0
1773149744.6487 Rx ;41svo 1 -900 200  0 0 0  0 0 0  0 0 0  0 0 0
1773149744.6986 Rx ;41svo 1 -900 200  0 0 0  0 0 0  0 0 0  0 0 0
1773149744.7485 Rx ;41svo 1 -900 200  0 0 0  0 0 0  0 0 0  0 0 0
1773149744.7986 Rx ;41svo 1 -900 200  0 0 0  0 0 0  0 0 0  0 0 0
1773149744.8484 Rx ;41svo 1 -900 200  0 0 0  0 0 0  0 0 0  0 0 0
1773149744.8984 Rx ;41svo 1 -900 200  0 0 0  0 0 0  0 0 0  0 0 0
1773149744.9483 Rx ;41svo 1 -900 200  0 0 0  0 0 0  0 0 0  0 0 0
1773149744.9983 Rx ;41svo 1 -900 200  0 0 0  0 0 0  0 0 0  0 0 0
1773149745.0027 Txd ;35alive
1773149745.0488 Rx ;41svo 1 -900 200  0 0 0  0 0 0  0 0 0  0 0 0
1773149745.0987 Rx ;41svo 1 -900 200  0 0 0  0 0 0  0 0 0  0 0 0
1773149745.1487 Rx ;41svo 1 -900 200  0 0 0  0 0 0  0 0 0  0 0 0
1773149745.1987 Rx ;41svo 1 -900 200  0 0 0  0 0 0  0 0 0  0 0 0
1773149745.2486 Rx ;41svo 1 -900 200  0 0 0  0 0 0  0 0 0  0 0 0
1773149745.2985 Rx ;41svo 1 -900 200  0 0 0  0 0 0  0 0 0  0 0 0
1773149745.3485 Rx ;41svo 1 -900 200  0 0 0  0 0 0  0 0 0  0 0 0
1773149745.3987 Rx ;41svo 1 -900 200  0 0 0  0 0 0  0 0 0  0 0 0
1773149745.4486 Rx ;41svo 1 -900 200  0 0 0  0 0 0  0 0 0  0 0 0
1773149745.4985 Rx ;41svo 1 -900 200  0 0 0  0 0 0  0 0 0  0 0 0
1773149745.5485 Rx ;41svo 1 -900 200  0 0 0  0 0 0  0 0 0  0 0 0
1773149745.5984 Rx ;41svo 1 -900 200  0 0 0  0 0 0  0 0 0  0 0 0
1773149745.6484 Rx ;41svo 1 -900 200  0 0 0  0 0 0  0 0 0  0 0 0
1773149745.6985 Rx ;41svo 1 -900 200  0 0 0  0 0 0  0 0 0  0 0 0
1773149745.7484 Rx ;41svo 1 -900 200  0 0 0  0 0 0  0 0 0  0 0 0
1773149745.7985 Rx ;41svo 1 -900 200  0 0 0  0 0 0  0 0 0  0 0 0
1773149745.8484 Rx ;41svo 1 -900 200  0 0 0  0 0 0  0 0 0  0 0 0
1773149745.8983 Rx ;41svo 1 -900 200  0 0 0  0 0 0  0 0 0  0 0 0
1773149745.9038 Txd ;35alive
1773149745.9488 Rx ;41svo 1 -900 200  0 0 0  0 0 0  0 0 0  0 0 0
1773149745.9989 Rx ;41svo 1 -900 200  0 0 0  0 0 0  0 0 0  0 0 0
1773149746.0488 Rx ;41svo 1 -900 200  0 0 0  0 0 0  0 0 0  0 0 0
1773149746.0987 Rx ;41svo 1 -900 200  0 0 0  0 0 0  0 0 0  0 0 0
1773149746.1487 Rx ;41svo 1 -900 200  0 0 0  0 0 0  0 0 0  0 0 0
1773149746.1988 Rx ;41svo 1 -900 200  0 0 0  0 0 0  0 0 0  0 0 0
1773149746.2487 Rx ;41svo 1 -900 200  0 0 0  0 0 0  0 0 0  0 0 0
1773149746.2986 Rx ;41svo 1 -900 200  0 0 0  0 0 0  0 0 0  0 0 0
1773149746.3486 Rx ;41svo 1 -900 200  0 0 0  0 0 0  0 0 0  0 0 0
1773149746.3987 Rx ;41svo 1 -900 200  0 0 0  0 0 0  0 0 0  0 0 0
1773149746.4487 Rx ;41svo 1 -900 200  0 0 0  0 0 0  0 0 0  0 0 0
1773149746.4987 Rx ;41svo 1 -900 200  0 0 0  0 0 0  0 0 0  0 0 0
1773149746.5486 Rx ;41svo 1 -900 200  0 0 0  0 0 0  0 0 0  0 0 0
1773149746.5986 Rx ;41svo 1 -900 200  0 0 0  0 0 0  0 0 0  0 0 0
1773149746.6485 Rx ;41svo 1 -900 200  0 0 0  0 0 0  0 0 0  0 0 0
1773149746.6984 Rx ;41svo 1 -900 200  0 0 0  0 0 0  0 0 0  0 0 0
1773149746.7483 Rx ;41svo 1 -900 200  0 0 0  0 0 0  0 0 0  0 0 0
1773149746.7983 Rx ;41svo 1 -900 200  0 0 0  0 0 0  0 0 0  0 0 0
1773149746.8047 Txd ;35alive
1773149746.8481 Rx ;41svo 1 -900 200  0 0 0  0 0 0  0 0 0  0 0 0
1773149746.8985 Rx ;41svo 1 -900 200  0 0 0  0 0 0  0 0 0  0 0 0
1773149746.9487 Rx ;41svo 1 -900 200  0 0 0  0 0 0  0 0 0  0 0 0
1773149746.9990 Rx ;41svo 1 -900 200  0 0 0  0 0 0  0 0 0  0 0 0
1773149747.0484 Rx ;41svo 1 -900 200  0 0 0  0 0 0  0 0 0  0 0 0
1773149747.0985 Rx ;41svo 1 -900 200  0 0 0  0 0 0  0 0 0  0 0 0
1773149747.1487 Rx ;41svo 1 -900 200  0 0 0  0 0 0  0 0 0  0 0 0
1773149747.1981 Rx ;41svo 1 -900 200  0 0 0  0 0 0  0 0 0  0 0 0
1773149747.2484 Rx ;41svo 1 -900 200  0 0 0  0 0 0  0 0 0  0 0 0
1773149747.2983 Rx ;41svo 1 -900 200  0 0 0  0 0 0  0 0 0  0 0 0
1773149747.3482 Rx ;41svo 1 -900 200  0 0 0  0 0 0  0 0 0  0 0 0
1773149747.3983 Rx ;41svo 1 -900 200  0 0 0  0 0 0  0 0 0  0 0 0
1773149747.4482 Rx ;41svo 1 -900 200  0 0 0  0 0 0  0 0 0  0 0 0
1773149747.4985 Rx ;41svo 1 -900 200  0 0 0  0 0 0  0 0 0  0 0 0
1773149747.5485 Rx ;41svo 1 -900 200  0 0 0  0 0 0  0 0 0  0 0 0
1773149747.5984 Rx ;41svo 1 -900 200  0 0 0  0 0 0  0 0 0  0 0 0
1773149747.6482 Rx ;41svo 1 -900 200  0 0 0  0 0 0  0 0 0  0 0 0
1773149747.6981 Rx ;41svo 1 -900 200  0 0 0  0 0 0  0 0 0  0 0 0
1773149747.7057 Txd ;35alive
1773149747.7486 Rx ;41svo 1 -900 200  0 0 0  0 0 0  0 0 0  0 0 0
1773149747.7986 Rx ;41svo 1 -900 200  0 0 0  0 0 0  0 0 0  0 0 0
1773149747.8485 Rx ;41svo 1 -900 200  0 0 0  0 0 0  0 0 0  0 0 0
1773149747.8985 Rx ;41svo 1 -900 200  0 0 0  0 0 0  0 0 0  0 0 0
1773149747.9484 Rx ;41svo 1 -900 200  0 0 0  0 0 0  0 0 0  0 0 0
1773149747.9984 Rx ;41svo 1 -900 200  0 0 0  0 0 0  0 0 0  0 0 0
1773149748.0483 Rx ;41svo 1 -900 200  0 0 0  0 0 0  0 0 0  0 0 0
1773149748.0983 Rx ;41svo 1 -900 200  0 0 0  0 0 0  0 0 0  0 0 0
1773149748.1482 Rx ;41svo 1 -900 200  0 0 0  0 0 0  0 0 0  0 0 0
1773149748.1982 Rx ;41svo 1 -900 200  0 0 0  0 0 0  0 0 0  0 0 0
1773149748.2492 Rx ;41svo 1 -900 200  0 0 0  0 0 0  0 0 0  0 0 0
1773149748.2990 Rx ;41svo 1 -900 200  0 0 0  0 0 0  0 0 0  0 0 0
1773149748.3489 Rx ;41svo 1 -900 200  0 0 0  0 0 0  0 0 0  0 0 0
1773149748.3988 Rx ;41svo 1 -900 200  0 0 0  0 0 0  0 0 0  0 0 0
1773149748.4488 Rx ;41svo 1 -900 200  0 0 0  0 0 0  0 0 0  0 0 0
1773149748.4987 Rx ;41svo 1 -900 200  0 0 0  0 0 0  0 0 0  0 0 0
1773149748.5485 Rx ;41svo 1 -900 200  0 0 0  0 0 0  0 0 0  0 0 0
1773149748.5989 Rx ;41svo 1 -900 200  0 0 0  0 0 0  0 0 0  0 0 0
1773149748.6065 Txd ;35alive
1773149748.6485 Rx ;41svo 1 -900 200  0 0 0  0 0 0  0 0 0  0 0 0
1773149748.6985 Rx ;41svo 1 -900 200  0 0 0  0 0 0  0 0 0  0 0 0
1773149748.7485 Rx ;41svo 1 -900 200  0 0 0  0 0 0  0 0 0  0 0 0
1773149748.7991 Rx ;41svo 1 -900 200  0 0 0  0 0 0  0 0 0  0 0 0
1773149748.8491 Rx ;41svo 1 -900 200  0 0 0  0 0 0  0 0 0  0 0 0
1773149748.8990 Rx ;41svo 1 -900 200  0 0 0  0 0 0  0 0 0  0 0 0
1773149748.9489 Rx ;41svo 1 -900 200  0 0 0  0 0 0  0 0 0  0 0 0
1773149748.9985 Rx ;41svo 1 -900 200  0 0 0  0 0 0  0 0 0  0 0 0
1773149749.0485 Rx ;41svo 1 -900 200  0 0 0  0 0 0  0 0 0  0 0 0
1773149749.0984 Rx ;41svo 1 -900 200  0 0 0  0 0 0  0 0 0  0 0 0
1773149749.1483 Rx ;41svo 1 -900 200  0 0 0  0 0 0  0 0 0  0 0 0
1773149749.1984 Rx ;41svo 1 -900 200  0 0 0  0 0 0  0 0 0  0 0 0
1773149749.2484 Rx ;41svo 1 -900 200  0 0 0  0 0 0  0 0 0  0 0 0
1773149749.2984 Rx ;41svo 1 -900 200  0 0 0  0 0 0  0 0 0  0 0 0
1773149749.3483 Rx ;41svo 1 -900 200  0 0 0  0 0 0  0 0 0  0 0 0
1773149749.3983 Rx ;41svo 1 -900 200  0 0 0  0 0 0  0 0 0  0 0 0
1773149749.4485 Rx ;41svo 1 -900 200  0 0 0  0 0 0  0 0 0  0 0 0
1773149749.4986 Rx ;41svo 1 -900 200  0 0 0  0 0 0  0 0 0  0 0 0
1773149749.5073 Txd ;35alive
1773149749.5482 Rx ;41svo 1 -900 200  0 0 0  0 0 0  0 0 0  0 0 0
1773149749.5982 Rx ;41svo 1 -900 200  0 0 0  0 0 0  0 0 0  0 0 0
1773149749.6481 Rx ;41svo 1 -900 200  0 0 0  0 0 0  0 0 0  0 0 0
1773149749.6991 Rx ;41svo 1 -900 200  0 0 0  0 0 0  0 0 0  0 0 0
1773149749.7490 Rx ;41svo 1 -900 200  0 0 0  0 0 0  0 0 0  0 0 0
1773149749.7990 Rx ;41svo 1 -900 200  0 0 0  0 0 0  0 0 0  0 0 0
1773149749.8490 Rx ;41svo 1 -900 200  0 0 0  0 0 0  0 0 0  0 0 0
1773149749.8989 Rx ;41svo 1 -900 200  0 0 0  0 0 0  0 0 0  0 0 0
1773149749.9489 Rx ;41svo 1 -900 200  0 0 0  0 0 0  0 0 0  0 0 0
1773149749.9990 Rx ;41svo 1 -900 200  0 0 0  0 0 0  0 0 0  0 0 0
1773149750.0489 Rx ;41svo 1 -900 200  0 0 0  0 0 0  0 0 0  0 0 0
1773149750.0987 Rx ;41svo 1 -900 200  0 0 0  0 0 0  0 0 0  0 0 0
1773149750.1485 Rx ;41svo 1 -900 200  0 0 0  0 0 0  0 0 0  0 0 0
1773149750.1985 Rx ;41svo 1 -900 200  0 0 0  0 0 0  0 0 0  0 0 0
1773149750.2485 Rx ;41svo 1 -900 200  0 0 0  0 0 0  0 0 0  0 0 0
1773149750.2984 Rx ;41svo 1 -900 200  0 0 0  0 0 0  0 0 0  0 0 0
1773149750.3483 Rx ;41svo 1 -900 200  0 0 0  0 0 0  0 0 0  0 0 0
1773149750.3983 Rx ;41svo 1 -900 200  0 0 0  0 0 0  0 0 0  0 0 0
1773149750.4079 Txd ;35alive
1773149750.4487 Rx ;41svo 1 -900 200  0 0 0  0 0 0  0 0 0  0 0 0
1773149750.4985 Rx ;41svo 1 -900 200  0 0 0  0 0 0  0 0 0  0 0 0
1773149750.5485 Rx ;41svo 1 -900 200  0 0 0  0 0 0  0 0 0  0 0 0
1773149750.5985 Rx ;41svo 1 -900 200  0 0 0  0 0 0  0 0 0  0 0 0
1773149750.6484 Rx ;41svo 1 -900 200  0 0 0  0 0 0  0 0 0  0 0 0
1773149750.6983 Rx ;41svo 1 -900 200  0 0 0  0 0 0  0 0 0  0 0 0
1773149750.7483 Rx ;41svo 1 -900 200  0 0 0  0 0 0  0 0 0  0 0 0
1773149750.7983 Rx ;41svo 1 -900 200  0 0 0  0 0 0  0 0 0  0 0 0
1773149750.8482 Rx ;41svo 1 -900 200  0 0 0  0 0 0  0 0 0  0 0 0
1773149750.8992 Rx ;41svo 1 -900 200  0 0 0  0 0 0  0 0 0  0 0 0
1773149750.9491 Rx ;41svo 1 -900 200  0 0 0  0 0 0  0 0 0  0 0 0
1773149750.9990 Rx ;41svo 1 -900 200  0 0 0  0 0 0  0 0 0  0 0 0
1773149751.0489 Rx ;41svo 1 -900 200  0 0 0  0 0 0  0 0 0  0 0 0
1773149751.0989 Rx ;41svo 1 -900 200  0 0 0  0 0 0  0 0 0  0 0 0
1773149751.1487 Rx ;41svo 1 -900 200  0 0 0  0 0 0  0 0 0  0 0 0
1773149751.1986 Rx ;41svo 1 -900 200  0 0 0  0 0 0  0 0 0  0 0 0
1773149751.2485 Rx ;41svo 1 -900 200  0 0 0  0 0 0  0 0 0  0 0 0
1773149751.2985 Rx ;41svo 1 -900 200  0 0 0  0 0 0  0 0 0  0 0 0
1773149751.3092 Txd ;35alive
1773149751.3490 Rx ;41svo 1 -900 200  0 0 0  0 0 0  0 0 0  0 0 0
1773149751.3991 Rx ;41svo 1 -900 200  0 0 0  0 0 0  0 0 0  0 0 0
1773149751.4491 Rx ;41svo 1 -900 200  0 0 0  0 0 0  0 0 0  0 0 0
1773149751.4990 Rx ;41svo 1 -900 200  0 0 0  0 0 0  0 0 0  0 0 0
1773149751.5489 Rx ;41svo 1 -900 200  0 0 0  0 0 0  0 0 0  0 0 0
1773149751.5989 Rx ;41svo 1 -900 200  0 0 0  0 0 0  0 0 0  0 0 0
1773149751.6488 Rx ;41svo 1 -900 200  0 0 0  0 0 0  0 0 0  0 0 0
1773149751.6988 Rx ;41svo 1 -900 200  0 0 0  0 0 0  0 0 0  0 0 0
1773149751.7489 Rx ;41svo 1 -900 200  0 0 0  0 0 0  0 0 0  0 0 0
1773149751.7991 Rx ;41svo 1 -900 200  0 0 0  0 0 0  0 0 0  0 0 0
1773149751.8491 Rx ;41svo 1 -900 200  0 0 0  0 0 0  0 0 0  0 0 0
1773149751.8990 Rx ;41svo 1 -900 200  0 0 0  0 0 0  0 0 0  0 0 0
1773149751.9489 Rx ;41svo 1 -900 200  0 0 0  0 0 0  0 0 0  0 0 0
1773149751.9990 Rx ;41svo 1 -900 200  0 0 0  0 0 0  0 0 0  0 0 0
1773149752.0483 Rx ;41svo 1 -900 200  0 0 0  0 0 0  0 0 0  0 0 0
1773149752.0984 Rx ;41svo 1 -900 200  0 0 0  0 0 0  0 0 0  0 0 0
1773149752.1484 Rx ;41svo 1 -900 200  0 0 0  0 0 0  0 0 0  0 0 0
1773149752.1986 Rx ;41svo 1 -900 200  0 0 0  0 0 0  0 0 0  0 0 0
1773149752.2106 Txd ;35alive
1773149752.2491 Rx ;41svo 1 -900 200  0 0 0  0 0 0  0 0 0  0 0 0
1773149752.2992 Rx ;41svo 1 -900 200  0 0 0  0 0 0  0 0 0  0 0 0
1773149752.3488 Rx ;41svo 1 -900 200  0 0 0  0 0 0  0 0 0  0 0 0
1773149752.3989 Rx ;41svo 1 -900 200  0 0 0  0 0 0  0 0 0  0 0 0
1773149752.4489 Rx ;41svo 1 -900 200  0 0 0  0 0 0  0 0 0  0 0 0
1773149752.4989 Rx ;41svo 1 -900 200  0 0 0  0 0 0  0 0 0  0 0 0
1773149752.5488 Rx ;41svo 1 -900 200  0 0 0  0 0 0  0 0 0  0 0 0
1773149752.5993 Rx ;41svo 1 -900 200  0 0 0  0 0 0  0 0 0  0 0 0
1773149752.6492 Rx ;41svo 1 -900 200  0 0 0  0 0 0  0 0 0  0 0 0
1773149752.6992 Rx ;41svo 1 -900 200  0 0 0  0 0 0  0 0 0  0 0 0
1773149752.7488 Rx ;41svo 1 -900 200  0 0 0  0 0 0  0 0 0  0 0 0
1773149752.7989 Rx ;41svo 1 -900 200  0 0 0  0 0 0  0 0 0  0 0 0
1773149752.8485 Rx ;41svo 1 -900 200  0 0 0  0 0 0  0 0 0  0 0 0
1773149752.8984 Rx ;41svo 1 -900 200  0 0 0  0 0 0  0 0 0  0 0 0
1773149752.9483 Rx ;41svo 1 -900 200  0 0 0  0 0 0  0 0 0  0 0 0
1773149752.9984 Rx ;41svo 1 -900 200  0 0 0  0 0 0  0 0 0  0 0 0
1773149753.0483 Rx ;41svo 1 -900 200  0 0 0  0 0 0  0 0 0  0 0 0
1773149753.0982 Rx ;41svo 1 -900 200  0 0 0  0 0 0  0 0 0  0 0 0
1773149753.1121 Txd ;35alive
1773149753.1487 Rx ;41svo 1 -900 200  0 0 0  0 0 0  0 0 0  0 0 0
1773149753.1988 Rx ;41svo 1 -900 200  0 0 0  0 0 0  0 0 0  0 0 0
1773149753.2487 Rx ;41svo 1 -900 200  0 0 0  0 0 0  0 0 0  0 0 0
1773149753.2987 Rx ;41svo 1 -900 200  0 0 0  0 0 0  0 0 0  0 0 0
1773149753.3486 Rx ;41svo 1 -900 200  0 0 0  0 0 0  0 0 0  0 0 0
1773149753.3989 Rx ;41svo 1 -900 200  0 0 0  0 0 0  0 0 0  0 0 0
1773149753.4488 Rx ;41svo 1 -900 200  0 0 0  0 0 0  0 0 0  0 0 0
1773149753.4988 Rx ;41svo 1 -900 200  0 0 0  0 0 0  0 0 0  0 0 0
1773149753.5492 Rx ;41svo 1 -900 200  0 0 0  0 0 0  0 0 0  0 0 0
1773149753.5985 Rx ;41svo 1 -900 200  0 0 0  0 0 0  0 0 0  0 0 0
1773149753.6484 Rx ;41svo 1 -900 200  0 0 0  0 0 0  0 0 0  0 0 0
1773149753.6983 Rx ;41svo 1 -900 200  0 0 0  0 0 0  0 0 0  0 0 0
1773149753.7483 Rx ;41svo 1 -900 200  0 0 0  0 0 0  0 0 0  0 0 0
1773149753.7983 Rx ;41svo 1 -900 200  0 0 0  0 0 0  0 0 0  0 0 0
1773149753.8483 Rx ;41svo 1 -900 200  0 0 0  0 0 0  0 0 0  0 0 0
1773149753.8983 Rx ;41svo 1 -900 200  0 0 0  0 0 0  0 0 0  0 0 0
1773149753.9492 Rx ;41svo 1 -900 200  0 0 0  0 0 0  0 0 0  0 0 0
1773149753.9991 Rx ;41svo 1 -900 200  0 0 0  0 0 0  0 0 0  0 0 0
1773149754.0130 Txd ;35alive
1773149754.0485 Rx ;41svo 1 -900 200  0 0 0  0 0 0  0 0 0  0 0 0
1773149754.0984 Rx ;41svo 1 -900 200  0 0 0  0 0 0  0 0 0  0 0 0
1773149754.1494 Rx ;41svo 1 -900 200  0 0 0  0 0 0  0 0 0  0 0 0
1773149754.1993 Rx ;41svo 1 -900 200  0 0 0  0 0 0  0 0 0  0 0 0
1773149754.2492 Rx ;41svo 1 -900 200  0 0 0  0 0 0  0 0 0  0 0 0
1773149754.2993 Rx ;41svo 1 -900 200  0 0 0  0 0 0  0 0 0  0 0 0
1773149754.3493 Rx ;41svo 1 -900 200  0 0 0  0 0 0  0 0 0  0 0 0
1773149754.3983 Rx ;41svo 1 -900 200  0 0 0  0 0 0  0 0 0  0 0 0
1773149754.4483 Rx ;41svo 1 -900 200  0 0 0  0 0 0  0 0 0  0 0 0
1773149754.4993 Rx ;41svo 1 -900 200  0 0 0  0 0 0  0 0 0  0 0 0
1773149754.5484 Rx ;41svo 1 -900 200  0 0 0  0 0 0  0 0 0  0 0 0
1773149754.5985 Rx ;41svo 1 -900 200  0 0 0  0 0 0  0 0 0  0 0 0
1773149754.6485 Rx ;41svo 1 -900 200  0 0 0  0 0 0  0 0 0  0 0 0
1773149754.6985 Rx ;41svo 1 -900 200  0 0 0  0 0 0  0 0 0  0 0 0
1773149754.7487 Rx ;41svo 1 -900 200  0 0 0  0 0 0  0 0 0  0 0 0
1773149754.7989 Rx ;41svo 1 -900 200  0 0 0  0 0 0  0 0 0  0 0 0
1773149754.8488 Rx ;41svo 1 -900 200  0 0 0  0 0 0  0 0 0  0 0 0
1773149754.8988 Rx ;41svo 1 -900 200  0 0 0  0 0 0  0 0 0  0 0 0
1773149754.9138 Txd ;35alive
1773149754.9493 Rx ;41svo 1 -900 200  0 0 0  0 0 0  0 0 0  0 0 0
1773149754.9987 Rx ;41svo 1 -900 200  0 0 0  0 0 0  0 0 0  0 0 0
1773149755.0486 Rx ;41svo 1 -900 200  0 0 0  0 0 0  0 0 0  0 0 0
1773149755.0986 Rx ;41svo 1 -900 200  0 0 0  0 0 0  0 0 0  0 0 0
1773149755.1485 Rx ;41svo 1 -900 200  0 0 0  0 0 0  0 0 0  0 0 0
1773149755.1988 Rx ;41svo 1 -900 200  0 0 0  0 0 0  0 0 0  0 0 0
1773149755.2488 Rx ;41svo 1 -900 200  0 0 0  0 0 0  0 0 0  0 0 0
1773149755.2987 Rx ;41svo 1 -900 200  0 0 0  0 0 0  0 0 0  0 0 0
1773149755.3486 Rx ;41svo 1 -900 200  0 0 0  0 0 0  0 0 0  0 0 0
1773149755.3988 Rx ;41svo 1 -900 200  0 0 0  0 0 0  0 0 0  0 0 0
1773149755.4488 Rx ;41svo 1 -900 200  0 0 0  0 0 0  0 0 0  0 0 0
1773149755.4987 Rx ;41svo 1 -900 200  0 0 0  0 0 0  0 0 0  0 0 0
1773149755.5487 Rx ;41svo 1 -900 200  0 0 0  0 0 0  0 0 0  0 0 0
1773149755.5987 Rx ;41svo 1 -900 200  0 0 0  0 0 0  0 0 0  0 0 0
1773149755.6487 Rx ;41svo 1 -900 200  0 0 0  0 0 0  0 0 0  0 0 0
1773149755.6986 Rx ;41svo 1 -900 200  0 0 0  0 0 0  0 0 0  0 0 0
1773149755.7486 Rx ;41svo 1 -900 200  0 0 0  0 0 0  0 0 0  0 0 0
1773149755.7986 Rx ;41svo 1 -900 200  0 0 0  0 0 0  0 0 0  0 0 0
1773149755.8147 Txd ;35alive
1773149755.8492 Rx ;41svo 1 -900 200  0 0 0  0 0 0  0 0 0  0 0 0
1773149755.8991 Rx ;41svo 1 -900 200  0 0 0  0 0 0  0 0 0  0 0 0
1773149755.9490 Rx ;41svo 1 -900 200  0 0 0  0 0 0  0 0 0  0 0 0
1773149755.9990 Rx ;41svo 1 -900 200  0 0 0  0 0 0  0 0 0  0 0 0
1773149756.0489 Rx ;41svo 1 -900 200  0 0 0  0 0 0  0 0 0  0 0 0
1773149756.0987 Rx ;41svo 1 -900 200  0 0 0  0 0 0  0 0 0  0 0 0
1773149756.1486 Rx ;41svo 1 -900 200  0 0 0  0 0 0  0 0 0  0 0 0
1773149756.1985 Rx ;41svo 1 -900 200  0 0 0  0 0 0  0 0 0  0 0 0
1773149756.2486 Rx ;41svo 1 -900 200  0 0 0  0 0 0  0 0 0  0 0 0
1773149756.2985 Rx ;41svo 1 -900 200  0 0 0  0 0 0  0 0 0  0 0 0
1773149756.3485 Rx ;41svo 1 -900 200  0 0 0  0 0 0  0 0 0  0 0 0
1773149756.3984 Rx ;41svo 1 -900 200  0 0 0  0 0 0  0 0 0  0 0 0
1773149756.4484 Rx ;41svo 1 -900 200  0 0 0  0 0 0  0 0 0  0 0 0
1773149756.4984 Rx ;41svo 1 -900 200  0 0 0  0 0 0  0 0 0  0 0 0
1773149756.5493 Rx ;41svo 1 -900 200  0 0 0  0 0 0  0 0 0  0 0 0
1773149756.5993 Rx ;41svo 1 -900 200  0 0 0  0 0 0  0 0 0  0 0 0
1773149756.6492 Rx ;41svo 1 -900 200  0 0 0  0 0 0  0 0 0  0 0 0
1773149756.6991 Rx ;41svo 1 -900 200  0 0 0  0 0 0  0 0 0  0 0 0
1773149756.7162 Txd ;35alive
1773149756.7486 Rx ;41svo 1 -900 200  0 0 0  0 0 0  0 0 0  0 0 0
1773149756.7984 Rx ;41svo 1 -900 200  0 0 0  0 0 0  0 0 0  0 0 0
1773149756.8493 Rx ;41svo 1 -900 200  0 0 0  0 0 0  0 0 0  0 0 0
1773149756.8991 Rx ;41svo 1 -900 200  0 0 0  0 0 0  0 0 0  0 0 0
1773149756.9489 Rx ;41svo 1 -900 200  0 0 0  0 0 0  0 0 0  0 0 0
1773149756.9989 Rx ;41svo 1 -900 200  0 0 0  0 0 0  0 0 0  0 0 0
1773149757.0487 Rx ;41svo 1 -900 200  0 0 0  0 0 0  0 0 0  0 0 0
1773149757.0986 Rx ;41svo 1 -900 200  0 0 0  0 0 0  0 0 0  0 0 0
1773149757.1484 Rx ;41svo 1 -900 200  0 0 0  0 0 0  0 0 0  0 0 0
1773149757.1984 Rx ;41svo 1 -900 200  0 0 0  0 0 0  0 0 0  0 0 0
1773149757.2487 Rx ;41svo 1 -900 200  0 0 0  0 0 0  0 0 0  0 0 0
1773149757.2992 Rx ;41svo 1 -900 200  0 0 0  0 0 0  0 0 0  0 0 0
1773149757.3495 Rx ;41svo 1 -900 200  0 0 0  0 0 0  0 0 0  0 0 0
1773149757.3987 Rx ;41svo 1 -900 200  0 0 0  0 0 0  0 0 0  0 0 0
1773149757.4491 Rx ;41svo 1 -900 200  0 0 0  0 0 0  0 0 0  0 0 0
1773149757.4990 Rx ;41svo 1 -900 200  0 0 0  0 0 0  0 0 0  0 0 0
1773149757.5492 Rx ;41svo 1 -900 200  0 0 0  0 0 0  0 0 0  0 0 0
1773149757.5989 Rx ;41svo 1 -900 200  0 0 0  0 0 0  0 0 0  0 0 0
1773149757.6176 Txd ;35alive
1773149757.6488 Rx ;41svo 1 -900 200  0 0 0  0 0 0  0 0 0  0 0 0
1773149757.6988 Rx ;41svo 1 -900 200  0 0 0  0 0 0  0 0 0  0 0 0
1773149757.7488 Rx ;41svo 1 -900 200  0 0 0  0 0 0  0 0 0  0 0 0
1773149757.7994 Rx ;41svo 1 -900 200  0 0 0  0 0 0  0 0 0  0 0 0
1773149757.8493 Rx ;41svo 1 -900 200  0 0 0  0 0 0  0 0 0  0 0 0
1773149757.8993 Rx ;41svo 1 -900 200  0 0 0  0 0 0  0 0 0  0 0 0
1773149757.9492 Rx ;41svo 1 -900 200  0 0 0  0 0 0  0 0 0  0 0 0
1773149757.9992 Rx ;41svo 1 -900 200  0 0 0  0 0 0  0 0 0  0 0 0
1773149758.0492 Rx ;41svo 1 -900 200  0 0 0  0 0 0  0 0 0  0 0 0
1773149758.0991 Rx ;41svo 1 -900 200  0 0 0  0 0 0  0 0 0  0 0 0
1773149758.1491 Rx ;41svo 1 -900 200  0 0 0  0 0 0  0 0 0  0 0 0
1773149758.1994 Rx ;41svo 1 -900 200  0 0 0  0 0 0  0 0 0  0 0 0
1773149758.2493 Rx ;41svo 1 -900 200  0 0 0  0 0 0  0 0 0  0 0 0
1773149758.2993 Rx ;41svo 1 -900 200  0 0 0  0 0 0  0 0 0  0 0 0
1773149758.3492 Rx ;41svo 1 -900 200  0 0 0  0 0 0  0 0 0  0 0 0
1773149758.3995 Rx ;41svo 1 -900 200  0 0 0  0 0 0  0 0 0  0 0 0
1773149758.4494 Rx ;41svo 1 -900 200  0 0 0  0 0 0  0 0 0  0 0 0
1773149758.4994 Rx ;41svo 1 -900 200  0 0 0  0 0 0  0 0 0  0 0 0
1773149758.5186 Txd ;35alive
1773149758.5488 Rx ;41svo 1 -900 200  0 0 0  0 0 0  0 0 0  0 0 0
1773149758.5991 Rx ;41svo 1 -900 200  0 0 0  0 0 0  0 0 0  0 0 0
1773149758.6490 Rx ;41svo 1 -900 200  0 0 0  0 0 0  0 0 0  0 0 0
1773149758.6989 Rx ;41svo 1 -900 200  0 0 0  0 0 0  0 0 0  0 0 0
1773149758.7489 Rx ;41svo 1 -900 200  0 0 0  0 0 0  0 0 0  0 0 0
1773149758.7989 Rx ;41svo 1 -900 200  0 0 0  0 0 0  0 0 0  0 0 0
1773149758.8488 Rx ;41svo 1 -900 200  0 0 0  0 0 0  0 0 0  0 0 0
1773149758.8988 Rx ;41svo 1 -900 200  0 0 0  0 0 0  0 0 0  0 0 0
1773149758.9487 Rx ;41svo 1 -900 200  0 0 0  0 0 0  0 0 0  0 0 0
1773149758.9989 Rx ;41svo 1 -900 200  0 0 0  0 0 0  0 0 0  0 0 0
1773149759.0488 Rx ;41svo 1 -900 200  0 0 0  0 0 0  0 0 0  0 0 0
1773149759.0987 Rx ;41svo 1 -900 200  0 0 0  0 0 0  0 0 0  0 0 0
1773149759.1487 Rx ;41svo 1 -900 200  0 0 0  0 0 0  0 0 0  0 0 0
1773149759.1987 Rx ;41svo 1 -900 200  0 0 0  0 0 0  0 0 0  0 0 0
1773149759.2487 Rx ;41svo 1 -900 200  0 0 0  0 0 0  0 0 0  0 0 0
1773149759.2986 Rx ;41svo 1 -900 200  0 0 0  0 0 0  0 0 0  0 0 0
1773149759.3485 Rx ;41svo 1 -900 200  0 0 0  0 0 0  0 0 0  0 0 0
1773149759.3986 Rx ;41svo 1 -900 200  0 0 0  0 0 0  0 0 0  0 0 0
1773149759.4199 Txd ;35alive
1773149759.4490 Rx ;41svo 1 -900 200  0 0 0  0 0 0  0 0 0  0 0 0
1773149759.4990 Rx ;41svo 1 -900 200  0 0 0  0 0 0  0 0 0  0 0 0
1773149759.5491 Rx ;41svo 1 -900 200  0 0 0  0 0 0  0 0 0  0 0 0
1773149759.5990 Rx ;41svo 1 -900 200  0 0 0  0 0 0  0 0 0  0 0 0
1773149759.6489 Rx ;41svo 1 -900 200  0 0 0  0 0 0  0 0 0  0 0 0
1773149759.6988 Rx ;41svo 1 -900 200  0 0 0  0 0 0  0 0 0  0 0 0
1773149759.7487 Rx ;41svo 1 -900 200  0 0 0  0 0 0  0 0 0  0 0 0
1773149759.7986 Rx ;41svo 1 -900 200  0 0 0  0 0 0  0 0 0  0 0 0
1773149759.8486 Rx ;41svo 1 -900 200  0 0 0  0 0 0  0 0 0  0 0 0
1773149759.8995 Rx ;41svo 1 -900 200  0 0 0  0 0 0  0 0 0  0 0 0
1773149759.9493 Rx ;41svo 1 -900 200  0 0 0  0 0 0  0 0 0  0 0 0
1773149759.9993 Rx ;41svo 1 -900 200  0 0 0  0 0 0  0 0 0  0 0 0
1773149760.0491 Rx ;41svo 1 -900 200  0 0 0  0 0 0  0 0 0  0 0 0
1773149760.0990 Rx ;41svo 1 -900 200  0 0 0  0 0 0  0 0 0  0 0 0
1773149760.1489 Rx ;41svo 1 -900 200  0 0 0  0 0 0  0 0 0  0 0 0
1773149760.1988 Rx ;41svo 1 -900 200  0 0 0  0 0 0  0 0 0  0 0 0
1773149760.2487 Rx ;41svo 1 -900 200  0 0 0  0 0 0  0 0 0  0 0 0
1773149760.2986 Rx ;41svo 1 -900 200  0 0 0  0 0 0  0 0 0  0 0 0
1773149760.3209 Txd ;35alive
1773149760.3490 Rx ;41svo 1 -900 200  0 0 0  0 0 0  0 0 0  0 0 0
1773149760.3990 Rx ;41svo 1 -900 200  0 0 0  0 0 0  0 0 0  0 0 0
1773149760.4490 Rx ;41svo 1 -900 200  0 0 0  0 0 0  0 0 0  0 0 0
1773149760.4989 Rx ;41svo 1 -900 200  0 0 0  0 0 0  0 0 0  0 0 0
1773149760.5490 Rx ;41svo 1 -900 200  0 0 0  0 0 0  0 0 0  0 0 0
1773149760.5989 Rx ;41svo 1 -900 200  0 0 0  0 0 0  0 0 0  0 0 0
1773149760.6488 Rx ;41svo 1 -900 200  0 0 0  0 0 0  0 0 0  0 0 0
1773149760.6987 Rx ;41svo 1 -900 200  0 0 0  0 0 0  0 0 0  0 0 0
1773149760.7487 Rx ;41svo 1 -900 200  0 0 0  0 0 0  0 0 0  0 0 0
1773149760.7987 Rx ;41svo 1 -900 200  0 0 0  0 0 0  0 0 0  0 0 0
1773149760.8486 Rx ;41svo 1 -900 200  0 0 0  0 0 0  0 0 0  0 0 0
1773149760.8995 Rx ;41svo 1 -900 200  0 0 0  0 0 0  0 0 0  0 0 0
1773149760.9494 Rx ;41svo 1 -900 200  0 0 0  0 0 0  0 0 0  0 0 0
1773149760.9993 Rx ;41svo 1 -900 200  0 0 0  0 0 0  0 0 0  0 0 0
1773149761.0492 Rx ;41svo 1 -900 200  0 0 0  0 0 0  0 0 0  0 0 0
1773149761.0991 Rx ;41svo 1 -900 200  0 0 0  0 0 0  0 0 0  0 0 0
1773149761.1489 Rx ;41svo 1 -900 200  0 0 0  0 0 0  0 0 0  0 0 0
1773149761.1989 Rx ;41svo 1 -900 200  0 0 0  0 0 0  0 0 0  0 0 0
1773149761.2223 Txd ;35alive
1773149761.2494 Rx ;41svo 1 -900 200  0 0 0  0 0 0  0 0 0  0 0 0
1773149761.2993 Rx ;41svo 1 -900 200  0 0 0  0 0 0  0 0 0  0 0 0
1773149761.3492 Rx ;41svo 1 -900 200  0 0 0  0 0 0  0 0 0  0 0 0
1773149761.3991 Rx ;41svo 1 -900 200  0 0 0  0 0 0  0 0 0  0 0 0
1773149761.4490 Rx ;41svo 1 -900 200  0 0 0  0 0 0  0 0 0  0 0 0
1773149761.4989 Rx ;41svo 1 -900 200  0 0 0  0 0 0  0 0 0  0 0 0
1773149761.5488 Rx ;41svo 1 -900 200  0 0 0  0 0 0  0 0 0  0 0 0
1773149761.5988 Rx ;41svo 1 -900 200  0 0 0  0 0 0  0 0 0  0 0 0
1773149761.6487 Rx ;41svo 1 -900 200  0 0 0  0 0 0  0 0 0  0 0 0
1773149761.6986 Rx ;41svo 1 -900 200  0 0 0  0 0 0  0 0 0  0 0 0
1773149761.7488 Rx ;41svo 1 -900 200  0 0 0  0 0 0  0 0 0  0 0 0
1773149761.7987 Rx ;41svo 1 -900 200  0 0 0  0 0 0  0 0 0  0 0 0
1773149761.8486 Rx ;41svo 1 -900 200  0 0 0  0 0 0  0 0 0  0 0 0
1773149761.8985 Rx ;41svo 1 -900 200  0 0 0  0 0 0  0 0 0  0 0 0
1773149761.9494 Rx ;41svo 1 -900 200  0 0 0  0 0 0  0 0 0  0 0 0
1773149761.9994 Rx ;41svo 1 -900 200  0 0 0  0 0 0  0 0 0  0 0 0
1773149762.0492 Rx ;41svo 1 -900 200  0 0 0  0 0 0  0 0 0  0 0 0
1773149762.0991 Rx ;41svo 1 -900 200  0 0 0  0 0 0  0 0 0  0 0 0
1773149762.1236 Txd ;35alive
1773149762.1486 Rx ;41svo 1 -900 200  0 0 0  0 0 0  0 0 0  0 0 0
1773149762.1986 Rx ;41svo 1 -900 200  0 0 0  0 0 0  0 0 0  0 0 0
1773149762.2486 Rx ;41svo 1 -900 200  0 0 0  0 0 0  0 0 0  0 0 0
1773149762.2986 Rx ;41svo 1 -900 200  0 0 0  0 0 0  0 0 0  0 0 0
1773149762.3486 Rx ;41svo 1 -900 200  0 0 0  0 0 0  0 0 0  0 0 0
1773149762.3993 Rx ;41svo 1 -900 200  0 0 0  0 0 0  0 0 0  0 0 0
1773149762.4487 Rx ;41svo 1 -900 200  0 0 0  0 0 0  0 0 0  0 0 0
1773149762.4991 Rx ;41svo 1 -900 200  0 0 0  0 0 0  0 0 0  0 0 0
1773149762.5494 Rx ;41svo 1 -900 200  0 0 0  0 0 0  0 0 0  0 0 0
1773149762.6002 Rx ;41svo 1 -900 200  0 0 0  0 0 0  0 0 0  0 0 0
1773149762.6489 Rx ;41svo 1 -900 200  0 0 0  0 0 0  0 0 0  0 0 0
1773149762.6992 Rx ;41svo 1 -900 200  0 0 0  0 0 0  0 0 0  0 0 0
1773149762.7494 Rx ;41svo 1 -900 200  0 0 0  0 0 0  0 0 0  0 0 0
1773149762.7989 Rx ;41svo 1 -900 200  0 0 0  0 0 0  0 0 0  0 0 0
1773149762.8495 Rx ;41svo 1 -900 200  0 0 0  0 0 0  0 0 0  0 0 0
1773149762.8995 Rx ;41svo 1 -900 200  0 0 0  0 0 0  0 0 0  0 0 0
1773149762.9494 Rx ;41svo 1 -900 200  0 0 0  0 0 0  0 0 0  0 0 0
1773149762.9995 Rx ;41svo 1 -900 200  0 0 0  0 0 0  0 0 0  0 0 0
1773149763.0250 Txd ;35alive
1773149763.0488 Rx ;41svo 1 -900 200  0 0 0  0 0 0  0 0 0  0 0 0
1773149763.0991 Rx ;41svo 1 -900 200  0 0 0  0 0 0  0 0 0  0 0 0
1773149763.1492 Rx ;41svo 1 -900 200  0 0 0  0 0 0  0 0 0  0 0 0
1773149763.1994 Rx ;41svo 1 -900 200  0 0 0  0 0 0  0 0 0  0 0 0
1773149763.2494 Rx ;41svo 1 -900 200  0 0 0  0 0 0  0 0 0  0 0 0
1773149763.2994 Rx ;41svo 1 -900 200  0 0 0  0 0 0  0 0 0  0 0 0
1773149763.3494 Rx ;41svo 1 -900 200  0 0 0  0 0 0  0 0 0  0 0 0
1773149763.3988 Rx ;41svo 1 -900 200  0 0 0  0 0 0  0 0 0  0 0 0
1773149763.4487 Rx ;41svo 1 -900 200  0 0 0  0 0 0  0 0 0  0 0 0
1773149763.4987 Rx ;41svo 1 -900 200  0 0 0  0 0 0  0 0 0  0 0 0
1773149763.5491 Rx ;41svo 1 -900 200  0 0 0  0 0 0  0 0 0  0 0 0
1773149763.5996 Rx ;41svo 1 -900 200  0 0 0  0 0 0  0 0 0  0 0 0
1773149763.6496 Rx ;41svo 1 -900 200  0 0 0  0 0 0  0 0 0  0 0 0
1773149763.6994 Rx ;41svo 1 -900 200  0 0 0  0 0 0  0 0 0  0 0 0
1773149763.7493 Rx ;41svo 1 -900 200  0 0 0  0 0 0  0 0 0  0 0 0
1773149763.7996 Rx ;41svo 1 -900 200  0 0 0  0 0 0  0 0 0  0 0 0
1773149763.8495 Rx ;41svo 1 -900 200  0 0 0  0 0 0  0 0 0  0 0 0
1773149763.8994 Rx ;41svo 1 -900 200  0 0 0  0 0 0  0 0 0  0 0 0
1773149763.9261 Txd ;35alive
1773149763.9489 Rx ;41svo 1 -900 200  0 0 0  0 0 0  0 0 0  0 0 0
1773149763.9989 Rx ;41svo 1 -900 200  0 0 0  0 0 0  0 0 0  0 0 0
1773149764.0489 Rx ;41svo 1 -900 200  0 0 0  0 0 0  0 0 0  0 0 0
1773149764.0988 Rx ;41svo 1 -900 200  0 0 0  0 0 0  0 0 0  0 0 0
1773149764.1487 Rx ;41svo 1 -900 200  0 0 0  0 0 0  0 0 0  0 0 0
1773149764.1988 Rx ;41svo 1 -900 200  0 0 0  0 0 0  0 0 0  0 0 0
1773149764.2488 Rx ;41svo 1 -900 200  0 0 0  0 0 0  0 0 0  0 0 0
1773149764.2987 Rx ;41svo 1 -900 200  0 0 0  0 0 0  0 0 0  0 0 0
1773149764.3486 Rx ;41svo 1 -900 200  0 0 0  0 0 0  0 0 0  0 0 0
1773149764.3987 Rx ;41svo 1 -900 200  0 0 0  0 0 0  0 0 0  0 0 0
1773149764.4496 Rx ;41svo 1 -900 200  0 0 0  0 0 0  0 0 0  0 0 0
1773149764.4996 Rx ;41svo 1 -900 200  0 0 0  0 0 0  0 0 0  0 0 0
1773149764.5495 Rx ;41svo 1 -900 200  0 0 0  0 0 0  0 0 0  0 0 0
1773149764.5995 Rx ;41svo 1 -900 200  0 0 0  0 0 0  0 0 0  0 0 0
1773149764.6494 Rx ;41svo 1 -900 200  0 0 0  0 0 0  0 0 0  0 0 0
1773149764.6994 Rx ;41svo 1 -900 200  0 0 0  0 0 0  0 0 0  0 0 0
1773149764.7493 Rx ;41svo 1 -900 200  0 0 0  0 0 0  0 0 0  0 0 0
1773149764.7993 Rx ;41svo 1 -900 200  0 0 0  0 0 0  0 0 0  0 0 0
1773149764.8269 Txd ;35alive
1773149764.8487 Rx ;41svo 1 -900 200  0 0 0  0 0 0  0 0 0  0 0 0
1773149764.8996 Rx ;41svo 1 -900 200  0 0 0  0 0 0  0 0 0  0 0 0
1773149764.9496 Rx ;41svo 1 -900 200  0 0 0  0 0 0  0 0 0  0 0 0
1773149764.9989 Rx ;41svo 1 -900 200  0 0 0  0 0 0  0 0 0  0 0 0
1773149765.0489 Rx ;41svo 1 -900 200  0 0 0  0 0 0  0 0 0  0 0 0
1773149765.0988 Rx ;41svo 1 -900 200  0 0 0  0 0 0  0 0 0  0 0 0
1773149765.1487 Rx ;41svo 1 -900 200  0 0 0  0 0 0  0 0 0  0 0 0
1773149765.1987 Rx ;41svo 1 -900 200  0 0 0  0 0 0  0 0 0  0 0 0
1773149765.2487 Rx ;41svo 1 -900 200  0 0 0  0 0 0  0 0 0  0 0 0
1773149765.2987 Rx ;41svo 1 -900 200  0 0 0  0 0 0  0 0 0  0 0 0
1773149765.3497 Rx ;41svo 1 -900 200  0 0 0  0 0 0  0 0 0  0 0 0
1773149765.3991 Rx ;41svo 1 -900 200  0 0 0  0 0 0  0 0 0  0 0 0
1773149765.4491 Rx ;41svo 1 -900 200  0 0 0  0 0 0  0 0 0  0 0 0
1773149765.4990 Rx ;41svo 1 -900 200  0 0 0  0 0 0  0 0 0  0 0 0
1773149765.5492 Rx ;41svo 1 -900 200  0 0 0  0 0 0  0 0 0  0 0 0
1773149765.5992 Rx ;41svo 1 -900 200  0 0 0  0 0 0  0 0 0  0 0 0
1773149765.6492 Rx ;41svo 1 -900 200  0 0 0  0 0 0  0 0 0  0 0 0
1773149765.6991 Rx ;41svo 1 -900 200  0 0 0  0 0 0  0 0 0  0 0 0
1773149765.7278 Txd ;35alive
1773149765.7496 Rx ;41svo 1 -900 200  0 0 0  0 0 0  0 0 0  0 0 0
1773149765.7988 Rx ;41svo 1 -900 200  0 0 0  0 0 0  0 0 0  0 0 0
1773149765.8488 Rx ;41svo 1 -900 200  0 0 0  0 0 0  0 0 0  0 0 0
1773149765.8988 Rx ;41svo 1 -900 200  0 0 0  0 0 0  0 0 0  0 0 0
1773149765.9487 Rx ;41svo 1 -900 200  0 0 0  0 0 0  0 0 0  0 0 0
1773149765.9987 Rx ;41svo 1 -900 200  0 0 0  0 0 0  0 0 0  0 0 0
1773149766.0487 Rx ;41svo 1 -900 200  0 0 0  0 0 0  0 0 0  0 0 0
1773149766.0996 Rx ;41svo 1 -900 200  0 0 0  0 0 0  0 0 0  0 0 0
1773149766.1494 Rx ;41svo 1 -900 200  0 0 0  0 0 0  0 0 0  0 0 0
1773149766.1994 Rx ;41svo 1 -900 200  0 0 0  0 0 0  0 0 0  0 0 0
1773149766.2492 Rx ;41svo 1 -900 200  0 0 0  0 0 0  0 0 0  0 0 0
1773149766.2991 Rx ;41svo 1 -900 200  0 0 0  0 0 0  0 0 0  0 0 0
1773149766.3490 Rx ;41svo 1 -900 200  0 0 0  0 0 0  0 0 0  0 0 0
1773149766.3991 Rx ;41svo 1 -900 200  0 0 0  0 0 0  0 0 0  0 0 0
1773149766.4490 Rx ;41svo 1 -900 200  0 0 0  0 0 0  0 0 0  0 0 0
1773149766.4990 Rx ;41svo 1 -900 200  0 0 0  0 0 0  0 0 0  0 0 0
1773149766.5489 Rx ;41svo 1 -900 200  0 0 0  0 0 0  0 0 0  0 0 0
1773149766.5991 Rx ;41svo 1 -900 200  0 0 0  0 0 0  0 0 0  0 0 0
1773149766.6290 Txd ;35alive
1773149766.6498 Rx ;41svo 1 -900 200  0 0 0  0 0 0  0 0 0  0 0 0
1773149766.6997 Rx ;41svo 1 -900 200  0 0 0  0 0 0  0 0 0  0 0 0
1773149766.7497 Rx ;41svo 1 -900 200  0 0 0  0 0 0  0 0 0  0 0 0
1773149766.7997 Rx ;41svo 1 -900 200  0 0 0  0 0 0  0 0 0  0 0 0
1773149766.8497 Rx ;41svo 1 -900 200  0 0 0  0 0 0  0 0 0  0 0 0
1773149766.8996 Rx ;41svo 1 -900 200  0 0 0  0 0 0  0 0 0  0 0 0
1773149766.9496 Rx ;41svo 1 -900 200  0 0 0  0 0 0  0 0 0  0 0 0
1773149766.9997 Rx ;41svo 1 -900 200  0 0 0  0 0 0  0 0 0  0 0 0
1773149767.0496 Rx ;41svo 1 -900 200  0 0 0  0 0 0  0 0 0  0 0 0
1773149767.0996 Rx ;41svo 1 -900 200  0 0 0  0 0 0  0 0 0  0 0 0
1773149767.1495 Rx ;41svo 1 -900 200  0 0 0  0 0 0  0 0 0  0 0 0
1773149767.1995 Rx ;41svo 1 -900 200  0 0 0  0 0 0  0 0 0  0 0 0
1773149767.2494 Rx ;41svo 1 -900 200  0 0 0  0 0 0  0 0 0  0 0 0
1773149767.2994 Rx ;41svo 1 -900 200  0 0 0  0 0 0  0 0 0  0 0 0
1773149767.3493 Rx ;41svo 1 -900 200  0 0 0  0 0 0  0 0 0  0 0 0
1773149767.3993 Rx ;41svo 1 -900 200  0 0 0  0 0 0  0 0 0  0 0 0
1773149767.4492 Rx ;41svo 1 -900 200  0 0 0  0 0 0  0 0 0  0 0 0
1773149767.4991 Rx ;41svo 1 -900 200  0 0 0  0 0 0  0 0 0  0 0 0
1773149767.5300 Txd ;35alive
1773149767.5496 Rx ;41svo 1 -900 200  0 0 0  0 0 0  0 0 0  0 0 0
1773149767.5996 Rx ;41svo 1 -900 200  0 0 0  0 0 0  0 0 0  0 0 0
1773149767.6488 Rx ;41svo 1 -900 200  0 0 0  0 0 0  0 0 0  0 0 0
1773149767.6996 Rx ;41svo 1 -900 200  0 0 0  0 0 0  0 0 0  0 0 0
1773149767.7496 Rx ;41svo 1 -900 200  0 0 0  0 0 0  0 0 0  0 0 0
1773149767.7992 Rx ;41svo 1 -900 200  0 0 0  0 0 0  0 0 0  0 0 0
1773149767.8488 Rx ;41svo 1 -900 200  0 0 0  0 0 0  0 0 0  0 0 0
1773149767.8995 Rx ;41svo 1 -900 200  0 0 0  0 0 0  0 0 0  0 0 0
1773149767.9497 Rx ;41svo 1 -900 200  0 0 0  0 0 0  0 0 0  0 0 0
1773149767.9991 Rx ;41svo 1 -900 200  0 0 0  0 0 0  0 0 0  0 0 0
1773149768.0494 Rx ;41svo 1 -900 200  0 0 0  0 0 0  0 0 0  0 0 0
1773149768.0993 Rx ;41svo 1 -900 200  0 0 0  0 0 0  0 0 0  0 0 0
1773149768.1491 Rx ;41svo 1 -900 200  0 0 0  0 0 0  0 0 0  0 0 0
1773149768.1992 Rx ;41svo 1 -900 200  0 0 0  0 0 0  0 0 0  0 0 0
1773149768.2491 Rx ;41svo 1 -900 200  0 0 0  0 0 0  0 0 0  0 0 0
1773149768.2988 Rx ;41svo 1 -900 200  0 0 0  0 0 0  0 0 0  0 0 0
1773149768.3498 Rx ;41svo 1 -900 200  0 0 0  0 0 0  0 0 0  0 0 0
1773149768.3998 Rx ;41svo 1 -900 200  0 0 0  0 0 0  0 0 0  0 0 0
1773149768.4307 Txd ;35alive
1773149768.4492 Rx ;41svo 1 -900 200  0 0 0  0 0 0  0 0 0  0 0 0
1773149768.4991 Rx ;41svo 1 -900 200  0 0 0  0 0 0  0 0 0  0 0 0
1773149768.5490 Rx ;41svo 1 -900 200  0 0 0  0 0 0  0 0 0  0 0 0
1773149768.5989 Rx ;41svo 1 -900 200  0 0 0  0 0 0  0 0 0  0 0 0
1773149768.6488 Rx ;41svo 1 -900 200  0 0 0  0 0 0  0 0 0  0 0 0
1773149768.6998 Rx ;41svo 1 -900 200  0 0 0  0 0 0  0 0 0  0 0 0
1773149768.7497 Rx ;41svo 1 -900 200  0 0 0  0 0 0  0 0 0  0 0 0
1773149768.7997 Rx ;41svo 1 -900 200  0 0 0  0 0 0  0 0 0  0 0 0
1773149768.8496 Rx ;41svo 1 -900 200  0 0 0  0 0 0  0 0 0  0 0 0
1773149768.8995 Rx ;41svo 1 -900 200  0 0 0  0 0 0  0 0 0  0 0 0
1773149768.9494 Rx ;41svo 1 -900 200  0 0 0  0 0 0  0 0 0  0 0 0
1773149768.9994 Rx ;41svo 1 -900 200  0 0 0  0 0 0  0 0 0  0 0 0
1773149769.0493 Rx ;41svo 1 -900 200  0 0 0  0 0 0  0 0 0  0 0 0
1773149769.0992 Rx ;41svo 1 -900 200  0 0 0  0 0 0  0 0 0  0 0 0
1773149769.1491 Rx ;41svo 1 -900 200  0 0 0  0 0 0  0 0 0  0 0 0
1773149769.1696 Qu 1 ;41!servo 1 120 200
1773149769.1706 Tx ;41!servo 1 120 200
1773149769.1718 Rx ;31confirm !servo 1 120 200
1773149769.1996 Rx ;49svo 1 -872 200  0 0 0  0 0 0  0 0 0  0 0 0
1773149769.2491 Rx ;44svo 1 -822 200  0 0 0  0 0 0  0 0 0  0 0 0
1773149769.2990 Rx ;48svo 1 -772 200  0 0 0  0 0 0  0 0 0  0 0 0
1773149769.3490 Rx ;43svo 1 -722 200  0 0 0  0 0 0  0 0 0  0 0 0
1773149769.3991 Rx ;47svo 1 -672 200  0 0 0  0 0 0  0 0 0  0 0 0
1773149769.4491 Rx ;42svo 1 -622 200  0 0 0  0 0 0  0 0 0  0 0 0
1773149769.4990 Rx ;46svo 1 -572 200  0 0 0  0 0 0  0 0 0  0 0 0
1773149769.5489 Rx ;41svo 1 -522 200  0 0 0  0 0 0  0 0 0  0 0 0
1773149769.5991 Rx ;45svo 1 -472 200  0 0 0  0 0 0  0 0 0  0 0 0
1773149769.6490 Rx ;40svo 1 -422 200  0 0 0  0 0 0  0 0 0  0 0 0
1773149769.6998 Rx ;44svo 1 -372 200  0 0 0  0 0 0  0 0 0  0 0 0
1773149769.7497 Rx ;39svo 1 -322 200  0 0 0  0 0 0  0 0 0  0 0 0
1773149769.7998 Rx ;43svo 1 -272 200  0 0 0  0 0 0  0 0 0  0 0 0
1773149769.8498 Rx ;38svo 1 -222 200  0 0 0  0 0 0  0 0 0  0 0 0
1773149769.8997 Rx ;42svo 1 -172 200  0 0 0  0 0 0  0 0 0  0 0 0
1773149769.9497 Rx ;37svo 1 -122 200  0 0 0  0 0 0  0 0 0  0 0 0
1773149769.9997 Rx ;92svo 1 -72 200  0 0 0  0 0 0  0 0 0  0 0 0
1773149770.0495 Rx ;87svo 1 -22 200  0 0 0  0 0 0  0 0 0  0 0 0
1773149770.0697 Txd ;35alive
1773149770.0989 Rx ;48svo 1 28 200  0 0 0  0 0 0  0 0 0  0 0 0
1773149770.1498 Rx ;53svo 1 78 200  0 0 0  0 0 0  0 0 0  0 0 0
1773149770.1997 Rx ;89svo 1 120 200  0 0 0  0 0 0  0 0 0  0 0 0
1773149770.2495 Rx ;89svo 1 120 200  0 0 0  0 0 0  0 0 0  0 0 0
1773149770.2995 Rx ;89svo 1 120 200  0 0 0  0 0 0  0 0 0  0 0 0
1773149770.3494 Rx ;89svo 1 120 200  0 0 0  0 0 0  0 0 0  0 0 0
1773149770.3996 Rx ;89svo 1 120 200  0 0 0  0 0 0  0 0 0  0 0 0
1773149770.4495 Rx ;89svo 1 120 200  0 0 0  0 0 0  0 0 0  0 0 0
1773149770.4995 Rx ;89svo 1 120 200  0 0 0  0 0 0  0 0 0  0 0 0
1773149770.5494 Rx ;89svo 1 120 200  0 0 0  0 0 0  0 0 0  0 0 0
1773149770.5995 Rx ;89svo 1 120 200  0 0 0  0 0 0  0 0 0  0 0 0
1773149770.6494 Rx ;89svo 1 120 200  0 0 0  0 0 0  0 0 0  0 0 0
1773149770.6993 Rx ;89svo 1 120 200  0 0 0  0 0 0  0 0 0  0 0 0
1773149770.7493 Rx ;89svo 1 120 200  0 0 0  0 0 0  0 0 0  0 0 0
1773149770.7994 Rx ;89svo 1 120 200  0 0 0  0 0 0  0 0 0  0 0 0
1773149770.8493 Rx ;89svo 1 120 200  0 0 0  0 0 0  0 0 0  0 0 0
1773149770.8993 Rx ;89svo 1 120 200  0 0 0  0 0 0  0 0 0  0 0 0
1773149770.9492 Rx ;89svo 1 120 200  0 0 0  0 0 0  0 0 0  0 0 0
1773149770.9705 Txd ;35alive
1773149770.9999 Rx ;89svo 1 120 200  0 0 0  0 0 0  0 0 0  0 0 0
1773149771.0498 Rx ;89svo 1 120 200  0 0 0  0 0 0  0 0 0  0 0 0
1773149771.0997 Rx ;89svo 1 120 200  0 0 0  0 0 0  0 0 0  0 0 0
1773149771.1496 Rx ;89svo 1 120 200  0 0 0  0 0 0  0 0 0  0 0 0
1773149771.1998 Rx ;89svo 1 120 200  0 0 0  0 0 0  0 0 0  0 0 0
1773149771.2489 Rx ;89svo 1 120 200  0 0 0  0 0 0  0 0 0  0 0 0
1773149771.2990 Rx ;89svo 1 120 200  0 0 0  0 0 0  0 0 0  0 0 0
1773149771.3490 Rx ;89svo 1 120 200  0 0 0  0 0 0  0 0 0  0 0 0
1773149771.3989 Rx ;89svo 1 120 200  0 0 0  0 0 0  0 0 0  0 0 0
1773149771.4490 Rx ;89svo 1 120 200  0 0 0  0 0 0  0 0 0  0 0 0
1773149771.5000 Rx ;89svo 1 120 200  0 0 0  0 0 0  0 0 0  0 0 0
1773149771.5499 Rx ;89svo 1 120 200  0 0 0  0 0 0  0 0 0  0 0 0
1773149771.5990 Rx ;89svo 1 120 200  0 0 0  0 0 0  0 0 0  0 0 0
1773149771.6490 Rx ;89svo 1 120 200  0 0 0  0 0 0  0 0 0  0 0 0
1773149771.6989 Rx ;89svo 1 120 200  0 0 0  0 0 0  0 0 0  0 0 0
1773149771.7499 Rx ;89svo 1 120 200  0 0 0  0 0 0  0 0 0  0 0 0
1773149771.7999 Rx ;89svo 1 120 200  0 0 0  0 0 0  0 0 0  0 0 0
1773149771.8498 Rx ;89svo 1 120 200  0 0 0  0 0 0  0 0 0  0 0 0
1773149771.8721 Txd ;35alive
1773149771.8992 Rx ;89svo 1 120 200  0 0 0  0 0 0  0 0 0  0 0 0
1773149771.9491 Rx ;89svo 1 120 200  0 0 0  0 0 0  0 0 0  0 0 0
1773149771.9990 Rx ;89svo 1 120 200  0 0 0  0 0 0  0 0 0  0 0 0
1773149772.0499 Rx ;89svo 1 120 200  0 0 0  0 0 0  0 0 0  0 0 0
1773149772.0998 Rx ;89svo 1 120 200  0 0 0  0 0 0  0 0 0  0 0 0
1773149772.1497 Rx ;89svo 1 120 200  0 0 0  0 0 0  0 0 0  0 0 0
1773149772.1996 Rx ;89svo 1 120 200  0 0 0  0 0 0  0 0 0  0 0 0
1773149772.2495 Rx ;89svo 1 120 200  0 0 0  0 0 0  0 0 0  0 0 0
1773149772.2994 Rx ;89svo 1 120 200  0 0 0  0 0 0  0 0 0  0 0 0
1773149772.3492 Rx ;89svo 1 120 200  0 0 0  0 0 0  0 0 0  0 0 0
1773149772.3991 Rx ;89svo 1 120 200  0 0 0  0 0 0  0 0 0  0 0 0
1773149772.4490 Rx ;89svo 1 120 200  0 0 0  0 0 0  0 0 0  0 0 0
1773149772.4999 Rx ;89svo 1 120 200  0 0 0  0 0 0  0 0 0  0 0 0
1773149772.5499 Rx ;89svo 1 120 200  0 0 0  0 0 0  0 0 0  0 0 0
1773149772.5998 Rx ;89svo 1 120 200  0 0 0  0 0 0  0 0 0  0 0 0
1773149772.6497 Rx ;89svo 1 120 200  0 0 0  0 0 0  0 0 0  0 0 0
1773149772.6996 Rx ;89svo 1 120 200  0 0 0  0 0 0  0 0 0  0 0 0
1773149772.7495 Rx ;89svo 1 120 200  0 0 0  0 0 0  0 0 0  0 0 0
1773149772.7729 Txd ;35alive
1773149772.7993 Rx ;89svo 1 120 200  0 0 0  0 0 0  0 0 0  0 0 0
1773149772.8497 Rx ;89svo 1 120 200  0 0 0  0 0 0  0 0 0  0 0 0
1773149772.8992 Rx ;89svo 1 120 200  0 0 0  0 0 0  0 0 0  0 0 0
1773149772.9492 Rx ;89svo 1 120 200  0 0 0  0 0 0  0 0 0  0 0 0
1773149772.9995 Rx ;89svo 1 120 200  0 0 0  0 0 0  0 0 0  0 0 0
1773149773.0491 Rx ;89svo 1 120 200  0 0 0  0 0 0  0 0 0  0 0 0
1773149773.0991 Rx ;89svo 1 120 200  0 0 0  0 0 0  0 0 0  0 0 0
1773149773.1491 Rx ;89svo 1 120 200  0 0 0  0 0 0  0 0 0  0 0 0
1773149773.2000 Rx ;89svo 1 120 200  0 0 0  0 0 0  0 0 0  0 0 0
1773149773.2490 Rx ;89svo 1 120 200  0 0 0  0 0 0  0 0 0  0 0 0
1773149773.3001 Rx ;89svo 1 120 200  0 0 0  0 0 0  0 0 0  0 0 0
1773149773.3490 Rx ;89svo 1 120 200  0 0 0  0 0 0  0 0 0  0 0 0
1773149773.3992 Rx ;89svo 1 120 200  0 0 0  0 0 0  0 0 0  0 0 0
1773149773.4492 Rx ;89svo 1 120 200  0 0 0  0 0 0  0 0 0  0 0 0
1773149773.4991 Rx ;89svo 1 120 200  0 0 0  0 0 0  0 0 0  0 0 0
1773149773.5492 Rx ;89svo 1 120 200  0 0 0  0 0 0  0 0 0  0 0 0
1773149773.5992 Rx ;89svo 1 120 200  0 0 0  0 0 0  0 0 0  0 0 0
1773149773.6490 Rx ;89svo 1 120 200  0 0 0  0 0 0  0 0 0  0 0 0
1773149773.6745 Txd ;35alive
1773149773.6995 Rx ;89svo 1 120 200  0 0 0  0 0 0  0 0 0  0 0 0
1773149773.7493 Rx ;89svo 1 120 200  0 0 0  0 0 0  0 0 0  0 0 0
1773149773.7994 Rx ;89svo 1 120 200  0 0 0  0 0 0  0 0 0  0 0 0
1773149773.8493 Rx ;89svo 1 120 200  0 0 0  0 0 0  0 0 0  0 0 0
1773149773.8992 Rx ;89svo 1 120 200  0 0 0  0 0 0  0 0 0  0 0 0
1773149773.9490 Rx ;89svo 1 120 200  0 0 0  0 0 0  0 0 0  0 0 0
1773149773.9999 Rx ;89svo 1 120 200  0 0 0  0 0 0  0 0 0  0 0 0
1773149774.0497 Rx ;89svo 1 120 200  0 0 0  0 0 0  0 0 0  0 0 0
1773149774.0996 Rx ;89svo 1 120 200  0 0 0  0 0 0  0 0 0  0 0 0
1773149774.1496 Rx ;89svo 1 120 200  0 0 0  0 0 0  0 0 0  0 0 0
1773149774.1999 Rx ;89svo 1 120 200  0 0 0  0 0 0  0 0 0  0 0 0
1773149774.2498 Rx ;89svo 1 120 200  0 0 0  0 0 0  0 0 0  0 0 0
1773149774.2998 Rx ;89svo 1 120 200  0 0 0  0 0 0  0 0 0  0 0 0
1773149774.3497 Rx ;89svo 1 120 200  0 0 0  0 0 0  0 0 0  0 0 0
1773149774.3999 Rx ;89svo 1 120 200  0 0 0  0 0 0  0 0 0  0 0 0
1773149774.4498 Rx ;89svo 1 120 200  0 0 0  0 0 0  0 0 0  0 0 0
1773149774.4998 Rx ;89svo 1 120 200  0 0 0  0 0 0  0 0 0  0 0 0
1773149774.5443 Qu 1 ;90!servo 1 -250 200
1773149774.5448 Tx ;90!servo 1 -250 200
1773149774.5459 Rx ;80confirm !servo 1 -250 200
1773149774.5493 Rx ;92svo 1 114 200  0 0 0  0 0 0  0 0 0  0 0 0
1773149774.5997 Rx ;48svo 1 64 200  0 0 0  0 0 0  0 0 0  0 0 0
1773149774.6496 Rx ;43svo 1 14 200  0 0 0  0 0 0  0 0 0  0 0 0
1773149774.6995 Rx ;92svo 1 -36 200  0 0 0  0 0 0  0 0 0  0 0 0
1773149774.7495 Rx ;97svo 1 -86 200  0 0 0  0 0 0  0 0 0  0 0 0
1773149774.7996 Rx ;42svo 1 -136 200  0 0 0  0 0 0  0 0 0  0 0 0
1773149774.8506 Rx ;47svo 1 -186 200  0 0 0  0 0 0  0 0 0  0 0 0
1773149774.9006 Rx ;43svo 1 -236 200  0 0 0  0 0 0  0 0 0  0 0 0
1773149774.9505 Rx ;39svo 1 -250 200  0 0 0  0 0 0  0 0 0  0 0 0
1773149775.0005 Rx ;39svo 1 -250 200  0 0 0  0 0 0  0 0 0  0 0 0
1773149775.0504 Rx ;39svo 1 -250 200  0 0 0  0 0 0  0 0 0  0 0 0
1773149775.1004 Rx ;39svo 1 -250 200  0 0 0  0 0 0  0 0 0  0 0 0
1773149775.1505 Rx ;39svo 1 -250 200  0 0 0  0 0 0  0 0 0  0 0 0
1773149775.2007 Rx ;39svo 1 -250 200  0 0 0  0 0 0  0 0 0  0 0 0
1773149775.2506 Rx ;39svo 1 -250 200  0 0 0  0 0 0  0 0 0  0 0 0
1773149775.3005 Rx ;39svo 1 -250 200  0 0 0  0 0 0  0 0 0  0 0 0
1773149775.3505 Rx ;39svo 1 -250 200  0 0 0  0 0 0  0 0 0  0 0 0
1773149775.4006 Rx ;39svo 1 -250 200  0 0 0  0 0 0  0 0 0  0 0 0
1773149775.4452 Txd ;35alive
1773149775.4500 Rx ;39svo 1 -250 200  0 0 0  0 0 0  0 0 0  0 0 0
1773149775.4998 Rx ;39svo 1 -250 200  0 0 0  0 0 0  0 0 0  0 0 0
1773149775.5498 Rx ;39svo 1 -250 200  0 0 0  0 0 0  0 0 0  0 0 0
1773149775.6007 Rx ;39svo 1 -250 200  0 0 0  0 0 0  0 0 0  0 0 0
1773149775.6506 Rx ;39svo 1 -250 200  0 0 0  0 0 0  0 0 0  0 0 0
1773149775.7006 Rx ;39svo 1 -250 200  0 0 0  0 0 0  0 0 0  0 0 0
1773149775.7505 Rx ;39svo 1 -250 200  0 0 0  0 0 0  0 0 0  0 0 0
1773149775.8006 Rx ;39svo 1 -250 200  0 0 0  0 0 0  0 0 0  0 0 0
1773149775.8507 Rx ;39svo 1 -250 200  0 0 0  0 0 0  0 0 0  0 0 0
1773149775.8998 Rx ;39svo 1 -250 200  0 0 0  0 0 0  0 0 0  0 0 0
1773149775.9499 Rx ;39svo 1 -250 200  0 0 0  0 0 0  0 0 0  0 0 0
1773149776.0000 Rx ;39svo 1 -250 200  0 0 0  0 0 0  0 0 0  0 0 0
1773149776.0499 Rx ;39svo 1 -250 200  0 0 0  0 0 0  0 0 0  0 0 0
1773149776.0999 Rx ;39svo 1 -250 200  0 0 0  0 0 0  0 0 0  0 0 0
1773149776.1498 Rx ;39svo 1 -250 200  0 0 0  0 0 0  0 0 0  0 0 0
1773149776.2004 Rx ;39svo 1 -250 200  0 0 0  0 0 0  0 0 0  0 0 0
1773149776.2503 Rx ;39svo 1 -250 200  0 0 0  0 0 0  0 0 0  0 0 0
1773149776.3003 Rx ;39svo 1 -250 200  0 0 0  0 0 0  0 0 0  0 0 0
1773149776.3460 Txd ;35alive
1773149776.3498 Rx ;39svo 1 -250 200  0 0 0  0 0 0  0 0 0  0 0 0
1773149776.3998 Rx ;39svo 1 -250 200  0 0 0  0 0 0  0 0 0  0 0 0
1773149776.4498 Rx ;39svo 1 -250 200  0 0 0  0 0 0  0 0 0  0 0 0
1773149776.4998 Rx ;39svo 1 -250 200  0 0 0  0 0 0  0 0 0  0 0 0
1773149776.5498 Rx ;39svo 1 -250 200  0 0 0  0 0 0  0 0 0  0 0 0
1773149776.6001 Rx ;39svo 1 -250 200  0 0 0  0 0 0  0 0 0  0 0 0
1773149776.6500 Rx ;39svo 1 -250 200  0 0 0  0 0 0  0 0 0  0 0 0
1773149776.7000 Rx ;39svo 1 -250 200  0 0 0  0 0 0  0 0 0  0 0 0
1773149776.7500 Rx ;39svo 1 -250 200  0 0 0  0 0 0  0 0 0  0 0 0
1773149776.8000 Rx ;39svo 1 -250 200  0 0 0  0 0 0  0 0 0  0 0 0
1773149776.8499 Rx ;39svo 1 -250 200  0 0 0  0 0 0  0 0 0  0 0 0
1773149776.8998 Rx ;39svo 1 -250 200  0 0 0  0 0 0  0 0 0  0 0 0
1773149776.9498 Rx ;39svo 1 -250 200  0 0 0  0 0 0  0 0 0  0 0 0
1773149776.9998 Rx ;39svo 1 -250 200  0 0 0  0 0 0  0 0 0  0 0 0
1773149777.0498 Rx ;39svo 1 -250 200  0 0 0  0 0 0  0 0 0  0 0 0
1773149777.1008 Rx ;39svo 1 -250 200  0 0 0  0 0 0  0 0 0  0 0 0
1773149777.1508 Rx ;39svo 1 -250 200  0 0 0  0 0 0  0 0 0  0 0 0
1773149777.2004 Rx ;39svo 1 -250 200  0 0 0  0 0 0  0 0 0  0 0 0
1773149777.2472 Txd ;35alive
1773149777.2498 Rx ;39svo 1 -250 200  0 0 0  0 0 0  0 0 0  0 0 0
1773149777.2998 Rx ;39svo 1 -250 200  0 0 0  0 0 0  0 0 0  0 0 0
1773149777.3498 Rx ;39svo 1 -250 200  0 0 0  0 0 0  0 0 0  0 0 0
1773149777.3998 Rx ;39svo 1 -250 200  0 0 0  0 0 0  0 0 0  0 0 0
1773149777.4498 Rx ;39svo 1 -250 200  0 0 0  0 0 0  0 0 0  0 0 0
1773149777.5008 Rx ;39svo 1 -250 200  0 0 0  0 0 0  0 0 0  0 0 0
1773149777.5507 Rx ;39svo 1 -250 200  0 0 0  0 0 0  0 0 0  0 0 0
1773149777.6007 Rx ;39svo 1 -250 200  0 0 0  0 0 0  0 0 0  0 0 0
1773149777.6503 Rx ;39svo 1 -250 200  0 0 0  0 0 0  0 0 0  0 0 0
1773149777.7008 Rx ;39svo 1 -250 200  0 0 0  0 0 0  0 0 0  0 0 0
1773149777.7508 Rx ;39svo 1 -250 200  0 0 0  0 0 0  0 0 0  0 0 0
1773149777.8000 Rx ;39svo 1 -250 200  0 0 0  0 0 0  0 0 0  0 0 0
1773149777.8500 Rx ;39svo 1 -250 200  0 0 0  0 0 0  0 0 0  0 0 0
1773149777.9000 Rx ;39svo 1 -250 200  0 0 0  0 0 0  0 0 0  0 0 0
1773149777.9499 Rx ;39svo 1 -250 200  0 0 0  0 0 0  0 0 0  0 0 0
1773149777.9999 Rx ;39svo 1 -250 200  0 0 0  0 0 0  0 0 0  0 0 0
1773149778.0502 Rx ;39svo 1 -250 200  0 0 0  0 0 0  0 0 0  0 0 0
1773149778.1002 Rx ;39svo 1 -250 200  0 0 0  0 0 0  0 0 0  0 0 0
1773149778.1485 Txd ;35alive
1773149778.1502 Rx ;39svo 1 -250 200  0 0 0  0 0 0  0 0 0  0 0 0
1773149778.2007 Rx ;39svo 1 -250 200  0 0 0  0 0 0  0 0 0  0 0 0
1773149778.2505 Rx ;39svo 1 -250 200  0 0 0  0 0 0  0 0 0  0 0 0
1773149778.3008 Rx ;39svo 1 -250 200  0 0 0  0 0 0  0 0 0  0 0 0
1773149778.3508 Rx ;39svo 1 -250 200  0 0 0  0 0 0  0 0 0  0 0 0
1773149778.4002 Rx ;39svo 1 -250 200  0 0 0  0 0 0  0 0 0  0 0 0
1773149778.4505 Rx ;39svo 1 -250 200  0 0 0  0 0 0  0 0 0  0 0 0
1773149778.5005 Rx ;39svo 1 -250 200  0 0 0  0 0 0  0 0 0  0 0 0
1773149778.5505 Rx ;39svo 1 -250 200  0 0 0  0 0 0  0 0 0  0 0 0
1773149778.6009 Rx ;39svo 1 -250 200  0 0 0  0 0 0  0 0 0  0 0 0
1773149778.6509 Rx ;39svo 1 -250 200  0 0 0  0 0 0  0 0 0  0 0 0
1773149778.7002 Rx ;39svo 1 -250 200  0 0 0  0 0 0  0 0 0  0 0 0
1773149778.7501 Rx ;39svo 1 -250 200  0 0 0  0 0 0  0 0 0  0 0 0
1773149778.8001 Rx ;39svo 1 -250 200  0 0 0  0 0 0  0 0 0  0 0 0
1773149778.8501 Rx ;39svo 1 -250 200  0 0 0  0 0 0  0 0 0  0 0 0
1773149778.8522 Qu 1 ;92!servo 1 -900 200
1773149778.8527 Tx ;92!servo 1 -900 200
1773149778.8538 Rx ;82confirm !servo 1 -900 200
1773149778.9005 Rx ;51svo 1 -298 200  0 0 0  0 0 0  0 0 0  0 0 0
1773149778.9505 Rx ;47svo 1 -348 200  0 0 0  0 0 0  0 0 0  0 0 0
1773149779.0001 Rx ;52svo 1 -398 200  0 0 0  0 0 0  0 0 0  0 0 0
1773149779.0503 Rx ;48svo 1 -448 200  0 0 0  0 0 0  0 0 0  0 0 0
1773149779.1003 Rx ;53svo 1 -498 200  0 0 0  0 0 0  0 0 0  0 0 0
1773149779.1502 Rx ;49svo 1 -548 200  0 0 0  0 0 0  0 0 0  0 0 0
1773149779.2004 Rx ;54svo 1 -598 200  0 0 0  0 0 0  0 0 0  0 0 0
1773149779.2503 Rx ;50svo 1 -648 200  0 0 0  0 0 0  0 0 0  0 0 0
1773149779.3003 Rx ;55svo 1 -698 200  0 0 0  0 0 0  0 0 0  0 0 0
1773149779.3503 Rx ;51svo 1 -748 200  0 0 0  0 0 0  0 0 0  0 0 0
1773149779.4003 Rx ;56svo 1 -798 200  0 0 0  0 0 0  0 0 0  0 0 0
1773149779.4502 Rx ;52svo 1 -848 200  0 0 0  0 0 0  0 0 0  0 0 0
1773149779.5000 Rx ;57svo 1 -898 200  0 0 0  0 0 0  0 0 0  0 0 0
1773149779.5509 Rx ;41svo 1 -900 200  0 0 0  0 0 0  0 0 0  0 0 0
1773149779.5999 Rx ;41svo 1 -900 200  0 0 0  0 0 0  0 0 0  0 0 0
1773149779.6509 Rx ;41svo 1 -900 200  0 0 0  0 0 0  0 0 0  0 0 0
1773149779.7008 Rx ;41svo 1 -900 200  0 0 0  0 0 0  0 0 0  0 0 0
1773149779.7507 Rx ;41svo 1 -900 200  0 0 0  0 0 0  0 0 0  0 0 0
1773149779.7529 Txd ;35alive
1773149779.8002 Rx ;41svo 1 -900 200  0 0 0  0 0 0  0 0 0  0 0 0
1773149779.8502 Rx ;41svo 1 -900 200  0 0 0  0 0 0  0 0 0  0 0 0
1773149779.9000 Rx ;41svo 1 -900 200  0 0 0  0 0 0  0 0 0  0 0 0
1773149779.9500 Rx ;41svo 1 -900 200  0 0 0  0 0 0  0 0 0  0 0 0
1773149780.0001 Rx ;41svo 1 -900 200  0 0 0  0 0 0  0 0 0  0 0 0
1773149780.0501 Rx ;41svo 1 -900 200  0 0 0  0 0 0  0 0 0  0 0 0
1773149780.1000 Rx ;41svo 1 -900 200  0 0 0  0 0 0  0 0 0  0 0 0
1773149780.1500 Rx ;41svo 1 -900 200  0 0 0  0 0 0  0 0 0  0 0 0
1773149780.2000 Rx ;41svo 1 -900 200  0 0 0  0 0 0  0 0 0  0 0 0
1773149780.2509 Rx ;41svo 1 -900 200  0 0 0  0 0 0  0 0 0  0 0 0
1773149780.3008 Rx ;41svo 1 -900 200  0 0 0  0 0 0  0 0 0  0 0 0
1773149780.3506 Rx ;41svo 1 -900 200  0 0 0  0 0 0  0 0 0  0 0 0
1773149780.4005 Rx ;41svo 1 -900 200  0 0 0  0 0 0  0 0 0  0 0 0
1773149780.4505 Rx ;41svo 1 -900 200  0 0 0  0 0 0  0 0 0  0 0 0
1773149780.5008 Rx ;41svo 1 -900 200  0 0 0  0 0 0  0 0 0  0 0 0
1773149780.5508 Rx ;41svo 1 -900 200  0 0 0  0 0 0  0 0 0  0 0 0
1773149780.6008 Rx ;41svo 1 -900 200  0 0 0  0 0 0  0 0 0  0 0 0
1773149780.6507 Rx ;41svo 1 -900 200  0 0 0  0 0 0  0 0 0  0 0 0
1773149780.6540 Txd ;35alive
1773149780.7002 Rx ;41svo 1 -900 200  0 0 0  0 0 0  0 0 0  0 0 0
1773149780.7500 Rx ;41svo 1 -900 200  0 0 0  0 0 0  0 0 0  0 0 0
1773149780.8009 Rx ;41svo 1 -900 200  0 0 0  0 0 0  0 0 0  0 0 0
1773149780.8508 Rx ;41svo 1 -900 200  0 0 0  0 0 0  0 0 0  0 0 0
1773149780.9000 Rx ;41svo 1 -900 200  0 0 0  0 0 0  0 0 0  0 0 0
1773149780.9500 Rx ;41svo 1 -900 200  0 0 0  0 0 0  0 0 0  0 0 0
1773149781.0000 Rx ;41svo 1 -900 200  0 0 0  0 0 0  0 0 0  0 0 0
1773149781.0500 Rx ;41svo 1 -900 200  0 0 0  0 0 0  0 0 0  0 0 0
1773149781.1000 Rx ;41svo 1 -900 200  0 0 0  0 0 0  0 0 0  0 0 0
1773149781.1499 Rx ;41svo 1 -900 200  0 0 0  0 0 0  0 0 0  0 0 0
1773149781.2010 Rx ;41svo 1 -900 200  0 0 0  0 0 0  0 0 0  0 0 0
1773149781.2509 Rx ;41svo 1 -900 200  0 0 0  0 0 0  0 0 0  0 0 0
1773149781.3008 Rx ;41svo 1 -900 200  0 0 0  0 0 0  0 0 0  0 0 0
1773149781.3506 Rx ;41svo 1 -900 200  0 0 0  0 0 0  0 0 0  0 0 0
1773149781.4005 Rx ;41svo 1 -900 200  0 0 0  0 0 0  0 0 0  0 0 0
1773149781.4504 Rx ;41svo 1 -900 200  0 0 0  0 0 0  0 0 0  0 0 0
1773149781.5003 Rx ;41svo 1 -900 200  0 0 0  0 0 0  0 0 0  0 0 0
1773149781.5501 Rx ;41svo 1 -900 200  0 0 0  0 0 0  0 0 0  0 0 0
1773149781.5556 Txd ;35alive
1773149781.6006 Rx ;41svo 1 -900 200  0 0 0  0 0 0  0 0 0  0 0 0
1773149781.6505 Rx ;41svo 1 -900 200  0 0 0  0 0 0  0 0 0  0 0 0
1773149781.7003 Rx ;41svo 1 -900 200  0 0 0  0 0 0  0 0 0  0 0 0
1773149781.7502 Rx ;41svo 1 -900 200  0 0 0  0 0 0  0 0 0  0 0 0
1773149781.8003 Rx ;41svo 1 -900 200  0 0 0  0 0 0  0 0 0  0 0 0
1773149781.8503 Rx ;41svo 1 -900 200  0 0 0  0 0 0  0 0 0  0 0 0
1773149781.9001 Rx ;41svo 1 -900 200  0 0 0  0 0 0  0 0 0  0 0 0
1773149781.9500 Rx ;41svo 1 -900 200  0 0 0  0 0 0  0 0 0  0 0 0
1773149782.0000 Rx ;41svo 1 -900 200  0 0 0  0 0 0  0 0 0  0 0 0
1773149782.0500 Rx ;41svo 1 -900 200  0 0 0  0 0 0  0 0 0  0 0 0
1773149782.1006 Rx ;41svo 1 -900 200  0 0 0  0 0 0  0 0 0  0 0 0
1773149782.1507 Rx ;41svo 1 -900 200  0 0 0  0 0 0  0 0 0  0 0 0
1773149782.2008 Rx ;41svo 1 -900 200  0 0 0  0 0 0  0 0 0  0 0 0
1773149782.2509 Rx ;41svo 1 -900 200  0 0 0  0 0 0  0 0 0  0 0 0
1773149782.3009 Rx ;41svo 1 -900 200  0 0 0  0 0 0  0 0 0  0 0 0
1773149782.3509 Rx ;41svo 1 -900 200  0 0 0  0 0 0  0 0 0  0 0 0
1773149782.4009 Rx ;41svo 1 -900 200  0 0 0  0 0 0  0 0 0  0 0 0
1773149782.4509 Rx ;41svo 1 -900 200  0 0 0  0 0 0  0 0 0  0 0 0
1773149782.4563 Txd ;35alive
1773149782.5003 Rx ;41svo 1 -900 200  0 0 0  0 0 0  0 0 0  0 0 0
1773149782.5503 Rx ;41svo 1 -900 200  0 0 0  0 0 0  0 0 0  0 0 0
1773149782.6004 Rx ;41svo 1 -900 200  0 0 0  0 0 0  0 0 0  0 0 0
1773149782.6503 Rx ;41svo 1 -900 200  0 0 0  0 0 0  0 0 0  0 0 0
1773149782.7002 Rx ;41svo 1 -900 200  0 0 0  0 0 0  0 0 0  0 0 0
1773149782.7501 Rx ;41svo 1 -900 200  0 0 0  0 0 0  0 0 0  0 0 0
1773149782.8001 Rx ;41svo 1 -900 200  0 0 0  0 0 0  0 0 0  0 0 0
1773149782.8501 Rx ;41svo 1 -900 200  0 0 0  0 0 0  0 0 0  0 0 0
1773149782.9000 Rx ;41svo 1 -900 200  0 0 0  0 0 0  0 0 0  0 0 0
1773149782.9500 Rx ;41svo 1 -900 200  0 0 0  0 0 0  0 0 0  0 0 0
1773149783.0010 Rx ;41svo 1 -900 200  0 0 0  0 0 0  0 0 0  0 0 0
1773149783.0510 Rx ;41svo 1 -900 200  0 0 0  0 0 0  0 0 0  0 0 0
1773149783.1001 Rx ;41svo 1 -900 200  0 0 0  0 0 0  0 0 0  0 0 0
1773149783.1506 Rx ;41svo 1 -900 200  0 0 0  0 0 0  0 0 0  0 0 0
1773149783.2007 Rx ;41svo 1 -900 200  0 0 0  0 0 0  0 0 0  0 0 0
1773149783.2509 Rx ;41svo 1 -900 200  0 0 0  0 0 0  0 0 0  0 0 0
1773149783.3009 Rx ;41svo 1 -900 200  0 0 0  0 0 0  0 0 0  0 0 0
1773149783.3511 Rx ;41svo 1 -900 200  0 0 0  0 0 0  0 0 0  0 0 0
1773149783.3578 Txd ;35alive
1773149783.4004 Rx ;41svo 1 -900 200  0 0 0  0 0 0  0 0 0  0 0 0
1773149783.4511 Rx ;41svo 1 -900 200  0 0 0  0 0 0  0 0 0  0 0 0
1773149783.5005 Rx ;41svo 1 -900 200  0 0 0  0 0 0  0 0 0  0 0 0
1773149783.5506 Rx ;41svo 1 -900 200  0 0 0  0 0 0  0 0 0  0 0 0
1773149783.6007 Rx ;41svo 1 -900 200  0 0 0  0 0 0  0 0 0  0 0 0
1773149783.6504 Rx ;41svo 1 -900 200  0 0 0  0 0 0  0 0 0  0 0 0
1773149783.7005 Rx ;41svo 1 -900 200  0 0 0  0 0 0  0 0 0  0 0 0
1773149783.7505 Rx ;41svo 1 -900 200  0 0 0  0 0 0  0 0 0  0 0 0
1773149783.8005 Rx ;41svo 1 -900 200  0 0 0  0 0 0  0 0 0  0 0 0
1773149783.8504 Rx ;41svo 1 -900 200  0 0 0  0 0 0  0 0 0  0 0 0
1773149783.9008 Rx ;41svo 1 -900 200  0 0 0  0 0 0  0 0 0  0 0 0
1773149783.9501 Rx ;41svo 1 -900 200  0 0 0  0 0 0  0 0 0  0 0 0
1773149784.0001 Rx ;41svo 1 -900 200  0 0 0  0 0 0  0 0 0  0 0 0
1773149784.0502 Rx ;41svo 1 -900 200  0 0 0  0 0 0  0 0 0  0 0 0
1773149784.1001 Rx ;41svo 1 -900 200  0 0 0  0 0 0  0 0 0  0 0 0
1773149784.1405 Qu 1 ;92!servo 1 -900 200
1773149784.1405 Qu 2 ;92!stop
1773149784.1410 Txd ;21motv 0 0
1773149784.8057 Txd ;31leave
1773149784.8064 Txd ;44disp stopped
